# Blender 4.5.3 LTS
# www.blender.org
mtllib car.mtl
o covered_car
v 17.017206 43.109268 26.543121
v 25.189234 33.510319 30.438959
v 13.555182 42.608761 25.535597
v 11.153348 42.790916 25.656693
v 23.578222 33.051155 30.141445
v 17.565041 32.546936 30.208857
v 8.583494 43.654690 26.342827
v 7.185285 43.477978 26.425251
v 15.834041 32.635471 30.589743
v 14.949921 32.604584 30.723192
v 5.451697 42.864014 25.908594
v 2.777588 42.927593 25.803846
v 12.688923 32.674477 30.324179
v 9.576999 32.490822 30.359882
v -0.385855 43.285454 26.377792
v 7.195369 32.575245 30.487814
v 5.590456 32.616417 30.739832
v -3.166354 42.535095 25.769045
v -6.683810 42.802052 25.725861
v 3.206612 32.289719 30.480495
v -1.525950 32.344223 30.333723
v -8.845067 43.445526 25.850510
v -10.131019 43.118519 26.062374
v -3.470427 32.364330 30.549702
v -5.088335 32.509357 30.425299
v 17.994238 43.228691 26.284554
v 19.308758 43.280804 25.272324
v 25.873861 33.671833 30.324154
v 26.628288 33.742222 29.875347
v -12.895550 42.178875 25.777323
v 22.956570 44.209576 24.533958
v 23.980089 44.188278 16.746956
v 35.385246 38.215530 27.443956
v 36.821358 38.308155 19.155432
v 34.791607 35.473709 28.366476
v 21.186140 43.567478 25.043730
v -6.733331 32.132584 30.414747
v 8.852329 49.553913 23.041527
v 7.446779 49.716534 23.149218
v 1.000211 50.129356 23.199766
v 2.197106 50.126671 23.187708
v -4.335078 50.129097 23.215591
v -7.395964 50.408222 23.165686
v 0.855843 43.319077 26.260612
v 22.418671 43.769730 25.130377
v 35.109459 37.433422 28.181147
v 23.231873 44.185501 23.425364
v 35.649250 38.026875 26.297869
v 28.866581 28.202864 31.442780
v -12.236739 53.349209 22.536417
v 30.125381 28.916910 31.685799
v -8.839006 53.226177 22.597317
v 30.507698 29.093182 31.624949
v -2.891964 52.856342 22.682844
v 31.525932 29.580023 31.093185
v 35.189613 32.398174 30.257574
v 43.558979 30.041676 30.484364
v -0.027456 52.674034 22.654243
v 3.178942 52.489952 22.578356
v 49.625191 21.794970 32.088535
v 42.071228 32.490639 29.786224
v 22.139046 27.431580 31.576462
v 20.425953 27.617928 31.829998
v -15.524956 52.517124 22.825769
v 19.269245 27.445194 31.974169
v -12.244998 52.632839 22.870632
v 17.561543 27.315039 31.641911
v -9.081103 52.542786 22.910271
v 13.081583 27.298689 31.832123
v -2.591864 52.074085 22.955969
v 10.361092 27.354231 31.469187
v -0.202282 52.053982 22.940214
v 8.119676 27.332092 31.681074
v 3.307955 51.845623 22.938467
v 5.203380 27.179356 31.889839
v 0.066695 26.918760 31.619560
v -14.524520 51.431038 22.905985
v -2.226629 27.085257 31.574903
v -12.468204 51.582954 22.940094
v -3.740863 27.086472 31.696171
v -9.113782 51.286232 22.997784
v -5.628833 26.789850 31.592745
v -2.491187 50.981045 23.041130
v -1.151371 51.011154 23.026829
v 42.036747 33.796181 28.630478
v 42.554615 35.669357 28.101357
v 42.893635 36.194981 27.489664
v 43.109310 36.109097 26.418474
v 45.236057 36.230354 19.203396
v 9.643213 50.431618 22.755045
v 10.491482 50.838188 22.516115
v 11.494938 51.073883 21.828518
v 12.182942 51.238129 20.973286
v 12.473035 51.368679 20.337870
v 12.779273 51.358486 19.594734
v 12.989023 51.356842 18.258930
v 13.864228 51.652821 13.807005
v 5.393552 50.731918 23.201445
v 6.422048 52.215111 22.322748
v 7.217127 52.945953 21.451368
v 8.016092 53.489193 19.237497
v 8.260185 53.706081 15.348211
v 9.735864 51.823273 22.032795
v 9.429914 52.608952 21.100037
v 10.761813 52.618351 19.288540
v 9.918061 53.127453 18.322512
v 10.973605 53.338642 12.968388
v 11.196213 52.126991 20.227016
v 11.429321 52.271572 19.240746
v 11.723304 52.295712 17.989880
v 12.594611 52.570374 13.457147
v 10.530793 52.461006 20.259081
v 10.888433 51.933121 21.062546
v 10.464440 51.612553 21.904146
v 10.088804 51.279186 22.318319
v 5.802072 51.531898 22.751266
v 9.689617 51.146233 22.460649
v 11.607648 53.693195 6.091762
v 13.568076 52.940155 6.385536
v 14.964043 51.862663 6.524183
v 25.074207 44.582317 7.725791
v 38.964039 38.609386 8.611506
v 47.554234 36.782146 8.578524
v 78.310532 12.347089 25.151381
v 77.170723 29.167639 26.792376
v 11.516444 53.942562 -1.480688
v 79.329025 15.634745 26.774158
v 13.560287 53.292927 -1.480688
v 77.413536 29.534729 26.408998
v 15.177771 52.159534 -1.454879
v 77.394791 12.259607 25.800251
v 77.706184 29.883316 25.947441
v 78.708038 15.470558 26.857069
v 24.995731 45.085766 -1.480676
v 78.147461 30.321095 25.151934
v 76.425949 12.150649 26.192472
v 78.557503 30.564171 24.167959
v 39.814762 38.336075 -1.480689
v 79.642944 30.628664 17.295382
v 47.980145 37.033485 -1.480690
v 62.398354 35.243252 -1.480690
v 80.026604 31.562677 -1.480691
v 80.552063 30.700230 10.928779
v 81.161041 30.628618 -1.480691
v 62.026196 34.903667 9.643677
v 79.274025 31.513363 11.069320
v 61.109604 34.347481 17.949451
v 78.817848 31.085049 19.341669
v 59.631184 33.823704 26.184374
v 77.125702 31.341764 24.168556
v 59.277424 33.566959 27.083729
v 76.530975 31.123751 25.350449
v 59.046200 33.154430 27.600918
v 75.838043 30.900007 26.169245
v 59.000244 32.230450 28.069454
v 75.489616 30.381796 26.647526
v 59.085136 31.118111 28.766878
v 75.040848 29.552164 27.077585
v 59.133556 29.113670 29.514738
v 74.894867 28.358208 27.707039
v 4.212172 50.708706 23.234501
v 76.932510 15.269950 27.420141
v 62.087811 21.321873 30.794563
v 74.876572 21.784420 28.853424
v 74.903740 18.223734 28.841074
v 76.700722 27.899723 27.514585
v 76.024300 15.052697 27.681534
v 3.775665 53.220772 21.546593
v 77.846939 27.953453 26.852472
v 78.153915 28.164234 26.329044
v 78.444557 28.375340 25.878769
v 78.759918 28.955791 25.206585
v 78.199600 22.097290 27.609364
v 79.256317 22.668402 26.791998
v 80.138893 22.991852 26.409599
v 80.630173 23.171366 25.822794
v 78.143295 18.711536 27.855982
v 79.640533 19.247601 27.174763
v 80.407890 19.374573 26.974726
v 81.185509 19.724859 26.422728
v 77.651047 14.907150 26.908051
v 74.556160 11.789199 26.943850
v 80.358078 15.865396 26.086561
v 79.137772 12.255502 24.571520
v 63.600239 16.090656 30.563034
v 79.399872 28.990549 24.127966
v 81.399803 23.463665 24.638769
v 82.425316 20.252087 25.440689
v 80.165474 29.859716 17.789333
v 84.088127 20.786028 21.046909
v 81.241844 29.739616 10.878229
v 84.140213 22.863575 11.587764
v 85.915367 21.116386 11.203763
v 82.048103 29.539677 -1.424963
v 84.439644 21.994944 -1.480691
v 86.644844 20.634584 -1.480691
v 82.479271 16.037197 25.156593
v 80.339333 12.143128 23.527397
v 84.587173 16.017706 19.685562
v 81.677391 11.573451 18.505819
v 85.972687 15.195012 10.307147
v 82.731186 10.883034 9.434048
v 86.437729 15.249109 -1.480691
v 83.223297 10.684838 -1.480691
v 56.740818 16.185753 31.685341
v -44.430920 21.164528 33.342285
v 51.140530 16.451929 32.500061
v 45.077259 16.444016 33.010323
v 40.548431 16.555237 32.933502
v 36.708122 16.708817 32.738853
v 33.802963 16.737143 32.389763
v 30.606915 16.842915 32.141876
v 27.301542 16.685148 32.285152
v 23.873337 16.567368 31.873600
v 19.833862 16.633692 31.949068
v 15.332746 16.919521 31.813070
v 11.889930 16.534168 31.608887
v 3.636407 17.274361 31.913202
v 1.249521 17.332434 31.861784
v -0.815839 16.937914 31.686129
v -2.637917 17.212160 31.659184
v 63.502514 9.307207 29.567282
v 56.860821 9.439336 30.774021
v -45.930290 21.101839 32.972706
v 51.856812 9.883421 31.417727
v 45.701096 9.865136 31.285036
v 39.727467 9.172406 30.341105
v 36.362904 9.268812 29.913549
v 33.805588 9.582352 29.807535
v 31.195879 9.871570 29.797428
v 27.981630 9.815290 29.732660
v 24.656620 9.955842 29.841215
v 20.875446 9.936830 29.853228
v 16.720608 10.153136 29.965584
v 12.363207 9.979108 29.858059
v 4.365773 10.161457 29.997322
v 2.135220 10.203316 30.008345
v -0.352571 10.430041 30.124804
v -2.649877 10.473958 30.130878
v 74.177200 15.171712 28.189749
v 76.896706 18.605013 28.789686
v 77.533150 18.623949 28.488127
v 76.843269 22.132019 28.542360
v 77.513329 22.149464 28.219542
v 77.331596 27.557055 27.352818
v -15.688915 53.265339 22.519039
v 0.237619 53.406715 21.647722
v -3.271055 53.544865 21.794218
v -8.656599 53.848820 21.649174
v -12.103746 53.924618 21.644035
v -16.032206 53.874142 21.564333
v -81.082527 36.106308 21.249193
v -49.298290 52.364334 17.068808
v -41.715298 53.757046 21.030668
v -41.641102 53.177692 21.826508
v -41.597340 52.344135 22.412531
v -38.328831 50.246628 23.170160
v -41.684196 50.938763 23.140402
v -37.879471 41.709908 26.433498
v -41.606827 41.639362 26.035484
v -38.309673 31.746433 30.735191
v -42.965702 31.171959 30.829662
v -37.876186 25.644602 31.631506
v -43.029762 25.531322 32.167564
v -33.906685 17.338175 31.241209
v -38.234158 17.123690 31.191927
v -37.389977 10.770179 31.307713
v -48.598991 51.802265 21.249834
v -48.046417 51.182297 22.154743
v -47.381077 50.232876 22.743702
v -46.659672 49.362595 23.404423
v -33.293125 10.793881 30.748842
v -83.576553 29.820383 23.095249
v -83.395996 31.490667 23.180521
v -81.938873 35.133755 21.580976
v -80.875763 36.196632 24.244766
v -80.279343 36.087975 25.657187
v -79.814102 35.809948 26.268452
v -79.287254 35.023178 26.872961
v -78.382828 33.044003 27.785086
v -46.754532 40.739090 27.110853
v -46.460453 31.033878 31.116898
v -45.898937 25.764263 32.433762
v -46.536900 17.845747 32.354706
v -45.841881 11.097467 31.219446
v -78.685295 31.211618 28.473900
v -81.793137 35.124367 24.305079
v -83.142578 31.474384 24.660154
v -81.262245 34.608559 25.929754
v -82.643456 31.529911 25.672253
v -80.720726 34.116566 26.600868
v -81.974121 31.461561 26.715866
v -80.629616 32.744495 27.221035
v -80.817543 31.461113 27.638178
v -79.562485 32.835255 27.603941
v -79.868851 31.409361 28.093695
v -78.619072 29.051554 28.919451
v -79.863708 29.066170 28.300833
v -80.915108 29.709044 27.790743
v -82.091858 29.898560 26.856911
v -82.722534 29.942265 25.720821
v -83.300400 29.801914 24.580566
v -82.150612 28.845688 26.895250
v -76.758385 20.870974 30.124243
v -82.322807 28.829414 26.462324
v -81.863663 28.858326 27.056311
v -74.834106 16.114832 30.484303
v -73.973000 14.076897 30.150267
v -72.476921 10.631453 28.906794
v -78.764328 20.928413 29.050011
v -78.515190 16.910574 29.115921
v -77.903854 14.838938 29.213497
v -74.976341 10.099401 28.029888
v -81.051079 21.078836 28.381973
v -80.668411 17.268118 28.456165
v -79.810028 15.065326 28.256292
v -77.218224 10.410071 27.107630
v -81.815811 21.061888 27.835833
v -81.448074 17.755814 27.918625
v -80.737076 15.043419 27.599169
v -78.715057 11.058724 26.769209
v -82.436012 21.228832 27.647720
v -82.119789 17.750631 27.844337
v -81.134224 14.982944 27.483503
v -79.447334 11.180430 26.613928
v -82.563713 21.255554 27.221102
v -82.263908 17.678400 27.443151
v -81.349174 14.855032 27.214998
v -80.109993 11.273338 26.259089
v -83.478226 21.372276 26.525625
v -83.589455 16.916731 26.736082
v -83.187302 15.206449 26.654455
v -81.318390 11.338540 25.495544
v -84.368355 21.528975 25.093462
v -84.682739 16.267620 25.116032
v -84.378082 14.846974 25.437511
v -82.368004 11.275261 24.357229
v 4.413534 53.743813 19.618965
v 0.491132 53.960934 19.854025
v -3.573837 54.172916 20.010742
v -8.298590 54.396244 19.727503
v -12.015760 54.505959 19.730652
v -16.120918 54.494827 19.596992
v 5.158190 54.232632 12.619527
v 0.966588 54.573124 12.747316
v -3.592098 54.872364 12.814253
v -7.959590 55.011486 12.791571
v -11.795661 55.114323 12.803110
v -15.959110 55.055851 12.891847
v 5.212065 54.727165 -1.470717
v 0.812972 55.074284 -1.465144
v -45.027714 22.407713 -37.107071
v -8.109985 55.480343 -1.452511
v -12.102157 55.569641 -1.484735
v -15.851192 55.516735 -1.410895
v -41.799713 54.198929 17.218925
v -41.778973 54.426071 12.175550
v -42.027630 54.791164 -1.480686
v -49.502941 52.264172 11.987724
v -81.027626 36.263924 15.592522
v -49.559750 52.332966 -1.369817
v -81.405838 36.436100 -1.480684
v -84.968674 21.521852 23.278347
v -85.134918 15.746401 22.812902
v -84.810699 14.266837 22.824957
v -82.871216 11.052809 21.906921
v -81.867867 35.250511 15.932188
v -83.369446 31.453688 16.352888
v -83.520683 29.844316 16.525167
v -84.995934 21.619694 17.038900
v -85.119446 15.060896 17.463751
v -84.787773 13.727000 17.472818
v -82.964096 10.682315 17.211420
v -82.018242 35.597122 -1.480684
v -83.479813 31.241892 -1.480684
v -83.537903 29.677744 -1.480684
v -85.028656 21.395176 -1.480684
v -85.309525 14.487545 -1.480684
v -82.998741 10.012466 -1.480684
v -45.977890 53.377266 17.164049
v -43.833599 53.942448 17.206734
v -46.023132 52.835648 21.117897
v -43.841896 53.438065 21.167496
v -45.687260 52.149803 21.990822
v -43.694099 52.791988 21.922462
v -45.231224 51.284180 22.575552
v -43.517189 51.915218 22.481392
v -44.756161 50.333252 23.217813
v -43.336784 50.754555 23.161867
v -44.792637 41.890842 27.296202
v -43.888660 42.035141 27.079620
v -45.136898 30.820076 31.580387
v -44.346844 30.767281 31.618645
v -44.955276 25.629732 32.883530
v -44.031223 25.565329 32.781963
v -44.195885 17.741507 33.061440
v -42.778831 17.696800 32.831760
v -41.551193 10.914062 32.185665
v -43.148781 10.972973 32.198807
v -43.870499 54.130497 12.188981
v -45.925182 53.564262 12.015044
v -46.030880 22.456625 -37.097504
v -43.924156 54.404697 -1.480685
v -35.452034 10.785513 31.006237
v -36.187492 17.227833 31.029818
v -40.486469 25.591934 31.657953
v -40.757542 31.378275 30.709961
v -40.261497 41.560452 26.039995
v -39.868031 50.224796 23.133064
v 16.782799 10.552762 -33.214191
v -36.540981 55.134422 -1.468521
v -36.243542 54.769512 12.353090
v -36.134499 54.513126 17.556726
v -36.226151 53.766876 21.339323
v -36.278389 53.175762 22.269974
v -36.330132 52.407669 22.844156
v -36.541286 51.031918 23.118559
v -35.859173 41.622620 26.093430
v -35.877663 31.913700 30.568878
v -35.222813 25.741230 31.635315
v -31.158386 16.958303 31.349567
v -30.808163 10.840417 30.497747
v 83.070450 24.465078 17.802696
v 82.539520 25.080379 16.243744
v 79.785759 30.163467 19.818228
v 82.464127 23.833633 20.000072
v 80.229530 28.599560 21.235445
v 16.666922 42.879955 -29.724276
v 24.897211 33.509514 -33.649845
v 14.136591 42.625088 -28.739307
v 10.264463 42.822704 -28.903337
v 22.859880 33.036938 -33.047745
v 16.994526 32.663483 -33.322929
v 8.458507 43.314457 -29.350954
v 7.299745 43.395782 -29.359735
v 15.872838 32.609741 -33.633430
v 14.665150 32.663486 -33.802563
v 5.323143 42.975296 -28.796328
v 1.802574 42.933689 -28.720301
v 12.472061 32.466370 -33.818527
v 7.487961 32.182697 -33.548210
v -0.586086 42.963982 -29.104036
v 5.297894 32.189125 -33.623699
v 3.883353 32.188320 -33.874985
v -2.485708 42.798393 -28.616947
v -7.610849 42.691479 -28.867798
v 1.601108 32.075047 -33.796478
v -1.748845 31.941742 -33.700657
v -8.821670 42.888111 -29.053665
v -10.072298 42.781708 -29.217701
v -3.930946 32.198483 -33.825241
v -5.396681 32.194416 -33.808575
v 17.546555 43.266785 -29.574459
v 19.545788 43.396961 -28.225302
v 26.264475 33.856804 -33.289970
v 27.962025 34.324577 -32.222008
v -11.947603 42.400208 -28.922668
v 23.049837 44.466373 -27.643333
v 24.353458 44.954144 -20.017565
v 35.390030 38.242188 -30.766457
v 37.025818 38.892445 -22.266567
v 34.791359 35.476906 -31.338783
v 21.175018 43.591579 -28.108128
v -7.689707 31.747921 -33.733273
v 9.546183 49.665401 -26.201551
v 7.602626 49.484005 -26.139189
v 2.149932 49.594837 -26.218653
v 3.436481 49.620712 -26.189964
v -7.883386 51.607197 -26.252520
v -1.923835 51.215168 -26.027264
v 0.393443 42.992249 -29.053463
v 22.665869 43.967381 -28.155046
v 35.101971 37.711506 -31.303509
v 23.457766 44.521286 -26.332668
v 35.702343 38.203430 -29.257431
v 28.739462 28.146671 -34.938488
v -10.657578 53.525928 -25.556395
v 29.916258 28.880806 -34.935043
v -7.665404 53.342251 -25.670038
v 30.800835 29.235041 -34.719139
v -1.958222 53.033310 -25.680346
v 32.145920 29.891756 -34.175953
v 35.423862 32.879864 -32.960949
v 43.565037 30.053091 -33.626472
v 0.930565 52.858082 -25.688879
v 4.430038 52.631618 -25.610062
v 49.304283 21.805485 -34.535358
v 42.071487 32.495121 -32.753521
v 22.550655 27.094170 -34.707802
v 20.864536 27.437094 -34.956409
v -13.486928 52.818771 -26.238974
v 19.674442 27.353571 -35.104412
v -10.694100 52.697315 -26.232914
v 17.023840 27.103176 -34.702110
v -7.663111 52.471764 -26.141685
v 12.851013 26.955385 -34.762775
v -1.898958 52.097797 -26.023193
v 10.287503 27.078922 -34.921528
v 0.827990 52.051643 -26.025209
v 7.906588 27.134222 -34.921204
v 4.328853 51.963169 -26.021240
v 5.164633 26.957710 -34.814575
v 1.662415 26.790400 -35.037197
v -13.093668 51.489868 -26.547791
v -0.701886 26.687222 -35.017387
v -10.582025 51.451679 -26.554031
v -3.416555 27.152925 -34.921120
v -5.874616 26.880054 -34.797077
v -6.670236 50.830105 -26.298828
v 0.632792 51.007103 -26.014460
v 42.018993 33.866043 -32.014362
v 42.493500 35.582054 -31.872929
v 42.731430 36.162571 -31.385996
v 43.125828 36.179501 -29.375563
v 45.252655 36.334305 -22.179543
v 10.016726 50.597095 -26.063393
v 10.966390 50.989761 -25.549683
v 11.778346 51.102844 -24.710310
v 12.305818 51.287086 -23.924442
v 12.507855 51.430794 -23.313665
v 12.797030 51.385811 -22.557333
v 13.001998 51.374142 -21.222994
v 13.959666 51.800911 -16.802586
v 5.676613 50.244694 -26.065926
v 7.435840 52.352737 -25.429670
v 7.854433 52.956963 -24.406303
v 8.299606 53.445835 -22.369104
v 8.368994 53.671513 -18.813694
v 9.522995 52.081356 -25.166166
v 9.576069 52.708965 -24.058559
v 10.775350 52.645988 -22.254057
v 9.922504 53.140816 -21.285219
v 10.980641 53.363968 -15.932373
v 11.241262 52.200367 -23.204918
v 11.441340 52.291382 -22.205141
v 11.734353 52.314140 -20.954458
v 12.634419 52.647495 -16.431047
v 10.580246 52.544292 -23.247570
v 11.075327 51.985893 -23.981712
v 10.785147 51.675495 -24.808750
v 10.231913 51.480061 -25.462639
v 7.131833 51.732727 -25.912565
v 9.445922 51.479954 -25.721151
v 11.612730 53.714474 -9.053743
v 13.578573 52.960079 -9.347909
v 14.964801 51.863438 -9.485613
v 25.162664 44.738930 -10.704144
v 39.039825 38.827126 -11.564867
v 47.556923 36.801563 -11.539322
v 77.243973 11.639770 -30.867174
v 77.222595 29.217871 -29.847046
v 79.964264 15.052916 -30.819931
v 77.493469 29.594158 -29.490524
v 76.625824 11.456425 -31.607553
v 77.827148 29.959370 -29.050980
v 79.246864 15.190445 -31.263741
v 78.286514 30.454254 -28.211266
v 75.882973 11.376605 -32.665459
v 78.644234 30.662521 -27.163504
v 79.679855 30.686628 -20.265749
v 80.608437 30.776388 -13.896106
v 62.027515 34.912338 -12.605376
v 79.335365 31.632807 -14.039634
v 61.111897 34.362549 -20.911768
v 78.774025 31.005602 -22.297199
v 59.644768 33.892803 -29.176359
v 77.132378 31.365728 -27.132666
v 59.279892 33.628609 -30.245768
v 76.569290 31.301384 -28.358505
v 59.076668 33.204117 -30.819824
v 75.880676 31.066399 -29.256067
v 59.027950 32.317997 -31.231140
v 75.531021 30.480143 -29.818531
v 59.104313 31.203281 -31.848846
v 75.066246 29.637028 -30.233007
v 59.153492 29.150377 -32.690376
v 74.920486 28.452047 -30.839748
v 4.781476 50.416241 -26.038582
v 78.036209 15.572485 -32.680500
v 62.123463 21.334032 -33.950005
v 76.441353 22.116825 -32.105164
v 76.601006 18.625877 -32.560226
v 76.846474 28.025396 -30.734715
v 76.861816 15.614758 -32.937298
v 4.820756 53.150181 -24.773464
v 77.873894 27.960148 -29.840010
v 78.248833 28.184263 -29.364523
v 78.544594 28.396976 -28.913193
v 78.822266 28.869015 -28.407490
v 78.922417 22.190619 -30.861761
v 79.420654 22.731297 -30.109009
v 80.009430 23.087713 -30.011358
v 80.693909 23.278408 -29.323435
v 79.295525 18.899294 -31.201382
v 79.742165 19.357670 -30.714386
v 80.245506 19.497095 -30.663534
v 78.656586 15.202070 -31.781805
v 73.127769 10.508181 -32.300724
v 80.750854 15.317052 -30.208372
v 78.590965 11.808582 -29.620745
v 66.189354 15.022343 -33.141304
v 79.517937 29.030325 -27.127558
v 81.720039 23.604813 -27.715534
v 82.875801 20.430611 -28.076307
v 80.292801 29.938278 -20.778738
v 84.481514 20.843040 -22.830717
v 81.466591 29.826464 -13.864679
v 84.104874 22.804636 -14.556747
v 85.898064 21.111340 -14.164013
v 83.119446 15.689666 -27.420259
v 80.208328 11.770285 -26.868565
v 84.674561 15.597619 -22.209803
v 81.529572 11.325841 -20.991522
v 86.115578 15.165515 -13.283088
v 82.940681 10.734236 -12.419754
v 57.604679 12.987428 -35.262989
v 54.438942 17.843279 -34.444523
v 51.147411 13.509719 -34.201874
v 0.484993 12.998857 -33.820778
v -4.153944 13.452618 -33.911434
v 67.336967 9.799725 -32.162807
v 58.549465 9.310843 -34.264984
v 64.097099 18.721180 -33.686264
v 54.371464 8.841544 -33.521191
v -4.012345 10.900236 -33.207462
v 74.462975 15.338369 -32.353386
v 78.220955 19.019960 -32.866299
v 78.865074 18.960285 -32.487354
v 77.777039 22.399151 -32.226986
v 78.557564 22.290871 -31.750154
v 77.464851 27.610220 -30.428946
v -13.788755 53.488258 -25.642782
v 1.133675 53.486195 -24.691401
v -2.095931 53.677860 -24.594156
v -7.512274 53.889320 -24.535793
v -10.946617 53.999523 -24.473351
v -14.255254 54.082020 -24.268957
v -81.053047 36.147232 -25.212078
v -49.007126 52.255070 -22.069160
v -41.717529 53.805759 -24.008614
v -41.644875 53.298862 -24.884842
v -41.612957 52.556232 -25.624306
v 0.268252 16.477633 -34.713497
v -41.652546 51.032791 -26.465933
v 10.557256 18.889841 -35.044109
v 23.124355 18.955130 -35.335087
v -41.133240 41.809605 -29.383654
v -34.114952 11.606715 -33.884502
v -34.074390 15.356392 -34.293449
v -42.872585 31.435057 -33.881042
v -34.977161 19.698551 -35.347294
v -43.286755 24.604099 -35.549129
v -43.723278 20.336216 -36.014160
v -39.401569 11.346652 -33.837688
v -48.630825 51.885624 -24.246635
v -48.078697 51.288616 -25.249498
v -47.413364 50.335693 -25.896149
v -46.706375 49.500732 -26.572811
v -83.539787 29.814699 -26.059429
v -83.367599 31.486643 -26.140373
v -81.958641 35.155228 -25.333298
v -80.842514 36.141632 -27.198681
v -80.305298 36.146564 -28.644829
v -79.853241 35.894180 -29.313774
v -78.926140 35.014217 -30.127953
v -78.398384 33.118633 -30.908655
v -46.517803 40.788532 -29.920181
v -46.633942 31.582548 -33.900925
v -47.183567 24.805580 -36.074158
v -48.009804 19.896353 -36.366882
v -53.078484 11.133603 -34.255688
v -78.709488 31.236465 -31.546974
v -81.818268 35.139160 -27.272976
v -83.013718 31.447664 -27.555260
v -81.355934 34.639500 -28.951092
v -82.429688 31.494001 -28.503735
v -80.893211 34.303310 -29.600449
v -81.778008 31.417439 -29.477089
v -81.263176 33.089470 -29.532797
v -80.771645 31.452662 -30.552525
v -79.604034 32.898117 -30.733675
v -79.911667 31.432701 -31.142118
v -78.659081 29.082726 -32.065460
v -79.986450 29.082045 -31.442699
v -80.893898 29.705456 -30.726589
v -81.890915 29.858625 -29.657454
v -82.635277 29.924667 -28.619684
v -83.306908 29.803288 -27.545780
v -76.756203 20.876490 -33.138088
v -75.186714 16.978479 -33.463810
v -74.367531 14.868102 -33.429340
v -72.468414 9.760377 -31.656393
v -78.909126 20.917767 -32.287426
v -78.595024 16.898079 -32.230480
v -77.930618 14.826075 -32.209812
v -75.158463 10.045940 -30.606962
v -81.014412 21.079029 -31.292423
v -80.464920 17.060265 -31.174425
v -79.719261 15.134505 -31.024544
v -77.266563 10.464166 -30.156450
v -82.292725 21.223780 -30.484922
v -81.724159 17.099209 -30.530033
v -81.179604 15.236641 -30.420889
v -79.541672 11.229459 -29.900436
v -83.446312 21.368376 -29.454916
v -83.537735 16.917528 -29.577286
v -83.180252 15.210431 -29.590824
v -81.559692 11.371263 -28.838781
v -84.483940 21.542974 -28.112640
v -84.950111 16.281208 -28.179092
v -84.582291 14.769863 -28.525991
v -82.623589 11.162737 -27.639608
v 4.841954 53.705002 -22.827772
v 1.502702 53.953728 -22.844189
v -2.023707 54.152004 -22.801798
v -7.507296 54.378479 -22.872034
v -11.261086 54.532608 -22.622681
v -14.384490 54.530186 -22.658936
v 5.083111 54.254925 -15.621010
v 1.114276 54.582447 -15.666206
v -3.003592 54.875439 -15.590405
v -7.636321 55.025764 -15.698820
v -11.486382 55.121105 -15.850265
v -15.126923 55.072777 -16.046608
v -3.618191 55.349106 -1.454914
v -43.593891 22.245998 -35.993584
v -44.970573 16.110828 -35.989571
v -42.515858 15.912786 -34.948265
v -41.636406 54.131664 -22.633114
v -41.779278 54.430645 -15.137139
v -49.501205 52.260971 -14.949094
v -81.051048 36.320770 -18.555910
v -84.974884 21.522238 -26.240118
v -85.133316 15.746471 -25.774319
v -84.805397 14.269046 -25.786348
v -82.912621 11.023048 -24.869469
v -81.925354 35.277157 -18.894989
v -83.369110 31.453632 -19.314257
v -83.489243 29.841026 -19.487457
v -84.982353 21.618462 -20.000296
v -85.125946 15.060105 -20.425278
v -84.753433 13.741933 -20.432930
v -82.910568 10.702797 -20.171280
v -84.856689 12.959683 -1.494717
v -45.932537 53.281410 -22.284555
v -43.790249 53.876652 -22.530169
v -46.048779 52.904289 -24.111279
v -43.855495 53.473892 -24.275282
v -45.737907 52.281597 -25.108463
v -43.727814 52.968990 -25.041035
v -45.286469 51.405273 -25.774759
v -43.575146 52.126171 -25.740915
v -44.823586 50.489300 -26.411188
v -43.390038 50.944290 -26.477018
v -44.527573 42.065529 -30.470667
v -43.560131 42.150074 -30.413637
v -45.285576 31.614683 -34.517197
v -44.274796 31.730301 -34.527950
v -45.703079 24.845203 -36.766731
v -44.766182 24.863586 -36.743145
v -46.197441 20.592459 -37.085300
v -45.112106 20.588110 -37.055527
v -44.703968 11.729300 -34.434849
v -49.188801 11.157436 -33.692646
v -43.892540 54.144825 -15.033952
v -45.929390 53.577576 -14.976886
v -45.838753 53.741432 -1.540136
v -47.699165 22.466822 -36.295124
v 35.889973 18.593380 -35.104427
v 33.535786 17.951979 -34.993092
v 26.116112 16.331718 -35.055031
v 20.658339 18.763107 -35.124149
v -35.092800 22.086800 -35.483746
v 20.022007 16.228142 -35.073574
v 0.779536 10.680527 -33.164097
v -36.244759 54.809074 -15.316707
v -36.043388 54.408710 -22.851158
v -36.227551 53.864899 -24.348452
v -36.283287 53.317135 -25.336309
v -36.337269 52.575417 -26.099316
v -36.530693 51.010078 -26.278469
v -35.895206 41.734924 -29.362070
v -35.866680 31.348595 -34.063206
v -35.237465 25.801180 -35.184807
v 83.088989 24.478575 -20.766922
v 82.470718 25.030064 -19.206560
v 79.778748 30.158558 -22.778639
v 82.681595 23.938526 -23.000570
v 80.332344 28.642672 -24.217941
v -49.799271 16.103388 -34.891151
v -46.991138 15.822319 -35.548161
v 43.007942 21.619997 -35.042759
v 38.289722 21.355917 -35.401325
v 34.192352 21.031729 -35.014206
v 28.376995 20.998169 -35.039833
v 26.570402 21.063194 -35.445332
v 25.334934 20.902033 -35.603287
v 22.386721 20.797071 -35.429844
v 18.971617 20.601639 -35.169853
v 16.604368 20.312979 -35.390762
v 12.494295 20.771841 -35.409313
v 9.925989 20.659651 -35.141594
v 5.928649 20.965807 -35.262260
v 2.447898 20.871630 -35.112942
v -0.757260 20.916122 -35.121822
v -4.203124 21.349674 -35.146538
v 48.434105 17.266682 -34.444679
v 42.454170 16.475973 -35.039326
v 33.563232 16.203878 -35.386620
v 5.038399 16.139187 -34.658501
v 6.982972 18.984961 -35.247002
v 14.118718 16.114811 -34.793888
v -4.031334 16.582527 -34.755489
v -43.334663 21.141109 33.102669
v -40.948490 20.996769 31.915981
v -38.580395 20.948818 31.411856
v -36.037006 21.001509 31.645048
v -33.385284 21.051311 31.847408
v -3.983066 21.301977 31.928770
v -1.673106 21.312460 31.991297
v -0.096152 21.345526 32.034836
v 2.135409 21.433783 32.120750
v 9.644317 21.421246 32.013081
v 12.164177 21.457670 32.144440
v 14.845904 21.498293 32.126190
v 18.429453 21.500772 32.106041
v 21.974001 21.487858 32.243473
v 24.427204 21.600321 32.447338
v 26.735712 21.411339 32.225262
v 29.664593 21.548313 32.276608
v 34.882885 21.714823 32.619705
v 38.044163 21.761795 32.780182
v 41.737396 21.759899 32.560944
v 22.415133 9.984084 -33.072102
v 35.151005 10.420317 -34.116844
v 16.426031 13.180999 -34.100681
v 46.499256 9.717775 -33.872124
v 34.446510 13.737236 -35.073406
v 21.309242 13.412830 -34.383579
v 44.451859 13.164772 -34.778400
v -46.135746 13.976412 31.709398
v -43.640991 14.174538 32.536507
v -42.136829 14.142664 32.389061
v -37.800343 13.883737 31.188250
v -35.783703 13.811136 30.852640
v -33.549099 13.795839 30.760544
v -30.952835 13.804912 30.753250
v -2.376726 12.583516 30.661770
v -0.294072 12.601292 30.680632
v 2.119638 12.715649 30.731129
v 4.371847 12.630898 30.715021
v 12.270901 12.580401 30.659319
v 16.193846 12.586462 30.708282
v 20.427599 12.612530 30.808134
v 24.260670 12.635298 30.898624
v 27.752823 12.659815 30.999687
v 30.848293 12.697441 31.158575
v 33.552872 13.307501 31.696371
v 36.455429 13.542949 32.079990
v 40.533173 13.245078 32.322197
v 45.651749 12.525398 32.319916
v 51.610245 12.488544 32.144352
v 56.668808 12.647985 31.669584
v 64.616638 12.673321 29.916765
v -3.582142 50.636791 -26.157108
v 28.500822 10.173088 -33.530903
v 27.540176 13.248524 -34.462017
v 6.179115 10.688636 -33.214767
v 5.852583 13.229906 -33.939831
v -79.740623 34.093048 27.085443
v -80.344353 34.950275 26.550308
v -80.900856 35.376637 25.898241
v -81.334450 35.660500 24.274923
v -81.615654 35.647808 21.424957
v -81.565254 35.786167 15.775459
v -81.797043 36.031345 -1.480632
v -81.618866 35.839252 -18.741016
v -81.623962 35.690502 -25.271732
v -81.330391 35.640396 -27.235828
v -81.020477 35.469955 -28.836119
v -80.391373 35.115582 -29.615616
v -80.353622 33.515095 27.021120
v -81.882889 33.212299 -28.771332
v -82.482292 33.492176 -27.441452
v -82.653297 33.497143 -25.702715
v -82.622795 33.543797 -19.086830
v -82.612373 33.571602 -1.480690
v -82.624077 33.543716 16.124760
v -82.650490 33.486057 22.312607
v -82.465225 33.478474 24.484262
v -81.925354 33.220551 25.837063
v -81.315063 32.917824 26.678579
v -80.463791 33.022148 -30.380075
v -79.629997 34.421940 -30.192781
v -80.386925 33.852596 -30.134556
v 81.189499 19.885021 -30.217806
v 84.359543 19.443756 20.953869
v 83.533562 19.362274 23.894884
v 86.166992 19.749390 11.059449
v 87.184906 19.432648 -1.647418
v 83.680519 17.155972 23.458364
v 84.594566 17.170841 20.058504
v 86.135590 16.841358 10.499278
v 86.987434 16.605982 -1.647418
v 82.208916 19.067017 -29.170067
v 83.269737 19.320601 -27.496500
v 84.833328 19.542904 -22.468214
v 86.472908 19.682880 -13.739862
v 83.290970 16.824659 -27.387548
v 84.828934 16.837349 -22.038912
v 86.219009 16.538963 -13.206628
v 81.898781 16.730556 -28.787811
v 23.452057 38.082886 27.909698
v 22.432615 38.031284 28.639368
v 21.547056 37.925560 28.975214
v 18.984388 37.335217 28.245899
v 14.590345 36.992508 27.964741
v 12.561142 37.579304 28.704924
v 11.444797 37.546562 28.987309
v 9.373349 37.243645 28.471754
v 6.456655 36.982548 27.940165
v 4.248187 37.274258 28.420898
v 2.884639 37.376793 28.771704
v 0.310308 36.870029 28.372366
v -3.900326 36.943054 28.131897
v -5.927623 37.293808 28.386793
v -7.355168 37.222881 28.415970
v -9.496480 36.539623 28.187321
v -35.870029 36.188095 28.490667
v -38.106976 36.182426 28.811028
v -40.504498 35.829575 28.429045
v -42.355419 35.819832 28.653933
v -44.056290 35.848549 29.741985
v -44.955486 35.879108 30.024162
v -46.701908 35.522144 29.804533
v -78.544212 32.041538 28.215168
v -79.715660 32.122311 27.848818
v -80.758965 32.054150 27.498121
v -81.724274 32.129486 26.751186
v -82.430939 32.318832 25.792128
v -82.901245 32.390160 24.602467
v -83.108475 32.397285 22.793745
v -83.116966 32.414246 16.251259
v -83.165817 32.308350 -1.480702
v -83.114067 32.414669 -19.213100
v -83.101601 32.403606 -25.947260
v -82.811295 32.368298 -27.520493
v -82.221329 32.266403 -28.643541
v -81.552597 32.166237 -29.506855
v -80.643906 32.161736 -30.490967
v -79.757858 32.165409 -30.937899
v -78.576645 32.096607 -31.338751
v -46.560993 35.649529 -32.077362
v -44.988297 36.323112 -32.835766
v -43.899685 36.428337 -32.838497
v -42.047657 36.064968 -31.904709
v -35.880180 35.891609 -31.786589
v -9.579897 36.418236 -31.374399
v -7.500321 36.824783 -31.561964
v -6.194571 36.890671 -31.561600
v -4.506714 36.606045 -31.294712
v -0.205860 36.801533 -31.303211
v 1.858688 36.964592 -31.651663
v 3.037627 36.968338 -31.493795
v 4.806218 36.819077 -31.034563
v 9.125350 37.239677 -31.857733
v 11.401908 37.615601 -32.022465
v 12.493793 37.403694 -31.723845
v 13.857401 37.088737 -31.178644
v 18.885136 37.327038 -31.240498
v 21.204268 37.747513 -32.126942
v 22.410248 38.132603 -31.742998
v 24.208946 38.343311 -30.420248
v 28.598425 39.049305 -30.373697
v 29.600824 40.478809 -29.910780
v 29.734581 40.684216 -29.360401
v 30.002996 40.558208 -28.009785
v 31.281841 41.311832 -21.182837
v 32.713753 41.110626 -11.149718
v 32.956596 40.808689 -1.491612
v 32.576523 40.785545 8.196370
v 30.939217 40.527477 18.007805
v 29.810322 40.214817 25.785105
v 29.547728 40.311626 26.524584
v 29.528378 39.927715 27.349932
v 28.666050 38.994766 27.635973
v 76.184151 11.429072 -32.118538
v 75.072975 11.200622 -32.672283
v 77.401993 12.179717 24.650976
v 76.505646 12.094088 25.286112
v 75.557304 11.987436 25.670029
v 73.727104 11.633638 26.405500
v 78.211731 12.090069 24.083389
v 79.387848 11.980076 23.061371
v 80.697586 11.422456 18.146091
v 81.729073 10.746655 9.266360
v 82.210770 10.552654 -1.417326
v 63.301384 9.204187 28.973396
v 56.800293 9.333519 30.154593
v 51.902210 9.768203 30.784670
v 45.876804 9.750305 30.654789
v 39.727863 9.072240 29.730839
v 36.354450 9.166605 29.312334
v 33.750179 9.473508 29.208565
v 31.195717 9.756602 29.198673
v 27.802843 9.701515 29.135277
v 24.548220 9.839090 29.241533
v 20.847090 9.820480 29.253290
v 16.445623 10.032209 29.363268
v 12.180466 9.861864 29.258020
v 4.352326 10.040354 29.394335
v 2.168993 10.081326 29.405123
v -0.266135 10.303251 29.519117
v -2.514810 10.346238 29.525063
v -37.342609 10.636189 30.676987
v -33.332485 10.659389 30.129946
v -45.615604 10.956552 30.590588
v -71.981491 10.500400 28.326893
v -74.428009 9.979610 27.468548
v -76.622437 10.283706 26.565815
v -78.087585 10.918627 26.234556
v -78.804359 11.037756 26.082560
v -79.452995 11.128697 25.735235
v -80.170837 11.192518 24.987856
v -81.198242 11.130580 23.873636
v -81.690788 10.912836 21.475197
v -81.781715 10.550184 16.879095
v -81.815628 9.894516 -1.417319
v -41.415741 10.777026 31.536354
v -42.979511 10.834690 31.549215
v -35.445694 10.651197 30.381893
v 16.697186 10.423375 -32.479065
v -30.900127 10.704943 29.884167
v 76.358025 11.487370 -30.181730
v 75.752960 11.307908 -30.906441
v 75.025826 11.229778 -31.941946
v 72.722885 10.379738 -31.584938
v 77.676491 11.652611 -28.961687
v 79.259621 11.615124 -26.267767
v 80.552902 11.180087 -20.515135
v 81.934135 10.601007 -12.124823
v 67.054665 9.686279 -31.449936
v 58.453194 9.207747 -33.507614
v 54.363632 8.748383 -32.779568
v -3.848436 10.763494 -32.472481
v -34.216679 11.455016 -33.135185
v -39.391384 11.200459 -33.089363
v -52.778770 10.991921 -33.498512
v -72.176949 9.647764 -30.666197
v -74.667046 9.927281 -29.720554
v -76.999939 10.336655 -29.307760
v -78.782883 11.085748 -28.873068
v -80.358109 11.224548 -28.231499
v -81.395294 11.020436 -27.010441
v -81.798988 10.883705 -24.449703
v -81.729324 10.570234 -19.712257
v -44.581535 11.575006 -33.673885
v -48.971432 11.015248 -32.947392
v 0.842007 10.548433 -32.430031
v 22.365221 9.866735 -32.339985
v 34.981579 10.293734 -33.362610
v 46.228340 9.606064 -33.123070
v 28.322084 10.051739 -32.789070
v 6.127283 10.556372 -32.479630
v 75.320641 11.281136 -31.406607
v 74.232979 11.057520 -31.948629
v 77.401993 18.082277 24.650976
v 76.505646 17.996651 25.286112
v 75.557304 17.889997 25.670029
v 73.727104 17.536200 26.405500
v 78.211731 17.992632 24.083389
v 79.387848 17.882637 23.061371
v 80.697586 17.325020 18.146091
v 81.729073 16.649214 9.266360
v 82.210770 16.455215 -1.417326
v 63.301384 22.391874 29.658216
v 56.800293 26.979860 29.866703
v 51.902210 27.016432 30.496782
v 45.876804 27.568794 30.767673
v 39.727863 21.285183 30.993921
v 36.354450 15.069165 29.312334
v 33.750179 15.376071 29.208565
v 31.195717 15.659165 29.198673
v 27.802843 15.604076 29.135277
v 24.548220 15.741652 29.241533
v 20.847090 15.723043 29.253290
v 16.445623 15.934768 29.363268
v 12.180466 15.764425 29.258020
v 4.352326 15.942913 29.394335
v 2.168993 15.983887 29.405123
v -0.266135 16.205812 29.519117
v -2.514810 16.248800 29.525063
v -37.342609 16.538754 30.676987
v -33.332485 16.561953 30.129946
v -45.615604 23.170769 30.590588
v -71.981491 18.640408 28.961218
v -74.428009 15.882172 27.973595
v -76.622437 16.186264 27.639256
v -78.087585 16.821186 27.673761
v -79.231262 16.940317 28.599720
v -81.115242 17.031258 27.405033
v -82.822960 17.095079 27.033749
v -83.169731 16.336926 25.133430
v -83.099220 16.815397 21.475197
v -82.982788 16.452745 16.879095
v -81.815628 15.797080 -1.417319
v -41.415741 21.986536 31.536354
v -42.979511 22.044203 31.549215
v -35.445694 16.553761 30.381893
v 16.697186 16.325933 -32.479065
v -30.900127 16.607504 29.884167
v 76.358025 17.389935 -30.181730
v 75.917534 17.326012 -30.473217
v 74.470390 17.132339 -30.669479
v 72.722885 16.282299 -30.716280
v 77.676491 17.555174 -28.961687
v 79.259621 17.517685 -26.267767
v 80.552902 17.082649 -20.515135
v 81.934135 16.503569 -12.124823
v 67.054665 15.588840 -31.449936
v 62.456631 24.093042 -32.847942
v 54.363632 26.738817 -32.779568
v -3.848436 16.666052 -32.472481
v -34.216679 17.357580 -33.135185
v -39.391384 17.939520 -33.089363
v -52.778770 23.542377 -34.522633
v -72.176949 15.550324 -30.666197
v -74.667046 15.829843 -30.588261
v -77.727272 16.239214 -30.869980
v -80.436607 16.988308 -30.865152
v -82.102402 17.127110 -29.660692
v -82.863518 16.923000 -27.010441
v -82.969589 16.786268 -24.449703
v -83.009590 16.472795 -19.712257
v -44.581535 24.125462 -34.698006
v -48.971432 23.565708 -33.971512
v 0.842007 16.450994 -32.430031
v 22.365221 15.769298 -32.339985
v 34.981579 16.196297 -33.362610
v 46.228340 26.517265 -33.123070
v 28.322084 15.954297 -32.789070
v 6.127283 16.458933 -32.479630
v 75.334702 17.416340 -30.413794
v 73.677544 16.960081 -30.676163
v 69.474670 23.490517 -6.551367
v 68.293266 23.490517 -6.551367
v 67.702568 23.490517 -7.574490
v 68.293266 23.490517 -8.597611
v 69.474670 23.490517 -8.597612
v 70.065369 23.490517 -7.574490
v 58.447495 8.906100 -7.498980
v 57.799969 9.894138 -7.484994
v 57.488316 10.410571 -8.500808
v 57.824192 9.938966 -9.530605
v 58.471718 8.950928 -9.544591
v 58.783367 8.434494 -8.528777
v 45.543758 7.874924 -7.257442
v 44.978512 7.755910 -9.220465
v 35.045044 10.005364 -0.968688
v 35.113041 11.181294 -1.059617
v 34.861237 11.709961 -2.085682
v 34.541435 11.062697 -3.020820
v 34.473434 9.886767 -2.929891
v 34.725239 9.358102 -1.903826
v 19.270123 9.641272 -0.588882
v 19.270123 10.819862 -0.670272
v 19.270123 11.338671 -1.731659
v 19.270123 10.678888 -2.711655
v 19.270123 9.500297 -2.630265
v 19.270123 8.981483 -1.568879
v 66.519943 23.490517 -6.343594
v 65.338539 23.490517 -6.343594
v 64.747841 23.490517 -7.366716
v 65.338539 23.490517 -8.389839
v 66.519943 23.490517 -8.389839
v 67.110641 23.490517 -7.366716
v 58.531864 9.056407 -10.734932
v 57.868896 10.031409 -10.809454
v 57.472878 10.397539 -11.860560
v 57.739822 9.788664 -12.837145
v 58.402786 8.813657 -12.762624
v 58.798809 8.447531 -11.711516
v 44.939976 8.931445 -9.331582
v 3.480547 11.332517 -0.296213
v 3.480547 11.332517 -1.477612
v 3.480547 10.309396 -2.068313
v 3.480547 9.286276 -1.477613
v 3.480547 9.286276 -0.296213
v 3.480547 10.309396 0.294487
v -20.288187 10.309396 -0.338716
v -19.848152 10.309396 -1.435107
v -19.628132 9.286276 -1.983303
v -19.848152 8.263151 -1.435107
v -20.288187 8.263151 -0.338716
v -20.508207 9.286276 0.209480
v -39.925896 11.152268 -14.974767
v -39.489414 11.152325 -16.072577
v -39.300724 10.129730 -16.633287
v -39.548508 9.107070 -16.096186
v -39.984993 9.107014 -14.998374
v -40.173683 10.129608 -14.437664
v -82.390907 14.042423 -14.602036
v -82.390907 14.049521 -15.783416
v -82.390907 13.029963 -16.380251
v -82.390907 12.003308 -15.795710
v -82.390907 11.996210 -14.614330
v -82.390907 13.015768 -14.017494
v 53.940350 8.022729 -10.445825
v 53.415092 9.594186 -9.462498
v 45.331364 7.270000 -8.203071
v 45.315109 9.582440 -8.361624
v 45.607140 9.135152 -7.407909
v 53.627468 9.634408 -7.458616
v 53.854221 8.541984 -9.433672
v 53.322536 10.127181 -8.453177
v 54.031719 8.553222 -7.416324
v 54.179966 8.035991 -8.417317
v 53.122204 9.479416 -11.572493
v 53.086891 10.103488 -10.598298
v 53.559906 8.432072 -11.484769
v 19.270123 7.783640 -2.718551
v 19.270123 9.360083 -5.256807
v 19.270123 8.245368 -4.513370
v 19.270123 10.897688 -5.256807
v 19.270123 12.474126 -2.718551
v 19.270123 12.012397 -4.513370
v 19.270123 9.360083 2.295431
v 19.270123 7.783640 -0.242825
v 19.270123 8.245368 1.551993
v 19.270123 12.474126 -0.242825
v 19.270123 10.897688 2.295431
v 19.270123 12.012397 1.551993
v 3.200698 9.360083 -5.256807
v 3.200699 7.783640 -2.718551
v 3.200698 8.245368 -4.513369
v 3.200699 12.474126 -2.718551
v 3.200698 10.897688 -5.256807
v 3.200698 12.012397 -4.513369
v 3.200699 7.783640 -0.242824
v 3.200699 9.360083 2.295432
v 3.200699 8.245368 1.551993
v 3.200699 10.897688 2.295432
v 3.200699 12.474126 -0.242824
v 3.200699 12.012397 1.551993
v -62.993652 10.666072 -16.713865
v -62.993652 12.242515 -19.252121
v -62.993652 11.127801 -18.508682
v -62.993652 13.780115 -19.252121
v -62.993652 15.356558 -16.713865
v -62.993652 14.894830 -18.508682
v -62.993652 12.242515 -11.699882
v -62.993652 10.666072 -14.238137
v -62.993652 11.127801 -12.443320
v -62.993652 15.356558 -14.238137
v -62.993652 13.780115 -11.699882
v -62.993652 14.894830 -12.443320
v -79.063072 12.242515 -19.252119
v -79.063072 10.666072 -16.713863
v -79.063072 11.127801 -18.508680
v -79.063072 15.356558 -16.713863
v -79.063072 13.780115 -19.252119
v -79.063072 14.894830 -18.508680
v -79.063072 10.666072 -14.238136
v -79.063072 12.242515 -11.699881
v -79.063072 11.127801 -12.443319
v -79.063072 13.780115 -11.699881
v -79.063072 15.356558 -14.238136
v -79.063072 14.894830 -12.443319
v -47.746902 12.066120 -14.926256
v -47.746902 12.067500 -16.039761
v -47.746902 13.090912 -16.585772
v -47.746902 14.112939 -16.018278
v -47.746902 13.088147 -14.358763
v -47.746902 14.111554 -14.904775
v -82.390907 13.937558 -14.663423
v -82.390907 13.943924 -15.723295
v -82.390907 13.029236 -16.258745
v -82.390907 12.108173 -15.734324
v -82.390907 12.101808 -14.674451
v -82.390907 13.016496 -14.139001
v -79.063072 13.937558 -14.663423
v -79.063072 13.943924 -15.723295
v -79.063072 13.029236 -16.258745
v -79.063072 12.108173 -15.734324
v -79.063072 12.101808 -14.674451
v -79.063072 13.016496 -14.139001
v 52.586945 23.863489 -3.409933
v 36.729492 9.664936 -26.578211
v 38.916565 20.837025 -34.027020
v 47.451584 26.907187 -33.417019
v 66.120895 16.714125 -31.554270
v 54.549389 26.924097 -33.168129
v 60.318020 24.319246 -33.210384
v 42.232368 24.255836 -34.221905
v 64.351021 20.339245 -32.181629
v 66.120895 16.714125 -21.265625
v 47.167000 26.936470 -24.967773
v 64.256912 20.263002 -22.502562
v 60.285961 24.834837 -23.999784
v 54.549389 26.924097 -24.729103
v 41.473091 11.400826 -14.325172
v 52.035229 19.242268 -18.948839
v 52.035229 19.242268 -15.589234
v 7.913344 9.664936 -19.293261
v 7.913343 9.664936 -15.244808
v 8.130169 8.515162 -18.948837
v 8.130169 8.515162 -15.589231
v 66.331367 14.185861 -20.340696
v 63.069897 11.996171 -18.948839
v 63.069901 11.996171 -15.589234
v 52.586941 22.859068 -5.214600
v 52.586941 22.859068 -14.197379
v 36.729496 9.664936 -20.340696
v 77.146553 11.996171 -18.948841
v 38.349712 9.664936 -14.334315
v 39.166279 7.902291 -15.589232
v 41.833706 9.832750 -15.589234
v 39.166267 7.902286 -18.948837
v 41.833698 9.832746 -18.948839
v 41.669380 12.016443 -6.965569
v 38.349712 9.664936 -6.965569
v 38.503292 16.148098 -4.992431
v 41.699547 19.567461 -5.009494
v 36.072746 10.813011 -28.505472
v 36.072746 10.813011 -30.432928
v -11.993801 9.667747 -6.965566
v -18.474703 9.664936 -12.835711
v -20.835726 10.813011 -10.862575
v 41.852287 24.266867 -23.796488
v 38.253475 16.156319 -21.988533
v 56.178703 19.242268 -18.948839
v 56.178707 19.242268 -15.589234
v 63.243137 14.592394 -14.197379
v 63.217258 14.592399 -12.733093
v 63.217258 23.863489 -8.128288
v 56.461369 23.863489 -6.439646
v 56.461376 22.859068 -14.197379
v 56.461376 22.859068 -8.973847
v -14.585446 10.813011 -4.992428
v -16.186987 9.664936 -26.737213
v 41.313740 10.901053 -20.299931
v 39.800671 20.746967 -23.003183
v 77.146568 11.996171 -15.589235
v 77.210365 23.863489 -9.469360
v 81.350533 14.592399 -14.197380
v 81.350533 14.592399 -12.733094
v -18.474707 9.664936 -24.924469
v -18.551855 10.813011 -28.505470
v -20.835733 10.813011 -26.688696
v -82.559143 16.758186 -22.977203
v -82.559143 16.758186 -27.589321
v 77.035492 14.395567 -27.894955
v 37.228062 17.095722 -33.262615
v 52.586945 23.863489 0.448553
v 36.072742 9.664936 23.616831
v 38.916569 20.837025 31.065641
v 47.451584 26.907187 30.455641
v 66.120895 16.714125 28.592890
v 54.549389 26.924097 30.206749
v 60.318020 24.319246 30.249004
v 42.232368 24.255836 31.260527
v 64.351021 20.339245 29.220251
v 66.120895 16.714125 18.304245
v 47.167000 26.936470 22.006393
v 64.256912 20.263002 19.541182
v 60.285961 24.834837 21.038404
v 54.549389 26.924097 21.767725
v 41.473091 11.400826 11.363796
v 52.035229 19.242268 15.987460
v 52.035229 19.242268 12.627855
v 7.913345 9.664936 16.331886
v 7.913344 9.664936 12.283434
v 8.130170 8.515162 15.987463
v 8.130170 8.515162 12.627857
v 66.331367 14.185861 17.379316
v 63.069897 11.996171 15.987460
v 63.069901 11.996171 12.627855
v 52.586941 22.859068 2.253221
v 52.586941 22.859068 11.236000
v 38.349712 9.664936 17.379318
v 77.146553 11.996171 15.987459
v 38.349712 9.664936 11.372938
v 39.166279 7.902291 12.627856
v 41.833706 9.832750 12.627855
v 39.166267 7.902286 15.987462
v 41.833698 9.832746 15.987460
v 41.669380 12.016443 4.004189
v 38.349712 9.664936 4.004189
v 38.503292 16.148098 2.031052
v 41.699547 19.567461 2.048115
v 36.729500 10.813011 25.544092
v 36.072750 10.813011 27.471550
v -11.993801 9.667747 4.004192
v -18.474703 9.664936 9.874340
v -20.835726 10.813011 7.901201
v 41.852287 24.266867 20.835110
v 78.389404 14.229026 17.459795
v 38.253475 16.156319 19.027155
v 56.178703 19.242268 15.987460
v 56.178707 19.242268 12.627855
v 63.243137 14.592394 11.236000
v 63.217258 14.592399 9.771713
v 63.217258 23.863489 5.166907
v 56.461369 23.863489 3.478266
v 56.461376 22.859068 11.236000
v 56.461376 22.859068 6.012467
v -14.585446 10.813011 2.031054
v -16.186983 9.664936 23.775839
v 41.313740 10.901053 17.338554
v 39.800671 20.746967 20.041803
v 77.146568 11.996171 12.627853
v 77.210365 23.863489 6.507978
v 81.350533 14.592399 11.235999
v 81.350533 14.592399 9.771712
v -18.474707 9.664936 21.963095
v -18.551851 10.813011 25.544096
v -20.835733 10.813011 23.727322
v -82.559143 16.758186 20.015839
v 77.035492 14.395567 24.933577
v 37.228069 17.095722 30.301235
v 70.093338 10.392010 -8.975156
v 68.204597 10.392010 -8.975156
v 66.957558 11.996171 -8.975156
v 67.863785 11.768273 -8.975156
v 70.474709 11.175447 -8.975156
v 70.955467 11.299738 -8.975156
v 66.957558 8.957216 -6.387389
v 70.955467 9.044227 -6.387389
v 67.863785 8.832923 -6.387389
v 70.474709 8.919929 -6.387389
v 68.204597 8.233304 -6.387389
v 70.093338 8.233304 -6.387389
v 70.093338 10.986044 -16.579407
v 68.281906 11.088435 -17.890156
v 67.235176 11.088435 -15.860970
v 68.204590 10.950850 -14.902250
v 66.942482 11.996166 -13.506461
v 66.129852 11.996171 -14.502069
v 66.957123 11.768273 -15.383101
v 67.863785 11.768273 -14.603489
v 68.658562 11.768273 -18.255722
v 70.474709 11.685118 -16.954008
v 69.135483 11.996171 -18.911999
v 70.955467 11.903542 -17.522421
v 64.243645 11.088435 -16.931421
v 64.998894 11.088435 -16.440033
v 65.108566 11.088435 -17.890156
v 64.243645 11.088435 -17.552706
v 64.284653 11.996166 -15.724483
v 63.362293 11.996166 -16.468529
v 63.922298 11.768273 -16.681467
v 64.723579 11.768273 -16.177250
v 64.791443 11.768273 -18.255720
v 63.922298 11.768273 -17.859068
v 63.362293 11.996171 -18.109652
v 64.319504 11.996166 -18.911997
v 70.093338 10.392010 6.013775
v 68.204597 10.392010 6.013775
v 66.957558 11.996171 6.013775
v 67.863785 11.768273 6.013775
v 70.474709 11.175447 6.013775
v 70.955467 11.299738 6.013775
v 66.957558 8.957216 3.426009
v 70.955467 9.044227 3.426009
v 67.863785 8.832923 3.426009
v 70.474709 8.919929 3.426009
v 68.204597 8.233304 3.426009
v 70.093338 8.233304 3.426009
v 70.093338 10.986044 13.618025
v 68.281906 11.088435 14.928776
v 67.235176 11.088435 12.899591
v 68.204590 10.950850 11.940871
v 66.942482 11.996166 10.545082
v 66.129852 11.996171 11.540689
v 66.957123 11.768273 12.421721
v 67.863785 11.768273 11.642110
v 68.658562 11.768273 15.294341
v 70.474709 11.685118 13.992626
v 69.135483 11.996171 15.950617
v 70.955467 11.903542 14.561040
v 64.243645 11.088435 13.970042
v 64.998894 11.088435 13.478653
v 65.108566 11.088435 14.928776
v 64.243645 11.088435 14.591328
v 64.284653 11.996166 12.763103
v 63.362293 11.996166 13.507150
v 63.922298 11.768273 13.720088
v 64.723579 11.768273 13.215870
v 64.791443 11.768273 15.294342
v 63.922298 11.768273 14.897689
v 63.362293 11.996171 15.148273
v 64.319504 11.996166 15.950619
v 66.315475 14.395567 27.687891
v -38.216949 14.482079 -31.822142
v -51.721550 23.804415 -34.685822
v -46.838921 23.285492 -34.630558
v -43.644798 21.791616 -34.242355
v -40.370403 18.567383 -33.339447
v -61.309223 20.505480 -33.988651
v -56.938087 23.047867 -34.507187
v -64.160240 16.827181 -32.817902
v -51.721554 25.331179 -22.855324
v -46.838913 24.898743 -22.855324
v -43.644787 23.653847 -22.855324
v -40.370216 20.966980 -22.220757
v -61.569904 22.139454 -22.855324
v -56.938080 24.700720 -22.855324
v -38.265545 10.813011 -30.659561
v -28.886347 10.813011 -25.800587
v -38.265545 10.813011 -25.800587
v -64.955177 17.227362 -22.855324
v -79.605354 16.752028 -30.608885
v -81.541855 16.755104 -29.683514
v -82.300201 15.871398 -19.688681
v -42.992702 15.871398 -19.688683
v -42.992702 15.871398 -22.855324
v -82.157234 15.871398 -22.855316
v -38.408527 17.696541 -22.220757
v -42.992702 18.848728 -19.688683
v -82.300201 19.368126 -19.688681
v -82.157234 16.758186 -22.855316
v -36.505821 10.813006 -22.855324
v -36.505821 10.813006 -19.688684
v -38.339996 12.505790 -22.855324
v -35.623707 14.359236 -19.688684
v -28.886347 10.813006 -22.855324
v -28.886347 12.505790 -22.855324
v -28.886347 14.359236 -19.688684
v -28.886347 12.505790 -25.800587
v -38.265545 12.505790 -25.800587
v -65.026657 15.871398 -19.688683
v -64.955170 15.871398 -22.855320
v -65.026657 19.368126 -19.688683
v -38.216949 14.482079 28.860773
v -51.721550 23.804415 31.724453
v -46.838921 23.285492 31.669188
v -43.644798 21.791616 31.280985
v -40.370403 18.567383 30.378078
v -61.309223 20.505480 31.359028
v -56.938087 23.047867 31.545818
v -64.160240 16.827181 29.856531
v -51.721554 25.331179 19.893953
v -46.838913 24.898743 19.893953
v -43.644787 23.653847 19.893953
v -40.370216 20.966980 19.259388
v -61.569904 22.139454 19.893953
v -56.938080 24.700720 19.893953
v -38.265545 10.813011 27.698191
v -28.886347 10.813011 22.839216
v -38.265545 10.813011 22.839216
v -64.955177 17.227362 19.893953
v -82.559143 16.758186 24.627956
v -79.605354 16.752028 27.647520
v -81.541855 16.755104 26.722149
v -82.300201 15.871398 16.727314
v -42.992702 15.871398 16.727314
v -42.992702 15.871398 19.893953
v -82.157234 15.871398 19.893951
v -38.408527 17.696541 19.259388
v -42.992702 18.848728 16.727314
v -82.300201 19.368126 16.727314
v -82.157234 16.758186 19.893951
v -36.505821 10.813006 19.893953
v -36.505821 10.813006 16.727314
v -38.339996 12.505790 19.893953
v -35.623707 14.359236 16.727314
v -28.886347 10.813006 19.893953
v -28.886347 12.505790 19.893953
v -28.886347 14.359236 16.727314
v -28.886347 12.505790 22.839216
v -38.265545 12.505790 22.839216
v -65.026657 15.871398 16.727314
v -64.955170 15.871398 19.893950
v -65.026657 19.368126 16.727314
v -28.886347 10.813011 16.727314
v 66.315475 14.395567 27.687891
v 66.315475 14.395567 -30.649271
v 78.488579 14.216825 -19.873777
v -28.886347 10.813011 -19.688684
v -18.551598 10.813011 -30.599461
v -18.551853 10.813011 27.638086
v -14.585446 10.813011 -4.992428
v -14.585446 10.813011 2.031054
v -53.282200 7.598335 -28.237511
v -53.282200 8.414477 -28.237511
v -53.911987 7.598335 -28.237511
v -53.911987 8.414477 -28.237511
v -53.282200 12.610246 17.104404
v -53.282200 13.426388 17.104404
v -53.911987 12.610246 17.104404
v -53.911987 13.426388 17.104404
v -53.282200 12.610246 18.916573
v -53.282200 13.426388 18.916573
v -53.911987 12.610246 18.916573
v -53.911987 13.426388 18.916573
v -52.981514 8.250673 -27.798620
v -54.212685 8.250673 -27.798620
v -52.981514 7.762153 -27.798620
v -54.212685 7.762153 -27.798620
v -52.981514 7.517891 -28.221695
v -54.212685 7.517891 -28.221695
v -52.981514 7.762149 -28.644768
v -54.212685 7.762149 -28.644768
v -52.981514 8.250669 -28.644768
v -54.212685 8.250669 -28.644768
v -52.981514 8.494931 -28.221695
v -54.212685 8.494931 -28.221695
v 57.459816 10.693262 -4.230770
v 57.459816 11.384884 -4.922390
v 57.459816 16.885042 -4.922390
v 57.459816 17.576668 -4.230770
v 57.459816 11.384884 1.961009
v 57.459816 10.693262 1.269390
v 57.459816 17.576668 1.269390
v 57.459816 16.885042 1.961009
v 40.015808 11.366284 -4.982028
v 40.015808 10.633624 -4.249367
v 40.015808 17.636307 -4.249367
v 40.015808 16.903643 -4.982028
v 40.015808 10.633624 1.287989
v 40.015808 11.366284 2.020649
v 40.015808 16.903643 2.020649
v 40.015808 17.636307 1.287989
v 17.985191 13.008946 -1.021956
v 17.985191 13.406220 -1.251322
v 17.985191 13.406220 -1.710055
v 17.985191 13.008946 -1.939421
v 17.985191 12.611673 -1.710055
v 17.985191 12.611673 -1.251322
v 40.015808 12.564424 -1.737333
v 40.015808 12.564428 -1.224045
v 40.015808 13.453465 -1.737333
v 40.015808 13.008946 -1.993977
v 40.015808 13.008946 -0.967401
v 40.015808 13.453465 -1.224045
v 61.222527 18.114382 3.577200
v 61.222527 19.192854 2.498724
v 61.222527 9.077072 2.498724
v 61.222527 10.155549 3.577200
v 61.222527 18.114382 -6.538580
v 61.222527 10.155549 -6.538580
v 61.222527 9.077072 -5.460104
v 61.222527 19.192854 -5.460104
v 69.991104 18.142168 -6.596281
v 69.991104 19.250553 -5.487894
v 69.991104 9.019373 -5.487894
v 69.991104 10.127758 -6.596281
v 69.991104 19.250553 2.526513
v 69.991104 18.142168 3.634899
v 69.991104 10.127758 3.634899
v 69.991104 9.019373 2.526513
v 46.195522 18.025129 -4.412549
v 47.121883 18.021938 -4.411626
v 47.121883 18.021938 1.450247
v 46.195522 18.025129 1.451170
v 46.195522 11.203100 -5.370855
v 47.121883 11.204024 -5.367661
v 47.121883 17.065901 -5.367661
v 46.195522 17.066826 -5.370855
v 46.193943 16.897055 -4.960906
v 47.120300 16.896070 -4.957738
v 47.120300 17.612017 -4.241793
v 46.193943 17.615181 -4.242780
v 47.120300 11.373861 -4.957738
v 46.193943 11.372870 -4.960906
v 47.120300 10.657913 -4.241793
v 46.193943 10.654749 -4.242780
v 47.120300 16.896070 1.996359
v 46.193943 16.897055 1.999526
v 46.193943 17.615181 1.281401
v 47.120300 17.612017 1.280414
v 46.193943 11.372870 1.999526
v 47.120300 11.373861 1.996359
v 46.193943 10.654749 1.281401
v 47.120300 10.657913 1.280414
v 47.121883 17.065901 2.406282
v 46.195522 17.066826 2.409476
v 46.195522 11.203100 2.409476
v 47.121883 11.204024 2.406282
v 46.195522 10.244796 1.451170
v 47.121883 10.247993 1.450247
v 47.121883 10.247993 -4.411626
v 46.195522 10.244796 -4.412549
v -49.272804 18.848732 -12.983582
v -49.272804 18.848732 16.380091
v -30.071680 14.359236 16.486067
v -35.505966 14.359236 -13.057233
v -30.071680 14.359236 -7.949567
v -47.675308 10.813011 -11.482101
v -49.272804 12.402004 -12.983582
v -49.272804 12.402004 16.380091
v -30.071680 12.402004 16.486067
v -31.669174 10.813011 -7.290489
v -30.071680 12.402004 -7.949566
v -36.128830 10.813011 -11.482102
v -35.505966 12.402004 -13.057233
v -35.582874 14.359236 16.455015
v -31.669174 10.813011 14.878610
v -42.992699 18.848728 -13.020406
v -47.675308 10.813011 14.878611
v -42.992699 18.848732 16.417555
v -54.443352 12.395169 17.024920
v -54.443352 12.395169 19.112059
v -54.443352 15.878620 14.702668
v -54.443352 15.878620 19.112059
v -54.325211 12.395169 18.993919
v -54.325211 12.395169 17.024920
v -54.325211 15.878620 18.993919
v -54.325211 15.878620 14.702668
v -52.631866 12.395169 17.064301
v -52.631866 12.395169 18.993919
v -52.631866 15.878620 14.742049
v -52.631866 15.878620 18.993919
v -52.513729 12.395169 19.112059
v -52.513729 12.395169 17.064301
v -52.513729 15.878620 19.112059
v -52.513729 15.878620 14.742049
v -82.426903 13.354086 -27.589321
v -81.541855 16.752028 -29.683514
v -82.571526 16.758429 -27.589321
v -79.279366 12.846908 -27.570084
v -77.570198 12.526349 -28.087193
v -79.791321 12.933101 -26.767149
v -67.886620 10.861507 -27.841995
v -79.605354 16.752022 -30.608885
v -64.160240 16.827181 -32.817902
v -82.713432 13.354086 -17.283333
v -82.713440 13.354086 -12.680854
v -82.537529 16.758205 -17.283333
v -82.537529 16.758200 -12.680854
v -79.791321 12.933101 -12.680854
v -79.791321 12.933101 -17.283333
v -81.202583 13.177910 -29.143827
v -66.947891 10.512119 -29.622885
v -78.755524 12.687946 -30.029179
v -82.713425 16.019690 -17.283333
v -82.679604 16.019690 -12.680854
v -82.393074 13.354086 24.627956
v -82.393074 13.354086 21.341846
v -81.499977 16.752028 26.763538
v -82.559143 16.758190 24.627956
v -82.412712 16.758209 21.341846
v -79.279366 12.846908 24.608719
v -77.570198 12.526349 25.125824
v -79.791321 12.933101 23.805782
v -79.791321 12.933101 21.698214
v -67.886620 10.861507 24.880625
v -79.605354 16.752022 27.647520
v -64.160240 16.827181 29.856531
v -81.297455 13.177910 26.397017
v -66.947891 10.512119 26.661516
v -78.755524 12.687946 27.067810
v -82.089615 13.592978 -27.521544
v -81.297958 16.755104 -29.392843
v -82.157234 16.758186 -27.498041
v -79.210815 13.232030 -27.574163
v -77.499153 12.910624 -28.104830
v -79.727989 13.319129 -26.766003
v -67.816498 11.245658 -27.864910
v -79.518150 16.752028 -30.251659
v -64.124687 16.859810 -32.458607
v -82.301697 13.646328 -17.283333
v -82.398460 13.588239 -12.680854
v -82.146057 16.721394 -17.283333
v -82.151306 16.684690 -12.680854
v -79.743462 13.321330 -12.680854
v -79.736572 13.320415 -17.283333
v -80.993515 13.443281 -28.949957
v -66.887688 10.792482 -29.362743
v -78.665886 12.986758 -29.798336
v -82.289337 15.974093 -17.283333
v -82.293831 15.943854 -12.680854
v -82.092690 13.592020 24.545586
v -82.099014 13.613676 21.335581
v -81.256310 16.752028 26.477890
v -82.162857 16.758190 24.521633
v -82.144424 16.766581 21.338110
v -79.206657 13.231288 24.606503
v -77.496078 12.910077 25.142811
v -79.728035 13.319077 23.799091
v -79.731995 13.319757 21.696814
v -67.816498 11.245658 24.903542
v -79.504784 16.752028 27.296396
v -64.124687 16.827181 29.497238
v -80.595650 13.458766 25.848320
v -66.887688 10.792482 26.401375
v -78.657593 12.984021 26.836784
v 78.996582 17.233259 -30.069101
v 75.398506 8.434476 -10.660320
v 73.221359 10.814192 -27.504475
v 71.292236 12.682062 -30.062403
v 71.239883 6.753670 -1.480691
v 75.963577 7.766453 -1.480691
v 66.472389 11.498701 -30.062403
v 67.512199 17.467625 -31.684214
v 64.758797 17.453838 -32.057972
v 85.678345 17.233259 -10.386269
v 86.370193 17.233259 -1.480691
v 81.344337 17.233259 -27.511173
v 84.674477 17.233259 -20.741640
v 71.204765 7.306757 -10.905234
v 72.701698 17.583147 -31.098423
v 74.559586 9.426237 -21.458645
v 70.946251 7.791691 -21.458645
v 69.749573 9.541524 -27.504475
v 78.900414 17.233259 26.608736
v 75.398506 8.434476 7.698938
v 73.221359 10.814192 24.543095
v 71.292236 12.682062 27.101023
v 66.472389 11.498701 27.101023
v 67.512199 17.467625 28.722836
v 64.758797 17.453838 29.096592
v 85.678345 17.233259 7.424886
v 81.344337 17.233259 24.549795
v 84.674477 17.233259 17.780258
v 71.204765 7.306757 7.943853
v 72.701698 17.583147 28.137043
v 74.559586 9.426237 18.497265
v 70.946251 7.791691 18.497265
v 69.749573 9.541524 24.543095
v 78.839394 17.466236 -29.793259
v 75.211601 8.779617 -10.628345
v 73.054703 11.116215 -27.314510
v 71.203598 12.877972 -29.732494
v 71.147240 7.136419 -1.480691
v 75.780304 8.115008 -1.480691
v 66.419289 11.670105 -29.711863
v 67.471901 17.572269 -31.306715
v 64.723030 17.562458 -31.681141
v 85.423561 17.531799 -10.354038
v 86.109329 17.528259 -1.480691
v 81.127205 17.518696 -27.348530
v 84.430420 17.534470 -20.672468
v 71.091797 7.682789 -10.874925
v 72.650368 17.677975 -30.719671
v 74.366371 9.760464 -21.380915
v 70.808121 8.152240 -21.381166
v 69.641426 9.849855 -27.284668
v 78.744980 17.447176 26.316921
v 75.211601 8.779617 7.666965
v 73.054733 11.112046 24.346640
v 71.200623 12.873023 26.769033
v 66.419289 11.670105 26.750483
v 67.467155 17.573458 28.346209
v 64.723030 17.562458 28.719763
v 85.423561 17.531799 7.392657
v 81.125511 17.514711 24.382536
v 84.430420 17.534470 17.711084
v 71.091797 7.682789 7.913544
v 72.634087 17.681900 27.761871
v 74.366371 9.760464 18.419537
v 70.808121 8.152240 18.419788
v 69.641426 9.849855 24.323290
v -50.131947 6.874623 -28.646381
v -50.131947 9.031048 -28.646381
v -52.288372 6.874623 -28.646381
v -52.288372 9.031048 -28.646381
v -50.591415 6.874623 -28.646381
v -51.828907 6.874623 -28.646381
v -51.828907 9.031048 -28.646381
v -50.591408 9.031048 -28.646381
v -50.591415 7.762266 -28.646381
v -51.828907 7.762266 -28.646381
v -51.828907 8.143410 -28.646381
v -50.591408 8.143410 -28.646381
v -50.131947 6.874623 25.685011
v -50.131947 9.031048 25.685011
v -52.288372 6.874623 25.685011
v -52.288372 9.031048 25.685011
v -50.591415 6.874623 25.685011
v -51.828907 6.874623 25.685011
v -51.828907 9.031048 25.685011
v -50.591408 9.031048 25.685011
v -50.591415 7.762266 25.685011
v -51.828907 7.762266 25.685011
v -51.828907 8.143410 25.685011
v -50.591408 8.143410 25.685011
v -38.216949 14.482079 -31.822142
v -40.370403 18.567383 -33.339447
v -38.265545 10.813011 -30.659561
v 72.564148 17.557663 -31.101034
v 72.564148 20.049162 -31.326561
v 73.586662 23.207453 -30.908480
v 64.765732 17.447412 -32.066818
v 64.351021 20.339245 -32.181629
v 61.379799 23.266853 -32.935078
v 36.091877 10.731670 -30.423559
v 37.228062 17.095722 -33.262615
v -38.216949 14.482079 28.860773
v -40.370403 18.567383 30.378078
v -38.265545 10.813011 27.698191
v 72.564148 17.557663 28.045540
v 72.564148 20.049162 28.365183
v 73.586662 23.207453 27.947102
v 64.765732 17.447412 29.105440
v 63.744156 19.978111 29.453241
v 61.528103 23.266853 30.152641
v 36.091881 10.731670 27.462179
v 37.228069 17.095722 30.301235
v -18.552221 10.791447 27.635618
v -18.426086 18.151207 30.356348
v -18.477245 15.165921 29.237659
v 47.077534 11.551802 -15.535067
v 46.818886 11.551802 -13.459435
v 47.077534 14.690625 -15.574398
v 46.818886 16.910576 -14.174609
v 46.968346 11.551802 -13.547743
v 47.239449 11.551802 -15.507017
v 46.968346 17.066162 -14.262918
v 47.239449 14.839785 -15.574398
v 48.904850 11.551802 -15.276577
v 48.639629 11.551802 -13.359816
v 48.904850 16.354650 -15.598372
v 48.639629 18.792717 -14.245926
v 48.744316 11.551802 -13.199033
v 49.050873 11.551802 -15.242667
v 48.744316 18.901785 -14.085142
v 49.050873 16.489933 -15.598372
v 48.741650 12.984021 -13.485116
v 48.845379 13.420952 -14.234756
v 48.034306 12.590832 -15.118283
v 49.520920 9.359586 -27.153284
v 47.654552 12.401389 -15.071486
v 49.148434 9.170142 -27.153284
v 47.627579 12.022499 -14.876534
v 49.055683 8.791258 -27.153284
v 47.980358 11.833055 -14.728381
v 49.335415 8.601813 -27.153284
v 48.360107 12.022499 -14.775174
v 49.707912 8.791258 -27.153284
v 48.387081 12.401389 -14.970127
v 49.800671 9.170142 -27.153284
v 48.741650 12.110159 -13.485116
v 48.845379 11.673229 -14.234756
v 48.949108 12.110159 -14.984403
v 48.949108 12.984021 -14.984403
v 47.101856 12.984021 -15.240005
v 46.998123 13.420952 -14.490356
v 47.101856 12.110159 -15.240005
v 46.998123 11.673229 -14.490356
v 46.894402 12.110159 -13.740719
v 46.894402 12.984021 -13.740719
v 50.206135 9.350601 -25.112703
v 50.205120 9.721405 -25.754951
v 50.206135 8.608994 -25.112703
v 50.205120 8.238190 -25.754951
v 50.204113 8.608994 -26.397205
v 50.204113 9.350601 -26.397205
v 48.621494 9.350601 -26.394716
v 48.622501 9.721405 -25.752464
v 48.621494 8.608994 -26.394716
v 48.622501 8.238190 -25.752464
v 48.623512 8.608994 -25.110212
v 48.623512 9.350601 -25.110212
v 49.426235 9.334599 -25.785276
v 49.053741 9.145154 -25.872738
v 48.960991 8.766266 -25.699156
v 49.240723 8.576821 -25.438110
v 49.613224 8.766266 -25.350639
v 49.705978 9.145154 -25.524223
v 50.200237 9.219953 -25.339212
v 50.199585 9.460114 -25.755173
v 50.200237 8.739642 -25.339212
v 50.199585 8.499486 -25.755173
v 50.198933 8.739642 -26.171143
v 50.198933 9.219953 -26.171143
v 52.312103 9.460114 -25.760422
v 52.311447 9.219953 -26.176388
v 52.311447 8.739642 -26.176388
v 52.312103 8.499486 -25.760422
v 52.312756 8.739642 -25.344461
v 52.312756 9.219953 -25.344461
v 65.550850 10.812699 -18.808846
v 65.894508 10.572544 -19.052444
v 65.894508 10.092228 -19.052444
v 65.550850 9.852071 -18.808846
v 65.207191 10.092228 -18.565250
v 65.207191 10.572544 -18.565250
v 65.429985 10.812699 -16.367037
v 65.854851 10.572544 -16.367037
v 65.854851 10.092228 -16.367037
v 65.429985 9.852071 -16.367037
v 65.005119 10.092228 -16.367037
v 65.005119 10.572544 -16.367037
v 61.933617 8.637758 -9.893007
v 61.508751 8.397597 -9.893006
v 62.358482 7.917286 -9.893007
v 61.933617 7.677130 -9.893007
v 62.358482 8.397597 -9.893007
v 61.508751 7.917286 -9.893006
v 65.977020 11.088435 -18.107607
v 65.103165 11.088435 -18.106415
v 66.413956 10.331646 -18.107607
v 65.977020 9.574866 -18.106415
v 65.103157 9.574857 -18.105225
v 64.666229 10.331646 -18.105225
v 64.668770 10.333115 -16.240374
v 65.105698 11.089905 -16.241564
v 65.105698 9.576326 -16.240374
v 65.979561 9.576331 -16.241564
v 66.416496 10.333115 -16.242760
v 65.979561 11.089905 -16.242760
v 65.550850 10.812699 -18.025652
v 65.894508 10.572544 -18.025652
v 65.894508 10.092228 -18.025652
v 65.550850 9.852071 -18.025652
v 65.207191 10.092228 -18.025652
v 65.207191 10.572544 -18.025652
v 50.429806 15.995294 -4.957738
v 50.429806 13.590351 -28.641806
v 49.004719 15.172514 -4.957738
v 48.827057 12.664998 -28.641806
v 49.004719 13.526953 -4.957738
v 48.827057 10.814295 -28.641806
v 50.429806 12.704173 -4.957738
v 50.429806 9.888939 -28.641806
v 51.854908 13.526953 -4.957738
v 52.032566 10.814295 -28.641806
v 51.854908 15.172514 -4.957738
v 52.032566 12.664998 -28.641806
v 48.827057 12.940520 -26.618521
v 48.827057 11.089815 -26.618521
v 50.429806 10.164462 -26.618521
v 52.032566 11.089815 -26.618521
v 52.032566 12.940520 -26.618521
v 50.429806 13.865874 -26.618521
v 51.276234 12.688186 -25.264791
v 51.276234 11.710827 -25.264791
v 50.429813 11.222143 -25.264791
v 49.583397 11.710827 -25.264791
v 49.583397 12.688186 -25.264791
v 50.429813 13.176866 -25.264791
v 49.583397 14.835091 -7.919154
v 49.583397 13.857729 -7.919154
v 50.429813 13.369047 -7.919154
v 51.276234 13.857729 -7.919154
v 51.276234 14.835091 -7.919154
v 50.429813 15.323774 -7.919154
v 49.004719 15.172514 -7.117917
v 49.004719 13.526958 -7.117917
v 50.429806 12.704178 -7.117917
v 51.854908 13.526958 -7.117917
v 51.854908 15.172514 -7.117917
v 50.429806 15.995294 -7.117917
v 61.933617 7.677130 -1.480690
v 62.358482 7.917286 -1.480690
v 61.508751 8.397597 -1.480690
v 61.933617 8.637758 -1.480690
v 62.358482 8.397597 -1.480690
v 61.508751 7.917286 -1.480690
v 50.434074 17.722847 -28.641806
v 50.434074 17.722847 -30.608772
v 48.173565 17.273201 -28.641806
v 48.173565 17.273201 -30.608772
v 46.257195 15.992723 -28.641806
v 46.257195 15.992723 -30.608772
v 44.976715 14.076357 -28.641806
v 44.976715 14.076357 -30.608772
v 44.527073 11.815845 -28.641806
v 44.527073 11.815845 -30.608772
v 44.976715 9.555330 -28.641806
v 44.976715 9.555330 -30.608772
v 46.257195 7.638962 -28.641806
v 46.257195 7.638962 -30.608772
v 48.173565 6.358489 -28.641806
v 48.173565 6.358489 -30.608772
v 50.434074 5.908844 -28.641806
v 50.434074 5.908844 -30.608772
v 52.694584 6.358489 -28.641806
v 52.694584 6.358489 -30.608772
v 54.610958 7.638962 -28.641806
v 54.610958 7.638962 -30.608772
v 55.891434 9.555330 -28.641806
v 55.891434 9.555330 -30.608772
v 56.341076 11.815845 -28.641806
v 56.341076 11.815845 -30.608772
v 55.891434 14.076357 -28.641806
v 55.891434 14.076357 -30.608772
v 54.610958 15.992723 -28.641806
v 54.610958 15.992723 -30.608772
v 52.694584 17.273201 -28.641806
v 52.694584 17.273201 -30.608772
v 50.434074 11.815845 -28.641813
v 50.434074 11.815845 -30.608772
v 49.849472 7.944050 -28.644857
v 48.975624 7.945243 -28.644859
v 50.286411 7.944050 -27.888067
v 49.849476 7.945243 -27.131289
v 48.975616 7.946432 -27.131283
v 48.538685 7.946432 -27.888073
v 48.541229 9.811283 -27.889540
v 48.978161 9.810094 -28.646326
v 48.978157 9.811283 -27.132750
v 49.852020 9.810094 -27.132757
v 50.288948 9.808895 -27.889536
v 49.852016 9.808895 -28.646324
v 47.077534 11.551802 12.573688
v 46.818886 11.551802 10.498055
v 47.077534 14.690625 12.613019
v 46.818886 16.910576 11.213231
v 46.968346 11.551802 10.586364
v 47.239449 11.551802 12.545638
v 46.968346 17.066162 11.301539
v 47.239449 14.839785 12.613019
v 48.904850 11.551802 12.315198
v 48.639629 11.551802 10.398437
v 48.904850 16.354650 12.636994
v 48.639629 18.792717 11.284547
v 48.744316 11.551802 10.237654
v 49.050873 11.551802 12.281289
v 48.744316 18.901785 11.123764
v 49.050873 16.489933 12.636994
v 48.741650 12.984021 10.523738
v 48.845379 13.420952 11.273376
v 48.034306 12.590832 12.156904
v 49.520920 9.359586 24.191906
v 47.654552 12.401389 12.110107
v 49.148434 9.170142 24.191906
v 47.627579 12.022499 11.915154
v 49.055683 8.791258 24.191906
v 47.980358 11.833055 11.767002
v 49.335415 8.601813 24.191906
v 48.360107 12.022499 11.813795
v 49.707912 8.791258 24.191906
v 48.387081 12.401389 12.008748
v 49.800671 9.170142 24.191906
v 48.741650 12.110159 10.523738
v 48.845379 11.673229 11.273376
v 48.949108 12.110159 12.023024
v 48.949108 12.984021 12.023024
v 47.101856 12.984021 12.278627
v 46.998123 13.420952 11.528977
v 47.101856 12.110159 12.278627
v 46.998123 11.673229 11.528977
v 46.894402 12.110159 10.779341
v 46.894402 12.984021 10.779341
v 50.206135 9.350601 22.151323
v 50.205120 9.721405 22.793573
v 50.206135 8.608994 22.151323
v 50.205120 8.238190 22.793573
v 50.204113 8.608994 23.435827
v 50.204113 9.350601 23.435827
v 48.621494 9.350601 23.433336
v 48.622501 9.721405 22.791084
v 48.621494 8.608994 23.433336
v 48.622501 8.238190 22.791084
v 48.623512 8.608994 22.148832
v 48.623512 9.350601 22.148832
v 49.426235 9.334599 22.823896
v 49.053741 9.145154 22.911360
v 48.960991 8.766266 22.737778
v 49.240723 8.576821 22.476732
v 49.613224 8.766266 22.389259
v 49.705978 9.145154 22.562845
v 50.200237 9.219953 22.377834
v 50.199585 9.460114 22.793793
v 50.200237 8.739642 22.377834
v 50.199585 8.499486 22.793793
v 50.198933 8.739642 23.209763
v 50.198933 9.219953 23.209763
v 52.312103 9.460114 22.799042
v 52.311447 9.219953 23.215008
v 52.311447 8.739642 23.215008
v 52.312103 8.499486 22.799042
v 52.312756 8.739642 22.383081
v 52.312756 9.219953 22.383081
v 65.550850 10.812699 15.847466
v 65.894508 10.572544 16.091064
v 65.894508 10.092228 16.091064
v 65.550850 9.852071 15.847466
v 65.207191 10.092228 15.603871
v 65.207191 10.572544 15.603871
v 65.429985 10.812699 13.405658
v 65.854851 10.572544 13.405658
v 65.854851 10.092228 13.405658
v 65.429985 9.852071 13.405658
v 65.005119 10.092228 13.405658
v 65.005119 10.572544 13.405658
v 61.933617 8.637758 6.931626
v 61.508751 8.397597 6.931626
v 62.358482 7.917286 6.931626
v 61.933617 7.677130 6.931626
v 62.358482 8.397597 6.931626
v 61.508751 7.917286 6.931626
v 65.977020 11.088435 15.146227
v 65.103165 11.088435 15.145036
v 66.413956 10.331646 15.146227
v 65.977020 9.574866 15.145036
v 65.103157 9.574857 15.143846
v 64.666229 10.331646 15.143846
v 64.668770 10.333115 13.278996
v 65.105698 11.089905 13.280186
v 65.105698 9.576326 13.278996
v 65.979561 9.576331 13.280186
v 66.416496 10.333115 13.281382
v 65.979561 11.089905 13.281382
v 65.550850 10.812699 15.064274
v 65.894508 10.572544 15.064274
v 65.894508 10.092228 15.064274
v 65.550850 9.852071 15.064274
v 65.207191 10.092228 15.064274
v 65.207191 10.572544 15.064274
v 50.429806 15.995294 1.996359
v 50.429806 13.590351 25.680428
v 49.004719 15.172514 1.996359
v 48.827057 12.664998 25.680428
v 49.004719 13.526953 1.996359
v 48.827057 10.814295 25.680428
v 50.429806 12.704173 1.996359
v 50.429806 9.888939 25.680428
v 51.854908 13.526953 1.996359
v 52.032566 10.814295 25.680428
v 51.854908 15.172514 1.996359
v 52.032566 12.664998 25.680428
v 48.827057 12.940520 23.657143
v 48.827057 11.089815 23.657143
v 50.429806 10.164462 23.657143
v 52.032566 11.089815 23.657143
v 52.032566 12.940520 23.657143
v 50.429806 13.865874 23.657143
v 51.276234 12.688186 22.303411
v 51.276234 11.710827 22.303411
v 50.429813 11.222143 22.303411
v 49.583397 11.710827 22.303411
v 49.583397 12.688186 22.303411
v 50.429813 13.176866 22.303411
v 49.583397 14.835091 4.957774
v 49.583397 13.857729 4.957774
v 50.429813 13.369047 4.957774
v 51.276234 13.857729 4.957774
v 51.276234 14.835091 4.957774
v 50.429813 15.323774 4.957774
v 49.004719 15.172514 4.156537
v 49.004719 13.526958 4.156537
v 50.429806 12.704178 4.156537
v 51.854908 13.526958 4.156537
v 51.854908 15.172514 4.156537
v 50.429806 15.995294 4.156537
v 50.434074 17.722847 25.680428
v 50.434074 17.722847 27.647392
v 48.173565 17.273201 25.680428
v 48.173565 17.273201 27.647392
v 46.257195 15.992723 25.680428
v 46.257195 15.992723 27.647392
v 44.976715 14.076357 25.680428
v 44.976715 14.076357 27.647392
v 44.527073 11.815845 25.680428
v 44.527073 11.815845 27.647392
v 44.976715 9.555330 25.680428
v 44.976715 9.555330 27.647392
v 46.257195 7.638962 25.680428
v 46.257195 7.638962 27.647392
v 48.173565 6.358489 25.680428
v 48.173565 6.358489 27.647392
v 50.434074 5.908844 25.680428
v 50.434074 5.908844 27.647392
v 52.694584 6.358489 25.680428
v 52.694584 6.358489 27.647392
v 54.610958 7.638962 25.680428
v 54.610958 7.638962 27.647392
v 55.891434 9.555330 25.680428
v 55.891434 9.555330 27.647392
v 56.341076 11.815845 25.680428
v 56.341076 11.815845 27.647392
v 55.891434 14.076357 25.680428
v 55.891434 14.076357 27.647392
v 54.610958 15.992723 25.680428
v 54.610958 15.992723 27.647392
v 52.694584 17.273201 25.680428
v 52.694584 17.273201 27.647392
v 50.434074 11.815845 25.680435
v 50.434074 11.815845 27.647392
v 49.849472 7.944050 25.683479
v 48.975624 7.945243 25.683481
v 50.286411 7.944050 24.926689
v 49.849476 7.945243 24.169909
v 48.975616 7.946432 24.169905
v 48.538685 7.946432 24.926693
v 48.541229 9.811283 24.928162
v 48.978161 9.810094 25.684948
v 48.978157 9.811283 24.171371
v 49.852020 9.810094 24.171379
v 50.288948 9.808895 24.928156
v 49.852016 9.808895 25.684946
v -50.023186 10.386399 -19.485144
v -50.023186 6.874623 -19.485144
v -50.023186 10.386399 -23.862114
v -50.023186 6.874623 -23.862114
v -45.646217 7.676695 -19.485144
v -45.646217 6.874623 -19.485144
v -45.646217 6.874623 -23.862114
v -34.844643 10.528796 -23.862114
v -34.844643 8.739794 -23.862114
v -38.253387 10.856395 -25.800589
v -36.958496 8.403314 -25.800589
v -31.423346 10.856395 -25.800589
v -34.621193 8.403314 -25.800589
v -31.423346 10.856395 -22.855324
v -34.621193 8.403314 -22.855324
v -38.253387 10.856395 -22.855324
v -36.958496 8.403314 -22.855324
v -50.305107 15.866865 -19.612352
v -45.055813 15.866865 -19.612352
v -48.950310 15.866870 -24.135405
v -50.305107 15.866865 -22.319090
v -45.055813 15.866865 -22.319090
v -46.410595 15.866870 -24.135405
v -36.151134 9.774341 -22.540113
v -36.151134 9.774341 -26.085104
v -36.475346 9.587158 -22.540113
v -36.475346 9.587158 -26.085104
v -36.475346 9.212790 -22.540113
v -36.475346 9.212790 -26.085104
v -36.151134 9.025602 -22.540113
v -36.151134 9.025602 -26.085104
v -35.826927 9.212790 -22.540113
v -35.826927 9.212790 -26.085104
v -35.826927 9.587158 -22.540113
v -35.826927 9.587158 -26.085104
v -38.253387 12.505785 -25.800589
v -31.423346 12.505785 -25.800589
v -31.423346 12.505785 -22.855324
v -38.253387 12.505785 -22.855324
v -50.353806 10.386399 -19.243944
v -50.250549 6.647265 -19.243944
v -50.300827 10.386399 -24.177847
v -50.250549 6.647265 -24.177847
v -45.412140 7.676695 -19.243944
v -45.418854 6.647265 -19.243944
v -45.418854 6.647265 -24.177847
v -34.844643 10.528796 -24.177847
v -34.844643 8.739794 -24.177847
v -38.253387 10.856395 -25.429766
v -36.958496 8.403314 -25.429766
v -31.423346 11.168698 -25.429766
v -35.061806 8.403314 -25.429766
v -31.423346 11.168698 -23.226151
v -35.061806 8.403314 -23.226151
v -38.253387 10.856395 -23.226151
v -36.958496 8.403314 -23.226151
v -50.305107 15.473065 -19.612352
v -45.055813 15.473065 -19.612352
v -48.950310 15.473070 -24.135405
v -50.305107 15.473065 -22.319090
v -45.055813 15.473065 -22.319090
v -46.410595 15.473070 -24.135405
v -38.253387 12.505785 -25.429766
v -31.423346 12.505785 -25.429766
v -31.423346 12.505785 -23.226151
v -38.253387 12.505785 -23.226151
v -45.412140 7.676695 -23.862114
v -45.412140 7.676695 -24.177847
v -45.646217 7.676695 -23.862114
v -50.023186 10.386399 -19.243944
v -45.646217 7.676695 -19.243944
v -36.645035 10.255433 -23.226151
v -36.645039 10.255433 -25.429766
v -37.138931 9.399981 -23.226151
v -37.138931 9.399981 -25.429766
v -36.645031 8.544523 -23.226151
v -36.645031 8.544523 -25.429766
v -35.657238 8.544523 -23.226151
v -35.657238 8.544523 -25.429766
v -35.163349 9.399971 -23.226151
v -35.163353 9.399971 -25.429766
v -35.657249 10.255428 -23.226151
v -35.657249 10.255428 -25.429766
v -50.023186 10.386399 16.523775
v -50.023186 6.874623 16.523775
v -50.023186 10.386399 20.900745
v -50.023186 6.874623 20.900745
v -45.646217 7.676695 16.523775
v -45.646217 6.874623 16.523775
v -45.646217 6.874623 20.900745
v -34.844643 10.528796 20.900745
v -34.844643 8.739794 20.900745
v -38.253387 10.856395 22.839220
v -36.958496 8.403314 22.839220
v -31.423346 10.856395 22.839220
v -34.621193 8.403314 22.839220
v -31.423346 10.856395 19.893953
v -34.621193 8.403314 19.893953
v -38.253387 10.856395 19.893953
v -36.958496 8.403314 19.893953
v -50.305107 15.866865 16.650982
v -45.055813 15.866865 16.650982
v -48.950310 15.866870 21.174036
v -50.305107 15.866865 19.357719
v -45.055813 15.866865 19.357719
v -46.410595 15.866870 21.174036
v -36.151134 9.774341 19.578745
v -36.151134 9.774341 23.123734
v -36.475346 9.587158 19.578745
v -36.475346 9.587158 23.123734
v -36.475346 9.212790 19.578745
v -36.475346 9.212790 23.123734
v -36.151134 9.025602 19.578745
v -36.151134 9.025602 23.123734
v -35.826927 9.212790 19.578745
v -35.826927 9.212790 23.123734
v -35.826927 9.587158 19.578745
v -35.826927 9.587158 23.123734
v -38.253387 12.505785 22.839220
v -31.423346 12.505785 22.839220
v -31.423346 12.505785 19.893953
v -38.253387 12.505785 19.893953
v -50.353806 10.386399 16.282574
v -50.250549 6.647265 16.282574
v -50.300827 10.386399 21.216478
v -50.250549 6.647265 21.216478
v -45.412140 7.676695 16.282574
v -45.418854 6.647265 16.282574
v -45.418854 6.647265 21.216478
v -34.844643 10.528796 21.216478
v -34.844643 8.739794 21.216478
v -38.253387 10.856395 22.468397
v -36.958496 8.403314 22.468397
v -31.423346 11.168698 22.468397
v -35.061806 8.403314 22.468397
v -31.423346 11.168698 20.264782
v -35.061806 8.403314 20.264782
v -38.253387 10.856395 20.264782
v -36.958496 8.403314 20.264782
v -50.305107 15.473065 16.650982
v -45.055813 15.473065 16.650982
v -48.950310 15.473070 21.174036
v -50.305107 15.473065 19.357719
v -45.055813 15.473065 19.357719
v -46.410595 15.473070 21.174036
v -38.253387 12.505785 22.468397
v -31.423346 12.505785 22.468397
v -31.423346 12.505785 20.264782
v -38.253387 12.505785 20.264782
v -45.412140 7.676695 20.900745
v -45.412140 7.676695 21.216478
v -45.646217 7.676695 20.900745
v -50.023186 10.386399 16.282574
v -45.646217 7.676695 16.282574
v -36.645035 10.255433 20.264782
v -36.645039 10.255433 22.468397
v -37.138931 9.399981 20.264782
v -37.138931 9.399981 22.468397
v -36.645031 8.544523 20.264782
v -36.645031 8.544523 22.468397
v -35.657238 8.544523 20.264782
v -35.657238 8.544523 22.468397
v -35.163349 9.399971 20.264782
v -35.163353 9.399971 22.468397
v -35.657249 10.255428 20.264782
v -35.657249 10.255428 22.468397
v -47.779572 6.874623 -19.536757
v -47.779572 15.473065 -19.536757
v -49.648792 6.874623 -20.615959
v -49.648792 15.473065 -20.615959
v -49.648792 6.874623 -22.774366
v -49.648792 15.473065 -22.774366
v -47.779572 6.874623 -23.853569
v -47.779572 15.473065 -23.853569
v -45.910355 6.874623 -22.774366
v -45.910355 15.473065 -22.774366
v -45.910355 6.874623 -20.615959
v -45.910355 15.473065 -20.615959
v -47.779572 6.874623 16.575388
v -47.779572 15.473065 16.575388
v -49.648792 6.874623 17.654591
v -49.648792 15.473065 17.654591
v -49.648792 6.874623 19.812996
v -49.648792 15.473065 19.812996
v -47.779572 6.874623 20.892199
v -47.779572 15.473065 20.892199
v -45.910355 6.874623 19.812996
v -45.910355 15.473065 19.812996
v -45.910355 6.874623 17.654591
v -45.910355 15.473065 17.654591
v -51.192348 17.722847 -28.641802
v -51.192348 17.722847 -30.608767
v -53.452862 17.273201 -28.641802
v -53.452862 17.273201 -30.608767
v -55.369228 15.992723 -28.641802
v -55.369228 15.992723 -30.608767
v -56.649712 14.076357 -28.641802
v -56.649712 14.076357 -30.608767
v -57.099346 11.815845 -28.641802
v -57.099346 11.815845 -30.608767
v -56.649712 9.555330 -28.641802
v -56.649712 9.555330 -30.608767
v -55.369228 7.638962 -28.641802
v -55.369228 7.638962 -30.608767
v -53.452862 6.358489 -28.641802
v -53.452862 6.358489 -30.608767
v -51.192348 5.908844 -28.641802
v -51.192348 5.908844 -30.608767
v -48.931843 6.358489 -28.641802
v -48.931843 6.358489 -30.608767
v -47.015465 7.638962 -28.641802
v -47.015465 7.638962 -30.608767
v -45.734993 9.555330 -28.641802
v -45.734993 9.555330 -30.608767
v -45.285343 11.815845 -28.641802
v -45.285343 11.815845 -30.608767
v -45.734993 14.076357 -28.641802
v -45.734993 14.076357 -30.608767
v -47.015465 15.992723 -28.641802
v -47.015465 15.992723 -30.608767
v -48.931843 17.273201 -28.641802
v -48.931843 17.273201 -30.608767
v -51.192348 11.815845 -28.641809
v -51.192348 11.815845 -30.608767
v -51.192348 17.722847 25.680431
v -51.192348 17.722847 27.647398
v -53.452862 17.273201 25.680431
v -53.452862 17.273201 27.647398
v -55.369228 15.992723 25.680431
v -55.369228 15.992723 27.647398
v -56.649712 14.076357 25.680431
v -56.649712 14.076357 27.647398
v -57.099346 11.815845 25.680431
v -57.099346 11.815845 27.647398
v -56.649712 9.555330 25.680431
v -56.649712 9.555330 27.647398
v -55.369228 7.638962 25.680431
v -55.369228 7.638962 27.647398
v -53.452862 6.358489 25.680431
v -53.452862 6.358489 27.647398
v -51.192348 5.908844 25.680431
v -51.192348 5.908844 27.647398
v -48.931843 6.358489 25.680431
v -48.931843 6.358489 27.647398
v -47.015465 7.638962 25.680431
v -47.015465 7.638962 27.647398
v -45.734993 9.555330 25.680431
v -45.734993 9.555330 27.647398
v -45.285343 11.815845 25.680431
v -45.285343 11.815845 27.647398
v -45.734993 14.076357 25.680431
v -45.734993 14.076357 27.647398
v -47.015465 15.992723 25.680431
v -47.015465 15.992723 27.647398
v -48.931843 17.273201 25.680431
v -48.931843 17.273201 27.647398
v -51.192348 11.815845 25.680439
v -51.192348 11.815845 27.647398
v 36.122211 4.952480 -33.262615
v 37.464989 4.952480 -22.584492
v 37.228062 17.095720 -33.262615
v 38.512650 17.078190 -22.584492
v 37.704922 18.124563 -33.262615
v 36.378231 4.952480 -33.262615
v 37.721008 4.952480 -22.584492
v 38.882668 18.124563 -22.584492
v 36.091877 10.793625 -33.262615
v 37.465607 10.793625 -22.584492
v 36.454121 10.793625 -33.262615
v 37.721008 10.793625 -22.584492
v -65.273445 4.952480 -31.671604
v -67.128532 4.952480 -23.231743
v -64.167595 16.827179 -32.817902
v -64.844940 17.095720 -23.231743
v -63.690739 17.473412 -32.817902
v -65.017433 4.952480 -31.671604
v -66.872513 4.952480 -23.231743
v -64.368080 18.000790 -23.231743
v -65.303787 10.793625 -31.671604
v -66.292549 10.793625 -23.231743
v -64.941544 10.793625 -31.671604
v -65.930305 10.793625 -23.231743
v 36.366772 4.952480 29.113451
v 37.709549 4.952480 18.435329
v 37.472626 17.095720 29.113451
v 38.757210 17.078190 18.435329
v 37.949486 18.124563 29.113451
v 36.622791 4.952480 29.113451
v 37.965569 4.952480 18.435329
v 39.127224 18.124563 18.435329
v 36.336441 10.793625 29.113451
v 37.710163 10.793625 18.435329
v 36.698685 10.793625 29.113451
v 37.965569 10.793625 18.435329
v -65.273445 4.952480 28.710236
v -67.128532 4.952480 20.270372
v -64.167595 16.827179 29.856531
v -64.844940 17.095720 20.270372
v -63.690739 17.473412 29.856531
v -65.017433 4.952480 28.710236
v -66.872513 4.952480 20.270372
v -64.368080 18.000790 20.270372
v -65.303787 10.793625 28.710236
v -66.292549 10.793625 20.270372
v -64.941544 10.793625 28.710236
v -65.930305 10.793625 20.270372
v 54.066269 7.181416 -31.201544
v 54.246372 6.951962 -32.211781
v 54.841560 6.193691 -32.191605
v 54.856743 6.174345 -32.517906
v 53.092628 6.561032 -31.201544
v 53.224506 6.300856 -32.211781
v 53.660320 5.441041 -32.191605
v 53.671440 5.419101 -32.517906
v 52.016666 6.142525 -31.201544
v 52.095249 5.861617 -32.211781
v 52.354950 4.933297 -32.191605
v 52.361580 4.909613 -32.517906
v 54.945805 6.060878 -32.517910
v 53.736660 5.290439 -32.517910
v 52.400440 4.770701 -32.517910
v 54.945805 6.060878 -32.418736
v 53.736660 5.290439 -32.418736
v 52.400440 4.770701 -32.418736
v 54.991600 6.002565 -27.367445
v 52.440762 4.705002 -27.367445
v 54.264606 6.928735 -27.729191
v 52.103203 5.833179 -27.729191
v 52.542927 9.122166 -32.191608
v 53.935978 7.347404 -31.715759
v 52.893929 6.704204 -31.704885
v 51.980751 6.270989 -31.607536
v 50.430038 11.814004 -32.604092
v 53.560925 7.825226 -32.110157
v 52.527874 7.417706 -32.149830
v 52.775681 8.825631 -32.203484
v 52.372192 6.790298 -31.801718
v 51.886887 6.606773 -31.783504
v 52.363438 7.661077 -32.212334
v 52.536732 8.047872 -32.273666
v 52.360279 7.865578 -32.253944
v 52.953724 7.401778 -32.109745
v 52.670906 7.342004 -32.125908
v 53.078850 8.439394 -32.264450
v 52.072029 8.328112 -32.191608
v 51.905464 7.976919 -32.148270
v 51.977177 8.761683 -32.191608
v 52.033566 6.120992 -31.260115
v 53.109531 6.539499 -31.260115
v 54.083176 7.159880 -31.260115
v 50.430042 11.813995 -32.367813
v 53.503117 7.898874 -31.878017
v 51.694485 7.286659 -31.802040
v 52.527950 7.481943 -31.922449
v 52.375931 7.716602 -31.962599
v 52.543304 8.056124 -32.028404
v 52.378902 7.899421 -32.008049
v 52.910690 7.479655 -31.876070
v 52.658451 7.410615 -31.886454
v 53.078850 8.439394 -32.028172
v 51.999828 6.134737 -31.128004
v 53.083538 6.555758 -31.126940
v 54.066269 7.181416 -31.125956
v 51.351967 8.518500 -32.191608
v 51.749905 7.090292 -31.981859
v 52.164814 7.263976 -31.999748
v 52.058884 7.535815 -32.076717
v 54.900173 7.979820 -31.201544
v 55.121578 7.789915 -32.211781
v 55.853260 7.162331 -32.191605
v 55.871929 7.146317 -32.517906
v 55.562290 8.925571 -31.201544
v 55.816490 8.782513 -32.211781
v 56.656548 8.309727 -32.191605
v 56.677982 8.297666 -32.517906
v 55.981419 7.052402 -32.517910
v 56.803684 8.226917 -32.517910
v 55.981419 7.052402 -32.418736
v 56.803684 8.226917 -32.418736
v 56.857929 8.172144 -27.367445
v 55.842228 8.768027 -27.729191
v 54.808300 8.206840 -31.704885
v 55.446033 8.990975 -31.607536
v 54.202175 8.731902 -32.149830
v 54.848606 8.734097 -31.801718
v 55.142159 9.161914 -31.783504
v 54.004833 8.949448 -32.212334
v 53.587940 8.872993 -32.273666
v 53.806934 9.001091 -32.253944
v 54.116489 8.314463 -32.109745
v 54.241734 8.574983 -32.125908
v 53.426109 9.390964 -32.191608
v 53.806816 9.469336 -32.148270
v 53.027477 9.586092 -32.191608
v 55.579189 8.904039 -31.260115
v 54.917076 7.958287 -31.260115
v 54.527435 9.510312 -31.802040
v 54.139759 8.747090 -31.922449
v 53.947926 8.950502 -31.962599
v 53.578365 8.868566 -32.028404
v 53.769634 8.991044 -32.008049
v 54.051064 8.374763 -31.876070
v 54.178043 8.603380 -31.886454
v 55.573853 8.940080 -31.128004
v 54.907455 7.987398 -31.126940
v 53.412216 10.135640 -32.191608
v 54.446938 9.555356 -32.060658
v 54.705021 9.409834 -31.981859
v 54.437748 9.048055 -31.999748
v 54.198849 9.215528 -32.076717
v 56.276978 11.109473 -31.201544
v 56.566574 11.074577 -32.211781
v 57.523609 10.959255 -32.191605
v 57.548031 10.956317 -32.517910
v 56.027184 9.982330 -31.201544
v 56.304409 9.891605 -32.211781
v 57.220558 9.591797 -32.191605
v 57.243938 9.584146 -32.517910
v 57.691242 10.939060 -32.517910
v 57.381027 9.539284 -32.517910
v 57.691242 10.939060 -32.418736
v 57.381027 9.539284 -32.418736
v 56.595890 11.071045 -27.729191
v 53.827496 11.404624 -32.191608
v 56.067471 11.134716 -31.715759
v 55.785450 9.943059 -31.704889
v 55.464397 11.207381 -32.110157
v 55.022083 10.188751 -32.149830
v 54.201756 11.359524 -32.203484
v 55.355637 9.635016 -31.801718
v 54.733715 10.244563 -32.212334
v 54.582752 10.640600 -32.273670
v 54.586880 10.386932 -32.253944
v 55.334469 10.478601 -32.109745
v 55.176754 10.236355 -32.125908
v 54.689240 11.300787 -32.264450
v 54.055996 10.510169 -32.191608
v 54.186550 10.144062 -32.148270
v 53.682343 10.749681 -32.191608
v 56.054363 9.979052 -31.260115
v 56.304161 11.106196 -31.260115
v 55.371449 11.218582 -31.878017
v 54.976711 10.234223 -31.922449
v 54.703289 10.292656 -31.962599
v 54.581566 10.651088 -32.028404
v 54.576115 10.424026 -32.008049
v 55.248970 10.503240 -31.876070
v 55.119431 10.276068 -31.886454
v 54.689240 11.300787 -32.028172
v 56.024483 9.972170 -31.126940
v 56.276978 11.109473 -31.125957
v 54.874065 9.823323 -31.999748
v 54.606941 9.940632 -32.076717
v 56.302078 12.263689 -31.201544
v 56.592918 12.285964 -32.211781
v 57.554062 12.359567 -32.191605
v 57.578590 12.361446 -32.517910
v 56.101517 13.400622 -31.201544
v 56.382427 13.479208 -32.211781
v 57.310745 13.738910 -32.191605
v 57.334431 13.745539 -32.517910
v 57.722416 12.372459 -32.517910
v 57.473347 13.784399 -32.517910
v 57.722416 12.372459 -32.418736
v 57.473347 13.784399 -32.418736
v 57.759697 10.888266 -27.367447
v 57.550423 13.784028 -27.367447
v 56.410862 13.487164 -27.729191
v 56.076588 12.359257 -31.704889
v 55.973064 13.364667 -31.607536
v 55.276718 12.301935 -32.149830
v 55.732254 12.760582 -31.801718
v 55.637321 13.270663 -31.783506
v 54.983341 12.316217 -32.212334
v 54.742622 11.967372 -32.273670
v 54.806892 12.212801 -32.253944
v 55.511299 11.946170 -32.109745
v 55.415646 12.218948 -32.125908
v 54.261929 12.219200 -32.191608
v 54.475712 12.543815 -32.148270
v 53.842079 12.075298 -32.191608
v 56.128696 13.397350 -31.260115
v 56.329254 12.260415 -31.260115
v 54.956291 13.082347 -31.802040
v 55.221840 12.268537 -31.922449
v 54.942360 12.276728 -31.962601
v 54.738976 11.957469 -32.028404
v 54.787624 12.179322 -32.008049
v 55.422401 11.942543 -31.876070
v 55.350529 12.193991 -31.886454
v 56.099438 13.419065 -31.128004
v 56.301865 12.274200 -31.126940
v 53.725540 12.735938 -32.191608
v 54.867516 13.057281 -32.060658
v 55.152912 13.136868 -31.981859
v 55.219742 12.692059 -31.999750
v 54.932388 12.641559 -32.076717
v 55.062626 15.450233 -31.201546
v 55.292076 15.630337 -32.211781
v 56.050346 16.225519 -32.191605
v 56.069698 16.240709 -32.517910
v 55.683002 14.476591 -31.201546
v 55.943184 14.608470 -32.211781
v 56.803001 15.044288 -32.191605
v 56.824936 15.055408 -32.517910
v 56.183163 16.329771 -32.517910
v 56.953602 15.120626 -32.517910
v 56.183163 16.329771 -32.418736
v 56.953602 15.120626 -32.418736
v 56.241508 16.375584 -27.367447
v 55.315308 15.648568 -27.729191
v 53.121876 13.926892 -32.191608
v 54.896629 15.319942 -31.715761
v 55.539837 14.277898 -31.704889
v 54.418808 14.944889 -32.110157
v 54.826336 13.911842 -32.149830
v 53.418411 14.159649 -32.203484
v 55.453735 13.756153 -31.801718
v 54.582954 13.747402 -32.212334
v 54.196171 13.920698 -32.273670
v 54.378460 13.744246 -32.253944
v 54.842258 14.337687 -32.109745
v 54.902035 14.054873 -32.125908
v 53.804646 14.462814 -32.264450
v 53.915928 13.455994 -32.191608
v 54.267120 13.289432 -32.148270
v 53.482357 13.361142 -32.191608
v 55.704536 14.493495 -31.260115
v 55.084160 15.467138 -31.260115
v 54.345165 14.887084 -31.878017
v 54.762096 13.911918 -31.922449
v 54.527435 13.759896 -31.962601
v 54.187916 13.927273 -32.028404
v 54.344616 13.762863 -32.008049
v 54.764389 14.294655 -31.876070
v 54.833424 14.042418 -31.886454
v 53.804646 14.462814 -32.028172
v 55.688274 14.467500 -31.126940
v 55.062626 15.450233 -31.125957
v 54.980064 13.548781 -31.999750
v 54.708221 13.442849 -32.076717
v 54.264217 16.284134 -31.201546
v 54.454124 16.505545 -32.211781
v 55.081711 17.237221 -32.191605
v 55.097721 17.255894 -32.517910
v 53.318470 16.946257 -31.201546
v 53.461529 17.200455 -32.211781
v 53.934311 18.040512 -32.191605
v 53.946377 18.061947 -32.517910
v 55.191635 17.365381 -32.517910
v 54.017124 18.187653 -32.517910
v 55.191635 17.365381 -32.418736
v 54.017124 18.187653 -32.418736
v 54.071892 18.241892 -27.367447
v 53.476017 17.226189 -27.729191
v 54.037197 16.192268 -31.704889
v 53.253063 16.830000 -31.607536
v 53.512138 15.586139 -32.149830
v 53.509937 16.232569 -31.801722
v 53.082127 16.526123 -31.783506
v 53.294590 15.388790 -32.212334
v 53.371048 14.971909 -32.273670
v 53.242950 15.190898 -32.253944
v 53.929577 15.500455 -32.109745
v 53.669056 15.625699 -32.125912
v 52.853073 14.810076 -32.191608
v 52.774704 15.190781 -32.148270
v 52.657948 14.411446 -32.191608
v 53.340004 16.963158 -31.260115
v 54.285755 16.301039 -31.260115
v 52.733727 15.911402 -31.802040
v 53.496948 15.523724 -31.922449
v 53.293537 15.331891 -31.962601
v 53.375473 14.962329 -32.028408
v 53.252995 15.153603 -32.008053
v 53.869274 15.435031 -31.876070
v 53.640659 15.562009 -31.886454
v 53.303959 16.957821 -31.128008
v 54.256638 16.291420 -31.126940
v 52.108402 14.796181 -32.191608
v 52.688683 15.830906 -32.060658
v 52.834206 16.088984 -31.981861
v 53.195988 15.821712 -31.999750
v 53.028511 15.582817 -32.076717
v 51.134567 17.660944 -31.201546
v 51.169460 17.950537 -32.211781
v 51.284782 18.907574 -32.191608
v 51.287724 18.931995 -32.517910
v 52.261711 17.411148 -31.201546
v 52.352432 17.688374 -32.211781
v 52.652245 18.604521 -32.191605
v 52.659897 18.627899 -32.517910
v 51.304981 19.075209 -32.517910
v 52.704758 18.764994 -32.517910
v 51.304981 19.075209 -32.418736
v 52.704758 18.764994 -32.418736
v 51.172997 17.979856 -27.729191
v 50.839417 15.211459 -32.191608
v 51.109325 17.451437 -31.715761
v 52.300976 17.169415 -31.704889
v 51.036655 16.848362 -32.110157
v 52.055286 16.406048 -32.149830
v 50.884514 15.585718 -32.203484
v 52.609024 16.739603 -31.801722
v 51.999477 16.117682 -32.212334
v 51.603436 15.966717 -32.273670
v 51.857105 15.970847 -32.253944
v 51.765434 16.718431 -32.109745
v 52.007683 16.560713 -32.125912
v 50.943249 16.073206 -32.264450
v 51.733871 15.439962 -32.191608
v 52.099979 15.570516 -32.148270
v 51.494358 15.066312 -32.191608
v 52.264984 17.438324 -31.260115
v 51.137844 17.688122 -31.260117
v 51.025455 16.755409 -31.878017
v 52.009819 16.360678 -31.922449
v 51.951385 16.087254 -31.962601
v 51.592949 15.965531 -32.028408
v 51.820015 15.960083 -32.008053
v 51.740795 16.632936 -31.876072
v 51.967972 16.503395 -31.886454
v 50.943249 16.073206 -32.028172
v 52.271866 17.408447 -31.126942
v 51.134567 17.660944 -31.125957
v 52.420715 16.258028 -31.999750
v 52.303406 15.990905 -32.076717
v 49.980350 17.686043 -31.201546
v 49.958076 17.976883 -32.211781
v 49.884472 18.938026 -32.191608
v 49.882591 18.962553 -32.517910
v 48.843410 17.485481 -31.201546
v 48.764828 17.766388 -32.211781
v 48.505123 18.694704 -32.191608
v 48.498501 18.718393 -32.517910
v 49.871578 19.106380 -32.517910
v 48.459637 18.857306 -32.517910
v 49.871578 19.106380 -32.418736
v 48.459637 18.857306 -32.418736
v 51.355808 19.143682 -27.367447
v 48.460011 18.934387 -27.367447
v 48.756874 17.794827 -27.729191
v 49.884785 17.460552 -31.704889
v 48.879372 17.357029 -31.607536
v 49.942104 16.660681 -32.149830
v 49.483456 17.116219 -31.801722
v 48.973373 17.021288 -31.783506
v 49.927822 16.367306 -32.212334
v 50.276669 16.126587 -32.273670
v 50.031239 16.190855 -32.253944
v 50.297871 16.895267 -32.109745
v 50.025093 16.799608 -32.125912
v 50.024837 15.645894 -32.191608
v 49.700226 15.859675 -32.148270
v 50.168739 15.226041 -32.191608
v 48.846687 17.512661 -31.260117
v 49.983627 17.713221 -31.260117
v 49.161694 16.340258 -31.802040
v 49.975506 16.605806 -31.922451
v 49.967312 16.326324 -31.962601
v 50.286568 16.122944 -32.028408
v 50.064713 16.171587 -32.008053
v 50.301495 16.806364 -31.876072
v 50.050049 16.734495 -31.886454
v 48.824978 17.483400 -31.128008
v 49.969837 17.685833 -31.126942
v 49.508102 15.109503 -32.191608
v 49.186760 16.251484 -32.060658
v 49.107170 16.536875 -31.981861
v 49.551979 16.603701 -31.999750
v 49.602482 16.316353 -32.076721
v 46.793804 16.446590 -31.201546
v 46.613701 16.676041 -32.211781
v 46.018520 17.434311 -32.191608
v 46.003334 17.453659 -32.517910
v 47.767445 17.066971 -31.201546
v 47.635571 17.327148 -32.211781
v 47.199753 18.186964 -32.191608
v 47.188633 18.208904 -32.517910
v 45.914268 17.567127 -32.517910
v 47.123413 18.337563 -32.517910
v 45.914268 17.567127 -32.418736
v 47.123413 18.337563 -32.418736
v 46.595474 16.699268 -27.729191
v 48.317150 14.505839 -32.191608
v 46.924099 16.280596 -31.715761
v 47.966145 16.923801 -31.704889
v 47.299149 15.802776 -32.110157
v 48.332195 16.210299 -32.149830
v 48.084393 14.802372 -32.203484
v 48.487885 16.837704 -31.801722
v 48.496643 15.966926 -32.212334
v 48.323341 15.580134 -32.273670
v 48.499790 15.762427 -32.253944
v 47.906349 16.226227 -32.109745
v 48.189167 16.285999 -32.125912
v 47.781223 15.188612 -32.264450
v 48.788044 15.299893 -32.191608
v 48.954609 15.651084 -32.148270
v 48.882896 14.866321 -32.191608
v 47.750542 17.088505 -31.260117
v 46.776901 16.468124 -31.260117
v 47.356956 15.729132 -31.878017
v 48.332123 16.146061 -31.922451
v 48.484146 15.911399 -31.962601
v 48.316769 15.571881 -32.028408
v 48.481174 15.728585 -32.008053
v 47.949383 16.148350 -31.876072
v 48.201622 16.217388 -31.886454
v 47.781223 15.188612 -32.028172
v 47.776539 17.072247 -31.126942
v 46.793804 16.446590 -31.125957
v 48.695259 16.364029 -31.999750
v 48.801189 16.092188 -32.076721
v 45.959900 15.648183 -31.201546
v 45.738495 15.838090 -32.211781
v 45.006817 16.465673 -32.191608
v 44.988144 16.481688 -32.517910
v 45.297783 14.702435 -31.201546
v 45.043583 14.845493 -32.211781
v 44.203526 15.318274 -32.191608
v 44.182091 15.330339 -32.517910
v 44.878662 16.575602 -32.517910
v 44.056389 15.401090 -32.517910
v 44.878662 16.575602 -32.418736
v 44.056389 15.401090 -32.418736
v 45.901810 17.651489 -27.367447
v 44.002148 15.455858 -27.367447
v 45.017849 14.859978 -27.729191
v 46.051773 15.421165 -31.704889
v 45.414043 14.637029 -31.607536
v 46.657902 14.896102 -32.149830
v 46.011475 14.893905 -31.801722
v 45.717915 14.466091 -31.783506
v 46.855247 14.678554 -32.212334
v 47.272133 14.755013 -32.273670
v 47.053143 14.626914 -32.253944
v 46.743584 15.313543 -32.109745
v 46.618340 15.053019 -32.125912
v 47.433964 14.237041 -32.191608
v 47.053257 14.158668 -32.148270
v 47.832596 14.041914 -32.191608
v 45.280880 14.723968 -31.260117
v 45.943001 15.669719 -31.260117
v 46.332642 14.117692 -31.802040
v 46.720318 14.880913 -31.922451
v 46.912151 14.677505 -31.962601
v 47.281712 14.759439 -32.028408
v 47.090439 14.636961 -32.008053
v 46.809010 15.253242 -31.876072
v 46.682030 15.024625 -31.886454
v 45.286221 14.687926 -31.128008
v 45.952618 15.640606 -31.126942
v 47.447857 13.492366 -32.191608
v 46.413136 14.072649 -32.060658
v 46.155052 14.218170 -31.981861
v 46.422329 14.579951 -31.999750
v 46.661224 14.412474 -32.076721
v 44.583099 12.518533 -31.201546
v 44.293503 12.553427 -32.211781
v 43.336464 12.668746 -32.191608
v 43.312046 12.671687 -32.517910
v 44.832890 13.645673 -31.201546
v 44.555668 13.736399 -32.211781
v 43.639515 14.036208 -32.191608
v 43.616138 14.043859 -32.517910
v 43.168831 12.688944 -32.517910
v 43.479046 14.088722 -32.517910
v 43.168831 12.688944 -32.418736
v 43.479046 14.088722 -32.418736
v 43.095211 12.697845 -27.367447
v 44.264183 12.556959 -27.729191
v 47.032581 12.223380 -32.191608
v 44.792603 12.493286 -31.715761
v 45.074627 13.684942 -31.704889
v 45.395676 12.420623 -32.110157
v 45.837990 13.439258 -32.149830
v 46.658318 12.268477 -32.203484
v 45.504436 13.992989 -31.801722
v 46.126362 13.383443 -32.212334
v 46.277325 12.987402 -32.273670
v 46.273193 13.241072 -32.253944
v 45.525612 13.149401 -32.109745
v 45.683327 13.391649 -32.125912
v 46.170837 12.327217 -32.264450
v 46.804077 13.117837 -32.191608
v 46.673523 13.483942 -32.148270
v 47.177731 12.878325 -32.191608
v 44.805714 13.648950 -31.260117
v 44.555916 12.521805 -31.260117
v 45.488628 12.409419 -31.878017
v 45.883362 13.393780 -31.922451
v 46.156784 13.335348 -31.962601
v 46.278507 12.976916 -32.028408
v 46.283958 13.203980 -32.008053
v 45.611107 13.124763 -31.876072
v 45.740646 13.351938 -31.886454
v 46.170837 12.327217 -32.028172
v 44.835590 13.655834 -31.126942
v 44.583099 12.518533 -31.125957
v 45.986012 13.804684 -31.999750
v 46.253136 13.687369 -32.076721
v 44.557999 11.364315 -31.201546
v 44.267155 11.342039 -32.211781
v 43.306011 11.268435 -32.191605
v 43.281487 11.266557 -32.517910
v 44.758560 10.227382 -31.201546
v 44.477650 10.148791 -32.211781
v 43.549335 9.889091 -32.191605
v 43.525646 9.882465 -32.517910
v 43.137661 11.255547 -32.517910
v 43.386734 9.843602 -32.517910
v 43.137661 11.255547 -32.418736
v 43.386734 9.843602 -32.418736
v 43.309654 9.843982 -27.367447
v 44.449215 10.140840 -27.729191
v 44.783485 11.268747 -31.704889
v 44.887009 10.263339 -31.607536
v 45.583363 11.326074 -32.149830
v 45.127819 10.867422 -31.801722
v 45.222755 10.357338 -31.783506
v 45.876736 11.311790 -32.212334
v 46.117451 11.660634 -32.273670
v 46.053185 11.415207 -32.253944
v 45.348774 11.681836 -32.109745
v 45.444435 11.409058 -32.125912
v 46.598145 11.408807 -32.191608
v 46.384365 11.084189 -32.148270
v 47.017998 11.552706 -32.191608
v 44.731377 10.230654 -31.260115
v 44.530819 11.367592 -31.260115
v 45.903782 10.545657 -31.802040
v 45.638233 11.359468 -31.922449
v 45.917717 11.351278 -31.962601
v 46.121094 11.670537 -32.028408
v 46.072449 11.448679 -32.008053
v 45.437672 11.685458 -31.876072
v 45.509544 11.434015 -31.886454
v 44.760639 10.208944 -31.128008
v 44.558208 11.353806 -31.126942
v 47.134533 10.892066 -32.191608
v 45.992554 10.570725 -32.060658
v 45.707165 10.491138 -31.981861
v 45.640339 10.935945 -31.999750
v 45.927685 10.986448 -32.076717
v 45.797447 8.177772 -31.201546
v 45.567997 7.997667 -32.211781
v 44.809727 7.402485 -32.191605
v 44.790379 7.387297 -32.517910
v 45.177071 9.151411 -31.201546
v 44.916889 9.019534 -32.211781
v 44.057079 8.583716 -32.191605
v 44.035137 8.572597 -32.517910
v 44.676914 7.298234 -32.517910
v 43.906471 8.507380 -32.517910
v 44.676914 7.298234 -32.418736
v 43.906471 8.507380 -32.418736
v 44.618584 7.252474 -27.367447
v 45.544773 7.979438 -27.729191
v 47.738201 9.701111 -32.191608
v 45.963444 8.308063 -31.715761
v 45.320236 9.350110 -31.704889
v 46.441265 8.683117 -32.110157
v 46.033737 9.716163 -32.149830
v 47.441666 9.468356 -32.203484
v 45.406338 9.871851 -31.801722
v 46.277119 9.880604 -32.212334
v 46.663906 9.707308 -32.273670
v 46.481613 9.883759 -32.253944
v 46.017815 9.290318 -32.109745
v 45.958042 9.573132 -32.125912
v 47.055428 9.165190 -32.264450
v 46.944145 10.172010 -32.191608
v 46.592953 10.338573 -32.148270
v 47.377716 10.266862 -32.191608
v 45.155537 9.134506 -31.260115
v 45.775913 8.160867 -31.260115
v 46.514908 8.740922 -31.878017
v 46.097977 9.716088 -31.922449
v 46.332642 9.868110 -31.962601
v 46.672157 9.700733 -32.028408
v 46.515453 9.865143 -32.008053
v 46.095688 9.333350 -31.876070
v 46.026649 9.585587 -31.886454
v 47.055428 9.165190 -32.028172
v 45.171799 9.160504 -31.126940
v 45.797447 8.177772 -31.125957
v 45.880009 10.079222 -31.999750
v 46.151852 10.185157 -32.076717
v 46.595860 7.343867 -31.201546
v 46.405949 7.122461 -32.211781
v 45.778366 6.390781 -32.191605
v 45.762352 6.372112 -32.517910
v 47.541603 6.681749 -31.201544
v 47.398544 6.427552 -32.211781
v 46.925758 5.587494 -32.191605
v 46.913700 5.566057 -32.517910
v 45.668434 6.262624 -32.517910
v 46.842953 5.440354 -32.517910
v 45.668434 6.262624 -32.418736
v 46.842953 5.440354 -32.418736
v 46.788181 5.386112 -27.367447
v 47.384060 6.401818 -27.729191
v 46.822872 7.435739 -31.704889
v 47.607014 6.798005 -31.607536
v 47.347935 8.041866 -32.149830
v 47.350136 7.395437 -31.801718
v 47.777946 7.101882 -31.783506
v 47.565479 8.239215 -32.212334
v 47.489025 8.656097 -32.273670
v 47.617126 8.437107 -32.253944
v 46.930500 8.127549 -32.109745
v 47.191017 8.002306 -32.125908
v 48.007000 8.817929 -32.191608
v 48.085369 8.437224 -32.148270
v 48.202126 9.216560 -32.191608
v 47.520073 6.664847 -31.260115
v 46.574322 7.326963 -31.260115
v 48.126347 7.716604 -31.802040
v 47.363125 8.104281 -31.922449
v 47.566532 8.296116 -31.962601
v 47.484600 8.665675 -32.028404
v 47.607079 8.474403 -32.008049
v 46.990799 8.192975 -31.876070
v 47.219414 8.065995 -31.886454
v 47.556114 6.670185 -31.128004
v 46.603436 7.336585 -31.126940
v 48.751675 8.831824 -32.191608
v 48.171391 7.797101 -32.060658
v 48.025867 7.539021 -31.981859
v 47.664089 7.806294 -31.999750
v 47.831562 8.045188 -32.076717
v 49.725506 5.967062 -31.201544
v 49.690613 5.677467 -32.211781
v 49.575298 4.720428 -32.191605
v 49.572350 4.696011 -32.517910
v 48.598362 6.216859 -31.201544
v 48.507641 5.939631 -32.211781
v 48.207832 5.023481 -32.191605
v 48.200180 5.000103 -32.517910
v 49.555092 4.552794 -32.517910
v 48.155315 4.863012 -32.517910
v 49.555092 4.552794 -32.418736
v 48.155315 4.863012 -32.418736
v 49.546227 4.479197 -27.367447
v 49.687080 5.648150 -27.729191
v 50.020657 8.416546 -32.191608
v 49.750751 6.176567 -31.715759
v 48.559097 6.458591 -31.704889
v 49.823421 6.779641 -32.110157
v 48.804787 7.221956 -32.149830
v 49.975567 8.042282 -32.203484
v 48.251049 6.888402 -31.801718
v 48.860600 7.510325 -32.212334
v 49.256638 7.661288 -32.273670
v 49.002968 7.657159 -32.253944
v 49.094643 6.909573 -32.109745
v 48.852394 7.067291 -32.125908
v 49.916824 7.554800 -32.264450
v 49.126202 8.188042 -32.191608
v 48.760094 8.057487 -32.148270
v 49.365719 8.561692 -32.191608
v 48.595089 6.189679 -31.260115
v 49.722229 5.939880 -31.260115
v 49.834621 6.872595 -31.878017
v 48.850258 7.267329 -31.922449
v 48.908688 7.540750 -31.962601
v 49.267120 7.662476 -32.028404
v 49.040062 7.667919 -32.008049
v 49.119278 6.995068 -31.876070
v 48.892101 7.124611 -31.886454
v 49.916824 7.554800 -32.028172
v 48.588207 6.219557 -31.126940
v 49.725506 5.967062 -31.125957
v 48.439358 7.369975 -31.999750
v 48.556671 7.637101 -32.076717
v 50.879723 5.941961 -31.201544
v 50.902000 5.651122 -32.211781
v 50.975605 4.689978 -32.191605
v 50.977482 4.665451 -32.517910
v 50.988495 4.521627 -32.517910
v 50.988495 4.521627 -32.418736
v 50.975288 6.167450 -31.704889
v 50.917965 6.967328 -32.149830
v 51.376614 6.511786 -31.801718
v 50.932251 7.260700 -32.212334
v 50.583405 7.501418 -32.273670
v 50.828835 7.437150 -32.253944
v 50.562206 6.732738 -32.109745
v 50.834988 6.828394 -32.125908
v 50.835236 7.982111 -32.191608
v 51.159847 7.768329 -32.148270
v 50.691334 8.401964 -32.191608
v 52.013386 6.115343 -31.260115
v 50.876446 5.914785 -31.260115
v 51.698383 7.287748 -31.802040
v 50.884567 7.022199 -31.922449
v 50.892761 7.301679 -31.962599
v 50.573505 7.505062 -32.028404
v 50.795361 7.456417 -32.008049
v 50.558582 6.821640 -31.876070
v 50.810024 6.893510 -31.886454
v 52.035099 6.144607 -31.128004
v 50.890236 5.942173 -31.126940
v 51.673313 7.376520 -32.060658
v 51.308094 7.024305 -31.999748
v 51.257591 7.311652 -32.076717
v 55.380146 5.507524 -32.979946
v 54.775124 6.278329 -32.093525
v 54.896999 6.123055 -27.503248
v 55.377861 5.510443 -26.719152
v 56.570045 3.991586 -26.665396
v 56.570217 3.991366 -33.006649
v 57.076523 3.346328 -26.902594
v 57.076527 3.346323 -32.769501
v 57.589779 2.692439 -31.754946
v 57.724442 2.520874 -30.618963
v 57.589779 2.692440 -27.917149
v 57.724442 2.520874 -29.054247
v 54.054703 4.662980 -32.979946
v 53.611675 5.537011 -32.093525
v 53.700924 5.360944 -27.503246
v 54.053020 4.666294 -26.719151
v 54.925991 2.944036 -26.665394
v 54.926113 2.943787 -33.006649
v 55.296852 2.212365 -26.902590
v 55.296852 2.212364 -32.769501
v 55.672676 1.470908 -31.754944
v 55.771282 1.276369 -30.618963
v 55.672676 1.470909 -27.917149
v 55.771282 1.276370 -29.054245
v 52.589954 4.093250 -32.979946
v 52.325962 5.036913 -32.093525
v 52.379147 4.846816 -27.503246
v 52.588959 4.096828 -26.719151
v 53.109158 2.237352 -26.665394
v 53.109226 2.237086 -33.006649
v 53.330151 1.447391 -26.902590
v 53.330154 1.447386 -32.769497
v 53.554100 0.646863 -31.754944
v 53.612865 0.436821 -30.618961
v 53.554104 0.646865 -27.917149
v 53.612865 0.436821 -29.054245
v 51.042210 3.820223 -32.979946
v 50.967384 4.797259 -32.093525
v 50.982464 4.600438 -27.503246
v 51.041927 3.823927 -26.719151
v 51.189365 1.898695 -26.665394
v 51.189384 1.898418 -33.006645
v 51.252003 1.080797 -26.902590
v 51.251999 1.080795 -32.769497
v 51.315475 0.251959 -31.754944
v 51.332130 0.034491 -30.618961
v 51.315475 0.251959 -27.917149
v 51.332130 0.034491 -29.054245
v 49.470940 3.854393 -32.979946
v 49.588165 4.827250 -32.093525
v 49.564552 4.631271 -27.503246
v 49.471386 3.858079 -26.719151
v 49.240395 1.941075 -26.665394
v 49.240356 1.940802 -33.006645
v 49.142265 1.126675 -26.902590
v 49.142262 1.126673 -32.769497
v 49.042820 0.301383 -31.754940
v 49.016724 0.084845 -30.618961
v 49.042820 0.301384 -27.917145
v 49.016724 0.084845 -29.054243
v 47.936527 4.194443 -32.979946
v 48.241291 5.125741 -32.093525
v 48.179901 4.938133 -27.503246
v 47.937683 4.197976 -26.719151
v 47.337143 2.362869 -26.665394
v 47.337051 2.362607 -33.006645
v 47.082012 1.583262 -26.902588
v 47.082012 1.583260 -32.769497
v 46.823471 0.793229 -31.754940
v 46.755634 0.585940 -30.618959
v 46.823471 0.793229 -27.917145
v 46.755634 0.585940 -29.054243
v 46.497936 4.827313 -32.979942
v 46.978531 5.681257 -32.093525
v 46.881718 5.509234 -27.503246
v 46.499760 4.830548 -26.719151
v 45.552746 3.147867 -26.665392
v 45.552608 3.147623 -33.006645
v 45.150429 2.433010 -26.902588
v 45.150425 2.433008 -32.769497
v 44.742725 1.708592 -31.754940
v 44.635750 1.518524 -30.618959
v 44.742725 1.708595 -27.917145
v 44.635750 1.518524 -29.054243
v 45.210453 5.728676 -32.979942
v 45.848412 6.472451 -32.093525
v 45.719898 6.322620 -27.503246
v 45.212875 5.731494 -26.719147
v 43.955780 4.265897 -26.665392
v 43.955597 4.265684 -33.006645
v 43.421730 3.643264 -26.902588
v 43.421730 3.643261 -32.769497
v 42.880539 3.012306 -31.754940
v 42.738541 2.846756 -30.618959
v 42.880539 3.012307 -27.917145
v 42.738541 2.846756 -29.054243
v 44.123558 6.863892 -32.979942
v 44.894363 7.468916 -32.093521
v 44.739090 7.347037 -27.503246
v 44.126480 6.866185 -26.719147
v 42.607620 5.673995 -26.665392
v 42.607399 5.673823 -33.006645
v 41.962364 5.167516 -26.902588
v 41.962357 5.167514 -32.769497
v 41.308472 4.654262 -31.754940
v 41.136906 4.519596 -30.618959
v 41.308475 4.654263 -27.917145
v 41.136906 4.519596 -29.054243
v 43.279018 8.189340 -32.979942
v 44.153042 8.632362 -32.093525
v 43.976978 8.543118 -27.503246
v 43.282333 8.191019 -26.719147
v 41.560066 7.318052 -26.665392
v 41.559822 7.317926 -33.006645
v 40.828400 6.947187 -26.902588
v 40.828396 6.947186 -32.769497
v 40.086945 6.571363 -31.754940
v 39.892403 6.472756 -30.618959
v 40.086945 6.571365 -27.917145
v 39.892403 6.472756 -29.054243
v 42.709286 9.654081 -32.979942
v 43.652946 9.918077 -32.093525
v 43.462852 9.864897 -27.503246
v 42.712860 9.655084 -26.719151
v 40.853386 9.134886 -26.665392
v 40.853119 9.134810 -33.006645
v 40.063423 8.913889 -26.902588
v 40.063419 8.913887 -32.769497
v 39.262894 8.689938 -31.754940
v 39.052856 8.631177 -30.618959
v 39.262894 8.689939 -27.917145
v 39.052856 8.631177 -29.054243
v 42.436260 11.201828 -32.979942
v 43.413288 11.276652 -32.093525
v 43.216473 11.261579 -27.503246
v 42.439960 11.202114 -26.719151
v 40.514729 11.054677 -26.665392
v 40.514450 11.054656 -33.006645
v 39.696835 10.992042 -26.902588
v 39.696831 10.992042 -32.769497
v 38.867992 10.928568 -31.754940
v 38.650524 10.911914 -30.618959
v 38.867992 10.928568 -27.917145
v 38.650524 10.911914 -29.054243
v 42.470425 12.773099 -32.979946
v 43.443283 12.655874 -32.093525
v 43.247307 12.679489 -27.503246
v 42.474117 12.772655 -26.719151
v 40.557114 13.003647 -26.665394
v 40.556835 13.003677 -33.006645
v 39.742714 13.101777 -26.902588
v 39.742710 13.101777 -32.769497
v 38.917416 13.201221 -31.754940
v 38.700874 13.227312 -30.618959
v 38.917416 13.201221 -27.917145
v 38.700874 13.227312 -29.054243
v 42.810478 14.307515 -32.979946
v 43.741776 14.002746 -32.093525
v 43.554173 14.064142 -27.503246
v 42.814011 14.306360 -26.719151
v 40.978905 14.906901 -26.665394
v 40.978638 14.906983 -33.006645
v 40.199295 15.162029 -26.902590
v 40.199291 15.162026 -32.769497
v 39.409260 15.420569 -31.754940
v 39.201973 15.488402 -30.618961
v 39.409260 15.420569 -27.917145
v 39.201973 15.488402 -29.054243
v 43.443348 15.746105 -32.979946
v 44.297291 15.265507 -32.093525
v 44.125267 15.362321 -27.503246
v 43.446583 15.744286 -26.719151
v 41.763901 16.691298 -26.665394
v 41.763657 16.691433 -33.006645
v 41.049046 17.093616 -26.902590
v 41.049042 17.093616 -32.769497
v 40.324631 17.501314 -31.754944
v 40.134560 17.608288 -30.618961
v 40.324631 17.501318 -27.917149
v 40.134560 17.608288 -29.054245
v 44.344707 17.033585 -32.979946
v 45.088486 16.395624 -32.093525
v 44.938652 16.524139 -27.503246
v 44.347527 17.031170 -26.719151
v 42.881927 18.288260 -26.665394
v 42.881718 18.288437 -33.006649
v 42.259300 18.822308 -26.902590
v 42.259296 18.822308 -32.769501
v 41.628342 19.363501 -31.754944
v 41.462791 19.505499 -30.618961
v 41.628342 19.363503 -27.917149
v 41.462791 19.505499 -29.054245
v 45.479927 18.120480 -32.979946
v 46.084949 17.349674 -32.093525
v 45.963074 17.504953 -27.503248
v 45.482220 18.117561 -26.719151
v 44.290031 19.636419 -26.665394
v 44.289860 19.636639 -33.006649
v 43.783550 20.281679 -26.902590
v 43.783550 20.281679 -32.769501
v 43.270298 20.935566 -31.754944
v 43.135632 21.107134 -30.618963
v 43.270302 20.935566 -27.917149
v 43.135632 21.107134 -29.054245
v 46.805378 18.965023 -32.979946
v 47.248398 18.090994 -32.093525
v 47.159153 18.267063 -27.503248
v 46.807056 18.961714 -26.719152
v 45.934090 20.683973 -26.665396
v 45.933964 20.684217 -33.006649
v 45.563221 21.415642 -26.902594
v 45.563221 21.415640 -32.769501
v 45.187397 22.157095 -31.754946
v 45.088791 22.351635 -30.618963
v 45.187401 22.157095 -27.917150
v 45.088791 22.351635 -29.054247
v 48.270115 19.534754 -32.979950
v 48.534111 18.591087 -32.093525
v 48.480934 18.781187 -27.503248
v 48.271118 19.531179 -26.719152
v 47.750923 21.390654 -26.665396
v 47.750843 21.390919 -33.006649
v 47.529926 22.180614 -26.902594
v 47.529919 22.180616 -32.769505
v 47.305969 22.981140 -31.754946
v 47.247211 23.191185 -30.618963
v 47.305969 22.981140 -27.917150
v 47.247211 23.191185 -29.054247
v 49.817863 19.807779 -32.979950
v 49.892685 18.830748 -32.093525
v 49.877613 19.027569 -27.503248
v 49.818146 19.804081 -26.719152
v 49.670712 21.729309 -26.665396
v 49.670689 21.729588 -33.006649
v 49.608078 22.547207 -26.902596
v 49.608074 22.547207 -32.769505
v 49.544601 23.376043 -31.754946
v 49.527950 23.593512 -30.618965
v 49.544601 23.376045 -27.917150
v 49.527950 23.593512 -29.054247
v 51.389133 19.773611 -32.979950
v 51.271908 18.800755 -32.093525
v 51.295528 18.996733 -27.503248
v 51.388695 19.769926 -26.719152
v 51.619686 21.686928 -26.665398
v 51.619713 21.687201 -33.006649
v 51.717812 22.501328 -26.902596
v 51.717812 22.501328 -32.769505
v 51.817257 23.326622 -31.754948
v 51.843353 23.543161 -30.618965
v 51.817261 23.326622 -27.917152
v 51.843353 23.543161 -29.054251
v 52.923546 19.433561 -32.979950
v 52.618782 18.502264 -32.093525
v 52.680176 18.689871 -27.503252
v 52.922398 19.430033 -26.719154
v 53.522938 21.265135 -26.665398
v 53.523022 21.265396 -33.006649
v 53.778065 22.044743 -26.902596
v 53.778061 22.044743 -32.769505
v 54.036606 22.834776 -31.754948
v 54.104439 23.042065 -30.618965
v 54.036606 22.834776 -27.917152
v 54.104439 23.042065 -29.054251
v 54.362137 18.800690 -32.979950
v 53.881542 17.946749 -32.093529
v 53.978355 18.118773 -27.503252
v 54.360321 18.797457 -26.719154
v 55.307335 20.480141 -26.665398
v 55.307465 20.480375 -33.006649
v 55.709656 21.194994 -26.902596
v 55.709652 21.194996 -32.769505
v 56.117352 21.919407 -31.754948
v 56.224327 22.109482 -30.618965
v 56.117355 21.919407 -27.917152
v 56.224327 22.109482 -29.054251
v 55.649616 17.899328 -32.979950
v 55.011658 17.155554 -32.093529
v 55.140175 17.305387 -27.503252
v 55.647205 17.896513 -26.719154
v 56.904293 19.362110 -26.665398
v 56.904472 19.362320 -33.006653
v 57.438343 19.984741 -26.902596
v 57.438343 19.984739 -32.769505
v 57.979534 20.615696 -31.754948
v 58.121532 20.781248 -30.618967
v 57.979534 20.615698 -27.917152
v 58.121532 20.781248 -29.054251
v 56.736511 16.764112 -32.979950
v 55.965710 16.159088 -32.093529
v 56.120987 16.280968 -27.503252
v 56.733597 16.761822 -26.719154
v 58.252457 17.954012 -26.665398
v 58.252674 17.954180 -33.006653
v 58.897713 18.460489 -26.902596
v 58.897713 18.460489 -32.769505
v 59.551598 18.973740 -31.754948
v 59.723167 19.108408 -30.618967
v 59.551601 18.973743 -27.917152
v 59.723167 19.108408 -29.054251
v 57.581055 15.438663 -32.979950
v 56.707031 14.995641 -32.093529
v 56.883102 15.084885 -27.503252
v 57.577747 15.436989 -26.719154
v 59.300007 16.309952 -26.665398
v 59.300251 16.310076 -33.006653
v 60.031677 16.680817 -26.902596
v 60.031677 16.680817 -32.769505
v 60.773129 17.056639 -31.754948
v 60.967670 17.155249 -30.618967
v 60.773129 17.056641 -27.917152
v 60.967670 17.155249 -29.054251
v 58.150791 13.973920 -32.979950
v 57.207123 13.709929 -32.093529
v 57.397224 13.763105 -27.503252
v 58.147217 13.972921 -26.719154
v 60.006695 14.493120 -26.665398
v 60.006950 14.493193 -33.006649
v 60.796650 14.714116 -26.902596
v 60.796650 14.714116 -32.769505
v 61.597176 14.938066 -31.754948
v 61.807217 14.996824 -30.618967
v 61.597176 14.938068 -27.917152
v 61.807217 14.996824 -29.054251
v 58.423813 12.426174 -32.979950
v 57.446785 12.351351 -32.093529
v 57.643604 12.366426 -27.503252
v 58.420116 12.425890 -26.719154
v 60.345348 12.573329 -26.665398
v 60.345619 12.573348 -33.006649
v 61.163239 12.635964 -26.902596
v 61.163239 12.635964 -32.769505
v 61.992081 12.699436 -31.754948
v 62.209553 12.716090 -30.618965
v 61.992081 12.699436 -27.917152
v 62.209553 12.716090 -29.054251
v 58.389648 10.854899 -32.979950
v 57.416786 10.972128 -32.093525
v 57.612766 10.948512 -27.503252
v 58.385963 10.855346 -26.719154
v 60.302959 10.624357 -26.665398
v 60.303238 10.624319 -33.006649
v 61.117367 10.526224 -26.902596
v 61.117367 10.526224 -32.769505
v 61.942657 10.426779 -31.754948
v 62.159199 10.400687 -30.618965
v 61.942657 10.426779 -27.917152
v 62.159199 10.400687 -29.054251
v 58.049595 9.320490 -32.979950
v 57.118298 9.625260 -32.093525
v 57.305908 9.563865 -27.503248
v 58.046070 9.321647 -26.719152
v 59.881172 8.721107 -26.665398
v 59.881432 8.721020 -33.006649
v 60.660782 8.465978 -26.902596
v 60.660778 8.465977 -32.769505
v 61.450813 8.207436 -31.754948
v 61.658100 8.139603 -30.618965
v 61.450813 8.207438 -27.917150
v 61.658100 8.139603 -29.054251
v 57.416725 7.881901 -32.979950
v 56.562782 8.362498 -32.093525
v 56.734810 8.265685 -27.503248
v 57.413494 7.883720 -26.719152
v 59.096176 6.936711 -26.665396
v 59.096416 6.936572 -33.006649
v 59.811028 6.534392 -26.902594
v 59.811031 6.534387 -32.769505
v 60.535450 6.126687 -31.754946
v 60.725517 6.019718 -30.618965
v 60.535450 6.126688 -27.917150
v 60.725517 6.019718 -29.054247
v 56.515366 6.594416 -32.979950
v 55.771587 7.232379 -32.093525
v 55.921421 7.103864 -27.503248
v 56.512550 6.596837 -26.719152
v 57.978146 5.339748 -26.665396
v 57.978352 5.339565 -33.006649
v 58.600777 4.805696 -26.902594
v 58.600773 4.805695 -32.769501
v 59.231731 4.264501 -31.754946
v 59.397282 4.122505 -30.618963
v 59.231731 4.264501 -27.917150
v 59.397282 4.122506 -29.054247
v 50.430038 5.924771 28.240164
v 50.430038 5.633076 29.250401
v 50.430038 4.669115 29.230227
v 50.430038 4.644521 29.556530
v 51.578968 6.037927 28.240164
v 51.635876 5.751842 29.250401
v 51.823936 4.806405 29.230227
v 51.828732 4.782280 29.556530
v 52.683746 6.373060 28.240164
v 52.795376 6.103574 29.250401
v 53.164265 5.212987 29.230227
v 53.173679 5.190266 29.556530
v 50.430038 4.500274 29.556532
v 51.856873 4.640803 29.556532
v 53.228874 5.057000 29.556532
v 50.430038 4.500274 29.457355
v 51.856873 4.640803 29.457355
v 53.228874 5.057000 29.457355
v 50.430019 4.426130 24.406067
v 53.237724 4.980424 24.406067
v 50.430038 5.603548 24.767813
v 52.806675 6.076290 24.767813
v 50.430038 8.391974 29.230228
v 50.430038 6.135787 28.754379
v 51.646870 6.273232 28.743507
v 52.632679 6.496289 28.646158
v 50.430038 11.814004 29.642712
v 50.430038 6.743223 29.148781
v 51.494270 7.060503 29.188450
v 50.430038 8.014999 29.242104
v 52.004124 6.663097 28.840340
v 52.499187 6.818376 28.822124
v 51.473358 7.353475 29.250956
v 51.098217 7.550736 29.312288
v 51.349575 7.516288 29.292564
v 51.169128 6.785041 29.148367
v 51.428501 6.912641 29.164530
v 50.430038 7.523992 29.303070
v 51.290733 8.058104 29.230228
v 51.638592 7.884691 29.186892
v 51.097641 8.457725 29.230228
v 52.683746 6.345686 28.298735
v 51.578968 6.010553 28.298735
v 50.430038 5.897393 28.298735
v 50.430038 11.813993 29.406433
v 50.430038 6.836849 28.916639
v 52.230747 7.471986 28.840662
v 51.454552 7.110987 28.961069
v 51.429249 7.389439 29.001219
v 51.087952 7.553168 29.067026
v 51.314034 7.531414 29.046671
v 51.154896 6.872869 28.914690
v 51.395935 6.974303 28.925076
v 50.430038 7.523992 29.066792
v 52.701801 6.377332 28.166626
v 51.589378 6.039391 28.165560
v 50.430038 5.924771 28.164577
v 51.739594 8.652460 29.230228
v 52.308399 7.283302 29.020481
v 51.874783 7.163743 29.038368
v 51.790268 7.442984 29.115339
v 49.281105 6.037927 28.240164
v 49.224197 5.751842 29.250401
v 49.036137 4.806405 29.230227
v 49.031342 4.782280 29.556530
v 48.176331 6.373060 28.240164
v 48.064701 6.103574 29.250401
v 47.695808 5.212987 29.230227
v 47.686398 5.190266 29.556530
v 49.003201 4.640803 29.556532
v 47.631199 5.057000 29.556532
v 49.003201 4.640803 29.457355
v 47.631199 5.057000 29.457355
v 47.622349 4.980424 24.406067
v 48.053398 6.076290 24.767809
v 49.213203 6.273232 28.743507
v 48.227394 6.496289 28.646158
v 49.365803 7.060503 29.188450
v 48.855949 6.663097 28.840340
v 48.360886 6.818376 28.822124
v 49.386715 7.353475 29.250956
v 49.761856 7.550736 29.312288
v 49.510498 7.516288 29.292564
v 49.690945 6.785041 29.148367
v 49.431572 6.912641 29.164530
v 49.569340 8.058104 29.230228
v 49.221481 7.884691 29.186892
v 49.762432 8.457725 29.230228
v 48.176331 6.345686 28.298735
v 49.281105 6.010553 28.298735
v 48.629326 7.471986 28.840662
v 49.405521 7.110987 28.961069
v 49.430824 7.389439 29.001219
v 49.772121 7.553168 29.067026
v 49.546043 7.531414 29.046671
v 49.705177 6.872869 28.914690
v 49.464138 6.974303 28.925076
v 48.158276 6.377332 28.166626
v 49.270699 6.039391 28.165560
v 49.120480 8.652460 29.230228
v 48.664833 7.557120 29.099277
v 48.551674 7.283302 29.020481
v 48.985294 7.163743 29.038368
v 49.069809 7.442984 29.115339
v 46.265720 7.649686 28.240164
v 46.059464 7.443430 29.250399
v 45.377842 6.761803 29.230225
v 45.360451 6.744415 29.556530
v 47.158154 6.917284 28.240164
v 46.996098 6.674749 29.250401
v 46.460548 5.873250 29.230227
v 46.446884 5.852796 29.556532
v 45.258450 6.642414 29.556530
v 46.366745 5.732862 29.556530
v 45.258450 6.642414 29.457354
v 46.366745 5.732862 29.457354
v 46.038582 7.422549 24.767809
v 48.010296 9.394260 29.230228
v 46.414932 7.798899 28.754377
v 47.372551 7.035650 28.743509
v 46.844460 8.228419 29.148781
v 47.821335 7.700245 29.188450
v 47.743740 9.127700 29.242104
v 47.900848 7.058719 28.840340
v 48.013706 7.922199 29.250956
v 47.887928 8.326937 29.312290
v 48.041306 8.124850 29.292564
v 47.396641 7.735369 29.148367
v 47.670277 7.642193 29.164530
v 47.396542 8.780507 29.303070
v 48.382820 8.549577 29.230228
v 48.506172 8.180982 29.186892
v 48.528858 8.968689 29.230228
v 47.138798 6.897924 28.298735
v 46.246361 7.630326 28.298733
v 46.910660 8.294621 28.916639
v 47.828945 7.764029 28.961069
v 48.007950 7.978815 29.001219
v 47.882389 8.335922 29.067026
v 48.026871 8.160673 29.046671
v 47.448681 7.807542 28.914690
v 47.690845 7.708827 28.925076
v 47.396542 8.780507 29.066792
v 47.166550 6.910961 28.165560
v 46.265720 7.649686 28.164579
v 48.163395 7.504186 29.038368
v 48.301090 7.761395 29.115339
v 45.533318 8.542117 28.240162
v 45.290783 8.380064 29.250399
v 44.489285 7.844515 29.230225
v 44.468830 7.830850 29.556530
v 44.989098 9.560285 28.240162
v 44.719608 9.448660 29.250399
v 43.829025 9.079769 29.230225
v 43.806301 9.070356 29.556530
v 44.348896 7.750710 29.556530
v 43.673035 9.015155 29.556530
v 44.348896 7.750710 29.457354
v 43.673035 9.015155 29.457354
v 45.235962 6.560190 24.406067
v 43.612629 8.967271 24.406067
v 44.692329 9.437361 24.767809
v 45.651684 8.756518 28.743507
v 45.112343 9.611314 28.646156
v 46.316277 9.205299 29.188450
v 45.674751 9.284814 28.840338
v 45.434486 9.744669 28.822124
v 46.538231 9.397674 29.250952
v 46.942978 9.271894 29.312290
v 46.740883 9.425272 29.292566
v 46.351410 8.780605 29.148365
v 46.258228 9.054241 29.164528
v 47.165611 9.766785 29.230228
v 46.797016 9.890136 29.186892
v 47.584724 9.912820 29.230228
v 44.969738 9.540930 28.298733
v 45.513962 8.522762 28.298733
v 46.086472 10.017028 28.840658
v 46.380062 9.212909 28.961069
v 46.594849 9.391913 29.001221
v 46.951958 9.266356 29.067026
v 46.776707 9.410832 29.046671
v 46.423576 8.832644 28.914688
v 46.324860 9.074812 28.925072
v 44.979347 9.576077 28.166624
v 45.526997 8.550515 28.165558
v 47.268490 10.504449 29.230228
v 46.171780 10.052123 29.099274
v 45.898144 9.938518 29.020477
v 46.120216 9.547357 29.038368
v 46.377434 9.685055 29.115339
v 44.540806 11.814002 28.240164
v 44.249111 11.814002 29.250399
v 43.285156 11.814002 29.230225
v 43.260555 11.814002 29.556530
v 44.653965 10.665070 28.240164
v 44.367874 10.608164 29.250399
v 43.422440 10.420103 29.230225
v 43.398315 10.415306 29.556530
v 43.116310 11.814002 29.556530
v 43.256836 10.387167 29.556530
v 43.116310 11.814002 29.457354
v 43.256836 10.387167 29.457354
v 43.042126 11.814013 24.406067
v 44.219582 11.814002 24.767809
v 47.008003 11.814002 29.230228
v 44.751827 11.814002 28.754379
v 44.889267 10.597169 28.743507
v 45.359261 11.814002 29.148777
v 45.676537 10.749767 29.188448
v 46.631035 11.814002 29.242104
v 45.279137 10.239916 28.840338
v 45.969513 10.770686 29.250952
v 46.166771 11.145821 29.312290
v 46.132324 10.894464 29.292564
v 45.401077 11.074910 29.148365
v 45.528675 10.815536 29.164528
v 46.140026 11.814002 29.303068
v 46.674137 10.953305 29.230228
v 46.500725 10.605446 29.186892
v 47.073761 11.146398 29.230228
v 44.626587 10.665070 28.298733
v 44.513428 11.814002 28.298733
v 45.452885 11.814002 28.916636
v 45.727020 10.789487 28.961067
v 46.005474 10.814795 29.001219
v 46.169201 11.156087 29.067024
v 46.147449 10.930006 29.046669
v 45.488903 11.089144 28.914688
v 45.590336 10.848103 28.925072
v 46.140026 11.814002 29.066790
v 44.655430 10.654662 28.165558
v 44.540806 11.814002 28.164577
v 45.779778 10.369258 29.038368
v 46.059017 10.453772 29.115337
v 44.653965 12.962932 28.240164
v 44.367874 13.019840 29.250399
v 43.422440 13.207898 29.230225
v 43.398315 13.212698 29.556530
v 44.989094 14.067710 28.240164
v 44.719608 14.179338 29.250399
v 43.829021 14.548228 29.230225
v 43.806301 14.557641 29.556530
v 43.256836 13.240839 29.556530
v 43.673035 14.612843 29.556530
v 43.256836 13.240839 29.457354
v 43.673035 14.612843 29.457354
v 43.596458 14.621690 24.406067
v 44.692326 14.190637 24.767809
v 44.889267 13.030837 28.743507
v 45.112324 14.016644 28.646156
v 45.676537 12.878237 29.188448
v 45.279137 13.388088 28.840340
v 45.434410 13.883152 28.822124
v 45.969513 12.857321 29.250952
v 46.166771 12.482183 29.312290
v 46.132324 12.733540 29.292564
v 45.401077 12.553093 29.148365
v 45.528675 12.812468 29.164530
v 46.674137 12.674699 29.230228
v 46.500725 13.022558 29.186892
v 47.073761 12.481606 29.230228
v 44.961720 14.067710 28.298733
v 44.626587 12.962932 28.298733
v 46.088020 13.614714 28.840658
v 45.727020 12.838517 28.961067
v 46.005474 12.813211 29.001219
v 46.169201 12.471917 29.067028
v 46.147449 12.698000 29.046671
v 45.488903 12.538859 28.914688
v 45.590336 12.779902 28.925072
v 44.993366 14.085765 28.166626
v 44.655430 12.973342 28.165558
v 47.268494 13.123557 29.230228
v 46.173157 13.579206 29.099279
v 45.899338 13.692365 29.020481
v 45.779778 13.258746 29.038368
v 46.059017 13.174232 29.115337
v 46.265720 15.978319 28.240164
v 46.059464 16.184574 29.250399
v 45.377842 16.866196 29.230227
v 45.360451 16.883589 29.556530
v 45.533318 15.085885 28.240164
v 45.290783 15.247940 29.250399
v 44.489285 15.783486 29.230225
v 44.468830 15.797153 29.556530
v 45.258450 16.985588 29.556530
v 44.348896 15.877294 29.556530
v 45.258450 16.985588 29.457354
v 44.348896 15.877294 29.457354
v 46.038582 16.205456 24.767809
v 48.010296 14.233744 29.230228
v 46.414932 15.829103 28.754381
v 45.651684 14.871487 28.743507
v 46.844460 15.399583 29.148781
v 46.316280 14.422706 29.188450
v 47.743740 14.500300 29.242104
v 45.674751 14.343190 28.840340
v 46.538235 14.230330 29.250952
v 46.942978 14.356110 29.312290
v 46.740883 14.202735 29.292566
v 46.351410 14.847399 29.148365
v 46.258232 14.573764 29.164532
v 47.396542 14.847498 29.303072
v 47.165611 13.861219 29.230228
v 46.797016 13.737865 29.186892
v 47.584724 13.715181 29.230228
v 45.513962 15.105243 28.298733
v 46.246361 15.997676 28.298737
v 46.910660 15.333380 28.916639
v 46.380062 14.415093 28.961069
v 46.594849 14.236091 29.001221
v 46.951958 14.361651 29.067028
v 46.776707 14.217168 29.046673
v 46.423576 14.795359 28.914694
v 46.324860 14.553192 28.925072
v 47.396542 14.847498 29.066792
v 45.526997 15.077489 28.165560
v 46.265720 15.978319 28.164579
v 46.120220 14.080644 29.038368
v 46.377434 13.942950 29.115339
v 47.158154 16.710718 28.240168
v 46.996098 16.953253 29.250401
v 46.460548 17.754755 29.230227
v 46.446884 17.775209 29.556532
v 48.176323 17.254942 28.240168
v 48.064701 17.524431 29.250402
v 47.695808 18.415012 29.230228
v 47.686390 18.437738 29.556532
v 46.366745 17.895145 29.556530
v 47.631195 18.571005 29.556532
v 46.366745 17.895145 29.457354
v 47.631195 18.571005 29.457355
v 45.176186 17.008068 24.406067
v 47.583305 18.631407 24.406069
v 48.053394 17.551712 24.767809
v 47.372551 16.592352 28.743509
v 48.227348 17.131697 28.646158
v 47.821335 15.927762 29.188450
v 47.900848 16.569286 28.840342
v 48.360703 16.809553 28.822128
v 48.013706 15.705808 29.250956
v 47.887928 15.301063 29.312290
v 48.041306 15.503155 29.292566
v 47.396641 15.892631 29.148367
v 47.670277 15.985808 29.164532
v 48.382820 15.078428 29.230228
v 48.506172 15.447023 29.186892
v 48.528858 14.659316 29.230228
v 48.156963 17.274300 28.298737
v 47.138798 16.730076 28.298737
v 48.633064 16.157568 28.840662
v 47.828945 15.863976 28.961071
v 48.007950 15.649188 29.001221
v 47.882389 15.292082 29.067028
v 48.026871 15.467331 29.046673
v 47.448681 15.820463 28.914694
v 47.690845 15.919180 28.925076
v 48.192112 17.264688 28.166628
v 47.166550 16.717045 28.165562
v 49.120483 14.975546 29.230228
v 48.668152 16.072260 29.099279
v 48.554554 16.345896 29.020483
v 48.163395 16.123821 29.038370
v 48.301090 15.866605 29.115341
v 50.430038 17.703236 28.240168
v 50.430038 17.994926 29.250402
v 50.430038 18.958885 29.230228
v 50.430038 18.983484 29.556532
v 49.281105 17.590076 28.240168
v 49.224197 17.876163 29.250402
v 49.036137 18.821600 29.230228
v 49.031342 18.845724 29.556532
v 50.430038 19.127729 29.556532
v 49.003201 18.987200 29.556532
v 50.430038 19.127729 29.457355
v 49.003201 18.987200 29.457355
v 50.430038 18.024454 24.767813
v 50.430038 15.236032 29.230228
v 50.430038 17.492212 28.754381
v 49.213203 17.354773 28.743509
v 50.430038 16.884777 29.148781
v 49.365803 16.567501 29.188450
v 50.430038 15.613003 29.242104
v 48.855949 16.964903 28.840342
v 49.386715 16.274525 29.250956
v 49.761856 16.077269 29.312290
v 49.510498 16.111717 29.292566
v 49.690945 16.842964 29.148367
v 49.431572 16.715361 29.164532
v 50.430038 16.104013 29.303072
v 49.569340 15.569901 29.230228
v 49.221481 15.743312 29.186892
v 49.762432 15.170280 29.230228
v 49.281105 17.617451 28.298737
v 50.430038 17.730612 28.298737
v 50.430038 16.791155 28.916639
v 49.405521 16.517015 28.961071
v 49.430832 16.238564 29.001221
v 49.772121 16.074837 29.067028
v 49.546043 16.096590 29.046673
v 49.705177 16.755135 28.914694
v 49.464138 16.653702 28.925076
v 50.430038 16.104013 29.066792
v 49.270699 17.588612 28.165562
v 50.430038 17.703236 28.164579
v 48.985294 16.464262 29.038370
v 49.069809 16.185019 29.115341
v 51.578968 17.590076 28.240168
v 51.635876 17.876163 29.250402
v 51.823936 18.821600 29.230228
v 51.828732 18.845724 29.556532
v 52.683746 17.254946 28.240168
v 52.795376 17.524433 29.250401
v 53.164265 18.415014 29.230228
v 53.173679 18.437740 29.556532
v 51.856873 18.987200 29.556532
v 53.228874 18.571007 29.556532
v 51.856873 18.987200 29.457355
v 53.228874 18.571007 29.457355
v 50.387749 19.201782 24.406069
v 53.237724 18.647579 24.406069
v 52.806675 17.551714 24.767813
v 51.646870 17.354773 28.743509
v 52.632679 17.131716 28.646158
v 51.494270 16.567501 29.188450
v 52.004124 16.964903 28.840342
v 52.499187 16.809628 28.822128
v 51.473358 16.274525 29.250956
v 51.098217 16.077269 29.312290
v 51.349575 16.111717 29.292566
v 51.169128 16.842964 29.148367
v 51.428501 16.715361 29.164532
v 51.290733 15.569901 29.230228
v 51.638592 15.743312 29.186892
v 51.097641 15.170280 29.230228
v 52.683746 17.282320 28.298737
v 51.578968 17.617451 28.298737
v 52.230747 16.156017 28.840662
v 51.454552 16.517015 28.961071
v 51.429245 16.238564 29.001221
v 51.087952 16.074837 29.067028
v 51.314034 16.096590 29.046673
v 51.154896 16.755135 28.914694
v 51.395935 16.653702 28.925076
v 52.701801 17.250673 28.166628
v 51.589378 17.588612 28.165562
v 51.739594 14.975546 29.230228
v 52.195240 16.070885 29.099279
v 52.308399 16.344702 29.020483
v 51.874783 16.464262 29.038370
v 51.790268 16.185019 29.115341
v 54.594353 15.978319 28.240170
v 54.800610 16.184574 29.250402
v 55.482231 16.866196 29.230230
v 55.499626 16.883589 29.556534
v 53.701923 16.710718 28.240168
v 53.863976 16.953253 29.250401
v 54.399525 17.754755 29.230230
v 54.413189 17.775209 29.556532
v 55.601627 16.985588 29.556534
v 54.493328 17.895145 29.556534
v 55.601627 16.985588 29.457359
v 54.493328 17.895145 29.457359
v 55.654041 17.038044 24.406071
v 54.821491 16.205456 24.767813
v 52.849777 14.233744 29.230228
v 54.445141 15.829103 28.754381
v 53.487522 16.592352 28.743509
v 54.015617 15.399583 29.148781
v 53.038742 15.927762 29.188450
v 53.116337 14.500300 29.242104
v 52.959225 16.569286 28.840342
v 52.846367 15.705808 29.250956
v 52.972145 15.301063 29.312290
v 52.818768 15.503155 29.292566
v 53.463436 15.892631 29.148367
v 53.189800 15.985808 29.164532
v 53.463531 14.847498 29.303072
v 52.477253 15.078428 29.230228
v 52.353905 15.447023 29.186892
v 52.331215 14.659316 29.230228
v 53.721279 16.730076 28.298737
v 54.613712 15.997676 28.298737
v 53.949413 15.333380 28.916639
v 53.031132 15.863976 28.961071
v 52.852127 15.649188 29.001221
v 52.977684 15.292082 29.067028
v 52.833202 15.467331 29.046673
v 53.411392 15.820463 28.914694
v 53.169228 15.919180 28.925076
v 53.463531 14.847498 29.066792
v 53.693523 16.717045 28.165562
v 54.594353 15.978319 28.164579
v 52.696678 16.123821 29.038370
v 52.558987 15.866605 29.115341
v 55.326756 15.085885 28.240170
v 55.569290 15.247940 29.250402
v 56.370789 15.783486 29.230228
v 56.391243 15.797153 29.556534
v 55.870975 14.067718 28.240170
v 56.140465 14.179339 29.250402
v 57.031048 14.548230 29.230228
v 57.053772 14.557645 29.556534
v 56.511177 15.877294 29.556534
v 57.187038 14.612845 29.556534
v 56.511177 15.877294 29.457359
v 57.187038 14.612845 29.457359
v 57.247440 14.660736 24.406071
v 56.167744 14.190641 24.767813
v 55.208389 14.871487 28.743511
v 55.747730 14.016690 28.646160
v 54.543793 14.422706 29.188450
v 55.185322 14.343190 28.840343
v 55.425587 13.883332 28.822130
v 54.321838 14.230330 29.250957
v 53.917099 14.356110 29.312290
v 54.119190 14.202735 29.292566
v 54.508667 14.847399 29.148369
v 54.601841 14.573764 29.164532
v 53.694462 13.861219 29.230228
v 54.063057 13.737865 29.186892
v 53.275352 13.715181 29.230228
v 55.890335 14.087074 28.298737
v 55.346111 15.105243 28.298737
v 54.773602 13.610974 28.840664
v 54.480011 14.415093 28.961069
v 54.265224 14.236091 29.001221
v 53.908119 14.361651 29.067028
v 54.083366 14.217168 29.046673
v 54.436497 14.795359 28.914694
v 54.535213 14.553192 28.925077
v 55.880722 14.051929 28.166630
v 55.333080 15.077489 28.165565
v 53.591583 13.123555 29.230228
v 54.688293 13.575883 29.099279
v 54.961929 13.689489 29.020485
v 54.739853 14.080644 29.038374
v 54.482639 13.942950 29.115339
v 56.319267 11.814002 28.240170
v 56.610962 11.814002 29.250402
v 57.574921 11.814002 29.230228
v 57.599518 11.814002 29.556534
v 56.206108 12.962932 28.240170
v 56.492199 13.019840 29.250402
v 57.437634 13.207898 29.230228
v 57.461761 13.212698 29.556534
v 57.743767 11.814002 29.556534
v 57.603237 13.240839 29.556534
v 57.743767 11.814002 29.457359
v 57.603237 13.240839 29.457359
v 57.817902 11.814021 24.406071
v 56.640491 11.814002 24.767813
v 53.852070 11.814002 29.230228
v 56.108246 11.814002 28.754385
v 55.970806 13.030837 28.743511
v 55.500813 11.814002 29.148783
v 55.183537 12.878237 29.188454
v 54.229038 11.814002 29.242104
v 55.580936 13.388088 28.840343
v 54.890560 12.857321 29.250957
v 54.693302 12.482183 29.312290
v 54.727753 12.733540 29.292568
v 55.459000 12.553093 29.148369
v 55.331398 12.812468 29.164534
v 54.720047 11.814002 29.303072
v 54.185936 12.674699 29.230228
v 54.359348 13.022558 29.186892
v 53.786316 12.481606 29.230228
v 56.233486 12.962932 28.298737
v 56.346645 11.814002 28.298737
v 55.407192 11.814002 28.916641
v 55.133053 12.838517 28.961071
v 54.854599 12.813211 29.001225
v 54.690872 12.471917 29.067028
v 54.712627 12.698000 29.046675
v 55.371170 12.538859 28.914694
v 55.269737 12.779902 28.925077
v 54.720047 11.814002 29.066793
v 56.204643 12.973342 28.165562
v 56.319267 11.814002 28.164581
v 55.080296 13.258746 29.038374
v 54.801056 13.174232 29.115341
v 56.206108 10.665070 28.240170
v 56.492199 10.608164 29.250402
v 57.437634 10.420103 29.230228
v 57.461761 10.415306 29.556534
v 55.870979 9.560294 28.240168
v 56.140465 9.448669 29.250402
v 57.031052 9.079779 29.230228
v 57.053772 9.070361 29.556534
v 57.603237 10.387167 29.556534
v 57.187038 9.015164 29.556534
v 57.603237 10.387167 29.457359
v 57.187038 9.015164 29.457359
v 57.263615 9.006315 24.406071
v 56.167751 9.437370 24.767813
v 55.970806 10.597169 28.743511
v 55.747749 9.611361 28.646160
v 55.183537 10.749767 29.188454
v 55.580936 10.239916 28.840342
v 55.425663 9.744852 28.822130
v 54.890560 10.770686 29.250957
v 54.693302 11.145821 29.312290
v 54.727753 10.894464 29.292568
v 55.459000 11.074910 29.148369
v 55.331398 10.815536 29.164532
v 54.185936 10.953305 29.230228
v 54.359348 10.605446 29.186892
v 53.786316 11.146398 29.230228
v 55.898354 9.560294 28.298737
v 56.233486 10.665070 28.298737
v 54.772053 10.013290 28.840664
v 55.133053 10.789487 28.961071
v 54.854599 10.814795 29.001225
v 54.690872 11.156087 29.067028
v 54.712627 10.930006 29.046673
v 55.371170 11.089144 28.914694
v 55.269737 10.848103 28.925077
v 55.866707 9.542239 28.166628
v 56.204643 10.654662 28.165562
v 53.591579 10.504444 29.230228
v 54.686920 10.048800 29.099279
v 54.960739 9.935639 29.020483
v 55.080296 10.369258 29.038374
v 54.801056 10.453772 29.115341
v 54.594353 7.649686 28.240164
v 54.800610 7.443430 29.250402
v 55.482231 6.761803 29.230228
v 55.499626 6.744415 29.556534
v 55.326756 8.542122 28.240168
v 55.569290 8.380064 29.250402
v 56.370789 7.844515 29.230228
v 56.391243 7.830850 29.556534
v 55.601627 6.642414 29.556534
v 56.511177 7.750710 29.556534
v 55.601627 6.642414 29.457359
v 56.511177 7.750710 29.457359
v 55.654045 6.589995 24.406071
v 54.821491 7.422549 24.767813
v 52.849777 9.394260 29.230228
v 54.445141 7.798899 28.754381
v 55.208389 8.756518 28.743511
v 54.015617 8.228419 29.148781
v 54.543793 9.205299 29.188450
v 53.116337 9.127700 29.242104
v 55.185322 9.284814 28.840342
v 54.321838 9.397674 29.250957
v 53.917099 9.271894 29.312290
v 54.119190 9.425272 29.292566
v 54.508667 8.780605 29.148369
v 54.601841 9.054241 29.164532
v 53.463531 8.780507 29.303070
v 53.694462 9.766785 29.230228
v 54.063057 9.890136 29.186892
v 53.275352 9.912820 29.230228
v 55.346111 8.522762 28.298737
v 54.613712 7.630326 28.298737
v 53.949413 8.294625 28.916639
v 54.480011 9.212914 28.961069
v 54.265224 9.391913 29.001221
v 53.908119 9.266356 29.067026
v 54.083366 9.410832 29.046671
v 54.436497 8.832644 28.914694
v 54.535213 9.074812 28.925077
v 53.463531 8.780507 29.066792
v 55.333080 8.550515 28.165562
v 54.594353 7.649686 28.164579
v 54.739853 9.547361 29.038374
v 54.482639 9.685055 29.115339
v 53.701923 6.917284 28.240164
v 53.863976 6.674749 29.250401
v 54.399525 5.873250 29.230227
v 54.413189 5.852796 29.556532
v 54.493328 5.732862 29.556534
v 54.493328 5.732862 29.457359
v 53.487522 7.035650 28.743509
v 53.038742 7.700245 29.188450
v 52.959225 7.058719 28.840340
v 52.846367 7.922199 29.250956
v 52.972145 8.326941 29.312290
v 52.818768 8.124850 29.292564
v 53.463436 7.735374 29.148367
v 53.189800 7.642193 29.164530
v 52.477253 8.549577 29.230228
v 52.353905 8.180982 29.186892
v 52.331215 8.968689 29.230228
v 52.703110 6.353704 28.298735
v 53.721279 6.897929 28.298735
v 52.227013 7.470437 28.840662
v 53.031132 7.764029 28.961069
v 52.852127 7.978815 29.001219
v 52.977684 8.335922 29.067026
v 52.833202 8.160673 29.046671
v 53.411392 7.807542 28.914690
v 53.169228 7.708827 28.925076
v 52.667961 6.363318 28.166626
v 53.693523 6.910961 28.165560
v 52.191921 7.555745 29.099277
v 52.696678 7.504186 29.038368
v 52.558987 7.761400 29.115339
v 50.430038 3.796818 30.018568
v 50.430038 4.776712 29.141693
v 50.430038 4.579318 24.541870
v 50.430038 3.800527 23.757772
v 50.430038 1.869662 23.704018
v 50.430038 1.869385 30.045269
v 50.430038 1.049370 23.941214
v 50.430038 1.049366 29.808123
v 50.430038 0.218108 28.793566
v 50.430038 0.000003 27.657585
v 50.430038 0.218108 24.955769
v 50.430038 0.000003 26.092869
v 51.994114 3.950862 30.018568
v 51.802948 4.911932 29.141693
v 51.841454 4.718331 24.541870
v 51.993385 3.954505 23.757772
v 52.370079 2.060740 23.704018
v 52.370136 2.060468 30.045269
v 52.530113 1.256208 23.941214
v 52.530113 1.256208 29.808123
v 52.692284 0.440916 28.793564
v 52.734837 0.227004 27.657585
v 52.692284 0.440916 24.955769
v 52.734837 0.227004 26.092869
v 53.498081 4.407089 30.018568
v 53.123089 5.312393 29.141693
v 53.198635 5.130022 24.541870
v 53.496662 4.410521 23.757772
v 54.235569 2.626630 23.704014
v 54.235680 2.626376 30.045269
v 54.549484 1.868779 23.941212
v 54.549484 1.868775 29.808123
v 54.867596 1.100793 28.793564
v 54.951057 0.899288 27.657585
v 54.867596 1.100793 24.955769
v 54.951057 0.899288 26.092867
v 54.884148 5.147955 30.018568
v 54.339745 5.962712 29.141693
v 54.449413 5.798579 24.541870
v 54.882084 5.151044 23.757771
v 55.954819 3.545585 23.704014
v 55.954967 3.545355 30.045269
v 56.410549 2.863536 23.941212
v 56.410549 2.863536 29.808123
v 56.872372 2.172365 28.793564
v 56.993542 1.991018 27.657585
v 56.872372 2.172365 24.955769
v 56.993542 1.991018 26.092867
v 56.099041 6.144998 30.018568
v 55.406155 6.837886 29.141693
v 55.545734 6.698305 24.541868
v 56.096416 6.147622 23.757771
v 57.461750 4.782290 23.704014
v 57.461945 4.782097 30.045269
v 58.041782 4.202256 23.941212
v 58.041782 4.202256 29.808123
v 58.629574 3.614467 28.793564
v 58.783794 3.460244 27.657585
v 58.629574 3.614467 24.955769
v 58.783794 3.460244 26.092867
v 57.096085 7.359892 30.018568
v 56.281334 7.904294 29.141693
v 56.445461 7.794625 24.541868
v 57.092995 7.361958 23.757771
v 58.698456 6.289221 23.704014
v 58.698685 6.289071 30.045269
v 59.380505 5.833492 23.941212
v 59.380505 5.833492 29.808123
v 60.071674 5.371670 28.793564
v 60.253021 5.250496 27.657585
v 60.071674 5.371670 24.955769
v 60.253021 5.250496 26.092867
v 57.836952 8.745960 30.018568
v 56.931648 9.120949 29.141693
v 57.114017 9.045409 24.541868
v 57.833519 8.747377 23.757771
v 59.617409 8.008470 23.704014
v 59.617664 8.008362 30.045269
v 60.375259 7.694555 23.941212
v 60.375263 7.694555 29.808123
v 61.143246 7.376444 28.793564
v 61.344749 7.292982 27.657585
v 61.143246 7.376444 24.955769
v 61.344749 7.292982 26.092867
v 58.293179 10.249929 30.018568
v 57.332108 10.441097 29.141693
v 57.525711 10.402586 24.541870
v 58.289536 10.250652 23.757771
v 60.183300 9.873959 23.704014
v 60.183571 9.873902 30.045269
v 60.987831 9.713925 23.941212
v 60.987831 9.713925 29.808123
v 61.803123 9.551755 28.793564
v 62.017036 9.509205 27.657585
v 61.803123 9.551755 24.955769
v 62.017036 9.509205 26.092867
v 58.447220 11.814002 30.018568
v 57.467327 11.814002 29.141693
v 57.664726 11.814002 24.541870
v 58.443508 11.814002 23.757771
v 60.374378 11.814002 23.704014
v 60.374653 11.814002 30.045269
v 61.194668 11.814002 23.941212
v 61.194675 11.814002 29.808123
v 62.025932 11.814002 28.793564
v 62.244038 11.814002 27.657585
v 62.025932 11.814002 24.955769
v 62.244038 11.814002 26.092867
v 58.293171 13.378078 30.018568
v 57.332108 13.186910 29.141693
v 57.525711 13.225420 24.541870
v 58.289536 13.377352 23.757771
v 60.183300 13.754047 23.704014
v 60.183571 13.754101 30.045269
v 60.987831 13.914077 23.941212
v 60.987831 13.914079 29.808123
v 61.803123 14.076249 28.793564
v 62.017036 14.118800 27.657585
v 61.803123 14.076249 24.955769
v 62.017036 14.118800 26.092867
v 57.836952 14.882047 30.018568
v 56.931648 14.507058 29.141693
v 57.114017 14.582599 24.541868
v 57.833519 14.880627 23.757771
v 59.617409 15.619537 23.704014
v 59.617664 15.619643 30.045269
v 60.375259 15.933449 23.941212
v 60.375263 15.933449 29.808123
v 61.143246 16.251560 28.793564
v 61.344749 16.335026 27.657585
v 61.143246 16.251560 24.955769
v 61.344749 16.335026 26.092867
v 57.096085 16.268112 30.018568
v 56.281326 15.723712 29.141693
v 56.445461 15.833380 24.541868
v 57.092995 16.266048 23.757771
v 58.698456 17.338783 23.704014
v 58.698685 17.338938 30.045269
v 59.380505 17.794512 23.941212
v 59.380505 17.794516 29.808123
v 60.071671 18.256340 28.793564
v 60.253021 18.377510 27.657585
v 60.071671 18.256340 24.955769
v 60.253021 18.377510 26.092867
v 56.099041 17.483009 30.018568
v 55.406155 16.790117 29.141693
v 55.545734 16.929699 24.541868
v 56.096416 17.480383 23.757771
v 57.461750 18.845713 23.704014
v 57.461945 18.845907 30.045269
v 58.041782 19.425747 23.941212
v 58.041782 19.425749 29.808123
v 58.629574 20.013538 28.793564
v 58.783794 20.167763 27.657585
v 58.629574 20.013538 24.955769
v 58.783794 20.167763 26.092867
v 54.884148 18.480049 30.018568
v 54.339745 17.665295 29.141693
v 54.449413 17.829426 24.541870
v 54.882084 18.476961 23.757771
v 55.954819 20.082420 23.704014
v 55.954967 20.082649 30.045269
v 56.410549 20.764469 23.941212
v 56.410549 20.764469 29.808123
v 56.872372 21.455639 28.793564
v 56.993542 21.636986 27.657585
v 56.872372 21.455639 24.955769
v 56.993542 21.636986 26.092867
v 53.498081 19.220915 30.018568
v 53.123089 18.315611 29.141693
v 53.198627 18.497982 24.541870
v 53.496658 19.217485 23.757772
v 54.235569 21.001377 23.704014
v 54.235680 21.001633 30.045269
v 54.549484 21.759228 23.941212
v 54.549484 21.759230 29.808123
v 54.867592 22.527214 28.793564
v 54.951057 22.728716 27.657585
v 54.867592 22.527214 24.955769
v 54.951057 22.728716 26.092867
v 51.994110 19.677139 30.018568
v 51.802940 18.716072 29.141693
v 51.841454 18.909678 24.541870
v 51.993385 19.673498 23.757772
v 52.370079 21.567266 23.704018
v 52.370136 21.567535 30.045269
v 52.530113 22.371796 23.941214
v 52.530113 22.371796 29.808123
v 52.692284 23.187086 28.793564
v 52.734837 23.401001 27.657585
v 52.692284 23.187086 24.955769
v 52.734837 23.401001 26.092869
v 50.430038 19.831186 30.018568
v 50.430038 18.851292 29.141693
v 50.430038 19.048689 24.541870
v 50.430038 19.827475 23.757772
v 50.430038 21.758343 23.704018
v 50.430038 21.758619 30.045269
v 50.430038 22.578634 23.941214
v 50.430038 22.578636 29.808123
v 50.430038 23.409897 28.793566
v 50.430038 23.628004 27.657585
v 50.430038 23.409897 24.955769
v 50.430038 23.628004 26.092869
v 48.865959 19.677139 30.018568
v 49.057129 18.716072 29.141693
v 49.018620 18.909678 24.541870
v 48.866684 19.673498 23.757772
v 48.489990 21.567266 23.704018
v 48.489937 21.567535 30.045269
v 48.329960 22.371796 23.941214
v 48.329960 22.371796 29.808123
v 48.167789 23.187086 28.793566
v 48.125240 23.401001 27.657585
v 48.167789 23.187086 24.955769
v 48.125240 23.401001 26.092869
v 47.361996 19.220915 30.018568
v 47.736984 18.315609 29.141693
v 47.661442 18.497980 24.541870
v 47.363411 19.217485 23.757772
v 46.624504 21.001375 23.704018
v 46.624397 21.001631 30.045269
v 46.310589 21.759226 23.941214
v 46.310589 21.759228 29.808123
v 45.992477 22.527210 28.793566
v 45.909016 22.728716 27.657585
v 45.992477 22.527210 24.955769
v 45.909016 22.728716 26.092869
v 45.975925 18.480047 30.018568
v 46.520329 17.665295 29.141693
v 46.410664 17.829426 24.541870
v 45.977989 18.476961 23.757772
v 44.905254 20.082420 23.704018
v 44.905102 20.082649 30.045269
v 44.449528 20.764467 23.941214
v 44.449528 20.764469 29.808123
v 43.987701 21.455637 28.793566
v 43.866531 21.636984 27.657585
v 43.987701 21.455637 24.955769
v 43.866531 21.636984 26.092869
v 44.761032 17.483007 30.018568
v 45.453922 16.790117 29.141693
v 45.314339 16.929699 24.541870
v 44.763657 17.480383 23.757772
v 43.398323 18.845713 23.704018
v 43.398132 18.845907 30.045269
v 42.818291 19.425747 23.941214
v 42.818291 19.425747 29.808123
v 42.230503 20.013538 28.793566
v 42.076275 20.167761 27.657585
v 42.230503 20.013538 24.955769
v 42.076275 20.167761 26.092869
v 43.763988 16.268110 30.018568
v 44.578743 15.723710 29.141693
v 44.414616 15.833377 24.541870
v 43.767075 16.266047 23.757772
v 42.161613 17.338779 23.704018
v 42.161388 17.338934 30.045269
v 41.479568 17.794510 23.941214
v 41.479568 17.794510 29.808123
v 40.788399 18.256334 28.793566
v 40.607052 18.377508 27.657585
v 40.788399 18.256334 24.955770
v 40.607052 18.377508 26.092869
v 43.023125 14.882045 30.018568
v 43.928429 14.507055 29.141693
v 43.746056 14.582597 24.541870
v 43.026550 14.880622 23.757772
v 41.242661 15.619535 23.704018
v 41.242405 15.619638 30.045269
v 40.484810 15.933444 23.941214
v 40.484810 15.933447 29.808123
v 39.716824 16.251554 28.793566
v 39.515320 16.335020 27.657585
v 39.716824 16.251554 24.955770
v 39.515320 16.335020 26.092869
v 42.566902 13.378078 30.018568
v 43.527966 13.186910 29.141693
v 43.334362 13.225420 24.541870
v 42.570541 13.377355 23.757772
v 40.676769 13.754047 23.704018
v 40.676502 13.754101 30.045269
v 39.872242 13.914079 23.941214
v 39.872242 13.914079 29.808123
v 39.056950 14.076249 28.793566
v 38.843037 14.118800 27.657585
v 39.056950 14.076249 24.955770
v 38.843037 14.118800 26.092869
v 42.412853 11.814002 30.018568
v 43.392746 11.814002 29.141693
v 43.195351 11.814002 24.541870
v 42.416561 11.814002 23.757772
v 40.485695 11.814002 23.704018
v 40.485420 11.814002 30.045269
v 39.665405 11.814002 23.941214
v 39.665401 11.814002 29.808123
v 38.834141 11.814002 28.793566
v 38.616032 11.814002 27.657585
v 38.834141 11.814002 24.955770
v 38.616032 11.814002 26.092869
v 42.566902 10.249925 30.018568
v 43.527966 10.441092 29.141693
v 43.334362 10.402581 24.541870
v 42.570541 10.250652 23.757772
v 40.676769 9.873955 23.704018
v 40.676502 9.873902 30.045269
v 39.872242 9.713925 23.941214
v 39.872242 9.713925 29.808123
v 39.056950 9.551755 28.793566
v 38.843037 9.509205 27.657585
v 39.056950 9.551755 24.955770
v 38.843037 9.509205 26.092869
v 43.023125 8.745955 30.018568
v 43.928429 9.120949 29.141693
v 43.746063 9.045404 24.541870
v 43.026554 8.747377 23.757772
v 41.242664 8.008465 23.704018
v 41.242413 8.008362 30.045269
v 40.484814 7.694555 23.941214
v 40.484814 7.694555 29.808123
v 39.716827 7.376444 28.793566
v 39.515324 7.292977 27.657585
v 39.716827 7.376444 24.955770
v 39.515324 7.292977 26.092869
v 43.763988 7.359892 30.018568
v 44.578747 7.904290 29.141693
v 44.414616 7.794625 24.541870
v 43.767078 7.361953 23.757772
v 42.161621 6.289221 23.704018
v 42.161388 6.289066 30.045269
v 41.479576 5.833492 23.941214
v 41.479568 5.833492 29.808123
v 40.788406 5.371665 28.793566
v 40.607052 5.250492 27.657585
v 40.788406 5.371665 24.955770
v 40.607052 5.250492 26.092869
v 44.761032 6.144993 30.018568
v 45.453926 6.837886 29.141693
v 45.314346 6.698305 24.541870
v 44.763657 6.147617 23.757772
v 43.398327 4.782290 23.704018
v 43.398132 4.782092 30.045269
v 42.818295 4.202256 23.941214
v 42.818295 4.202256 29.808123
v 42.230503 3.614462 28.793566
v 42.076279 3.460240 27.657585
v 42.230503 3.614462 24.955769
v 42.076279 3.460240 26.092869
v 45.975925 5.147955 30.018568
v 46.520329 5.962712 29.141693
v 46.410664 5.798579 24.541870
v 45.977989 5.151044 23.757772
v 44.905254 3.545585 23.704018
v 44.905102 3.545355 30.045269
v 44.449528 2.863536 23.941214
v 44.449528 2.863536 29.808123
v 43.987701 2.172365 28.793566
v 43.866531 1.991018 27.657585
v 43.987701 2.172365 24.955769
v 43.866531 1.991018 26.092869
v 47.361996 4.407089 30.018568
v 47.736984 5.312393 29.141693
v 47.661442 5.130022 24.541870
v 47.363411 4.410516 23.757772
v 46.624504 2.626630 23.704018
v 46.624397 2.626372 30.045269
v 46.310589 1.868779 23.941214
v 46.310589 1.868775 29.808123
v 45.992477 1.100789 28.793566
v 45.909016 0.899288 27.657585
v 45.992477 1.100789 24.955769
v 45.909016 0.899288 26.092869
v 48.865963 3.950862 30.018568
v 49.057133 4.911932 29.141693
v 49.018620 4.718326 24.541870
v 48.866688 3.954505 23.757772
v 48.489994 2.060740 23.704018
v 48.489937 2.060468 30.045269
v 48.329960 1.256208 23.941214
v 48.329960 1.256208 29.808123
v 48.167789 0.440916 28.793566
v 48.125240 0.227004 27.657585
v 48.167789 0.440916 24.955769
v 48.125240 0.227004 26.092869
v -55.396896 7.712835 27.846369
v -55.606236 7.509703 28.856606
v -56.298046 6.838417 28.836432
v -56.315693 6.821289 29.162735
v -54.515591 6.967082 27.846369
v -54.681278 6.727016 28.856606
v -55.228825 5.933664 28.836432
v -55.242802 5.913421 29.162735
v -53.505726 6.407599 27.846369
v -53.621395 6.139821 28.856606
v -54.003651 5.254889 28.836432
v -54.013401 5.232311 29.162735
v -56.419212 6.720838 29.162737
v -55.324738 5.794705 29.162737
v -54.070602 5.099893 29.162737
v -56.419212 6.720838 29.063560
v -55.324738 5.794705 29.063560
v -54.070602 5.099893 29.063560
v -56.472439 6.669218 24.012272
v -54.119396 5.040214 24.012272
v -55.627426 7.489140 24.374018
v -53.633106 6.112711 24.374018
v -53.626263 9.430956 28.836433
v -55.245457 7.859783 28.360584
v -54.299435 7.082214 28.349712
v -53.452854 6.530064 28.252363
v -51.170376 11.814004 29.248917
v -54.809521 8.282791 28.754986
v -53.840698 7.739972 28.794655
v -53.896805 9.168437 28.848309
v -53.770855 7.097321 28.446545
v -53.314663 6.850163 28.428329
v -53.645008 7.959002 28.857161
v -53.764683 8.365598 28.918493
v -53.614361 8.161219 28.898769
v -54.264816 7.781490 28.754572
v -53.992619 7.684204 28.770735
v -54.249184 8.826507 28.909275
v -53.266491 8.580759 28.836433
v -53.148705 8.210348 28.793097
v -53.114166 8.997625 28.836433
v -53.525372 6.388536 27.904940
v -54.535236 6.948019 27.904940
v -55.416546 7.693769 27.904940
v -51.170387 11.813997 29.012638
v -54.742329 8.347992 28.522844
v -53.032520 7.497976 28.446867
v -53.832134 7.803634 28.567274
v -53.649918 8.015703 28.607424
v -53.770084 8.374660 28.673231
v -53.628258 8.197259 28.652876
v -54.211700 7.852868 28.520895
v -53.971043 7.750516 28.531281
v -54.249184 8.826507 28.672997
v -53.490089 6.397616 27.772831
v -54.507290 6.960632 27.771765
v -55.396896 7.712835 27.770782
v -52.527363 8.672525 28.836433
v -53.113861 7.310852 28.626686
v -53.501629 7.538787 28.644573
v -53.360081 7.793900 28.721544
v -56.115788 8.616187 27.846369
v -56.360729 8.457803 28.856606
v -57.170204 7.934380 28.836432
v -57.190857 7.921023 29.162735
v -56.644623 9.642432 27.846369
v -56.915760 9.534881 28.856606
v -57.811798 9.179432 28.836432
v -57.834660 9.170364 29.162735
v -57.311989 7.842695 29.162737
v -57.968739 9.117173 29.162737
v -57.311989 7.842695 29.063560
v -57.968739 9.117173 29.063560
v -58.029854 9.070196 24.012272
v -56.943211 9.523988 24.374018
v -55.994202 8.828781 28.349712
v -56.520622 9.691599 28.252363
v -55.322933 9.267509 28.794655
v -55.963192 9.356667 28.446545
v -56.196507 9.820092 28.428329
v -55.098110 9.456521 28.857161
v -54.695305 9.324665 28.918493
v -54.895065 9.481066 28.898769
v -55.294201 8.842337 28.754572
v -55.383247 9.117340 28.770735
v -54.465248 9.816150 28.836433
v -54.831944 9.945036 28.793097
v -54.043983 9.955863 28.836433
v -56.664265 9.623370 27.904940
v -56.135433 8.597126 27.904940
v -55.540493 10.082606 28.446867
v -55.259045 9.274159 28.567274
v -55.041584 9.449910 28.607424
v -54.686409 9.318990 28.673231
v -54.859459 9.466092 28.652876
v -55.221256 8.893284 28.520895
v -55.316319 9.136909 28.531281
v -56.654129 9.658364 27.772831
v -56.121983 8.624677 27.771765
v -54.351276 10.552184 28.836433
v -55.454670 10.116409 28.705482
v -55.729980 10.006937 28.626686
v -55.513821 9.612484 28.644573
v -55.254562 9.746289 28.721544
v -57.058945 11.902640 27.846369
v -57.350601 11.907030 28.856604
v -58.314453 11.921535 28.836430
v -58.339046 11.921908 29.162735
v -56.963089 10.752135 27.846369
v -57.250000 10.699539 28.856606
v -58.198162 10.525734 28.836432
v -58.222355 10.521297 29.162737
v -58.483280 11.924080 29.162735
v -58.364239 10.495293 29.162735
v -58.483280 11.924080 29.063559
v -58.364239 10.495293 29.063559
v -57.380127 11.907474 24.374016
v -54.592022 11.865507 28.836433
v -56.847950 11.899463 28.360584
v -56.728836 10.680696 28.349714
v -56.240582 11.890318 28.754986
v -55.939354 10.821433 28.794655
v -54.968948 11.871178 28.848309
v -56.344383 10.317618 28.446545
v -55.646095 10.837936 28.857161
v -55.443222 11.210057 28.918495
v -55.481441 10.959253 28.898769
v -56.209896 11.150681 28.754572
v -56.086212 10.889416 28.770735
v -55.459904 11.878570 28.909275
v -54.938805 11.009933 28.836433
v -55.117435 10.664722 28.793097
v -54.536320 11.196987 28.836433
v -56.990463 10.752544 27.904940
v -57.086319 11.903051 27.904940
v -56.146969 11.888909 28.522844
v -55.888279 10.860390 28.567274
v -55.609478 10.881496 28.607424
v -55.440628 11.220291 28.673231
v -55.465786 10.994560 28.652876
v -56.121857 11.163593 28.520895
v -56.024067 10.921057 28.531281
v -55.459904 11.878570 28.672997
v -56.961781 10.741705 27.771765
v -57.058941 11.902640 27.770784
v -55.841854 10.439414 28.644573
v -55.561375 10.519711 28.721544
v -56.928505 13.049737 27.846367
v -57.213703 13.110946 28.856604
v -58.156200 13.313209 28.836430
v -58.180256 13.318373 29.162735
v -56.576782 14.149343 27.846367
v -56.844566 14.265014 28.856604
v -57.729496 14.647267 28.836430
v -57.752075 14.657022 29.162735
v -58.321289 13.348639 29.162735
v -57.884495 14.714222 29.162735
v -58.321289 13.348639 29.063559
v -57.884495 14.714222 29.063559
v -58.557949 11.882957 24.012272
v -57.960922 14.724226 24.012272
v -56.871670 14.276722 24.374016
v -56.692211 13.114096 28.349712
v -56.454338 14.096431 28.252361
v -55.907326 12.949663 28.794655
v -56.297001 13.465436 28.446543
v -56.134296 13.958104 28.428329
v -55.614697 12.924341 28.857157
v -55.423103 12.546275 28.918495
v -55.453766 12.798120 28.898771
v -56.187645 12.628697 28.754570
v -56.056156 12.886128 28.770733
v -54.912895 12.731131 28.836433
v -55.081059 13.081561 28.793097
v -54.516228 12.532043 28.836433
v -56.604156 14.149757 27.904938
v -56.955875 13.050150 27.904938
v -55.484798 13.679861 28.446863
v -55.857441 12.909183 28.567274
v -55.579403 12.879694 28.607426
v -55.420822 12.535973 28.673231
v -55.439178 12.762354 28.652876
v -56.100040 12.613145 28.520893
v -55.994987 12.852631 28.531277
v -56.572243 14.167338 27.772829
v -56.926884 13.060123 27.771763
v -54.311855 13.170995 28.836433
v -55.400204 13.643077 28.705479
v -55.672295 13.760345 28.626682
v -55.798370 13.328571 28.644573
v -55.520424 13.239865 28.721544
v -55.271545 16.040524 27.846369
v -55.474678 16.249863 28.856604
v -56.145962 16.941664 28.836430
v -56.163094 16.959318 29.162735
v -56.017296 15.159212 27.846369
v -56.257366 15.324902 28.856604
v -57.050716 15.872452 28.836430
v -57.070961 15.886422 29.162735
v -56.263546 17.062840 29.162735
v -57.189678 15.968362 29.162735
v -56.263546 17.062840 29.063559
v -57.189678 15.968362 29.063559
v -56.315193 17.116085 24.012272
v -55.495239 16.271053 24.374016
v -53.553429 14.269891 28.836433
v -55.124592 15.889079 28.360584
v -55.902164 14.943061 28.349712
v -54.701584 15.453142 28.754982
v -55.244411 14.484327 28.794653
v -53.815945 14.540431 28.848309
v -55.887058 14.414475 28.446543
v -55.025372 14.288633 28.857157
v -54.618782 14.408307 28.918495
v -54.823162 14.257988 28.898769
v -55.202892 14.908442 28.754570
v -55.300175 14.636242 28.770733
v -54.157871 14.892811 28.909273
v -54.403622 13.910119 28.836433
v -54.774033 13.792328 28.793097
v -53.986755 13.757791 28.836433
v -56.036362 15.178861 27.904938
v -55.290611 16.060171 27.904938
v -54.636387 15.385953 28.522842
v -55.180748 14.475755 28.567272
v -54.968670 14.293544 28.607424
v -54.609722 14.413711 28.673229
v -54.787121 14.271884 28.652874
v -55.131512 14.855321 28.520893
v -55.233868 14.614669 28.531277
v -54.157871 14.892811 28.672995
v -56.023746 15.150915 27.771763
v -55.271545 16.040524 27.770782
v -55.445591 14.145253 28.644573
v -55.190479 14.003706 28.721542
v -54.368195 16.759407 27.846369
v -54.526581 17.004354 28.856604
v -55.050003 17.813826 28.836430
v -55.063358 17.834484 29.162735
v -53.341946 17.288248 27.846369
v -53.449501 17.559383 28.856604
v -53.804951 18.455420 28.836430
v -53.814018 18.478279 29.162735
v -55.141682 17.955612 29.162735
v -53.867207 18.612362 29.162735
v -55.141682 17.955612 29.063559
v -53.867207 18.612362 29.063559
v -53.914181 18.673479 24.012272
v -53.460392 17.586832 24.374016
v -54.155602 16.637827 28.349712
v -53.292782 17.164246 28.252361
v -53.716873 15.966559 28.794653
v -53.627712 16.606813 28.446545
v -53.164288 16.840134 28.428329
v -53.527855 15.741735 28.857157
v -53.659714 15.338928 28.918495
v -53.503315 15.538692 28.898769
v -54.142044 15.937824 28.754570
v -53.867043 16.026873 28.770735
v -53.168232 15.108871 28.836433
v -53.039345 15.475568 28.793097
v -53.028515 14.687609 28.836433
v -53.361012 17.307892 27.904938
v -54.387257 16.779055 27.904938
v -52.901775 16.184122 28.446863
v -53.710220 15.902667 28.567272
v -53.534470 15.685208 28.607424
v -53.665390 15.330034 28.673233
v -53.518288 15.503086 28.652876
v -54.091099 15.864882 28.520893
v -53.847473 15.959942 28.531277
v -53.326012 17.297754 27.772831
v -54.359699 16.765606 27.771763
v -52.432198 14.994897 28.836433
v -52.867970 16.098297 28.705484
v -52.977444 16.373610 28.626686
v -53.371899 16.157448 28.644573
v -53.238091 15.898191 28.721542
v -51.081741 17.702568 27.846369
v -51.077351 17.994226 28.856604
v -51.062840 18.958075 28.836432
v -51.062469 18.982670 29.162735
v -52.232246 17.606714 27.846369
v -52.284843 17.893627 28.856604
v -52.458645 18.841784 28.836430
v -52.463081 18.865982 29.162735
v -51.060303 19.126904 29.162735
v -52.489090 19.007862 29.162735
v -51.060303 19.126904 29.063559
v -52.489090 19.007862 29.063559
v -51.076904 18.023752 24.374016
v -51.118874 15.235648 28.836433
v -51.084919 17.491571 28.360584
v -52.303688 17.372463 28.349712
v -51.094059 16.884205 28.754982
v -52.162945 16.582979 28.794653
v -51.113197 15.612571 28.848309
v -52.666759 16.988010 28.446545
v -52.146446 16.289724 28.857157
v -51.774319 16.086843 28.918495
v -52.025127 16.125071 28.898769
v -51.833694 16.853519 28.754570
v -52.094959 16.729834 28.770735
v -51.105808 16.103527 28.909277
v -51.974449 15.582430 28.836433
v -52.319656 15.761059 28.793097
v -51.787388 15.179948 28.836433
v -52.231834 17.634087 27.904938
v -51.081329 17.729942 27.904940
v -51.095467 16.790590 28.522842
v -52.123993 16.531904 28.567272
v -52.102886 16.253105 28.607424
v -51.764091 16.084257 28.673233
v -51.989819 16.109411 28.652878
v -51.820786 16.765486 28.520895
v -52.063324 16.667690 28.531277
v -51.105808 16.103527 28.672997
v -52.242676 17.605406 27.771765
v -51.081741 17.702568 27.770782
v -52.544968 16.485477 28.644573
v -52.464664 16.204996 28.721542
v -49.934643 17.572130 27.846373
v -49.873440 17.857328 28.856604
v -49.671173 18.799829 28.836432
v -49.666008 18.823879 29.162735
v -48.835033 17.220407 27.846373
v -48.719364 17.488184 28.856607
v -48.337109 18.373114 28.836433
v -48.327358 18.395699 29.162737
v -49.635742 18.964914 29.162735
v -48.270157 18.528116 29.162737
v -49.635742 18.964914 29.063559
v -48.270157 18.528116 29.063560
v -51.101452 19.201593 24.012272
v -48.260155 18.604546 24.012274
v -48.707653 17.515295 24.374016
v -49.870289 17.335833 28.349714
v -48.887947 17.097961 28.252363
v -50.034721 16.550947 28.794655
v -49.518944 16.940628 28.446547
v -49.026276 16.777922 28.428333
v -50.060043 16.258320 28.857161
v -50.438107 16.066729 28.918495
v -50.186264 16.097389 28.898771
v -50.355682 16.831272 28.754572
v -50.098255 16.699780 28.770737
v -50.253250 15.556521 28.836433
v -49.902821 15.724682 28.793097
v -50.452335 15.159851 28.836433
v -48.834625 17.247782 27.904942
v -49.934231 17.599503 27.904942
v -49.304520 16.128426 28.446867
v -50.075195 16.501066 28.567276
v -50.104687 16.223024 28.607426
v -50.448406 16.064451 28.673233
v -50.222019 16.082802 28.652878
v -50.371235 16.743664 28.520899
v -50.131744 16.638617 28.531281
v -48.817043 17.215864 27.772833
v -49.924255 17.570509 27.771767
v -49.813385 14.955478 28.836433
v -49.341309 16.043837 28.705484
v -49.224033 16.315918 28.626688
v -49.655807 16.441990 28.644575
v -49.744514 16.164053 28.721546
v -46.943855 15.915171 27.846373
v -46.734520 16.118301 28.856607
v -46.042713 16.789587 28.836433
v -46.025063 16.806717 29.162737
v -47.825165 16.660921 27.846373
v -47.659477 16.900990 28.856607
v -47.111931 17.694342 28.836433
v -47.097958 17.714584 29.162737
v -45.921539 16.907167 29.162737
v -47.016022 17.833300 29.162737
v -45.921539 16.907167 29.063560
v -47.016022 17.833300 29.063560
v -46.713329 16.138865 24.374018
v -48.714493 14.197052 28.836433
v -47.095303 15.768218 28.360586
v -48.041321 16.545792 28.349714
v -47.531239 15.345212 28.754986
v -48.500053 15.888035 28.794655
v -48.443951 14.459566 28.848309
v -48.569904 16.530682 28.446547
v -48.695751 15.669001 28.857161
v -48.576073 15.262408 28.918495
v -48.726395 15.466786 28.898771
v -48.075939 15.846515 28.754572
v -48.348137 15.943800 28.770737
v -48.091572 14.801499 28.909277
v -49.074261 15.047247 28.836433
v -49.192051 15.417657 28.793097
v -49.226589 14.630382 28.836433
v -47.805519 16.679985 27.904942
v -46.924210 15.934236 27.904942
v -47.598427 15.280015 28.522844
v -48.508625 15.824370 28.567276
v -48.690838 15.612299 28.607426
v -48.570667 15.253345 28.673233
v -48.712498 15.430747 28.652878
v -48.129059 15.775138 28.520899
v -48.369713 15.877489 28.531281
v -48.091572 14.801499 28.672997
v -47.833466 16.667372 27.771767
v -46.943855 15.915171 27.770784
v -48.839127 16.089218 28.644575
v -48.980679 15.834105 28.721546
v -46.224972 15.011816 27.846373
v -45.980026 15.170202 28.856607
v -45.170555 15.693625 28.836433
v -45.149899 15.706984 29.162737
v -45.696133 13.985574 27.846373
v -45.424995 14.093128 28.856606
v -44.528961 14.448572 28.836433
v -44.506096 14.457644 29.162737
v -45.028770 15.785308 29.162737
v -44.372017 14.510835 29.162737
v -45.028770 15.785308 29.063560
v -44.372017 14.510835 29.063560
v -45.897842 16.989086 24.012274
v -44.310898 14.557805 24.012274
v -45.397545 14.104017 24.374018
v -46.346554 14.799225 28.349714
v -45.820129 13.936406 28.252363
v -47.017818 14.360497 28.794655
v -46.377567 14.271335 28.446547
v -46.144245 13.807914 28.428333
v -47.242649 14.171481 28.857161
v -47.645451 14.303342 28.918495
v -47.445686 14.146941 28.898771
v -47.046555 14.785669 28.754572
v -46.957512 14.510666 28.770737
v -47.875507 13.811857 28.836433
v -47.508816 13.682968 28.793097
v -48.296768 13.672143 28.836433
v -45.676487 14.004638 27.904942
v -46.205322 15.030880 27.904942
v -46.800259 13.545400 28.446867
v -47.081715 14.353845 28.567276
v -47.299171 14.178098 28.607426
v -47.654346 14.309017 28.673233
v -47.481297 14.161914 28.652878
v -47.119499 14.734723 28.520899
v -47.024441 14.491096 28.531281
v -45.686626 13.969641 27.772833
v -46.218777 15.003328 27.771767
v -47.989479 13.075824 28.836433
v -46.886086 13.511597 28.705484
v -46.610771 13.621070 28.626688
v -46.826935 14.015522 28.644575
v -47.086189 13.881716 28.721546
v -45.281811 11.725366 27.846373
v -44.990154 11.720977 28.856607
v -44.026306 11.706469 28.836435
v -44.001713 11.706098 29.162739
v -45.377670 12.875868 27.846373
v -45.090755 12.928465 28.856606
v -44.142593 13.102273 28.836433
v -44.118397 13.106707 29.162737
v -43.857475 11.703924 29.162739
v -43.976517 13.132716 29.162739
v -43.857475 11.703924 29.063564
v -43.976517 13.132716 29.063564
v -43.783329 11.702837 24.012276
v -44.960629 11.720531 24.374018
v -47.748734 11.762499 28.836433
v -45.492809 11.728541 28.360586
v -45.611919 12.947309 28.349714
v -46.100174 11.737686 28.754986
v -46.401402 12.806576 28.794655
v -47.371811 11.756825 28.848309
v -45.996372 13.310388 28.446547
v -46.694653 12.790070 28.857161
v -46.897537 12.417945 28.918495
v -46.859310 12.668754 28.898771
v -46.130863 12.477320 28.754572
v -46.254547 12.738588 28.770737
v -46.880856 11.749436 28.909277
v -47.401951 12.618074 28.836433
v -47.223320 12.963282 28.793097
v -47.804432 12.431019 28.836433
v -45.350296 12.875458 27.904942
v -45.254440 11.724953 27.904942
v -46.193790 11.739093 28.522844
v -46.452477 12.767616 28.567276
v -46.731281 12.746508 28.607426
v -46.900124 12.407715 28.673233
v -46.874969 12.633446 28.652878
v -46.218899 12.464413 28.520899
v -46.316689 12.706952 28.531281
v -46.880856 11.749436 28.672997
v -45.378975 12.886299 27.771767
v -45.281811 11.725366 27.770784
v -46.498898 13.188595 28.644575
v -46.779385 13.108291 28.721546
v -45.412247 10.578267 27.846375
v -45.127048 10.517060 28.856607
v -44.184551 10.314795 28.836433
v -44.160503 10.309631 29.162739
v -45.763973 9.478662 27.846375
v -45.496193 9.362988 28.856607
v -44.611263 8.980736 28.836433
v -44.588684 8.970983 29.162739
v -44.019466 10.279368 29.162739
v -44.456264 8.913780 29.162739
v -44.019466 10.279368 29.063564
v -44.456264 8.913780 29.063564
v -44.379833 8.903784 24.012276
v -45.469090 9.351281 24.374018
v -45.648544 10.513910 28.349716
v -45.886417 9.531576 28.252365
v -46.433434 10.678346 28.794655
v -46.043751 10.162570 28.446550
v -46.206459 9.669900 28.428335
v -46.726063 10.703671 28.857162
v -46.917648 11.081732 28.918495
v -46.886990 10.829887 28.898771
v -46.153111 10.999306 28.754574
v -46.284603 10.741883 28.770737
v -47.427856 10.896875 28.836433
v -47.259701 10.546446 28.793097
v -47.824528 11.095961 28.836433
v -45.736599 9.478248 27.904942
v -45.384880 10.577856 27.904942
v -46.855953 9.948143 28.446869
v -46.483318 10.718822 28.567274
v -46.761353 10.748312 28.607426
v -46.919926 11.092036 28.673233
v -46.901581 10.865647 28.652878
v -46.240711 11.014859 28.520899
v -46.345764 10.775373 28.531282
v -45.768517 9.460673 27.772835
v -45.413872 10.567883 27.771770
v -48.028900 10.457011 28.836433
v -46.940544 9.984929 28.705484
v -46.668457 9.867663 28.626690
v -46.542389 10.299435 28.644579
v -46.820328 10.388141 28.721544
v -47.069210 7.587483 27.846375
v -46.866077 7.378143 28.856607
v -46.194798 6.686341 28.836433
v -46.177662 6.668687 29.162739
v -46.323463 8.468791 27.846375
v -46.083393 8.303103 28.856607
v -45.290043 7.755554 28.836433
v -45.269794 7.741583 29.162739
v -46.077213 6.565166 29.162739
v -45.151077 7.659646 29.162739
v -46.077213 6.565166 29.063564
v -45.151077 7.659646 29.063564
v -46.025570 6.511973 24.012276
v -46.845516 7.356952 24.374018
v -48.787327 9.358115 28.836433
v -47.216160 7.738927 28.360590
v -46.438591 8.684947 28.349716
v -47.639172 8.174864 28.754988
v -47.096348 9.143680 28.794659
v -48.524815 9.087576 28.848309
v -46.453701 9.213530 28.446550
v -47.315384 9.339375 28.857162
v -47.721970 9.219700 28.918495
v -47.517593 9.370017 28.898773
v -47.137867 8.719564 28.754574
v -47.040581 8.991763 28.770741
v -48.182884 8.735194 28.909277
v -47.937134 9.717886 28.836433
v -47.566727 9.835677 28.793097
v -48.354000 9.870215 28.836433
v -46.304394 8.449143 27.904942
v -47.050148 7.567835 27.904942
v -47.704365 8.242054 28.522846
v -47.160011 9.152250 28.567276
v -47.372078 9.334464 28.607430
v -47.731037 9.214295 28.673233
v -47.553631 9.356123 28.652880
v -47.209240 8.772684 28.520899
v -47.106892 9.013337 28.531282
v -48.182884 8.735194 28.672998
v -46.317013 8.477092 27.771767
v -47.069210 7.587483 27.770786
v -46.895164 9.482753 28.644579
v -47.150276 9.624300 28.721546
v -47.972565 6.868597 27.846375
v -47.814178 6.623651 28.856607
v -47.290756 5.814178 28.836433
v -47.277397 5.793522 29.162739
v -48.998810 6.339759 27.846373
v -48.891254 6.068624 28.856607
v -48.535801 5.172588 28.836433
v -48.526737 5.149724 29.162739
v -47.199070 5.672393 29.162739
v -48.473549 5.015644 29.162739
v -47.199070 5.672393 29.063564
v -48.473549 5.015644 29.063564
v -48.426571 4.954525 24.012276
v -48.880363 6.041174 24.374018
v -48.185154 6.990180 28.349716
v -49.047974 6.463759 28.252365
v -48.623886 7.661447 28.794659
v -48.713047 7.021192 28.446547
v -49.176464 6.787873 28.428335
v -48.812893 7.886274 28.857162
v -48.681042 8.289078 28.918495
v -48.837440 8.089315 28.898773
v -48.198711 7.690181 28.754574
v -48.473713 7.601132 28.770737
v -49.172527 8.519135 28.836433
v -49.301407 8.152437 28.793097
v -49.312237 8.940397 28.836433
v -48.979744 6.320114 27.904942
v -47.953503 6.848948 27.904942
v -49.438980 7.443885 28.446869
v -48.630531 7.725338 28.567276
v -48.806278 7.942799 28.607430
v -48.675365 8.297972 28.673233
v -48.822464 8.124920 28.652878
v -48.249657 7.763125 28.520899
v -48.493286 7.668062 28.531282
v -49.014740 6.330252 27.772833
v -47.981052 6.862401 27.771767
v -49.908558 8.633106 28.836433
v -49.472786 7.529711 28.705484
v -49.363308 7.254397 28.626688
v -48.968857 7.470559 28.644579
v -49.102665 7.729815 28.721546
v -51.259014 5.925436 27.846373
v -51.263401 5.633780 28.856607
v -51.277920 4.669927 28.836433
v -51.278286 4.645336 29.162739
v -50.108509 6.021293 27.846373
v -50.055912 5.734379 28.856607
v -49.882111 4.786220 28.836433
v -49.877674 4.762024 29.162739
v -51.280453 4.501101 29.162739
v -49.851665 4.620144 29.162739
v -51.280453 4.501101 29.063564
v -49.851665 4.620144 29.063564
v -51.281570 4.426977 24.012276
v -51.263847 5.604253 24.374018
v -51.221882 8.392359 28.836433
v -51.255840 6.136433 28.360586
v -50.037067 6.255542 28.349716
v -51.246700 6.743800 28.754988
v -50.177807 7.045026 28.794659
v -51.227562 8.015430 28.848309
v -49.673992 6.639996 28.446547
v -50.194313 7.338283 28.857162
v -50.566433 7.541164 28.918495
v -50.315628 7.502938 28.898773
v -50.507057 6.774487 28.754574
v -50.245792 6.898173 28.770737
v -51.234943 7.524478 28.909275
v -50.366310 8.045576 28.836433
v -50.021099 7.866947 28.793097
v -50.553364 8.448056 28.836433
v -50.108921 5.993921 27.904942
v -51.259426 5.898061 27.904942
v -51.245285 6.837416 28.522846
v -50.216763 7.096105 28.567276
v -50.237873 7.374902 28.607430
v -50.576664 7.543750 28.673233
v -50.350941 7.518592 28.652878
v -50.519970 6.862518 28.520899
v -50.277428 6.960316 28.531282
v -51.234943 7.524478 28.672997
v -50.098083 6.022600 27.771767
v -51.259014 5.925436 27.770786
v -49.795788 7.142527 28.644579
v -49.876091 7.423009 28.721546
v -52.406109 6.055874 27.846369
v -52.467319 5.770677 28.856607
v -52.669582 4.828178 28.836433
v -52.674747 4.804127 29.162739
v -52.705009 4.663094 29.162739
v -52.705009 4.663094 29.063564
v -52.470470 6.292171 28.349714
v -52.306034 7.077061 28.794655
v -52.821808 6.687377 28.446545
v -52.280712 7.369688 28.857161
v -51.902649 7.561277 28.918495
v -52.154495 7.530617 28.898769
v -51.985073 6.796735 28.754572
v -52.242504 6.928225 28.770735
v -52.087505 8.071484 28.836433
v -52.437935 7.903325 28.793097
v -51.888424 8.468155 28.836433
v -53.506130 6.380223 27.904940
v -52.406525 6.028505 27.904940
v -53.036232 7.499579 28.446867
v -52.265556 7.126940 28.567274
v -52.236069 7.404980 28.607424
v -51.892349 7.563555 28.673231
v -52.118732 7.545204 28.652876
v -51.969521 6.884340 28.520895
v -52.209007 6.989391 28.531281
v -53.523708 6.412143 27.772831
v -52.416500 6.057497 27.771765
v -52.999447 7.584170 28.705482
v -52.684948 7.186016 28.644573
v -52.596241 7.463954 28.721544
v -56.924061 6.230962 29.624773
v -56.220825 6.913345 28.730026
v -56.362484 6.775882 24.148075
v -56.921398 6.233545 23.363977
v -58.307125 4.888920 23.310223
v -58.307320 4.888728 29.651474
v -58.895821 4.317682 23.547419
v -58.895824 4.317678 29.414328
v -59.492390 3.738804 28.399771
v -59.648918 3.586920 27.263790
v -59.492390 3.738804 24.561974
v -59.648918 3.586920 25.699074
v -55.724312 5.215747 29.624773
v -55.167706 6.022216 28.730026
v -55.279835 5.859757 24.148075
v -55.722202 5.218804 23.363977
v -56.818974 3.629674 23.310223
v -56.819134 3.629446 29.651474
v -57.284920 2.954561 23.547419
v -57.284920 2.954560 29.414328
v -57.757099 2.270419 28.399771
v -57.880985 2.090917 27.263790
v -57.757099 2.270419 24.561974
v -57.880985 2.090917 25.699074
v -54.349552 4.454103 29.624773
v -53.960983 5.353662 28.730026
v -54.039257 5.172449 24.148075
v -54.348076 4.457513 23.363977
v -55.113758 2.684946 23.310223
v -55.113865 2.684694 29.651474
v -55.439037 1.931906 23.547419
v -55.439041 1.931902 29.414328
v -55.768669 1.168795 28.399771
v -55.855160 0.968569 27.263790
v -55.768669 1.168795 24.561974
v -55.855160 0.968569 25.699074
v -52.852619 3.975295 29.624773
v -52.647007 4.933378 28.730024
v -52.688431 4.740374 24.148075
v -52.851841 3.978927 23.363977
v -53.256996 2.091042 23.310223
v -53.257053 2.090772 29.651474
v -53.429119 1.289011 23.547419
v -53.429119 1.289011 29.414328
v -53.603542 0.476254 28.399771
v -53.649307 0.263004 27.263790
v -53.603542 0.476254 24.561974
v -53.649307 0.263004 25.699074
v -51.291039 3.797726 29.624773
v -51.276295 4.777509 28.730024
v -51.279266 4.580134 24.148075
v -51.290989 3.801438 23.363977
v -51.320045 1.870786 23.310223
v -51.320049 1.870512 29.651474
v -51.332394 1.050587 23.547419
v -51.332394 1.050586 29.414328
v -51.344902 0.219420 28.399771
v -51.348186 0.001341 27.263790
v -51.344902 0.219420 24.561974
v -51.348186 0.001341 25.699074
v -49.724827 3.928214 29.624773
v -49.901505 4.892051 28.730024
v -49.865913 4.697889 24.148075
v -49.725491 3.931868 23.363977
v -49.377346 2.032643 23.310223
v -49.377293 2.032374 29.651474
v -49.229443 1.225796 23.547419
v -49.229439 1.225795 29.414328
v -49.079559 0.408159 28.399769
v -49.040234 0.193628 27.263790
v -49.079559 0.408159 24.561974
v -49.040234 0.193628 25.699074
v -48.214157 4.361753 29.624773
v -48.575481 5.272599 28.730024
v -48.502693 5.089113 24.148075
v -48.215527 4.365202 23.363977
v -47.503548 2.570395 23.310219
v -47.503448 2.570137 29.651474
v -47.201077 1.807904 23.547417
v -47.201077 1.807903 29.414328
v -46.894562 1.035216 28.399769
v -46.814137 0.832481 27.263790
v -46.894562 1.035216 24.561974
v -46.814137 0.832481 25.699072
v -46.817101 5.081676 29.624773
v -47.349174 5.904530 28.730024
v -47.241989 5.738769 24.148075
v -46.819118 5.084793 23.363976
v -45.770664 3.463370 23.310219
v -45.770519 3.463137 29.651474
v -45.325256 2.774539 23.547417
v -45.325256 2.774538 29.414328
v -44.873886 2.076499 28.399769
v -44.755455 1.893345 27.263790
v -44.873886 2.076499 24.561974
v -44.755455 1.893345 25.699072
v -45.587334 6.060316 29.624773
v -46.269718 6.763556 28.730024
v -46.132256 6.621892 24.148075
v -45.589920 6.062981 23.363976
v -44.245293 4.677256 23.310219
v -44.245102 4.677058 29.651474
v -43.674057 4.088558 23.547417
v -43.674053 4.088557 29.414328
v -43.095181 3.491987 28.399769
v -42.943295 3.335458 27.263790
v -43.095181 3.491987 24.561974
v -42.943295 3.335458 25.699072
v -44.572121 7.260069 29.624773
v -45.378590 7.816670 28.730024
v -45.216133 7.704546 24.148075
v -44.575180 7.262178 23.363976
v -42.986046 6.165403 23.310219
v -42.985821 6.165247 29.651474
v -42.310936 5.699458 23.547417
v -42.310936 5.699460 29.414328
v -41.626793 5.227284 28.399769
v -41.447292 5.103396 27.263790
v -41.626793 5.227284 24.561974
v -41.447292 5.103396 25.699072
v -43.810478 8.634828 29.624773
v -44.710037 9.023401 28.730024
v -44.528824 8.945124 24.148073
v -43.813889 8.636300 23.363976
v -42.041321 7.870623 23.310219
v -42.041065 7.870514 29.651474
v -41.288280 7.545340 23.547417
v -41.288280 7.545340 29.414328
v -40.525166 7.215707 28.399769
v -40.324944 7.129219 27.263790
v -40.525166 7.215707 24.561974
v -40.324944 7.129219 25.699072
v -43.331673 10.131760 29.624773
v -44.289749 10.337371 28.730024
v -44.096748 10.295951 24.148073
v -43.335300 10.132540 23.363976
v -41.447418 9.727386 23.310219
v -41.447147 9.727329 29.651474
v -40.645390 9.555264 23.547417
v -40.645382 9.555264 29.414328
v -39.832626 9.380841 28.399769
v -39.619381 9.335075 27.263790
v -39.832626 9.380841 24.561974
v -39.619381 9.335075 25.699072
v -43.154099 11.693337 29.624773
v -44.133884 11.708085 28.730024
v -43.936512 11.705113 24.148073
v -43.157814 11.693394 23.363976
v -41.227161 11.664333 23.310219
v -41.226887 11.664329 29.651474
v -40.406967 11.651987 23.547417
v -40.406960 11.651987 29.414328
v -39.575798 11.639476 28.399769
v -39.357719 11.636192 27.263790
v -39.575798 11.639476 24.561974
v -39.357719 11.636192 25.699072
v -43.284592 13.259556 29.624773
v -44.248425 13.082873 28.730024
v -44.054264 13.118466 24.148073
v -43.288242 13.258884 23.363976
v -41.389019 13.607033 23.310219
v -41.388748 13.607084 29.651474
v -40.582172 13.754939 23.547417
v -40.582172 13.754939 29.414328
v -39.764534 13.904821 28.399769
v -39.549999 13.944147 27.263790
v -39.764534 13.904821 24.561974
v -39.549999 13.944147 25.699072
v -43.718128 14.770220 29.624773
v -44.628971 14.408901 28.730024
v -44.445484 14.481687 24.148075
v -43.721581 14.768851 23.363976
v -41.926769 15.480832 23.310219
v -41.926510 15.480933 29.651474
v -41.164276 15.783301 23.547417
v -41.164276 15.783303 29.414328
v -40.391590 16.089817 28.399769
v -40.188854 16.170240 27.263790
v -40.391590 16.089817 24.561974
v -40.188854 16.170240 25.699072
v -44.438049 16.167280 29.624773
v -45.260902 15.635202 28.730024
v -45.095142 15.742387 24.148073
v -44.441166 16.165264 23.363976
v -42.819744 17.213711 23.310219
v -42.819511 17.213861 29.651474
v -42.130913 17.659124 23.547417
v -42.130913 17.659124 29.414328
v -41.432873 18.110495 28.399769
v -41.249725 18.228924 27.263790
v -41.432873 18.110495 24.561974
v -41.249725 18.228924 25.699072
v -45.416695 17.397043 29.624773
v -46.119934 16.714661 28.730024
v -45.978264 16.852125 24.148075
v -45.419357 17.394459 23.363976
v -44.033630 18.739084 23.310219
v -44.033432 18.739277 29.651474
v -43.444935 19.310324 23.547417
v -43.444931 19.310326 29.414328
v -42.848362 19.889202 28.399769
v -42.691837 20.041088 27.263790
v -42.848362 19.889202 24.561974
v -42.691837 20.041088 25.699072
v -46.616444 18.412256 29.624773
v -47.173046 17.605791 28.730024
v -47.060921 17.768250 24.148075
v -46.618553 18.409203 23.363976
v -45.521778 19.998335 23.310219
v -45.521622 19.998560 29.651474
v -45.055836 20.673445 23.547417
v -45.055836 20.673445 29.414328
v -44.583660 21.357584 28.399769
v -44.459770 21.537090 27.263790
v -44.583660 21.357584 24.561974
v -44.459770 21.537090 25.699072
v -47.991203 19.173901 29.624773
v -48.379776 18.274340 28.730024
v -48.301498 18.455553 24.148075
v -47.992672 19.170492 23.363977
v -47.226997 20.943058 23.310219
v -47.226887 20.943312 29.651474
v -46.901718 21.696098 23.547417
v -46.901718 21.696100 29.414328
v -46.572083 22.459209 28.399769
v -46.485596 22.659435 27.263790
v -46.572083 22.459209 24.561974
v -46.485596 22.659435 25.699072
v -49.488136 19.652708 29.624773
v -49.693745 18.694628 28.730024
v -49.652325 18.887630 24.148075
v -49.488914 19.649078 23.363977
v -49.083759 21.536964 23.310223
v -49.083702 21.537233 29.651474
v -48.911640 22.338993 23.547419
v -48.911636 22.338993 29.414328
v -48.737213 23.151751 28.399769
v -48.691452 23.365002 27.263790
v -48.737213 23.151751 24.561974
v -48.691452 23.365002 25.699074
v -51.049717 19.830278 29.624773
v -51.064461 18.850496 28.730024
v -51.061489 19.047871 24.148075
v -51.049770 19.826569 23.363977
v -51.020710 21.757217 23.310223
v -51.020702 21.757492 29.651474
v -51.008362 22.577415 23.547419
v -51.008362 22.577415 29.414328
v -50.995850 23.408585 28.399771
v -50.992569 23.626665 27.263790
v -50.995850 23.408585 24.561974
v -50.992569 23.626665 25.699074
v -52.615932 19.699791 29.624773
v -52.439247 18.735954 28.730024
v -52.474842 18.930115 24.148075
v -52.615261 19.696138 23.363977
v -52.963413 21.595358 23.310223
v -52.963459 21.595631 29.651474
v -53.111317 22.402206 23.547419
v -53.111317 22.402210 29.414328
v -53.261196 23.219847 28.399771
v -53.300522 23.434376 27.263790
v -53.261196 23.219847 24.561974
v -53.300522 23.434376 25.699074
v -54.126598 19.266253 29.624773
v -53.765274 18.355406 28.730026
v -53.838062 18.538893 24.148075
v -54.125233 19.262802 23.363977
v -54.837208 21.057611 23.310223
v -54.837311 21.057865 29.651474
v -55.139683 21.820099 23.547419
v -55.139675 21.820101 29.414328
v -55.446198 22.592785 28.399771
v -55.526619 22.795523 27.263790
v -55.446198 22.592785 24.561974
v -55.526619 22.795523 25.699074
v -55.523655 18.546331 29.624773
v -54.991577 17.723476 28.730026
v -55.098763 17.889236 24.148075
v -55.521637 18.543213 23.363977
v -56.570084 20.164637 23.310223
v -56.570232 20.164865 29.651474
v -57.015499 20.853464 23.547419
v -57.015499 20.853466 29.414328
v -57.466866 21.551508 28.399771
v -57.585300 21.734657 27.263790
v -57.466866 21.551508 24.561974
v -57.585300 21.734657 25.699074
v -56.753422 17.567690 29.624773
v -56.071033 16.864449 28.730026
v -56.208496 17.006113 24.148075
v -56.750835 17.565023 23.363977
v -58.095459 18.950748 23.310223
v -58.095654 18.950947 29.651474
v -58.666698 19.539446 23.547419
v -58.666702 19.539448 29.414328
v -59.245575 20.136019 28.399771
v -59.397461 20.292545 27.263790
v -59.245575 20.136019 24.561974
v -59.397461 20.292545 25.699074
v -57.768631 16.367933 29.624773
v -56.962166 15.811332 28.730026
v -57.124626 15.923457 24.148075
v -57.765575 16.365828 23.363977
v -59.354706 17.462599 23.310223
v -59.354935 17.462757 29.651474
v -60.029819 17.928543 23.547419
v -60.029819 17.928547 29.414328
v -60.713963 18.400721 28.399771
v -60.893463 18.524609 27.263790
v -60.713963 18.400721 24.561977
v -60.893463 18.524609 25.699074
v -58.530277 14.993176 29.624773
v -57.630714 14.604607 28.730026
v -57.811928 14.682879 24.148075
v -58.526867 14.991705 23.363977
v -60.299435 15.757379 23.310223
v -60.299690 15.757491 29.651474
v -61.052475 16.082664 23.547419
v -61.052475 16.082664 29.414328
v -61.815586 16.412298 28.399771
v -62.015812 16.498785 27.263790
v -61.815586 16.412298 24.561977
v -62.015812 16.498785 25.699074
v -59.009083 13.496243 29.624773
v -58.051003 13.290631 28.730026
v -58.244007 13.332052 24.148075
v -59.005455 13.495464 23.363977
v -60.893337 13.900618 23.310223
v -60.893608 13.900677 29.651474
v -61.695366 14.072741 23.547419
v -61.695366 14.072742 29.414328
v -62.508129 14.247163 28.399771
v -62.721378 14.292927 27.263790
v -62.508129 14.247163 24.561977
v -62.721378 14.292927 25.699074
v -59.186657 11.934664 29.624773
v -58.206871 11.919916 28.730026
v -58.404243 11.922885 24.148075
v -59.182945 11.934608 23.363977
v -61.113590 11.963669 23.310223
v -61.113869 11.963671 29.651474
v -61.933788 11.976015 23.547419
v -61.933788 11.976015 29.414328
v -62.764961 11.988523 28.399771
v -62.983040 11.991807 27.263790
v -62.764961 11.988523 24.561977
v -62.983040 11.991807 25.699074
v -59.056168 10.368448 29.624773
v -58.092331 10.545134 28.730026
v -58.286491 10.509540 24.148075
v -59.052517 10.369120 23.363977
v -60.951736 10.020970 23.310223
v -60.952007 10.020922 29.651474
v -61.758583 9.873067 23.547419
v -61.758583 9.873067 29.414328
v -62.576225 9.723184 28.399771
v -62.790752 9.683859 27.263790
v -62.576225 9.723184 24.561977
v -62.790752 9.683859 25.699074
v -58.622631 8.857785 29.624773
v -57.711781 9.219106 28.730026
v -57.895271 9.146319 24.148075
v -58.619179 8.859153 23.363977
v -60.413986 8.147176 23.310223
v -60.414242 8.147072 29.651474
v -61.176476 7.844705 23.547419
v -61.176479 7.844703 29.414328
v -61.949169 7.538187 28.399771
v -62.151897 7.457766 27.263790
v -61.949169 7.538187 24.561977
v -62.151897 7.457766 25.699074
v -57.902706 7.460724 29.624773
v -57.079849 7.992802 28.730026
v -57.245613 7.885616 24.148075
v -57.899590 7.462741 23.363977
v -59.521008 6.414295 23.310223
v -59.521240 6.414143 29.651474
v -60.209835 5.968880 23.547419
v -60.209843 5.968881 29.414328
v -60.907879 5.517509 28.399771
v -61.091030 5.399080 27.263790
v -60.907879 5.517509 24.561977
v -61.091030 5.399080 25.699074
v -51.170368 5.924771 -30.807739
v -51.170368 5.633076 -31.817976
v -51.170364 4.669115 -31.797802
v -51.170364 4.644521 -32.124104
v -52.319302 6.037925 -30.807739
v -52.376205 5.751840 -31.817976
v -52.564262 4.806403 -31.797802
v -52.569061 4.782278 -32.124104
v -53.424076 6.373057 -30.807739
v -53.535706 6.103571 -31.817976
v -53.904591 5.212984 -31.797802
v -53.914005 5.190263 -32.124104
v -51.170364 4.500274 -32.124107
v -52.597198 4.640801 -32.124107
v -53.969200 5.056996 -32.124107
v -51.170364 4.500274 -32.024929
v -52.597198 4.640801 -32.024929
v -53.969200 5.056996 -32.024929
v -51.170345 4.426130 -26.973640
v -53.978050 4.980420 -26.973640
v -51.170364 5.603548 -27.335386
v -53.547001 6.076287 -27.335386
v -51.170368 8.391974 -31.797804
v -51.170368 6.135787 -31.321955
v -52.387199 6.273230 -31.311081
v -53.373009 6.496287 -31.213732
v -51.170372 11.814004 -32.210285
v -51.170368 6.743223 -31.716354
v -52.234604 7.060502 -31.756025
v -51.170368 8.014999 -31.809679
v -52.744453 6.663096 -31.407915
v -53.239517 6.818374 -31.389700
v -52.213688 7.353473 -31.818529
v -51.838551 7.550735 -31.879862
v -52.089905 7.516287 -31.860140
v -51.909458 6.785040 -31.715942
v -52.168835 6.912640 -31.732105
v -51.170368 7.523992 -31.870646
v -52.031063 8.058103 -31.797804
v -52.378925 7.884689 -31.754467
v -51.837971 8.457724 -31.797804
v -53.424076 6.345684 -30.866310
v -52.319302 6.010551 -30.866310
v -51.170368 5.897393 -30.866310
v -51.170372 11.813993 -31.974009
v -51.170368 6.836849 -31.484213
v -52.971081 7.471984 -31.408236
v -52.194881 7.110986 -31.528645
v -52.169579 7.389438 -31.568794
v -51.828281 7.553166 -31.634600
v -52.054363 7.531412 -31.614244
v -51.895226 6.872869 -31.482265
v -52.136269 6.974302 -31.492649
v -51.170368 7.523992 -31.634365
v -53.442131 6.377329 -30.734200
v -52.329708 6.039390 -30.733135
v -51.170368 5.924771 -30.732151
v -52.479927 8.652459 -31.797804
v -53.048729 7.283299 -31.588055
v -52.615112 7.163742 -31.605944
v -52.530598 7.442982 -31.682913
v -50.021435 6.037929 -30.807739
v -49.964531 5.751843 -31.817976
v -49.776466 4.806406 -31.797802
v -49.771667 4.782282 -32.124104
v -48.916660 6.373062 -30.807739
v -48.805031 6.103576 -31.817976
v -48.436134 5.212991 -31.797802
v -48.426723 5.190270 -32.124104
v -49.743526 4.640805 -32.124107
v -48.371525 5.057003 -32.124107
v -49.743526 4.640805 -32.024929
v -48.371525 5.057003 -32.024929
v -48.362675 4.980427 -26.973640
v -48.793732 6.076292 -27.335386
v -49.953533 6.273233 -31.311081
v -48.967728 6.496292 -31.213732
v -50.106133 7.060504 -31.756025
v -49.596283 6.663099 -31.407915
v -49.101219 6.818378 -31.389700
v -50.127048 7.353476 -31.818529
v -50.502186 7.550737 -31.879862
v -50.250832 7.516289 -31.860140
v -50.431278 6.785041 -31.715942
v -50.171902 6.912642 -31.732105
v -50.309669 8.058105 -31.797804
v -49.961811 7.884692 -31.754467
v -50.502762 8.457726 -31.797804
v -48.916660 6.345688 -30.866310
v -50.021435 6.010555 -30.866310
v -49.369656 7.471989 -31.408236
v -50.145855 7.110988 -31.528645
v -50.171158 7.389440 -31.568794
v -50.512451 7.553169 -31.634600
v -50.286373 7.531415 -31.614244
v -50.445511 6.872870 -31.482265
v -50.204468 6.974304 -31.492649
v -48.898605 6.377334 -30.734200
v -50.011028 6.039393 -30.733135
v -49.860809 8.652462 -31.797804
v -49.405167 7.557123 -31.666851
v -49.292004 7.283304 -31.588055
v -49.725624 7.163745 -31.605944
v -49.810139 7.442986 -31.682913
v -47.006050 7.649691 -30.807739
v -46.799797 7.443435 -31.817976
v -46.118172 6.761809 -31.797802
v -46.100780 6.744421 -32.124107
v -47.898483 6.917287 -30.807739
v -47.736431 6.674753 -31.817976
v -47.200882 5.873254 -31.797802
v -47.187214 5.852800 -32.124107
v -45.998779 6.642420 -32.124107
v -47.107071 5.732866 -32.124107
v -45.998779 6.642420 -32.024929
v -47.107071 5.732866 -32.024929
v -46.778915 7.422554 -27.335386
v -48.750626 9.394263 -31.797804
v -47.155266 7.798904 -31.321955
v -48.112885 7.035654 -31.311085
v -47.584789 8.228423 -31.716354
v -48.561665 7.700248 -31.756025
v -48.484070 9.127703 -31.809679
v -48.641178 7.058722 -31.407915
v -48.754040 7.922202 -31.818529
v -48.628262 8.326940 -31.879866
v -48.781639 8.124853 -31.860140
v -48.136971 7.735373 -31.715942
v -48.410606 7.642197 -31.732105
v -48.136871 8.780510 -31.870646
v -49.123150 8.549579 -31.797804
v -49.246502 8.180984 -31.754467
v -49.269192 8.968691 -31.797804
v -47.879128 6.897927 -30.866310
v -46.986691 7.630331 -30.866310
v -47.650990 8.294624 -31.484213
v -48.569275 7.764032 -31.528645
v -48.748280 7.978817 -31.568794
v -48.622719 8.335925 -31.634600
v -48.767200 8.160676 -31.614244
v -48.189014 7.807545 -31.482265
v -48.431179 7.708829 -31.492649
v -48.136871 8.780510 -31.634365
v -47.906879 6.910964 -30.733135
v -47.006050 7.649691 -30.732153
v -48.903725 7.504188 -31.605944
v -49.041420 7.761397 -31.682913
v -46.273651 8.542123 -30.807739
v -46.031113 8.380070 -31.817976
v -45.229614 7.844522 -31.797802
v -45.209160 7.830857 -32.124107
v -45.729435 9.560291 -30.807739
v -45.459946 9.448667 -31.817976
v -44.569359 9.079776 -31.797802
v -44.546631 9.070364 -32.124107
v -45.089226 7.750718 -32.124107
v -44.413364 9.015162 -32.124107
v -45.089226 7.750718 -32.024929
v -44.413364 9.015162 -32.024929
v -45.976292 6.560196 -26.973644
v -44.352962 8.967279 -26.973644
v -45.432659 9.437367 -27.335386
v -46.392014 8.756523 -31.311085
v -45.852673 9.611320 -31.213732
v -47.056606 9.205304 -31.756025
v -46.415085 9.284820 -31.407915
v -46.174816 9.744676 -31.389702
v -47.278561 9.397678 -31.818529
v -47.683308 9.271899 -31.879866
v -47.481216 9.425277 -31.860142
v -47.091740 8.780610 -31.715942
v -46.998558 9.054245 -31.732105
v -47.905945 9.766788 -31.797804
v -47.537350 9.890141 -31.754467
v -48.325058 9.912825 -31.797804
v -45.710075 9.540936 -30.866310
v -46.254295 8.522767 -30.866310
v -46.826809 10.017032 -31.408236
v -47.120396 9.212914 -31.528645
v -47.335178 9.391918 -31.568796
v -47.692287 9.266359 -31.634600
v -47.517040 9.410836 -31.614244
v -47.163906 8.832648 -31.482265
v -47.065193 9.074817 -31.492649
v -45.719681 9.576083 -30.734200
v -46.267326 8.550521 -30.733135
v -48.008827 10.504454 -31.797804
v -46.912113 10.052128 -31.666851
v -46.638481 9.938522 -31.588055
v -46.860546 9.547361 -31.605946
v -47.117764 9.685060 -31.682913
v -45.281143 11.814009 -30.807741
v -44.989445 11.814009 -31.817976
v -44.025490 11.814012 -31.797802
v -44.000893 11.814012 -32.124107
v -45.394302 10.665077 -30.807741
v -45.108212 10.608171 -31.817976
v -44.162773 10.420113 -31.797802
v -44.138649 10.415315 -32.124107
v -43.856644 11.814012 -32.124107
v -43.997173 10.387177 -32.124107
v -43.856644 11.814012 -32.024929
v -43.997173 10.387177 -32.024929
v -43.782463 11.814023 -26.973644
v -44.959919 11.814009 -27.335386
v -47.748341 11.814007 -31.797804
v -45.492161 11.814009 -31.321957
v -45.629601 10.597177 -31.311085
v -46.099598 11.814009 -31.716354
v -46.416874 10.749774 -31.756025
v -47.371368 11.814007 -31.809679
v -46.019474 10.239923 -31.407915
v -46.709850 10.770691 -31.818529
v -46.907104 11.145825 -31.879866
v -46.872658 10.894469 -31.860142
v -46.141411 11.074918 -31.715942
v -46.269012 10.815544 -31.732105
v -46.880360 11.814007 -31.870646
v -47.414474 10.953310 -31.797804
v -47.241062 10.605450 -31.754467
v -47.814095 11.146402 -31.797804
v -45.366924 10.665077 -30.866310
v -45.253761 11.814009 -30.866310
v -46.193218 11.814009 -31.484213
v -46.467358 10.789492 -31.528645
v -46.745808 10.814799 -31.568796
v -46.909538 11.156092 -31.634600
v -46.887783 10.930011 -31.614244
v -46.229240 11.089151 -31.482265
v -46.330673 10.848109 -31.492649
v -46.880360 11.814007 -31.634365
v -45.395767 10.654669 -30.733135
v -45.281143 11.814009 -30.732153
v -46.520115 10.369263 -31.605946
v -46.799355 10.453776 -31.682913
v -45.394302 12.962938 -30.807741
v -45.108212 13.019847 -31.817976
v -44.162773 13.207908 -31.797802
v -44.138649 13.212708 -32.124107
v -45.729435 14.067718 -30.807741
v -45.459946 14.179344 -31.817976
v -44.569363 14.548235 -31.797802
v -44.546642 14.557648 -32.124107
v -43.997173 13.240849 -32.124107
v -44.413376 14.612850 -32.124107
v -43.997173 13.240849 -32.024929
v -44.413376 14.612850 -32.024929
v -44.336800 14.621699 -26.973644
v -45.432659 14.190644 -27.335386
v -45.629601 13.030844 -31.311085
v -45.852665 14.016651 -31.213732
v -46.416874 12.878243 -31.756025
v -46.019474 13.388095 -31.407917
v -46.174751 13.883159 -31.389702
v -46.709850 12.857326 -31.818529
v -46.907104 12.482188 -31.879866
v -46.872658 12.733543 -31.860142
v -46.141411 12.553101 -31.715942
v -46.269012 12.812474 -31.732107
v -47.414474 12.674704 -31.797804
v -47.241062 13.022563 -31.754467
v -47.814095 12.481611 -31.797804
v -45.702057 14.067718 -30.866310
v -45.366924 12.962938 -30.866310
v -46.828358 13.614717 -31.408236
v -46.467358 12.838521 -31.528645
v -46.745808 12.813216 -31.568796
v -46.909538 12.471922 -31.634604
v -46.887783 12.698005 -31.614248
v -46.229240 12.538867 -31.482265
v -46.330673 12.779909 -31.492649
v -45.733707 14.085772 -30.734203
v -45.395767 12.973349 -30.733135
v -48.008831 13.123562 -31.797804
v -46.913490 13.579211 -31.666853
v -46.639671 13.692369 -31.588057
v -46.520115 13.258751 -31.605946
v -46.799355 13.174236 -31.682913
v -47.006062 15.978323 -30.807741
v -46.799805 16.184580 -31.817976
v -46.118183 16.866203 -31.797804
v -46.100788 16.883596 -32.124107
v -46.273659 15.085890 -30.807741
v -46.031124 15.247947 -31.817976
v -45.229626 15.783494 -31.797802
v -45.209171 15.797159 -32.124107
v -45.998787 16.985596 -32.124107
v -45.089237 15.877301 -32.124107
v -45.998787 16.985596 -32.024929
v -45.089237 15.877301 -32.024929
v -46.778923 16.205460 -27.335386
v -48.750637 14.233747 -31.797804
v -47.155273 15.829107 -31.321957
v -46.392025 14.871491 -31.311085
v -47.584797 15.399588 -31.716354
v -47.056622 14.422710 -31.756025
v -48.484077 14.500302 -31.809679
v -46.415092 14.343195 -31.407917
v -47.278576 14.230335 -31.818529
v -47.683315 14.356114 -31.879866
v -47.481224 14.202739 -31.860142
v -47.091747 14.847404 -31.715942
v -46.998573 14.573769 -31.732107
v -48.136883 14.847503 -31.870647
v -47.905945 13.861224 -31.797804
v -47.537350 13.737870 -31.754467
v -48.325058 13.715186 -31.797804
v -46.254303 15.105247 -30.866310
v -46.986702 15.997681 -30.866312
v -47.651001 15.333385 -31.484213
v -47.120403 14.415098 -31.528645
v -47.335190 14.236095 -31.568796
v -47.692299 14.361656 -31.634604
v -47.517048 14.217173 -31.614248
v -47.163918 14.795363 -31.482267
v -47.065201 14.553197 -31.492649
v -48.136883 14.847503 -31.634365
v -46.267334 15.077494 -30.733137
v -47.006062 15.978323 -30.732153
v -46.860561 14.080648 -31.605946
v -47.117775 13.942955 -31.682913
v -47.898491 16.710722 -30.807741
v -47.736439 16.953259 -31.817976
v -47.200890 17.754759 -31.797804
v -47.187225 17.775213 -32.124107
v -48.916664 17.254946 -30.807741
v -48.805038 17.524433 -31.817978
v -48.436153 18.415016 -31.797804
v -48.426735 18.437742 -32.124107
v -47.107090 17.895149 -32.124107
v -48.371540 18.571009 -32.124107
v -47.107090 17.895149 -32.024929
v -48.371540 18.571009 -32.024929
v -45.916527 17.008076 -26.973644
v -48.323650 18.631411 -26.973644
v -48.793739 17.551714 -27.335386
v -48.112892 16.592358 -31.311085
v -48.967690 17.131699 -31.213732
v -48.561672 15.927764 -31.756025
v -48.641190 16.569288 -31.407917
v -49.101044 16.809555 -31.389702
v -48.754047 15.705810 -31.818529
v -48.628269 15.301065 -31.879866
v -48.781647 15.503157 -31.860142
v -48.136978 15.892635 -31.715942
v -48.410614 15.985813 -31.732107
v -49.123161 15.078430 -31.797804
v -49.246510 15.447025 -31.754467
v -49.269199 14.659318 -31.797804
v -48.897305 17.274303 -30.866312
v -47.879135 16.730080 -30.866312
v -49.373402 16.157570 -31.408236
v -48.569283 15.863978 -31.528646
v -48.748287 15.649190 -31.568796
v -48.622730 15.292085 -31.634604
v -48.767212 15.467334 -31.614248
v -48.189022 15.820467 -31.482267
v -48.431187 15.919183 -31.492649
v -48.932453 17.264690 -30.734203
v -47.906891 16.717049 -30.733137
v -49.860825 14.975549 -31.797804
v -49.408493 16.072262 -31.666853
v -49.294891 16.345898 -31.588057
v -48.903736 16.123823 -31.605946
v -49.041428 15.866607 -31.682917
v -51.170376 17.703236 -30.807741
v -51.170383 17.994926 -31.817978
v -51.170383 18.958885 -31.797804
v -51.170383 18.983484 -32.124107
v -50.021446 17.590078 -30.807741
v -49.964539 17.876165 -31.817978
v -49.776482 18.821602 -31.797804
v -49.771687 18.845726 -32.124107
v -51.170383 19.127729 -32.124107
v -49.743546 18.987202 -32.124107
v -51.170383 19.127729 -32.024929
v -49.743546 18.987202 -32.024929
v -51.170376 18.024454 -27.335386
v -51.170376 15.236032 -31.797804
v -51.170376 17.492212 -31.321957
v -49.953545 17.354774 -31.311085
v -51.170376 16.884777 -31.716354
v -50.106144 16.567505 -31.756025
v -51.170376 15.613003 -31.809679
v -49.596291 16.964905 -31.407917
v -50.127056 16.274527 -31.818529
v -50.502197 16.077271 -31.879866
v -50.250839 16.111719 -31.860142
v -50.431286 16.842964 -31.715942
v -50.171913 16.715363 -31.732107
v -51.170376 16.104013 -31.870647
v -50.309681 15.569902 -31.797804
v -49.961823 15.743314 -31.754467
v -50.502773 15.170282 -31.797804
v -50.021446 17.617455 -30.866312
v -51.170376 17.730612 -30.866312
v -51.170376 16.791155 -31.484213
v -50.145863 16.517017 -31.528646
v -50.171169 16.238565 -31.568796
v -50.512463 16.074839 -31.634604
v -50.286381 16.096594 -31.614248
v -50.445518 16.755135 -31.482267
v -50.204479 16.653704 -31.492649
v -51.170376 16.104013 -31.634365
v -50.011036 17.588614 -30.733137
v -51.170376 17.703236 -30.732153
v -49.725632 16.464264 -31.605946
v -49.810146 16.185020 -31.682917
v -52.319309 17.590073 -30.807741
v -52.376217 17.876162 -31.817978
v -52.564281 18.821598 -31.797804
v -52.569077 18.845722 -32.124107
v -53.424084 17.254942 -30.807741
v -53.535713 17.524431 -31.817976
v -53.904610 18.415012 -31.797804
v -53.914024 18.437738 -32.124107
v -52.597218 18.987196 -32.124107
v -53.969219 18.571005 -32.124107
v -52.597218 18.987196 -32.024929
v -53.969219 18.571005 -32.024929
v -51.128094 19.201782 -26.973644
v -53.978069 18.647575 -26.973644
v -53.547016 17.551712 -27.335386
v -52.387211 17.354771 -31.311085
v -53.373020 17.131712 -31.213732
v -52.234612 16.567501 -31.756025
v -52.744465 16.964899 -31.407917
v -53.239529 16.809626 -31.389702
v -52.213699 16.274525 -31.818529
v -51.838558 16.077269 -31.879866
v -52.089916 16.111717 -31.860142
v -51.909470 16.842964 -31.715942
v -52.168842 16.715361 -31.732107
v -52.031075 15.569901 -31.797804
v -52.378933 15.743312 -31.754467
v -51.837982 15.170280 -31.797804
v -53.424084 17.282318 -30.866312
v -52.319309 17.617449 -30.866312
v -52.971088 16.156015 -31.408236
v -52.194893 16.517015 -31.528646
v -52.169582 16.238564 -31.568796
v -51.828293 16.074837 -31.634604
v -52.054371 16.096590 -31.614248
v -51.895237 16.755135 -31.482267
v -52.136276 16.653702 -31.492649
v -53.442139 17.250671 -30.734203
v -52.329716 17.588608 -30.733137
v -52.479935 14.975546 -31.797804
v -52.935581 16.070881 -31.666853
v -53.048740 16.344700 -31.588057
v -52.615120 16.464258 -31.605946
v -52.530605 16.185017 -31.682917
v -55.334694 15.978314 -30.807741
v -55.540951 16.184570 -31.817976
v -56.222572 16.866192 -31.797804
v -56.239964 16.883585 -32.124107
v -54.442261 16.710716 -30.807741
v -54.604317 16.953249 -31.817976
v -55.139866 17.754749 -31.797804
v -55.153530 17.775204 -32.124107
v -56.341965 16.985584 -32.124107
v -55.233673 17.895140 -32.124107
v -56.341965 16.985584 -32.024929
v -55.233673 17.895140 -32.024929
v -56.394379 17.038040 -26.973644
v -55.561832 16.205450 -27.335386
v -53.590118 14.233742 -31.797804
v -55.185482 15.829098 -31.321957
v -54.227863 16.592350 -31.311085
v -54.755955 15.399578 -31.716354
v -53.779079 15.927759 -31.756025
v -53.856674 14.500298 -31.809679
v -53.699566 16.569283 -31.407917
v -53.586708 15.705805 -31.818529
v -53.712486 15.301061 -31.879866
v -53.559109 15.503152 -31.860142
v -54.203773 15.892629 -31.715942
v -53.930138 15.985806 -31.732107
v -54.203873 14.847495 -31.870647
v -53.217594 15.078425 -31.797804
v -53.094242 15.447021 -31.754467
v -53.071556 14.659313 -31.797804
v -54.461617 16.730074 -30.866312
v -55.354053 15.997672 -30.866312
v -54.689754 15.333375 -31.484213
v -53.771469 15.863974 -31.528646
v -53.592464 15.649185 -31.568796
v -53.718025 15.292080 -31.634604
v -53.573544 15.467329 -31.614248
v -54.151733 15.820460 -31.482267
v -53.909569 15.919178 -31.492649
v -54.203873 14.847495 -31.634365
v -54.433865 16.717041 -30.733137
v -55.334694 15.978314 -30.732153
v -53.437019 16.123819 -31.605946
v -53.299324 15.866602 -31.682917
v -56.067097 15.085880 -30.807741
v -56.309631 15.247935 -31.817976
v -57.111130 15.783480 -31.797802
v -57.131584 15.797145 -32.124107
v -56.611309 14.067713 -30.807741
v -56.880802 14.179333 -31.817976
v -57.771389 14.548223 -31.797802
v -57.794113 14.557638 -32.124107
v -57.251518 15.877287 -32.124107
v -57.927380 14.612838 -32.124107
v -57.251518 15.877287 -32.024929
v -57.927380 14.612838 -32.024929
v -57.987778 14.660728 -26.973644
v -56.908081 14.190635 -27.335386
v -55.948730 14.871482 -31.311085
v -56.488071 14.016685 -31.213732
v -55.284134 14.422701 -31.756025
v -55.925663 14.343185 -31.407917
v -56.165928 13.883328 -31.389702
v -55.062180 14.230327 -31.818529
v -54.657436 14.356105 -31.879866
v -54.859531 14.202730 -31.860142
v -55.249004 14.847395 -31.715942
v -55.342182 14.573759 -31.732107
v -54.434799 13.861217 -31.797804
v -54.803394 13.737861 -31.754467
v -54.015686 13.715179 -31.797804
v -56.630672 14.087070 -30.866310
v -56.086452 15.105238 -30.866310
v -55.513939 13.610970 -31.408236
v -55.220352 14.415089 -31.528645
v -55.005566 14.236086 -31.568796
v -54.648457 14.361647 -31.634604
v -54.823708 14.217163 -31.614248
v -55.176838 14.795354 -31.482267
v -55.275555 14.553188 -31.492649
v -56.621056 14.051925 -30.734203
v -56.073418 15.077484 -30.733137
v -54.331921 13.123552 -31.797804
v -55.428631 13.575878 -31.666853
v -55.702267 13.689485 -31.588057
v -55.480194 14.080639 -31.605946
v -55.222980 13.942945 -31.682913
v -57.059605 11.813995 -30.807741
v -57.351299 11.813995 -31.817976
v -58.315254 11.813995 -31.797802
v -58.339855 11.813995 -32.124107
v -56.946445 12.962925 -30.807741
v -57.232533 13.019834 -31.817976
v -58.177971 13.207891 -31.797802
v -58.202095 13.212691 -32.124107
v -58.484100 11.813995 -32.124107
v -58.343571 13.240832 -32.124107
v -58.484100 11.813995 -32.024929
v -58.343571 13.240832 -32.024929
v -58.558235 11.814013 -26.973644
v -57.380829 11.813995 -27.335386
v -54.592407 11.813999 -31.797804
v -56.848583 11.813997 -31.321957
v -56.711143 13.030832 -31.311085
v -56.241146 11.813997 -31.716354
v -55.923874 12.878232 -31.756025
v -54.969376 11.813997 -31.809679
v -56.321274 13.388083 -31.407917
v -55.630898 12.857316 -31.818529
v -55.433640 12.482179 -31.879866
v -55.468086 12.733535 -31.860142
v -56.199333 12.553089 -31.715942
v -56.071735 12.812463 -31.732107
v -55.460384 11.813997 -31.870646
v -54.926270 12.674694 -31.797804
v -55.099686 13.022553 -31.754467
v -54.526649 12.481604 -31.797804
v -56.973824 12.962925 -30.866310
v -57.086983 11.813995 -30.866310
v -56.147526 11.813997 -31.484213
v -55.873386 12.838512 -31.528645
v -55.594936 12.813207 -31.568796
v -55.431206 12.471912 -31.634604
v -55.452961 12.697995 -31.614248
v -56.111504 12.538856 -31.482265
v -56.010071 12.779897 -31.492649
v -55.460384 11.813997 -31.634365
v -56.944981 12.973334 -30.733135
v -57.059605 11.813995 -30.732153
v -55.820633 13.258741 -31.605946
v -55.541389 13.174227 -31.682913
v -56.946445 10.665063 -30.807741
v -57.232533 10.608156 -31.817976
v -58.177971 10.420096 -31.797802
v -58.202095 10.415298 -32.124107
v -56.611309 9.560288 -30.807739
v -56.880802 9.448663 -31.817976
v -57.771381 9.079772 -31.797802
v -57.794106 9.070354 -32.124107
v -58.343571 10.387160 -32.124107
v -57.927372 9.015157 -32.124107
v -58.343571 10.387160 -32.024929
v -57.927372 9.015157 -32.024929
v -58.003948 9.006307 -26.973644
v -56.908081 9.437364 -27.335386
v -56.711143 10.597164 -31.311085
v -56.488083 9.611355 -31.213732
v -55.923874 10.749763 -31.756025
v -56.321274 10.239911 -31.407915
v -56.165993 9.744846 -31.389702
v -55.630898 10.770681 -31.818529
v -55.433640 11.145816 -31.879866
v -55.468086 10.894460 -31.860142
v -56.199333 11.074905 -31.715942
v -56.071735 10.815532 -31.732105
v -54.926270 10.953300 -31.797804
v -55.099686 10.605441 -31.754467
v -54.526649 11.146396 -31.797804
v -56.638687 9.560288 -30.866310
v -56.973824 10.665063 -30.866310
v -55.512390 10.013286 -31.408236
v -55.873386 10.789482 -31.528645
v -55.594936 10.814791 -31.568796
v -55.431206 11.156082 -31.634600
v -55.452961 10.930002 -31.614244
v -56.111504 11.089139 -31.482265
v -56.010071 10.848098 -31.492649
v -56.607040 9.542233 -30.734200
v -56.944981 10.654655 -30.733135
v -54.331913 10.504442 -31.797804
v -55.427254 10.048795 -31.666851
v -55.701073 9.935635 -31.588055
v -55.820633 10.369253 -31.605946
v -55.541389 10.453768 -31.682913
v -55.334686 7.649681 -30.807739
v -55.540939 7.443425 -31.817976
v -56.222561 6.761797 -31.797802
v -56.239956 6.744409 -32.124107
v -56.067085 8.542116 -30.807739
v -56.309620 8.380058 -31.817976
v -57.111122 7.844508 -31.797802
v -57.131573 7.830842 -32.124107
v -56.341957 6.642408 -32.124107
v -57.251511 7.750703 -32.124107
v -56.341957 6.642408 -32.024929
v -57.251511 7.750703 -32.024929
v -56.394375 6.589990 -26.973644
v -55.561821 7.422544 -27.335386
v -53.590111 9.394258 -31.797804
v -55.185471 7.798894 -31.321955
v -55.948719 8.756513 -31.311085
v -54.755947 8.228415 -31.716354
v -55.284126 9.205295 -31.756025
v -53.856667 9.127697 -31.809679
v -55.925652 9.284809 -31.407915
v -55.062172 9.397669 -31.818529
v -54.657429 9.271891 -31.879866
v -54.859520 9.425268 -31.860142
v -55.248997 8.780601 -31.715942
v -55.342171 9.054236 -31.732105
v -54.203865 8.780503 -31.870646
v -54.434799 9.766782 -31.797804
v -54.803394 9.890131 -31.754467
v -54.015686 9.912817 -31.797804
v -56.086441 8.522757 -30.866310
v -55.354046 7.630321 -30.866310
v -54.689747 8.294621 -31.484213
v -55.220341 9.212909 -31.528645
v -55.005554 9.391909 -31.568796
v -54.648449 9.266351 -31.634600
v -54.823696 9.410828 -31.614244
v -55.176830 8.832639 -31.482265
v -55.275543 9.074807 -31.492649
v -54.203865 8.780503 -31.634365
v -56.073410 8.550510 -30.733135
v -55.334686 7.649681 -30.732153
v -55.480186 9.547357 -31.605946
v -55.222969 9.685050 -31.682913
v -54.442253 6.917280 -30.807739
v -54.604305 6.674745 -31.817976
v -55.139854 5.873245 -31.797802
v -55.153522 5.852792 -32.124107
v -55.233654 5.732857 -32.124107
v -55.233654 5.732857 -32.024929
v -54.227852 7.035646 -31.311085
v -53.779072 7.700242 -31.756025
v -53.699558 7.058716 -31.407915
v -53.586697 7.922196 -31.818529
v -53.712475 8.326939 -31.879866
v -53.559097 8.124846 -31.860140
v -54.203766 7.735370 -31.715942
v -53.930130 7.642190 -31.732105
v -53.217587 8.549574 -31.797804
v -53.094234 8.180979 -31.754467
v -53.071545 8.968686 -31.797804
v -53.443439 6.353702 -30.866310
v -54.461609 6.897925 -30.866310
v -52.967342 7.470435 -31.408236
v -53.771461 7.764026 -31.528645
v -53.592457 7.978812 -31.568794
v -53.718014 8.335919 -31.634600
v -53.573532 8.160670 -31.614244
v -54.151722 7.807538 -31.482265
v -53.909557 7.708824 -31.492649
v -53.408295 6.363316 -30.734200
v -54.433853 6.910957 -30.733135
v -52.932251 7.555743 -31.666851
v -53.437008 7.504183 -31.605944
v -53.299316 7.761397 -31.682913
v -51.170364 3.796818 -32.586143
v -51.170364 4.776712 -31.693834
v -51.170364 4.579318 -27.109446
v -51.170364 3.800527 -26.325348
v -51.170357 1.869662 -26.271591
v -51.170364 1.869385 -32.612843
v -51.170357 1.049370 -26.508789
v -51.170364 1.049366 -32.375698
v -51.170357 0.218108 -31.361141
v -51.170357 0.000003 -30.225159
v -51.170357 0.218108 -27.523344
v -51.170357 0.000003 -28.660442
v -52.734440 3.950861 -32.586143
v -52.543274 4.911930 -31.693834
v -52.581783 4.718329 -27.109442
v -52.733711 3.954504 -26.325346
v -53.110405 2.060738 -26.271589
v -53.110462 2.060466 -32.612843
v -53.270435 1.256206 -26.508785
v -53.270439 1.256206 -32.375698
v -53.432606 0.440913 -31.361139
v -53.475155 0.227000 -30.225157
v -53.432606 0.440913 -27.523344
v -53.475155 0.227000 -28.660440
v -54.238411 4.407085 -32.586143
v -53.863422 5.312390 -31.693832
v -53.938961 5.130019 -27.109442
v -54.236988 4.410517 -26.325346
v -54.975895 2.626626 -26.271589
v -54.976006 2.626372 -32.612843
v -55.289806 1.868775 -26.508785
v -55.289810 1.868770 -32.375694
v -55.607918 1.100789 -31.361139
v -55.691383 0.899284 -30.225157
v -55.607918 1.100789 -27.523344
v -55.691383 0.899284 -28.660440
v -55.624474 5.147950 -32.586143
v -55.080074 5.962708 -31.693832
v -55.189743 5.798575 -27.109442
v -55.622414 5.151040 -26.325346
v -56.695145 3.545578 -26.271589
v -56.695301 3.545348 -32.612843
v -57.150875 2.863529 -26.508785
v -57.150875 2.863529 -32.375694
v -57.612698 2.172358 -31.361135
v -57.733868 1.991011 -30.225157
v -57.612698 2.172358 -27.523342
v -57.733868 1.991011 -28.660440
v -56.839371 6.144991 -32.586143
v -56.146484 6.837881 -31.693832
v -56.286060 6.698299 -27.109442
v -56.836750 6.147615 -26.325346
v -58.202076 4.782281 -26.271589
v -58.202274 4.782089 -32.612843
v -58.782108 4.202248 -26.508785
v -58.782108 4.202248 -32.375694
v -59.369900 3.614457 -31.361135
v -59.524120 3.460235 -30.225157
v -59.369900 3.614457 -27.523342
v -59.524120 3.460235 -28.660439
v -57.836414 7.359885 -32.586140
v -57.021664 7.904288 -31.693832
v -57.185791 7.794619 -27.109442
v -57.833324 7.361950 -26.325346
v -59.438786 6.289212 -26.271587
v -59.439014 6.289062 -32.612843
v -60.120831 5.833482 -26.508783
v -60.120834 5.833482 -32.375694
v -60.812000 5.371659 -31.361135
v -60.993347 5.250486 -30.225155
v -60.812000 5.371659 -27.523342
v -60.993347 5.250486 -28.660439
v -58.577286 8.745952 -32.586140
v -57.671978 9.120942 -31.693832
v -57.854347 9.045402 -27.109442
v -58.573849 8.747370 -26.325346
v -60.357742 8.008459 -26.271587
v -60.357998 8.008351 -32.612843
v -61.115593 7.694544 -26.508783
v -61.115597 7.694544 -32.375694
v -61.883575 7.376433 -31.361135
v -62.085083 7.292969 -30.225155
v -61.883575 7.376433 -27.523342
v -62.085083 7.292969 -28.660439
v -59.033508 10.249920 -32.586140
v -58.072445 10.441090 -31.693832
v -58.266045 10.402579 -27.109442
v -59.029865 10.250643 -26.325342
v -60.923634 9.873950 -26.271587
v -60.923908 9.873894 -32.612839
v -61.728161 9.713914 -26.508783
v -61.728168 9.713914 -32.375690
v -62.543453 9.551743 -31.361135
v -62.757366 9.509192 -30.225155
v -62.543449 9.551743 -27.523342
v -62.757366 9.509192 -28.660439
v -59.187561 11.813993 -32.586140
v -58.207664 11.813995 -31.693832
v -58.405056 11.813995 -27.109442
v -59.183842 11.813993 -26.325342
v -61.114712 11.813991 -26.271587
v -61.114990 11.813991 -32.612839
v -61.935005 11.813991 -26.508783
v -61.935009 11.813991 -32.375690
v -62.766266 11.813991 -31.361135
v -62.984371 11.813991 -30.225155
v -62.766266 11.813991 -27.523342
v -62.984371 11.813991 -28.660439
v -59.033512 13.378068 -32.586140
v -58.072445 13.186902 -31.693832
v -58.266048 13.225413 -27.109442
v -59.029869 13.377342 -26.325342
v -60.923637 13.754038 -26.271587
v -60.923912 13.754092 -32.612839
v -61.728168 13.914065 -26.508783
v -61.728172 13.914067 -32.375690
v -62.543457 14.076238 -31.361135
v -62.757378 14.118788 -30.225155
v -62.543457 14.076238 -27.523342
v -62.757378 14.118788 -28.660439
v -58.577290 14.882040 -32.586140
v -57.671982 14.507051 -31.693832
v -57.854351 14.582589 -27.109442
v -58.573860 14.880620 -26.325346
v -60.357750 15.619528 -26.271587
v -60.358009 15.619634 -32.612843
v -61.115601 15.933437 -26.508783
v -61.115604 15.933437 -32.375694
v -61.883587 16.251549 -31.361135
v -62.085091 16.335012 -30.225155
v -61.883587 16.251549 -27.523342
v -62.085091 16.335012 -28.660439
v -57.836426 16.268106 -32.586140
v -57.021667 15.723705 -31.693832
v -57.185799 15.833372 -27.109442
v -57.833336 16.266043 -26.325346
v -59.438793 17.338774 -26.271587
v -59.439026 17.338928 -32.612843
v -60.120846 17.794502 -26.508783
v -60.120846 17.794506 -32.375694
v -60.812016 18.256330 -31.361135
v -60.993362 18.377501 -30.225155
v -60.812016 18.256330 -27.523342
v -60.993362 18.377501 -28.660439
v -56.839386 17.483002 -32.586143
v -56.146492 16.790113 -31.693832
v -56.286076 16.929691 -27.109442
v -56.836758 17.480375 -26.325346
v -58.202091 18.845705 -26.271589
v -58.202286 18.845901 -32.612843
v -58.782124 19.425739 -26.508785
v -58.782127 19.425741 -32.375694
v -59.369919 20.013529 -31.361135
v -59.524139 20.167753 -30.225157
v -59.369919 20.013529 -27.523342
v -59.524139 20.167753 -28.660439
v -55.624489 18.480045 -32.586143
v -55.080090 17.665291 -31.693832
v -55.189751 17.829420 -27.109442
v -55.622429 18.476955 -26.325346
v -56.695160 20.082413 -26.271589
v -56.695316 20.082644 -32.612843
v -57.150894 20.764462 -26.508785
v -57.150894 20.764462 -32.375694
v -57.612720 21.455631 -31.361135
v -57.733887 21.636978 -30.225157
v -57.612713 21.455631 -27.523342
v -57.733887 21.636978 -28.660440
v -54.238426 19.220913 -32.586143
v -53.863434 18.315609 -31.693832
v -53.938972 18.497980 -27.109442
v -54.237003 19.217484 -26.325346
v -54.975914 21.001373 -26.271589
v -54.976025 21.001629 -32.612843
v -55.289829 21.759222 -26.508785
v -55.289829 21.759226 -32.375694
v -55.607941 22.527208 -31.361139
v -55.691406 22.728712 -30.225157
v -55.607941 22.527208 -27.523344
v -55.691406 22.728712 -28.660440
v -52.734459 19.677137 -32.586143
v -52.543285 18.716070 -31.693834
v -52.581795 18.909676 -27.109442
v -52.733730 19.673496 -26.325346
v -53.110424 21.567265 -26.271589
v -53.110481 21.567533 -32.612843
v -53.270458 22.371794 -26.508785
v -53.270462 22.371794 -32.375698
v -53.432632 23.187080 -31.361139
v -53.475185 23.400999 -30.225157
v -53.432629 23.187080 -27.523344
v -53.475185 23.400999 -28.660440
v -51.170383 19.831186 -32.586143
v -51.170383 18.851292 -31.693834
v -51.170376 19.048689 -27.109446
v -51.170376 19.827475 -26.325348
v -51.170383 21.758343 -26.271591
v -51.170383 21.758619 -32.612843
v -51.170383 22.578634 -26.508789
v -51.170387 22.578636 -32.375698
v -51.170387 23.409897 -31.361141
v -51.170387 23.628004 -30.225159
v -51.170383 23.409897 -27.523344
v -51.170387 23.628004 -28.660442
v -49.606304 19.677141 -32.586143
v -49.797474 18.716076 -31.693834
v -49.758961 18.909678 -27.109446
v -49.607029 19.673502 -26.325348
v -49.230335 21.567268 -26.271591
v -49.230282 21.567539 -32.612843
v -49.070305 22.371799 -26.508789
v -49.070309 22.371799 -32.375698
v -48.908138 23.187090 -31.361141
v -48.865589 23.401003 -30.225159
v -48.908134 23.187090 -27.523346
v -48.865585 23.401003 -28.660442
v -48.102341 19.220921 -32.586143
v -48.477329 18.315611 -31.693834
v -48.401787 18.497984 -27.109446
v -48.103756 19.217491 -26.325348
v -47.364849 21.001379 -26.271591
v -47.364746 21.001635 -32.612846
v -47.050934 21.759230 -26.508789
v -47.050934 21.759232 -32.375698
v -46.732830 22.527216 -31.361141
v -46.649361 22.728722 -30.225161
v -46.732830 22.527216 -27.523346
v -46.649361 22.728722 -28.660442
v -46.716270 18.480051 -32.586143
v -47.260670 17.665300 -31.693834
v -47.151001 17.829430 -27.109446
v -46.718330 18.476965 -26.325348
v -45.645599 20.082426 -26.271593
v -45.645451 20.082657 -32.612846
v -45.189873 20.764473 -26.508791
v -45.189873 20.764475 -32.375698
v -44.728050 21.455645 -31.361141
v -44.606876 21.636992 -30.225161
v -44.728050 21.455645 -27.523346
v -44.606876 21.636992 -28.660446
v -45.501373 17.483013 -32.586143
v -46.194260 16.790125 -31.693838
v -46.054680 16.929703 -27.109447
v -45.503998 17.480389 -26.325350
v -44.138668 18.845722 -26.271593
v -44.138477 18.845917 -32.612846
v -43.558636 19.425756 -26.508791
v -43.558636 19.425756 -32.375698
v -42.970844 20.013548 -31.361143
v -42.816620 20.167770 -30.225161
v -42.970840 20.013548 -27.523348
v -42.816620 20.167770 -28.660446
v -44.504330 16.268118 -32.586143
v -45.319080 15.723717 -31.693838
v -45.154953 15.833385 -27.109447
v -44.507416 16.266054 -26.325350
v -42.901958 17.338787 -26.271593
v -42.901730 17.338943 -32.612846
v -42.219910 17.794519 -26.508791
v -42.219910 17.794519 -32.375698
v -41.528744 18.256346 -31.361143
v -41.347393 18.377520 -30.225161
v -41.528744 18.256346 -27.523348
v -41.347393 18.377520 -28.660446
v -43.763462 14.882053 -32.586147
v -44.668766 14.507063 -31.693838
v -44.486397 14.582603 -27.109447
v -43.766891 14.880631 -26.325350
v -41.982998 15.619547 -26.271593
v -41.982746 15.619650 -32.612846
v -41.225151 15.933456 -26.508791
v -41.225155 15.933458 -32.375698
v -40.457169 16.251568 -31.361143
v -40.255665 16.335032 -30.225164
v -40.457165 16.251568 -27.523348
v -40.255665 16.335032 -28.660446
v -43.307236 13.378086 -32.586147
v -44.268303 13.186918 -31.693838
v -44.074703 13.225430 -27.109447
v -43.310875 13.377363 -26.325350
v -41.417110 13.754059 -26.271593
v -41.416843 13.754113 -32.612850
v -40.612579 13.914091 -26.508791
v -40.612583 13.914091 -32.375702
v -39.797295 14.076263 -31.361143
v -39.583378 14.118814 -30.225164
v -39.797291 14.076263 -27.523348
v -39.583378 14.118814 -28.660446
v -43.153187 11.814012 -32.586147
v -44.133083 11.814012 -31.693838
v -43.935684 11.814012 -27.109447
v -43.156898 11.814012 -26.325350
v -41.226028 11.814013 -26.271593
v -41.225754 11.814013 -32.612850
v -40.405735 11.814013 -26.508791
v -40.405739 11.814013 -32.375702
v -39.574478 11.814016 -31.361143
v -39.356377 11.814016 -30.225164
v -39.574478 11.814016 -27.523348
v -39.356377 11.814016 -28.660446
v -43.307232 10.249934 -32.586147
v -44.268303 10.441102 -31.693838
v -44.074696 10.402591 -27.109447
v -43.310875 10.250662 -26.325350
v -41.417107 9.873966 -26.271593
v -41.416840 9.873915 -32.612850
v -40.612572 9.713937 -26.508791
v -40.612572 9.713937 -32.375702
v -39.797287 9.551768 -31.361143
v -39.583370 9.509217 -30.225164
v -39.797287 9.551768 -27.523348
v -39.583370 9.509217 -28.660446
v -43.763458 8.745964 -32.586147
v -44.668762 9.120956 -31.693838
v -44.486393 9.045412 -27.109447
v -43.766888 8.747386 -26.325350
v -41.982994 8.008475 -26.271593
v -41.982742 8.008372 -32.612846
v -41.225143 7.694567 -26.508791
v -41.225143 7.694567 -32.375698
v -40.457157 7.376456 -31.361143
v -40.255653 7.292989 -30.225164
v -40.457157 7.376456 -27.523348
v -40.255653 7.292989 -28.660446
v -44.504326 7.359899 -32.586143
v -45.319077 7.904296 -31.693838
v -45.154945 7.794632 -27.109447
v -44.507408 7.361960 -26.325350
v -42.901951 6.289230 -26.271593
v -42.901722 6.289076 -32.612846
v -42.219902 5.833502 -26.508791
v -42.219902 5.833502 -32.375698
v -41.528732 5.371675 -31.361143
v -41.347385 5.250502 -30.225161
v -41.528732 5.371675 -27.523348
v -41.347385 5.250502 -28.660446
v -45.501362 6.145000 -32.586143
v -46.194252 6.837893 -31.693838
v -46.054672 6.698311 -27.109447
v -45.503986 6.147624 -26.325350
v -44.138653 4.782298 -26.271593
v -44.138462 4.782100 -32.612846
v -43.558620 4.202264 -26.508791
v -43.558620 4.202264 -32.375698
v -42.970829 3.614471 -31.361143
v -42.816605 3.460249 -30.225161
v -42.970829 3.614471 -27.523348
v -42.816605 3.460249 -28.660446
v -46.716259 5.147960 -32.586143
v -47.260654 5.962716 -31.693834
v -47.150990 5.798584 -27.109446
v -46.718319 5.151049 -26.325348
v -45.645580 3.545591 -26.271593
v -45.645432 3.545361 -32.612846
v -45.189854 2.863542 -26.508791
v -45.189854 2.863542 -32.375698
v -44.728027 2.172373 -31.361141
v -44.606853 1.991026 -30.225161
v -44.728027 2.172373 -27.523346
v -44.606853 1.991026 -28.660446
v -48.102322 4.407093 -32.586143
v -48.477310 5.312396 -31.693834
v -48.401772 5.130026 -27.109446
v -48.103737 4.410520 -26.325348
v -47.364826 2.626634 -26.271591
v -47.364723 2.626376 -32.612846
v -47.050915 1.868784 -26.508789
v -47.050915 1.868779 -32.375698
v -46.732803 1.100793 -31.361141
v -46.649338 0.899293 -30.225161
v -46.732800 1.100793 -27.523346
v -46.649338 0.899293 -28.660442
v -49.606289 3.950864 -32.586143
v -49.797459 4.911933 -31.693834
v -49.758945 4.718328 -27.109446
v -49.607014 3.954507 -26.325348
v -49.230316 2.060743 -26.271591
v -49.230263 2.060471 -32.612843
v -49.070286 1.256211 -26.508789
v -49.070286 1.256211 -32.375698
v -48.908115 0.440920 -31.361141
v -48.865566 0.227007 -30.225159
v -48.908112 0.440920 -27.523346
v -48.865559 0.227007 -28.660442
v -82.390907 14.042423 -14.602036
v -82.390907 13.015768 -14.017494
v -82.390907 14.049521 -15.783416
v -82.390907 13.029963 -16.380251
v -82.390907 12.003308 -15.795710
v -82.390907 11.996210 -14.614330
v 3.200699 8.245368 1.551993
v 3.200699 7.783640 -0.242824
v 19.270123 7.783640 -0.242825
v 19.270123 8.245368 1.551993
v 3.200699 9.360083 2.295432
v 19.270123 9.360083 2.295431
v 19.270123 12.012397 1.551993
v 19.270123 12.474126 -0.242825
v 3.200699 12.474126 -0.242824
v 3.200699 12.012397 1.551993
v 19.270123 10.897688 2.295431
v 3.200699 10.897688 2.295432
v 19.270123 8.245368 -4.513370
v 19.270123 7.783640 -2.718551
v 3.200699 7.783640 -2.718551
v 3.200698 8.245368 -4.513369
v 19.270123 9.360083 -5.256807
v 3.200698 9.360083 -5.256807
v 3.200698 12.012397 -4.513369
v 3.200699 12.474126 -2.718551
v 19.270123 12.474126 -2.718551
v 19.270123 12.012397 -4.513370
v 3.200698 10.897688 -5.256807
v 19.270123 10.897688 -5.256807
v -79.063072 11.127801 -12.443319
v -79.063072 10.666072 -14.238136
v -62.993652 10.666072 -14.238137
v -62.993652 11.127801 -12.443320
v -79.063072 12.242515 -11.699881
v -62.993652 12.242515 -11.699882
v -62.993652 14.894830 -12.443320
v -62.993652 15.356558 -14.238137
v -79.063072 15.356558 -14.238136
v -79.063072 14.894830 -12.443319
v -62.993652 13.780115 -11.699882
v -79.063072 13.780115 -11.699881
v -62.993652 11.127801 -18.508682
v -62.993652 10.666072 -16.713865
v -79.063072 10.666072 -16.713863
v -79.063072 11.127801 -18.508680
v -62.993652 12.242515 -19.252121
v -79.063072 12.242515 -19.252119
v -79.063072 14.894830 -18.508680
v -79.063072 15.356558 -16.713863
v -62.993652 15.356558 -16.713865
v -62.993652 14.894830 -18.508682
v -79.063072 13.780115 -19.252119
v -62.993652 13.780115 -19.252121
v -82.390907 13.937558 -14.663423
v -82.390907 13.016496 -14.139001
v -82.390907 13.943924 -15.723295
v -82.390907 13.029236 -16.258745
v -82.390907 12.108173 -15.734324
v -82.390907 12.101808 -14.674451
v 56.178703 19.242268 -18.948839
v 63.069897 11.996171 -18.948839
v 66.120895 16.714125 -21.265625
v 64.256912 20.263002 -22.502562
v 47.167000 26.936470 -24.967773
v 41.852287 24.266867 -23.796488
v 60.285961 24.834837 -23.999784
v 54.549389 26.924097 -24.729103
v -16.186987 9.664936 -26.737213
v -18.474707 9.664936 -24.924469
v -18.474707 9.664936 -24.924469
v -11.993801 9.667747 -6.965566
v 38.349712 9.664936 -6.965569
v -20.835726 10.813011 -10.862575
v -20.835726 10.813011 -10.862575
v -14.585446 10.813011 -4.992428
v -18.551855 10.813011 -28.505470
v 36.072746 10.813011 -28.505472
v 36.072746 10.813011 -28.505472
v 36.729492 9.664936 -26.578211
v 36.729492 9.664936 -26.578211
v 7.913344 9.664936 -19.293261
v 7.913344 9.664936 -19.293261
v 7.913343 9.664936 -15.244808
v 7.913343 9.664936 -15.244808
v 8.130169 8.515162 -18.948837
v 8.130169 8.515162 -18.948837
v 8.130169 8.515162 -15.589231
v 8.130169 8.515162 -15.589231
v 56.178707 19.242268 -15.589234
v 52.035229 19.242268 -15.589234
v 56.461369 23.863489 -6.439646
v 52.586945 23.863489 -3.409933
v 56.461376 22.859068 -14.197379
v 52.586941 22.859068 -14.197379
v 39.166267 7.902286 -18.948837
v 41.833698 9.832746 -18.948839
v 41.833706 9.832750 -15.589234
v 39.166279 7.902291 -15.589232
v 36.729496 9.664936 -20.340696
v 36.729496 9.664936 -20.340696
v 52.035229 19.242268 -18.948839
v 38.349712 9.664936 -14.334315
v 41.669380 12.016443 -6.965569
v 38.503292 16.148098 -4.992431
v 41.699547 19.567461 -5.009494
v 52.586941 22.859068 -5.214600
v 36.072746 10.813011 -30.432928
v -18.474703 9.664936 -12.835711
v -18.474703 9.664936 -12.835711
v 56.461376 22.859068 -8.973847
v 63.217258 14.592399 -12.733093
v 63.217258 23.863489 -8.128288
v 41.473091 11.400826 -14.325172
v 63.243137 14.592394 -14.197379
v 38.253475 16.156319 -21.988533
v 39.800671 20.746967 -23.003183
v 63.069901 11.996171 -15.589234
v 77.210365 23.863489 -9.469360
v 77.210365 23.863489 -9.469360
v 81.350533 14.592399 -12.733094
v 81.350533 14.592399 -12.733094
v 77.146553 11.996171 -18.948841
v 81.350533 14.592399 -14.197380
v 77.146568 11.996171 -15.589235
v 66.331367 14.185861 -20.340696
v 66.331367 14.185861 -20.340696
v -20.835733 10.813011 -26.688696
v -20.835733 10.813011 -26.688696
v 56.178703 19.242268 15.987460
v 63.069897 11.996171 15.987460
v 66.120895 16.714125 18.304245
v 64.256912 20.263002 19.541182
v 47.167000 26.936470 22.006393
v 41.852287 24.266867 20.835110
v 60.285961 24.834837 21.038404
v 54.549389 26.924097 21.767725
v -16.186983 9.664936 23.775839
v -18.474707 9.664936 21.963095
v -18.474707 9.664936 21.963095
v -11.993801 9.667747 4.004192
v 38.349712 9.664936 4.004189
v -20.835726 10.813011 7.901201
v -20.835726 10.813011 7.901201
v -14.585446 10.813011 2.031054
v -18.551851 10.813011 25.544096
v 36.729500 10.813011 25.544092
v 36.729500 10.813011 25.544092
v 36.072742 9.664936 23.616831
v 36.072742 9.664936 23.616831
v 7.913345 9.664936 16.331886
v 7.913345 9.664936 16.331886
v 7.913344 9.664936 12.283434
v 7.913344 9.664936 12.283434
v 8.130170 8.515162 15.987463
v 8.130170 8.515162 15.987463
v 8.130170 8.515162 12.627857
v 8.130170 8.515162 12.627857
v 56.178707 19.242268 12.627855
v 52.035229 19.242268 12.627855
v 56.461369 23.863489 3.478266
v 52.586945 23.863489 0.448553
v 56.461376 22.859068 11.236000
v 52.586941 22.859068 11.236000
v 39.166267 7.902286 15.987462
v 41.833698 9.832746 15.987460
v 41.833706 9.832750 12.627855
v 39.166279 7.902291 12.627856
v 38.349712 9.664936 17.379318
v 38.349712 9.664936 17.379318
v 52.035229 19.242268 15.987460
v 38.349712 9.664936 11.372938
v 41.669380 12.016443 4.004189
v 38.503292 16.148098 2.031052
v 41.699547 19.567461 2.048115
v 52.586941 22.859068 2.253221
v 36.072750 10.813011 27.471550
v -18.474703 9.664936 9.874340
v -18.474703 9.664936 9.874340
v 56.461376 22.859068 6.012467
v 63.217258 14.592399 9.771713
v 63.217258 23.863489 5.166907
v 41.473091 11.400826 11.363796
v 63.243137 14.592394 11.236000
v 38.253475 16.156319 19.027155
v 39.800671 20.746967 20.041803
v 63.069901 11.996171 12.627855
v 77.210365 23.863489 6.507978
v 77.210365 23.863489 6.507978
v 81.350533 14.592399 9.771712
v 81.350533 14.592399 9.771712
v 77.146553 11.996171 15.987459
v 66.331367 14.185861 17.379316
v 66.331367 14.185861 17.379316
v 78.389404 14.229026 17.459795
v 81.350533 14.592399 11.235999
v 77.146568 11.996171 12.627853
v -20.835733 10.813011 23.727322
v -20.835733 10.813011 23.727322
v 68.204597 10.392010 -8.975156
v 68.204597 8.233304 -6.387389
v 67.863785 11.768273 -8.975156
v 67.863785 8.832923 -6.387389
v 70.474709 11.175447 -8.975156
v 70.474709 8.919929 -6.387389
v 70.093338 10.392010 -8.975156
v 70.093338 8.233304 -6.387389
v 67.235176 11.088435 -15.860970
v 68.204590 10.950850 -14.902250
v 70.093338 10.986044 -16.579407
v 68.281906 11.088435 -17.890156
v 68.658562 11.768273 -18.255722
v 70.474709 11.685118 -16.954008
v 66.957123 11.768273 -15.383101
v 67.863785 11.768273 -14.603489
v 64.998894 11.088435 -16.440033
v 64.243645 11.088435 -16.931421
v 63.922298 11.768273 -16.681467
v 64.723579 11.768273 -16.177250
v 64.243645 11.088435 -17.552706
v 65.108566 11.088435 -17.890156
v 64.791443 11.768273 -18.255720
v 63.922298 11.768273 -17.859068
v 70.093338 8.233304 3.426009
v 68.204597 8.233304 3.426009
v 70.474709 8.919929 3.426009
v 67.863785 8.832923 3.426009
v 68.204597 10.392010 6.013775
v 67.863785 11.768273 6.013775
v 70.474709 11.175447 6.013775
v 70.093338 10.392010 6.013775
v 67.235176 11.088435 12.899591
v 68.204590 10.950850 11.940871
v 70.093338 10.986044 13.618025
v 68.281906 11.088435 14.928776
v 68.658562 11.768273 15.294341
v 70.474709 11.685118 13.992626
v 66.957123 11.768273 12.421721
v 67.863785 11.768273 11.642110
v 64.998894 11.088435 13.478653
v 64.243645 11.088435 13.970042
v 63.922298 11.768273 13.720088
v 64.723579 11.768273 13.215870
v 64.243645 11.088435 14.591328
v 65.108566 11.088435 14.928776
v 64.791443 11.768273 15.294342
v 63.922298 11.768273 14.897689
v -51.721554 25.331179 -22.855324
v -46.838913 24.898743 -22.855324
v -43.644787 23.653847 -22.855324
v -40.370216 20.966980 -22.220757
v -61.569904 22.139454 -22.855324
v -56.938080 24.700720 -22.855324
v -38.265545 12.505790 -25.800587
v -38.265545 12.505790 -25.800587
v -38.265545 10.813011 -25.800587
v -38.265545 10.813011 -25.800587
v -28.886347 10.813011 -25.800587
v -28.886347 10.813011 -25.800587
v -64.955177 17.227362 -22.855324
v -64.955177 17.227362 -22.855324
v -64.160240 16.827181 -32.817902
v -38.265545 10.813011 -30.659561
v -82.300201 15.871398 -19.688681
v -82.300201 15.871398 -19.688681
v -82.157234 15.871398 -22.855316
v -65.026657 15.871398 -19.688683
v -64.955170 15.871398 -22.855320
v -65.026657 19.368126 -19.688683
v -82.300201 19.368126 -19.688681
v -82.300201 19.368126 -19.688681
v -82.157234 16.758186 -22.855316
v -38.339996 12.505790 -22.855324
v -38.339996 12.505790 -22.855324
v -38.408527 17.696541 -22.220757
v -35.623707 14.359236 -19.688684
v -42.992702 18.848728 -19.688683
v -42.992702 15.871398 -19.688683
v -36.505821 10.813006 -19.688684
v -28.886347 10.813006 -22.855324
v -28.886347 10.813006 -22.855324
v -28.886347 10.813006 -22.855324
v -28.886347 12.505790 -22.855324
v -28.886347 12.505790 -22.855324
v -36.505821 10.813006 -22.855324
v -28.886347 14.359236 -19.688684
v -28.886347 14.359236 -19.688684
v -28.886347 12.505790 -25.800587
v -28.886347 12.505790 -25.800587
v -42.992702 15.871398 -22.855324
v -51.721554 25.331179 19.893953
v -46.838913 24.898743 19.893953
v -43.644787 23.653847 19.893953
v -40.370216 20.966980 19.259388
v -61.569904 22.139454 19.893953
v -56.938080 24.700720 19.893953
v -38.265545 12.505790 22.839216
v -38.265545 12.505790 22.839216
v -38.265545 10.813011 22.839216
v -38.265545 10.813011 22.839216
v -28.886347 10.813011 22.839216
v -28.886347 10.813011 22.839216
v -64.955177 17.227362 19.893953
v -64.955177 17.227362 19.893953
v -64.160240 16.827181 29.856531
v -38.265545 10.813011 27.698191
v -82.300201 15.871398 16.727314
v -82.300201 15.871398 16.727314
v -82.157234 15.871398 19.893951
v -65.026657 15.871398 16.727314
v -64.955170 15.871398 19.893950
v -65.026657 19.368126 16.727314
v -82.300201 19.368126 16.727314
v -82.300201 19.368126 16.727314
v -82.157234 16.758186 19.893951
v -38.339996 12.505790 19.893953
v -38.339996 12.505790 19.893953
v -38.408527 17.696541 19.259388
v -35.623707 14.359236 16.727314
v -42.992702 18.848728 16.727314
v -42.992702 15.871398 16.727314
v -36.505821 10.813006 16.727314
v -28.886347 10.813006 19.893953
v -28.886347 10.813006 19.893953
v -28.886347 12.505790 19.893953
v -28.886347 12.505790 19.893953
v -36.505821 10.813006 19.893953
v -28.886347 14.359236 16.727314
v -28.886347 14.359236 16.727314
v -28.886347 12.505790 22.839216
v -28.886347 12.505790 22.839216
v -42.992702 15.871398 19.893953
v -28.886347 10.813011 16.727314
v -28.886347 10.813011 16.727314
v 66.315475 14.395567 -30.649271
v 66.315475 14.395567 27.687891
v -28.886347 10.813011 -19.688684
v -28.886347 10.813011 -19.688684
v -28.886347 10.813011 -19.688684
v 78.488579 14.216825 -19.873777
v -53.282200 7.598335 -28.237511
v -53.282200 7.598335 -28.237511
v -53.282200 8.414477 -28.237511
v -53.282200 8.414477 -28.237511
v -53.911987 7.598335 -28.237511
v -53.911987 7.598335 -28.237511
v -53.911987 8.414477 -28.237511
v -53.911987 8.414477 -28.237511
v -53.282200 13.426388 17.104404
v -53.911987 13.426388 17.104404
v -53.282200 12.610246 17.104404
v -53.911987 12.610246 17.104404
v -53.282200 12.610246 18.916573
v -53.282200 12.610246 18.916573
v -53.282200 13.426388 18.916573
v -53.282200 13.426388 18.916573
v -53.911987 12.610246 18.916573
v -53.911987 12.610246 18.916573
v -53.911987 13.426388 18.916573
v -53.911987 13.426388 18.916573
v -52.981514 8.250673 -27.798620
v -52.981514 7.762153 -27.798620
v -54.212685 7.762153 -27.798620
v -54.212685 8.250673 -27.798620
v -52.981514 7.517891 -28.221695
v -54.212685 7.517891 -28.221695
v -52.981514 7.762149 -28.644768
v -54.212685 7.762149 -28.644768
v -52.981514 8.250669 -28.644768
v -54.212685 8.250669 -28.644768
v -52.981514 8.494931 -28.221695
v -54.212685 8.494931 -28.221695
v 47.121883 17.065901 -5.367661
v 47.121883 11.204024 -5.367661
v 57.459816 10.693262 1.269390
v 57.459816 11.384884 1.961009
v 57.459816 16.885042 1.961009
v 57.459816 17.576668 1.269390
v 57.459816 11.384884 -4.922390
v 57.459816 10.693262 -4.230770
v 47.121883 10.247993 1.450247
v 47.121883 11.204024 2.406282
v 47.121883 17.065901 2.406282
v 47.121883 18.021938 1.450247
v 47.121883 10.247993 -4.411626
v 57.459816 17.576668 -4.230770
v 57.459816 16.885042 -4.922390
v 61.222527 18.114382 3.577200
v 61.222527 19.192854 2.498724
v 61.222527 10.155549 -6.538580
v 61.222527 9.077072 -5.460104
v 61.222527 19.192854 -5.460104
v 61.222527 18.114382 -6.538580
v 61.222527 9.077072 2.498724
v 61.222527 10.155549 3.577200
v 46.195522 10.244796 1.451170
v 46.195522 10.244796 -4.412549
v 46.195522 11.203100 -5.370855
v 46.195522 17.066826 2.409476
v 46.195522 11.203100 2.409476
v 46.195522 17.066826 -5.370855
v 46.195522 18.025129 1.451170
v 46.195522 18.025129 -4.412549
v 47.121883 18.021938 -4.411626
v 47.120300 16.896070 -4.957738
v 47.120300 11.373861 -4.957738
v 46.193943 11.372870 -4.960906
v 46.193943 16.897055 -4.960906
v 47.120300 17.612017 1.280414
v 47.120300 17.612017 -4.241793
v 46.193943 17.615181 -4.242780
v 46.193943 17.615181 1.281401
v 46.193943 16.897055 1.999526
v 46.193943 11.372870 1.999526
v 47.120300 11.373861 1.996359
v 47.120300 16.896070 1.996359
v 47.120300 10.657913 1.280414
v 46.193943 10.654749 1.281401
v 46.193943 10.654749 -4.242780
v 47.120300 10.657913 -4.241793
v -49.272804 12.402004 -12.983582
v -49.272804 12.402004 -12.983582
v -49.272804 12.402004 16.380091
v -49.272804 12.402004 16.380091
v -30.071680 12.402004 -7.949566
v -30.071680 12.402004 -7.949566
v -35.505966 12.402004 -13.057233
v -35.505966 12.402004 -13.057233
v -30.071680 12.402004 16.486067
v -30.071680 12.402004 16.486067
v -49.272804 18.848732 -12.983582
v -35.505966 14.359236 -13.057233
v -49.272804 18.848732 16.380091
v -30.071680 14.359236 16.486067
v -30.071680 14.359236 -7.949567
v -79.279366 12.846908 -27.570084
v -77.570198 12.526349 -28.087193
v -79.791321 12.933101 -26.767149
v -67.886620 10.861507 -27.841995
v -67.886620 10.861507 -27.841995
v -64.160240 16.827181 -32.817902
v -66.947891 10.512119 -29.622885
v -66.947891 10.512119 -29.622885
v -82.713425 16.019690 -17.283333
v -82.713432 13.354086 -17.283333
v -82.713432 13.354086 -17.283333
v -79.791321 12.933101 -12.680854
v -82.713440 13.354086 -12.680854
v -82.713440 13.354086 -12.680854
v -79.791321 12.933101 -17.283333
v -82.426903 13.354086 -27.589321
v -81.202583 13.177910 -29.143827
v -82.679604 16.019690 -12.680854
v -78.755524 12.687946 -30.029179
v -82.393074 13.354086 21.341846
v -82.393074 13.354086 24.627956
v -79.279366 12.846908 24.608719
v -77.570198 12.526349 25.125824
v -79.791321 12.933101 21.698214
v -79.791321 12.933101 23.805782
v -67.886620 10.861507 24.880625
v -67.886620 10.861507 24.880625
v -64.160240 16.827181 29.856531
v -66.947891 10.512119 26.661516
v -66.947891 10.512119 26.661516
v -81.297455 13.177910 26.397017
v -78.755524 12.687946 27.067810
v -79.210815 13.232030 -27.574163
v -77.499153 12.910624 -28.104830
v -79.727989 13.319129 -26.766003
v -67.816498 11.245658 -27.864910
v -67.816498 11.245658 -27.864910
v -64.124687 16.859810 -32.458607
v -66.887688 10.792482 -29.362743
v -66.887688 10.792482 -29.362743
v -82.289337 15.974093 -17.283333
v -82.301697 13.646328 -17.283333
v -82.301697 13.646328 -17.283333
v -79.743462 13.321330 -12.680854
v -82.398460 13.588239 -12.680854
v -82.398460 13.588239 -12.680854
v -79.736572 13.320415 -17.283333
v -82.089615 13.592978 -27.521544
v -80.993515 13.443281 -28.949957
v -82.293831 15.943854 -12.680854
v -78.665886 12.986758 -29.798336
v -82.099014 13.613676 21.335581
v -82.092690 13.592020 24.545586
v -79.206657 13.231288 24.606503
v -77.496078 12.910077 25.142811
v -79.731995 13.319757 21.696814
v -79.728035 13.319077 23.799091
v -67.816498 11.245658 24.903542
v -67.816498 11.245658 24.903542
v -64.124687 16.827181 29.497238
v -66.887688 10.792482 26.401375
v -66.887688 10.792482 26.401375
v -80.595650 13.458766 25.848320
v -78.657593 12.984021 26.836784
v 71.239883 6.753670 -1.480691
v 71.204765 7.306757 -10.905234
v 66.472389 11.498701 -30.062403
v 64.758797 17.453838 -32.057972
v 70.946251 7.791691 -21.458645
v 69.749573 9.541524 -27.504475
v 71.204765 7.306757 7.943853
v 66.472389 11.498701 27.101023
v 64.758797 17.453838 29.096592
v 70.946251 7.791691 18.497265
v 69.749573 9.541524 24.543095
v 71.147240 7.136419 -1.480691
v 71.091797 7.682789 -10.874925
v 66.419289 11.670105 -29.711863
v 64.723030 17.562458 -31.681141
v 70.808121 8.152240 -21.381166
v 69.641426 9.849855 -27.284668
v 71.091797 7.682789 7.913544
v 66.419289 11.670105 26.750483
v 64.723030 17.562458 28.719763
v 70.808121 8.152240 18.419788
v 69.641426 9.849855 24.323290
v -50.131947 6.874623 -28.646381
v -50.131947 9.031048 -28.646381
v -52.288372 9.031048 -28.646381
v -52.288372 6.874623 -28.646381
v -51.828907 6.874623 -28.646381
v -50.591408 9.031048 -28.646381
v -50.591415 6.874623 -28.646381
v -51.828907 9.031048 -28.646381
v -50.591415 7.762266 -28.646381
v -51.828907 7.762266 -28.646381
v -51.828907 8.143410 -28.646381
v -50.591408 8.143410 -28.646381
v -50.131947 6.874623 25.685011
v -50.131947 9.031048 25.685011
v -52.288372 6.874623 25.685011
v -52.288372 9.031048 25.685011
v -51.828907 6.874623 25.685011
v -50.591408 9.031048 25.685011
v -50.591415 6.874623 25.685011
v -51.828907 9.031048 25.685011
v -50.591415 7.762266 25.685011
v -51.828907 7.762266 25.685011
v -51.828907 8.143410 25.685011
v -50.591408 8.143410 25.685011
v 48.622501 9.721405 -25.752464
v 48.623512 9.350601 -25.110212
v 48.623512 8.608994 -25.110212
v 50.205120 9.721405 -25.754951
v 50.204113 9.350601 -26.397205
v 50.204113 8.608994 -26.397205
v 48.622501 8.238190 -25.752464
v 50.205120 8.238190 -25.754951
v 48.621494 8.608994 -26.394716
v 50.206135 8.608994 -25.112703
v 48.621494 9.350601 -26.394716
v 50.206135 9.350601 -25.112703
v 65.105698 11.089905 -16.241564
v 65.979561 11.089905 -16.242760
v 66.416496 10.333115 -16.242760
v 65.103165 11.088435 -18.106415
v 64.666229 10.331646 -18.105225
v 65.103157 9.574857 -18.105225
v 65.979561 9.576331 -16.241564
v 65.977020 9.574866 -18.106415
v 65.105698 9.576326 -16.240374
v 66.413956 10.331646 -18.107607
v 64.668770 10.333115 -16.240374
v 65.977020 11.088435 -18.107607
v 50.429813 13.176866 -25.264791
v 49.583397 12.688186 -25.264791
v 49.583397 11.710827 -25.264791
v 50.429813 11.222143 -25.264791
v 51.276234 11.710827 -25.264791
v 51.276234 12.688186 -25.264791
v 51.276234 14.835091 -7.919154
v 50.429813 15.323774 -7.919154
v 51.276234 13.857729 -7.919154
v 50.429813 13.369047 -7.919154
v 49.583397 13.857729 -7.919154
v 49.583397 14.835091 -7.919154
v 50.434074 17.722847 -28.641806
v 48.173565 17.273201 -28.641806
v 48.173565 17.273201 -30.608772
v 50.434074 17.722847 -30.608772
v 46.257195 15.992723 -28.641806
v 46.257195 15.992723 -30.608772
v 44.976715 14.076357 -28.641806
v 44.976715 14.076357 -30.608772
v 44.527073 11.815845 -28.641806
v 44.527073 11.815845 -30.608772
v 44.976715 9.555330 -28.641806
v 44.976715 9.555330 -30.608772
v 46.257195 7.638962 -28.641806
v 46.257195 7.638962 -30.608772
v 48.173565 6.358489 -28.641806
v 48.173565 6.358489 -30.608772
v 50.434074 5.908844 -28.641806
v 50.434074 5.908844 -30.608772
v 52.694584 6.358489 -28.641806
v 52.694584 6.358489 -30.608772
v 54.610958 7.638962 -28.641806
v 54.610958 7.638962 -30.608772
v 55.891434 9.555330 -28.641806
v 55.891434 9.555330 -30.608772
v 56.341076 11.815845 -28.641806
v 56.341076 11.815845 -30.608772
v 55.891434 14.076357 -28.641806
v 55.891434 14.076357 -30.608772
v 54.610958 15.992723 -28.641806
v 54.610958 15.992723 -30.608772
v 52.694584 17.273201 -28.641806
v 52.694584 17.273201 -30.608772
v 48.978161 9.810094 -28.646326
v 49.852016 9.808895 -28.646324
v 50.288948 9.808895 -27.889536
v 48.975624 7.945243 -28.644859
v 48.538685 7.946432 -27.888073
v 48.975616 7.946432 -27.131283
v 49.852020 9.810094 -27.132757
v 49.849476 7.945243 -27.131289
v 48.978157 9.811283 -27.132750
v 50.286411 7.944050 -27.888067
v 48.541229 9.811283 -27.889540
v 49.849472 7.944050 -28.644857
v 48.622501 9.721405 22.791084
v 48.623512 9.350601 22.148832
v 48.623512 8.608994 22.148832
v 50.205120 9.721405 22.793573
v 50.204113 9.350601 23.435827
v 50.204113 8.608994 23.435827
v 48.622501 8.238190 22.791084
v 50.205120 8.238190 22.793573
v 48.621494 8.608994 23.433336
v 50.206135 8.608994 22.151323
v 48.621494 9.350601 23.433336
v 50.206135 9.350601 22.151323
v 65.105698 11.089905 13.280186
v 65.979561 11.089905 13.281382
v 66.416496 10.333115 13.281382
v 65.103165 11.088435 15.145036
v 64.666229 10.331646 15.143846
v 65.103157 9.574857 15.143846
v 65.979561 9.576331 13.280186
v 65.977020 9.574866 15.145036
v 65.105698 9.576326 13.278996
v 66.413956 10.331646 15.146227
v 64.668770 10.333115 13.278996
v 65.977020 11.088435 15.146227
v 50.429813 13.176866 22.303411
v 49.583397 12.688186 22.303411
v 49.583397 11.710827 22.303411
v 50.429813 11.222143 22.303411
v 51.276234 11.710827 22.303411
v 51.276234 12.688186 22.303411
v 51.276234 14.835091 4.957774
v 50.429813 15.323774 4.957774
v 51.276234 13.857729 4.957774
v 50.429813 13.369047 4.957774
v 49.583397 13.857729 4.957774
v 49.583397 14.835091 4.957774
v 50.434074 17.722847 25.680428
v 48.173565 17.273201 25.680428
v 48.173565 17.273201 27.647392
v 50.434074 17.722847 27.647392
v 46.257195 15.992723 25.680428
v 46.257195 15.992723 27.647392
v 44.976715 14.076357 25.680428
v 44.976715 14.076357 27.647392
v 44.527073 11.815845 25.680428
v 44.527073 11.815845 27.647392
v 44.976715 9.555330 25.680428
v 44.976715 9.555330 27.647392
v 46.257195 7.638962 25.680428
v 46.257195 7.638962 27.647392
v 48.173565 6.358489 25.680428
v 48.173565 6.358489 27.647392
v 50.434074 5.908844 25.680428
v 50.434074 5.908844 27.647392
v 52.694584 6.358489 25.680428
v 52.694584 6.358489 27.647392
v 54.610958 7.638962 25.680428
v 54.610958 7.638962 27.647392
v 55.891434 9.555330 25.680428
v 55.891434 9.555330 27.647392
v 56.341076 11.815845 25.680428
v 56.341076 11.815845 27.647392
v 55.891434 14.076357 25.680428
v 55.891434 14.076357 27.647392
v 54.610958 15.992723 25.680428
v 54.610958 15.992723 27.647392
v 52.694584 17.273201 25.680428
v 52.694584 17.273201 27.647392
v 48.978161 9.810094 25.684948
v 49.852016 9.808895 25.684946
v 50.288948 9.808895 24.928156
v 48.975624 7.945243 25.683481
v 48.538685 7.946432 24.926693
v 48.975616 7.946432 24.169905
v 49.852020 9.810094 24.171379
v 49.849476 7.945243 24.169909
v 48.978157 9.811283 24.171371
v 50.286411 7.944050 24.926689
v 48.541229 9.811283 24.928162
v 49.849472 7.944050 25.683479
v -50.023186 10.386399 -23.862114
v -50.023186 10.386399 -23.862114
v -50.023186 10.386399 -19.485144
v -50.023186 10.386399 -19.485144
v -50.023186 10.386399 -19.485144
v -50.023186 6.874623 -19.485144
v -50.023186 6.874623 -19.485144
v -50.023186 6.874623 -23.862114
v -50.023186 6.874623 -23.862114
v -45.646217 6.874623 -23.862114
v -45.646217 6.874623 -23.862114
v -45.646217 6.874623 -19.485144
v -45.646217 6.874623 -19.485144
v -45.646217 7.676695 -19.485144
v -45.646217 7.676695 -19.485144
v -45.646217 7.676695 -19.485144
v -34.844643 8.739794 -23.862114
v -34.844643 8.739794 -23.862114
v -34.844643 10.528796 -23.862114
v -34.844643 10.528796 -23.862114
v -38.253387 10.856395 -25.800589
v -36.958496 8.403314 -25.800589
v -36.958496 8.403314 -25.800589
v -31.423346 10.856395 -25.800589
v -31.423346 10.856395 -25.800589
v -34.621193 8.403314 -25.800589
v -34.621193 8.403314 -25.800589
v -31.423346 10.856395 -22.855324
v -31.423346 10.856395 -22.855324
v -34.621193 8.403314 -22.855324
v -34.621193 8.403314 -22.855324
v -38.253387 10.856395 -22.855324
v -36.958496 8.403314 -22.855324
v -36.958496 8.403314 -22.855324
v -45.055813 15.866865 -19.612352
v -45.055813 15.866865 -19.612352
v -50.305107 15.866865 -19.612352
v -50.305107 15.866865 -19.612352
v -45.055813 15.866865 -22.319090
v -45.055813 15.866865 -22.319090
v -46.410595 15.866870 -24.135405
v -46.410595 15.866870 -24.135405
v -48.950310 15.866870 -24.135405
v -48.950310 15.866870 -24.135405
v -50.305107 15.866865 -22.319090
v -50.305107 15.866865 -22.319090
v -36.151134 9.774341 -22.540113
v -36.475346 9.587158 -22.540113
v -36.475346 9.587158 -26.085104
v -36.151134 9.774341 -26.085104
v -36.475346 9.212790 -22.540113
v -36.475346 9.212790 -26.085104
v -36.151134 9.025602 -22.540113
v -36.151134 9.025602 -26.085104
v -35.826927 9.212790 -22.540113
v -35.826927 9.212790 -26.085104
v -35.826927 9.587158 -22.540113
v -35.826927 9.587158 -26.085104
v -38.253387 12.505785 -22.855324
v -31.423346 12.505785 -22.855324
v -31.423346 12.505785 -25.800589
v -38.253387 12.505785 -25.800589
v -50.300827 10.386399 -24.177847
v -50.300827 10.386399 -24.177847
v -50.353806 10.386399 -19.243944
v -50.353806 10.386399 -19.243944
v -50.250549 6.647265 -19.243944
v -50.250549 6.647265 -19.243944
v -50.250549 6.647265 -24.177847
v -50.250549 6.647265 -24.177847
v -45.418854 6.647265 -24.177847
v -45.418854 6.647265 -24.177847
v -45.418854 6.647265 -19.243944
v -45.418854 6.647265 -19.243944
v -45.412140 7.676695 -19.243944
v -45.412140 7.676695 -19.243944
v -45.646217 7.676695 -19.243944
v -45.646217 7.676695 -19.243944
v -34.844643 8.739794 -24.177847
v -34.844643 8.739794 -24.177847
v -34.844643 10.528796 -24.177847
v -34.844643 10.528796 -24.177847
v -38.253387 10.856395 -25.429766
v -36.958496 8.403314 -25.429766
v -36.958496 8.403314 -25.429766
v -31.423346 11.168698 -25.429766
v -31.423346 11.168698 -25.429766
v -35.061806 8.403314 -25.429766
v -35.061806 8.403314 -25.429766
v -31.423346 11.168698 -23.226151
v -31.423346 11.168698 -23.226151
v -35.061806 8.403314 -23.226151
v -35.061806 8.403314 -23.226151
v -38.253387 10.856395 -23.226151
v -36.958496 8.403314 -23.226151
v -36.958496 8.403314 -23.226151
v -45.055813 15.473065 -19.612352
v -45.055813 15.473065 -19.612352
v -50.305107 15.473065 -19.612352
v -50.305107 15.473065 -19.612352
v -45.055813 15.473065 -22.319090
v -45.055813 15.473065 -22.319090
v -46.410595 15.473070 -24.135405
v -46.410595 15.473070 -24.135405
v -48.950310 15.473070 -24.135405
v -48.950310 15.473070 -24.135405
v -50.305107 15.473065 -22.319090
v -50.305107 15.473065 -22.319090
v -38.253387 12.505785 -23.226151
v -31.423346 12.505785 -23.226151
v -31.423346 12.505785 -25.429766
v -38.253387 12.505785 -25.429766
v -45.412140 7.676695 -23.862114
v -45.412140 7.676695 -23.862114
v -45.412140 7.676695 -23.862114
v -45.412140 7.676695 -24.177847
v -45.412140 7.676695 -24.177847
v -45.646217 7.676695 -23.862114
v -45.646217 7.676695 -23.862114
v -50.023186 10.386399 -19.243944
v -50.023186 10.386399 -19.243944
v -50.023186 10.386399 20.900745
v -50.023186 10.386399 20.900745
v -50.023186 10.386399 16.523775
v -50.023186 10.386399 16.523775
v -50.023186 10.386399 16.523775
v -50.023186 6.874623 16.523775
v -50.023186 6.874623 16.523775
v -50.023186 6.874623 20.900745
v -50.023186 6.874623 20.900745
v -45.646217 6.874623 20.900745
v -45.646217 6.874623 20.900745
v -45.646217 6.874623 16.523775
v -45.646217 6.874623 16.523775
v -45.646217 7.676695 16.523775
v -45.646217 7.676695 16.523775
v -45.646217 7.676695 16.523775
v -34.844643 8.739794 20.900745
v -34.844643 8.739794 20.900745
v -34.844643 10.528796 20.900745
v -34.844643 10.528796 20.900745
v -38.253387 10.856395 22.839220
v -36.958496 8.403314 22.839220
v -36.958496 8.403314 22.839220
v -31.423346 10.856395 22.839220
v -31.423346 10.856395 22.839220
v -34.621193 8.403314 22.839220
v -34.621193 8.403314 22.839220
v -31.423346 10.856395 19.893953
v -31.423346 10.856395 19.893953
v -34.621193 8.403314 19.893953
v -34.621193 8.403314 19.893953
v -38.253387 10.856395 19.893953
v -36.958496 8.403314 19.893953
v -36.958496 8.403314 19.893953
v -45.055813 15.866865 16.650982
v -45.055813 15.866865 16.650982
v -50.305107 15.866865 16.650982
v -50.305107 15.866865 16.650982
v -45.055813 15.866865 19.357719
v -45.055813 15.866865 19.357719
v -46.410595 15.866870 21.174036
v -46.410595 15.866870 21.174036
v -48.950310 15.866870 21.174036
v -48.950310 15.866870 21.174036
v -50.305107 15.866865 19.357719
v -50.305107 15.866865 19.357719
v -36.151134 9.774341 19.578745
v -36.475346 9.587158 19.578745
v -36.475346 9.587158 23.123734
v -36.151134 9.774341 23.123734
v -36.475346 9.212790 19.578745
v -36.475346 9.212790 23.123734
v -36.151134 9.025602 19.578745
v -36.151134 9.025602 23.123734
v -35.826927 9.212790 19.578745
v -35.826927 9.212790 23.123734
v -35.826927 9.587158 19.578745
v -35.826927 9.587158 23.123734
v -38.253387 12.505785 19.893953
v -31.423346 12.505785 19.893953
v -31.423346 12.505785 22.839220
v -38.253387 12.505785 22.839220
v -50.300827 10.386399 21.216478
v -50.300827 10.386399 21.216478
v -50.353806 10.386399 16.282574
v -50.353806 10.386399 16.282574
v -50.250549 6.647265 16.282574
v -50.250549 6.647265 16.282574
v -50.250549 6.647265 21.216478
v -50.250549 6.647265 21.216478
v -45.418854 6.647265 21.216478
v -45.418854 6.647265 21.216478
v -45.418854 6.647265 16.282574
v -45.418854 6.647265 16.282574
v -45.412140 7.676695 16.282574
v -45.412140 7.676695 16.282574
v -45.646217 7.676695 16.282574
v -45.646217 7.676695 16.282574
v -34.844643 8.739794 21.216478
v -34.844643 8.739794 21.216478
v -34.844643 10.528796 21.216478
v -34.844643 10.528796 21.216478
v -38.253387 10.856395 22.468397
v -36.958496 8.403314 22.468397
v -36.958496 8.403314 22.468397
v -31.423346 11.168698 22.468397
v -31.423346 11.168698 22.468397
v -35.061806 8.403314 22.468397
v -35.061806 8.403314 22.468397
v -31.423346 11.168698 20.264782
v -31.423346 11.168698 20.264782
v -35.061806 8.403314 20.264782
v -35.061806 8.403314 20.264782
v -38.253387 10.856395 20.264782
v -36.958496 8.403314 20.264782
v -36.958496 8.403314 20.264782
v -45.055813 15.473065 16.650982
v -45.055813 15.473065 16.650982
v -50.305107 15.473065 16.650982
v -50.305107 15.473065 16.650982
v -45.055813 15.473065 19.357719
v -45.055813 15.473065 19.357719
v -46.410595 15.473070 21.174036
v -46.410595 15.473070 21.174036
v -48.950310 15.473070 21.174036
v -48.950310 15.473070 21.174036
v -50.305107 15.473065 19.357719
v -50.305107 15.473065 19.357719
v -38.253387 12.505785 20.264782
v -31.423346 12.505785 20.264782
v -31.423346 12.505785 22.468397
v -38.253387 12.505785 22.468397
v -45.412140 7.676695 20.900745
v -45.412140 7.676695 20.900745
v -45.412140 7.676695 20.900745
v -45.412140 7.676695 21.216478
v -45.412140 7.676695 21.216478
v -45.646217 7.676695 20.900745
v -45.646217 7.676695 20.900745
v -50.023186 10.386399 16.282574
v -50.023186 10.386399 16.282574
v -51.192348 17.722847 -28.641802
v -53.452862 17.273201 -28.641802
v -53.452862 17.273201 -30.608767
v -51.192348 17.722847 -30.608767
v -55.369228 15.992723 -28.641802
v -55.369228 15.992723 -30.608767
v -56.649712 14.076357 -28.641802
v -56.649712 14.076357 -30.608767
v -57.099346 11.815845 -28.641802
v -57.099346 11.815845 -30.608767
v -56.649712 9.555330 -28.641802
v -56.649712 9.555330 -30.608767
v -55.369228 7.638962 -28.641802
v -55.369228 7.638962 -30.608767
v -53.452862 6.358489 -28.641802
v -53.452862 6.358489 -30.608767
v -51.192348 5.908844 -28.641802
v -51.192348 5.908844 -30.608767
v -48.931843 6.358489 -28.641802
v -48.931843 6.358489 -30.608767
v -47.015465 7.638962 -28.641802
v -47.015465 7.638962 -30.608767
v -45.734993 9.555330 -28.641802
v -45.734993 9.555330 -30.608767
v -45.285343 11.815845 -28.641802
v -45.285343 11.815845 -30.608767
v -45.734993 14.076357 -28.641802
v -45.734993 14.076357 -30.608767
v -47.015465 15.992723 -28.641802
v -47.015465 15.992723 -30.608767
v -48.931843 17.273201 -28.641802
v -48.931843 17.273201 -30.608767
v -51.192348 17.722847 25.680431
v -53.452862 17.273201 25.680431
v -53.452862 17.273201 27.647398
v -51.192348 17.722847 27.647398
v -55.369228 15.992723 25.680431
v -55.369228 15.992723 27.647398
v -56.649712 14.076357 25.680431
v -56.649712 14.076357 27.647398
v -57.099346 11.815845 25.680431
v -57.099346 11.815845 27.647398
v -56.649712 9.555330 25.680431
v -56.649712 9.555330 27.647398
v -55.369228 7.638962 25.680431
v -55.369228 7.638962 27.647398
v -53.452862 6.358489 25.680431
v -53.452862 6.358489 27.647398
v -51.192348 5.908844 25.680431
v -51.192348 5.908844 27.647398
v -48.931843 6.358489 25.680431
v -48.931843 6.358489 27.647398
v -47.015465 7.638962 25.680431
v -47.015465 7.638962 27.647398
v -45.734993 9.555330 25.680431
v -45.734993 9.555330 27.647398
v -45.285343 11.815845 25.680431
v -45.285343 11.815845 27.647398
v -45.734993 14.076357 25.680431
v -45.734993 14.076357 27.647398
v -47.015465 15.992723 25.680431
v -47.015465 15.992723 27.647398
v -48.931843 17.273201 25.680431
v -48.931843 17.273201 27.647398
v 36.091877 10.793625 -33.262615
v 36.122211 4.952480 -33.262615
v 36.122211 4.952480 -33.262615
v 37.464989 4.952480 -22.584492
v 37.464989 4.952480 -22.584492
v 37.465607 10.793625 -22.584492
v 38.512650 17.078190 -22.584492
v 37.228062 17.095720 -33.262615
v 36.454121 10.793625 -33.262615
v 36.378231 4.952480 -33.262615
v 36.378231 4.952480 -33.262615
v 37.721008 4.952480 -22.584492
v 37.721008 4.952480 -22.584492
v 37.721008 10.793625 -22.584492
v 38.882668 18.124563 -22.584492
v 37.704922 18.124563 -33.262615
v -65.303787 10.793625 -31.671604
v -65.273445 4.952480 -31.671604
v -65.273445 4.952480 -31.671604
v -67.128532 4.952480 -23.231743
v -67.128532 4.952480 -23.231743
v -66.292549 10.793625 -23.231743
v -64.844940 17.095720 -23.231743
v -64.167595 16.827179 -32.817902
v -64.941544 10.793625 -31.671604
v -65.017433 4.952480 -31.671604
v -65.017433 4.952480 -31.671604
v -66.872513 4.952480 -23.231743
v -66.872513 4.952480 -23.231743
v -65.930305 10.793625 -23.231743
v -64.368080 18.000790 -23.231743
v -63.690739 17.473412 -32.817902
v 36.336441 10.793625 29.113451
v 36.366772 4.952480 29.113451
v 36.366772 4.952480 29.113451
v 37.709549 4.952480 18.435329
v 37.709549 4.952480 18.435329
v 37.710163 10.793625 18.435329
v 38.757210 17.078190 18.435329
v 37.472626 17.095720 29.113451
v 36.698685 10.793625 29.113451
v 36.622791 4.952480 29.113451
v 36.622791 4.952480 29.113451
v 37.965569 4.952480 18.435329
v 37.965569 4.952480 18.435329
v 37.965569 10.793625 18.435329
v 39.127224 18.124563 18.435329
v 37.949486 18.124563 29.113451
v -65.303787 10.793625 28.710236
v -65.273445 4.952480 28.710236
v -65.273445 4.952480 28.710236
v -67.128532 4.952480 20.270372
v -67.128532 4.952480 20.270372
v -66.292549 10.793625 20.270372
v -64.844940 17.095720 20.270372
v -64.167595 16.827179 29.856531
v -64.941544 10.793625 28.710236
v -65.017433 4.952480 28.710236
v -65.017433 4.952480 28.710236
v -66.872513 4.952480 20.270372
v -66.872513 4.952480 20.270372
v -65.930305 10.793625 20.270372
v -64.368080 18.000790 20.270372
v -63.690739 17.473412 29.856531
v 54.246372 6.951962 -32.211781
v 53.224506 6.300856 -32.211781
v 54.841560 6.193691 -32.191605
v 53.660320 5.441041 -32.191605
v 54.856743 6.174345 -32.517906
v 53.671440 5.419101 -32.517906
v 52.095249 5.861617 -32.211781
v 52.354950 4.933297 -32.191605
v 52.361580 4.909613 -32.517906
v 54.945805 6.060878 -32.517910
v 53.736660 5.290439 -32.517910
v 52.400440 4.770701 -32.517910
v 54.264606 6.928735 -27.729191
v 52.103203 5.833179 -27.729191
v 53.078850 8.439394 -32.264450
v 52.536732 8.047872 -32.273666
v 53.078850 8.439394 -32.028172
v 52.543304 8.056124 -32.028404
v 52.360279 7.865578 -32.253944
v 52.363438 7.661077 -32.212334
v 52.670906 7.342004 -32.125908
v 52.953724 7.401778 -32.109745
v 52.527874 7.417706 -32.149830
v 53.560925 7.825226 -32.110157
v 52.378902 7.899421 -32.008049
v 52.375931 7.716602 -31.962599
v 52.658451 7.410615 -31.886454
v 52.910690 7.479655 -31.876070
v 52.527950 7.481943 -31.922449
v 53.503117 7.898874 -31.878017
v 55.121578 7.789915 -32.211781
v 55.853260 7.162331 -32.191605
v 55.871929 7.146317 -32.517906
v 55.816490 8.782513 -32.211781
v 56.656548 8.309727 -32.191605
v 56.677982 8.297666 -32.517906
v 55.981419 7.052402 -32.517910
v 56.803684 8.226917 -32.517910
v 55.842228 8.768027 -27.729191
v 53.587940 8.872993 -32.273666
v 53.578365 8.868566 -32.028404
v 53.806934 9.001091 -32.253944
v 54.004833 8.949448 -32.212334
v 54.241734 8.574983 -32.125908
v 54.116489 8.314463 -32.109745
v 54.202175 8.731902 -32.149830
v 53.769634 8.991044 -32.008049
v 53.947926 8.950502 -31.962599
v 54.178043 8.603380 -31.886454
v 54.051064 8.374763 -31.876070
v 54.139759 8.747090 -31.922449
v 56.566574 11.074577 -32.211781
v 56.304409 9.891605 -32.211781
v 57.523609 10.959255 -32.191605
v 57.220558 9.591797 -32.191605
v 57.548031 10.956317 -32.517910
v 57.243938 9.584146 -32.517910
v 57.691242 10.939060 -32.517910
v 57.381027 9.539284 -32.517910
v 56.595890 11.071045 -27.729191
v 54.689240 11.300787 -32.264450
v 54.582752 10.640600 -32.273670
v 54.689240 11.300787 -32.028172
v 54.581566 10.651088 -32.028404
v 54.586880 10.386932 -32.253944
v 54.733715 10.244563 -32.212334
v 55.176754 10.236355 -32.125908
v 55.334469 10.478601 -32.109745
v 55.022083 10.188751 -32.149830
v 55.464397 11.207381 -32.110157
v 54.576115 10.424026 -32.008049
v 54.703289 10.292656 -31.962599
v 55.119431 10.276068 -31.886454
v 55.248970 10.503240 -31.876070
v 54.976711 10.234223 -31.922449
v 55.371449 11.218582 -31.878017
v 56.592918 12.285964 -32.211781
v 57.554062 12.359567 -32.191605
v 57.578590 12.361446 -32.517910
v 56.382427 13.479208 -32.211781
v 57.310745 13.738910 -32.191605
v 57.334431 13.745539 -32.517910
v 57.722416 12.372459 -32.517910
v 57.473347 13.784399 -32.517910
v 56.410862 13.487164 -27.729191
v 54.742622 11.967372 -32.273670
v 54.738976 11.957469 -32.028404
v 54.806892 12.212801 -32.253944
v 54.983341 12.316217 -32.212334
v 55.415646 12.218948 -32.125908
v 55.511299 11.946170 -32.109745
v 55.276718 12.301935 -32.149830
v 54.787624 12.179322 -32.008049
v 54.942360 12.276728 -31.962601
v 55.350529 12.193991 -31.886454
v 55.422401 11.942543 -31.876070
v 55.221840 12.268537 -31.922449
v 55.292076 15.630337 -32.211781
v 55.943184 14.608470 -32.211781
v 56.050346 16.225519 -32.191605
v 56.803001 15.044288 -32.191605
v 56.069698 16.240709 -32.517910
v 56.824936 15.055408 -32.517910
v 56.183163 16.329771 -32.517910
v 56.953602 15.120626 -32.517910
v 55.315308 15.648568 -27.729191
v 53.804646 14.462814 -32.264450
v 54.196171 13.920698 -32.273670
v 53.804646 14.462814 -32.028172
v 54.187916 13.927273 -32.028404
v 54.378460 13.744246 -32.253944
v 54.582954 13.747402 -32.212334
v 54.902035 14.054873 -32.125908
v 54.842258 14.337687 -32.109745
v 54.826336 13.911842 -32.149830
v 54.418808 14.944889 -32.110157
v 54.344616 13.762863 -32.008049
v 54.527435 13.759896 -31.962601
v 54.833424 14.042418 -31.886454
v 54.764389 14.294655 -31.876070
v 54.762096 13.911918 -31.922449
v 54.345165 14.887084 -31.878017
v 54.454124 16.505545 -32.211781
v 55.081711 17.237221 -32.191605
v 55.097721 17.255894 -32.517910
v 53.461529 17.200455 -32.211781
v 53.934311 18.040512 -32.191605
v 53.946377 18.061947 -32.517910
v 55.191635 17.365381 -32.517910
v 54.017124 18.187653 -32.517910
v 53.476017 17.226189 -27.729191
v 53.371048 14.971909 -32.273670
v 53.375473 14.962329 -32.028408
v 53.242950 15.190898 -32.253944
v 53.294590 15.388790 -32.212334
v 53.669056 15.625699 -32.125912
v 53.929577 15.500455 -32.109745
v 53.512138 15.586139 -32.149830
v 53.252995 15.153603 -32.008053
v 53.293537 15.331891 -31.962601
v 53.640659 15.562009 -31.886454
v 53.869274 15.435031 -31.876070
v 53.496948 15.523724 -31.922449
v 51.169460 17.950537 -32.211781
v 52.352432 17.688374 -32.211781
v 51.284782 18.907574 -32.191608
v 52.652245 18.604521 -32.191605
v 51.287724 18.931995 -32.517910
v 52.659897 18.627899 -32.517910
v 51.304981 19.075209 -32.517910
v 52.704758 18.764994 -32.517910
v 51.172997 17.979856 -27.729191
v 50.943249 16.073206 -32.264450
v 51.603436 15.966717 -32.273670
v 50.943249 16.073206 -32.028172
v 51.592949 15.965531 -32.028408
v 51.857105 15.970847 -32.253944
v 51.999477 16.117682 -32.212334
v 52.007683 16.560713 -32.125912
v 51.765434 16.718431 -32.109745
v 52.055286 16.406048 -32.149830
v 51.036655 16.848362 -32.110157
v 51.820015 15.960083 -32.008053
v 51.951385 16.087254 -31.962601
v 51.967972 16.503395 -31.886454
v 51.740795 16.632936 -31.876072
v 52.009819 16.360678 -31.922449
v 51.025455 16.755409 -31.878017
v 49.958076 17.976883 -32.211781
v 49.884472 18.938026 -32.191608
v 49.882591 18.962553 -32.517910
v 48.764828 17.766388 -32.211781
v 48.505123 18.694704 -32.191608
v 48.498501 18.718393 -32.517910
v 49.871578 19.106380 -32.517910
v 48.459637 18.857306 -32.517910
v 48.756874 17.794827 -27.729191
v 50.276669 16.126587 -32.273670
v 50.286568 16.122944 -32.028408
v 50.031239 16.190855 -32.253944
v 49.927822 16.367306 -32.212334
v 50.025093 16.799608 -32.125912
v 50.297871 16.895267 -32.109745
v 49.942104 16.660681 -32.149830
v 50.064713 16.171587 -32.008053
v 49.967312 16.326324 -31.962601
v 50.050049 16.734495 -31.886454
v 50.301495 16.806364 -31.876072
v 49.975506 16.605806 -31.922451
v 46.613701 16.676041 -32.211781
v 47.635571 17.327148 -32.211781
v 46.018520 17.434311 -32.191608
v 47.199753 18.186964 -32.191608
v 46.003334 17.453659 -32.517910
v 47.188633 18.208904 -32.517910
v 45.914268 17.567127 -32.517910
v 47.123413 18.337563 -32.517910
v 46.595474 16.699268 -27.729191
v 47.781223 15.188612 -32.264450
v 48.323341 15.580134 -32.273670
v 47.781223 15.188612 -32.028172
v 48.316769 15.571881 -32.028408
v 48.499790 15.762427 -32.253944
v 48.496643 15.966926 -32.212334
v 48.189167 16.285999 -32.125912
v 47.906349 16.226227 -32.109745
v 48.332195 16.210299 -32.149830
v 47.299149 15.802776 -32.110157
v 48.481174 15.728585 -32.008053
v 48.484146 15.911399 -31.962601
v 48.201622 16.217388 -31.886454
v 47.949383 16.148350 -31.876072
v 48.332123 16.146061 -31.922451
v 47.356956 15.729132 -31.878017
v 45.738495 15.838090 -32.211781
v 45.006817 16.465673 -32.191608
v 44.988144 16.481688 -32.517910
v 45.043583 14.845493 -32.211781
v 44.203526 15.318274 -32.191608
v 44.182091 15.330339 -32.517910
v 44.878662 16.575602 -32.517910
v 44.056389 15.401090 -32.517910
v 45.017849 14.859978 -27.729191
v 47.272133 14.755013 -32.273670
v 47.281712 14.759439 -32.028408
v 47.053143 14.626914 -32.253944
v 46.855247 14.678554 -32.212334
v 46.618340 15.053019 -32.125912
v 46.743584 15.313543 -32.109745
v 46.657902 14.896102 -32.149830
v 47.090439 14.636961 -32.008053
v 46.912151 14.677505 -31.962601
v 46.682030 15.024625 -31.886454
v 46.809010 15.253242 -31.876072
v 46.720318 14.880913 -31.922451
v 44.293503 12.553427 -32.211781
v 44.555668 13.736399 -32.211781
v 43.336464 12.668746 -32.191608
v 43.639515 14.036208 -32.191608
v 43.312046 12.671687 -32.517910
v 43.616138 14.043859 -32.517910
v 43.168831 12.688944 -32.517910
v 43.479046 14.088722 -32.517910
v 44.264183 12.556959 -27.729191
v 46.170837 12.327217 -32.264450
v 46.277325 12.987402 -32.273670
v 46.170837 12.327217 -32.028172
v 46.278507 12.976916 -32.028408
v 46.273193 13.241072 -32.253944
v 46.126362 13.383443 -32.212334
v 45.683327 13.391649 -32.125912
v 45.525612 13.149401 -32.109745
v 45.837990 13.439258 -32.149830
v 45.395676 12.420623 -32.110157
v 46.283958 13.203980 -32.008053
v 46.156784 13.335348 -31.962601
v 45.740646 13.351938 -31.886454
v 45.611107 13.124763 -31.876072
v 45.883362 13.393780 -31.922451
v 45.488628 12.409419 -31.878017
v 44.267155 11.342039 -32.211781
v 43.306011 11.268435 -32.191605
v 43.281487 11.266557 -32.517910
v 44.477650 10.148791 -32.211781
v 43.549335 9.889091 -32.191605
v 43.525646 9.882465 -32.517910
v 43.137661 11.255547 -32.517910
v 43.386734 9.843602 -32.517910
v 44.449215 10.140840 -27.729191
v 46.117451 11.660634 -32.273670
v 46.121094 11.670537 -32.028408
v 46.053185 11.415207 -32.253944
v 45.876736 11.311790 -32.212334
v 45.444435 11.409058 -32.125912
v 45.348774 11.681836 -32.109745
v 45.583363 11.326074 -32.149830
v 46.072449 11.448679 -32.008053
v 45.917717 11.351278 -31.962601
v 45.509544 11.434015 -31.886454
v 45.437672 11.685458 -31.876072
v 45.638233 11.359468 -31.922449
v 45.567997 7.997667 -32.211781
v 44.916889 9.019534 -32.211781
v 44.809727 7.402485 -32.191605
v 44.057079 8.583716 -32.191605
v 44.790379 7.387297 -32.517910
v 44.035137 8.572597 -32.517910
v 44.676914 7.298234 -32.517910
v 43.906471 8.507380 -32.517910
v 45.544773 7.979438 -27.729191
v 47.055428 9.165190 -32.264450
v 46.663906 9.707308 -32.273670
v 47.055428 9.165190 -32.028172
v 46.672157 9.700733 -32.028408
v 46.481613 9.883759 -32.253944
v 46.277119 9.880604 -32.212334
v 45.958042 9.573132 -32.125912
v 46.017815 9.290318 -32.109745
v 46.033737 9.716163 -32.149830
v 46.441265 8.683117 -32.110157
v 46.515453 9.865143 -32.008053
v 46.332642 9.868110 -31.962601
v 46.026649 9.585587 -31.886454
v 46.095688 9.333350 -31.876070
v 46.097977 9.716088 -31.922449
v 46.514908 8.740922 -31.878017
v 46.405949 7.122461 -32.211781
v 45.778366 6.390781 -32.191605
v 45.762352 6.372112 -32.517910
v 47.398544 6.427552 -32.211781
v 46.925758 5.587494 -32.191605
v 46.913700 5.566057 -32.517910
v 45.668434 6.262624 -32.517910
v 46.842953 5.440354 -32.517910
v 47.384060 6.401818 -27.729191
v 47.489025 8.656097 -32.273670
v 47.484600 8.665675 -32.028404
v 47.617126 8.437107 -32.253944
v 47.565479 8.239215 -32.212334
v 47.191017 8.002306 -32.125908
v 46.930500 8.127549 -32.109745
v 47.347935 8.041866 -32.149830
v 47.607079 8.474403 -32.008049
v 47.566532 8.296116 -31.962601
v 47.219414 8.065995 -31.886454
v 46.990799 8.192975 -31.876070
v 47.363125 8.104281 -31.922449
v 49.690613 5.677467 -32.211781
v 48.507641 5.939631 -32.211781
v 49.575298 4.720428 -32.191605
v 48.207832 5.023481 -32.191605
v 49.572350 4.696011 -32.517910
v 48.200180 5.000103 -32.517910
v 49.555092 4.552794 -32.517910
v 48.155315 4.863012 -32.517910
v 49.687080 5.648150 -27.729191
v 49.916824 7.554800 -32.264450
v 49.256638 7.661288 -32.273670
v 49.916824 7.554800 -32.028172
v 49.267120 7.662476 -32.028404
v 49.002968 7.657159 -32.253944
v 48.860600 7.510325 -32.212334
v 48.852394 7.067291 -32.125908
v 49.094643 6.909573 -32.109745
v 48.804787 7.221956 -32.149830
v 49.823421 6.779641 -32.110157
v 49.040062 7.667919 -32.008049
v 48.908688 7.540750 -31.962601
v 48.892101 7.124611 -31.886454
v 49.119278 6.995068 -31.876070
v 48.850258 7.267329 -31.922449
v 49.834621 6.872595 -31.878017
v 50.902000 5.651122 -32.211781
v 50.975605 4.689978 -32.191605
v 50.977482 4.665451 -32.517910
v 50.988495 4.521627 -32.517910
v 50.583405 7.501418 -32.273670
v 50.573505 7.505062 -32.028404
v 50.828835 7.437150 -32.253944
v 50.932251 7.260700 -32.212334
v 50.834988 6.828394 -32.125908
v 50.562206 6.732738 -32.109745
v 50.917965 6.967328 -32.149830
v 50.795361 7.456417 -32.008049
v 50.892761 7.301679 -31.962599
v 50.810024 6.893510 -31.886454
v 50.558582 6.821640 -31.876070
v 50.884567 7.022199 -31.922449
v 50.430038 5.633076 29.250401
v 51.635876 5.751842 29.250401
v 50.430038 4.669115 29.230227
v 51.823936 4.806405 29.230227
v 50.430038 4.644521 29.556530
v 51.828732 4.782280 29.556530
v 52.795376 6.103574 29.250401
v 53.164265 5.212987 29.230227
v 53.173679 5.190266 29.556530
v 50.430038 4.500274 29.556532
v 51.856873 4.640803 29.556532
v 53.228874 5.057000 29.556532
v 50.430038 5.603548 24.767813
v 52.806675 6.076290 24.767813
v 50.430038 7.523992 29.303070
v 51.098217 7.550736 29.312288
v 50.430038 7.523992 29.066792
v 51.087952 7.553168 29.067026
v 51.349575 7.516288 29.292564
v 51.473358 7.353475 29.250956
v 51.428501 6.912641 29.164530
v 51.169128 6.785041 29.148367
v 51.494270 7.060503 29.188450
v 50.430038 6.743223 29.148781
v 51.314034 7.531414 29.046671
v 51.429249 7.389439 29.001219
v 51.395935 6.974303 28.925076
v 51.154896 6.872869 28.914690
v 51.454552 7.110987 28.961069
v 50.430038 6.836849 28.916639
v 49.224197 5.751842 29.250401
v 49.036137 4.806405 29.230227
v 49.031342 4.782280 29.556530
v 48.064701 6.103574 29.250401
v 47.695808 5.212987 29.230227
v 47.686398 5.190266 29.556530
v 49.003201 4.640803 29.556532
v 47.631199 5.057000 29.556532
v 48.053398 6.076290 24.767809
v 49.761856 7.550736 29.312288
v 49.772121 7.553168 29.067026
v 49.510498 7.516288 29.292564
v 49.386715 7.353475 29.250956
v 49.431572 6.912641 29.164530
v 49.690945 6.785041 29.148367
v 49.365803 7.060503 29.188450
v 49.546043 7.531414 29.046671
v 49.430824 7.389439 29.001219
v 49.464138 6.974303 28.925076
v 49.705177 6.872869 28.914690
v 49.405521 7.110987 28.961069
v 46.059464 7.443430 29.250399
v 46.996098 6.674749 29.250401
v 45.377842 6.761803 29.230225
v 46.460548 5.873250 29.230227
v 45.360451 6.744415 29.556530
v 46.446884 5.852796 29.556532
v 45.258450 6.642414 29.556530
v 46.366745 5.732862 29.556530
v 46.038582 7.422549 24.767809
v 47.396542 8.780507 29.303070
v 47.887928 8.326937 29.312290
v 47.396542 8.780507 29.066792
v 47.882389 8.335922 29.067026
v 48.041306 8.124850 29.292564
v 48.013706 7.922199 29.250956
v 47.670277 7.642193 29.164530
v 47.396641 7.735369 29.148367
v 47.821335 7.700245 29.188450
v 46.844460 8.228419 29.148781
v 48.026871 8.160673 29.046671
v 48.007950 7.978815 29.001219
v 47.690845 7.708827 28.925076
v 47.448681 7.807542 28.914690
v 47.828945 7.764029 28.961069
v 46.910660 8.294621 28.916639
v 45.290783 8.380064 29.250399
v 44.489285 7.844515 29.230225
v 44.468830 7.830850 29.556530
v 44.719608 9.448660 29.250399
v 43.829025 9.079769 29.230225
v 43.806301 9.070356 29.556530
v 44.348896 7.750710 29.556530
v 43.673035 9.015155 29.556530
v 44.692329 9.437361 24.767809
v 46.942978 9.271894 29.312290
v 46.951958 9.266356 29.067026
v 46.740883 9.425272 29.292566
v 46.538231 9.397674 29.250952
v 46.258228 9.054241 29.164528
v 46.351410 8.780605 29.148365
v 46.316277 9.205299 29.188450
v 46.776707 9.410832 29.046671
v 46.594849 9.391913 29.001221
v 46.324860 9.074812 28.925072
v 46.423576 8.832644 28.914688
v 46.380062 9.212909 28.961069
v 44.249111 11.814002 29.250399
v 44.367874 10.608164 29.250399
v 43.285156 11.814002 29.230225
v 43.422440 10.420103 29.230225
v 43.260555 11.814002 29.556530
v 43.398315 10.415306 29.556530
v 43.116310 11.814002 29.556530
v 43.256836 10.387167 29.556530
v 44.219582 11.814002 24.767809
v 46.140026 11.814002 29.303068
v 46.166771 11.145821 29.312290
v 46.140026 11.814002 29.066790
v 46.169201 11.156087 29.067024
v 46.132324 10.894464 29.292564
v 45.969513 10.770686 29.250952
v 45.528675 10.815536 29.164528
v 45.401077 11.074910 29.148365
v 45.676537 10.749767 29.188448
v 45.359261 11.814002 29.148777
v 46.147449 10.930006 29.046669
v 46.005474 10.814795 29.001219
v 45.590336 10.848103 28.925072
v 45.488903 11.089144 28.914688
v 45.727020 10.789487 28.961067
v 45.452885 11.814002 28.916636
v 44.367874 13.019840 29.250399
v 43.422440 13.207898 29.230225
v 43.398315 13.212698 29.556530
v 44.719608 14.179338 29.250399
v 43.829021 14.548228 29.230225
v 43.806301 14.557641 29.556530
v 43.256836 13.240839 29.556530
v 43.673035 14.612843 29.556530
v 44.692326 14.190637 24.767809
v 46.166771 12.482183 29.312290
v 46.169201 12.471917 29.067028
v 46.132324 12.733540 29.292564
v 45.969513 12.857321 29.250952
v 45.528675 12.812468 29.164530
v 45.401077 12.553093 29.148365
v 45.676537 12.878237 29.188448
v 46.147449 12.698000 29.046671
v 46.005474 12.813211 29.001219
v 45.590336 12.779902 28.925072
v 45.488903 12.538859 28.914688
v 45.727020 12.838517 28.961067
v 46.059464 16.184574 29.250399
v 45.290783 15.247940 29.250399
v 45.377842 16.866196 29.230227
v 44.489285 15.783486 29.230225
v 45.360451 16.883589 29.556530
v 44.468830 15.797153 29.556530
v 45.258450 16.985588 29.556530
v 44.348896 15.877294 29.556530
v 46.038582 16.205456 24.767809
v 47.396542 14.847498 29.303072
v 46.942978 14.356110 29.312290
v 47.396542 14.847498 29.066792
v 46.951958 14.361651 29.067028
v 46.740883 14.202735 29.292566
v 46.538235 14.230330 29.250952
v 46.258232 14.573764 29.164532
v 46.351410 14.847399 29.148365
v 46.316280 14.422706 29.188450
v 46.844460 15.399583 29.148781
v 46.776707 14.217168 29.046673
v 46.594849 14.236091 29.001221
v 46.324860 14.553192 28.925072
v 46.423576 14.795359 28.914694
v 46.380062 14.415093 28.961069
v 46.910660 15.333380 28.916639
v 46.996098 16.953253 29.250401
v 46.460548 17.754755 29.230227
v 46.446884 17.775209 29.556532
v 48.064701 17.524431 29.250402
v 47.695808 18.415012 29.230228
v 47.686390 18.437738 29.556532
v 46.366745 17.895145 29.556530
v 47.631195 18.571005 29.556532
v 48.053394 17.551712 24.767809
v 47.887928 15.301063 29.312290
v 47.882389 15.292082 29.067028
v 48.041306 15.503155 29.292566
v 48.013706 15.705808 29.250956
v 47.670277 15.985808 29.164532
v 47.396641 15.892631 29.148367
v 47.821335 15.927762 29.188450
v 48.026871 15.467331 29.046673
v 48.007950 15.649188 29.001221
v 47.690845 15.919180 28.925076
v 47.448681 15.820463 28.914694
v 47.828945 15.863976 28.961071
v 50.430038 17.994926 29.250402
v 49.224197 17.876163 29.250402
v 50.430038 18.958885 29.230228
v 49.036137 18.821600 29.230228
v 50.430038 18.983484 29.556532
v 49.031342 18.845724 29.556532
v 50.430038 19.127729 29.556532
v 49.003201 18.987200 29.556532
v 50.430038 18.024454 24.767813
v 50.430038 16.104013 29.303072
v 49.761856 16.077269 29.312290
v 50.430038 16.104013 29.066792
v 49.772121 16.074837 29.067028
v 49.510498 16.111717 29.292566
v 49.386715 16.274525 29.250956
v 49.431572 16.715361 29.164532
v 49.690945 16.842964 29.148367
v 49.365803 16.567501 29.188450
v 50.430038 16.884777 29.148781
v 49.546043 16.096590 29.046673
v 49.430832 16.238564 29.001221
v 49.464138 16.653702 28.925076
v 49.705177 16.755135 28.914694
v 49.405521 16.517015 28.961071
v 50.430038 16.791155 28.916639
v 51.635876 17.876163 29.250402
v 51.823936 18.821600 29.230228
v 51.828732 18.845724 29.556532
v 52.795376 17.524433 29.250401
v 53.164265 18.415014 29.230228
v 53.173679 18.437740 29.556532
v 51.856873 18.987200 29.556532
v 53.228874 18.571007 29.556532
v 52.806675 17.551714 24.767813
v 51.098217 16.077269 29.312290
v 51.087952 16.074837 29.067028
v 51.349575 16.111717 29.292566
v 51.473358 16.274525 29.250956
v 51.428501 16.715361 29.164532
v 51.169128 16.842964 29.148367
v 51.494270 16.567501 29.188450
v 51.314034 16.096590 29.046673
v 51.429245 16.238564 29.001221
v 51.395935 16.653702 28.925076
v 51.154896 16.755135 28.914694
v 51.454552 16.517015 28.961071
v 54.800610 16.184574 29.250402
v 53.863976 16.953253 29.250401
v 55.482231 16.866196 29.230230
v 54.399525 17.754755 29.230230
v 55.499626 16.883589 29.556534
v 54.413189 17.775209 29.556532
v 55.601627 16.985588 29.556534
v 54.493328 17.895145 29.556534
v 54.821491 16.205456 24.767813
v 53.463531 14.847498 29.303072
v 52.972145 15.301063 29.312290
v 53.463531 14.847498 29.066792
v 52.977684 15.292082 29.067028
v 52.818768 15.503155 29.292566
v 52.846367 15.705808 29.250956
v 53.189800 15.985808 29.164532
v 53.463436 15.892631 29.148367
v 53.038742 15.927762 29.188450
v 54.015617 15.399583 29.148781
v 52.833202 15.467331 29.046673
v 52.852127 15.649188 29.001221
v 53.169228 15.919180 28.925076
v 53.411392 15.820463 28.914694
v 53.031132 15.863976 28.961071
v 53.949413 15.333380 28.916639
v 55.569290 15.247940 29.250402
v 56.370789 15.783486 29.230228
v 56.391243 15.797153 29.556534
v 56.140465 14.179339 29.250402
v 57.031048 14.548230 29.230228
v 57.053772 14.557645 29.556534
v 56.511177 15.877294 29.556534
v 57.187038 14.612845 29.556534
v 56.167744 14.190641 24.767813
v 53.917099 14.356110 29.312290
v 53.908119 14.361651 29.067028
v 54.119190 14.202735 29.292566
v 54.321838 14.230330 29.250957
v 54.601841 14.573764 29.164532
v 54.508667 14.847399 29.148369
v 54.543793 14.422706 29.188450
v 54.083366 14.217168 29.046673
v 54.265224 14.236091 29.001221
v 54.535213 14.553192 28.925077
v 54.436497 14.795359 28.914694
v 54.480011 14.415093 28.961069
v 56.610962 11.814002 29.250402
v 56.492199 13.019840 29.250402
v 57.574921 11.814002 29.230228
v 57.437634 13.207898 29.230228
v 57.599518 11.814002 29.556534
v 57.461761 13.212698 29.556534
v 57.743767 11.814002 29.556534
v 57.603237 13.240839 29.556534
v 56.640491 11.814002 24.767813
v 54.720047 11.814002 29.303072
v 54.693302 12.482183 29.312290
v 54.720047 11.814002 29.066793
v 54.690872 12.471917 29.067028
v 54.727753 12.733540 29.292568
v 54.890560 12.857321 29.250957
v 55.331398 12.812468 29.164534
v 55.459000 12.553093 29.148369
v 55.183537 12.878237 29.188454
v 55.500813 11.814002 29.148783
v 54.712627 12.698000 29.046675
v 54.854599 12.813211 29.001225
v 55.269737 12.779902 28.925077
v 55.371170 12.538859 28.914694
v 55.133053 12.838517 28.961071
v 55.407192 11.814002 28.916641
v 56.492199 10.608164 29.250402
v 57.437634 10.420103 29.230228
v 57.461761 10.415306 29.556534
v 56.140465 9.448669 29.250402
v 57.031052 9.079779 29.230228
v 57.053772 9.070361 29.556534
v 57.603237 10.387167 29.556534
v 57.187038 9.015164 29.556534
v 56.167751 9.437370 24.767813
v 54.693302 11.145821 29.312290
v 54.690872 11.156087 29.067028
v 54.727753 10.894464 29.292568
v 54.890560 10.770686 29.250957
v 55.331398 10.815536 29.164532
v 55.459000 11.074910 29.148369
v 55.183537 10.749767 29.188454
v 54.712627 10.930006 29.046673
v 54.854599 10.814795 29.001225
v 55.269737 10.848103 28.925077
v 55.371170 11.089144 28.914694
v 55.133053 10.789487 28.961071
v 54.800610 7.443430 29.250402
v 55.569290 8.380064 29.250402
v 55.482231 6.761803 29.230228
v 56.370789 7.844515 29.230228
v 55.499626 6.744415 29.556534
v 56.391243 7.830850 29.556534
v 55.601627 6.642414 29.556534
v 56.511177 7.750710 29.556534
v 54.821491 7.422549 24.767813
v 53.463531 8.780507 29.303070
v 53.917099 9.271894 29.312290
v 53.463531 8.780507 29.066792
v 53.908119 9.266356 29.067026
v 54.119190 9.425272 29.292566
v 54.321838 9.397674 29.250957
v 54.601841 9.054241 29.164532
v 54.508667 8.780605 29.148369
v 54.543793 9.205299 29.188450
v 54.015617 8.228419 29.148781
v 54.083366 9.410832 29.046671
v 54.265224 9.391913 29.001221
v 54.535213 9.074812 28.925077
v 54.436497 8.832644 28.914694
v 54.480011 9.212914 28.961069
v 53.949413 8.294625 28.916639
v 53.863976 6.674749 29.250401
v 54.399525 5.873250 29.230227
v 54.413189 5.852796 29.556532
v 54.493328 5.732862 29.556534
v 52.972145 8.326941 29.312290
v 52.977684 8.335922 29.067026
v 52.818768 8.124850 29.292564
v 52.846367 7.922199 29.250956
v 53.189800 7.642193 29.164530
v 53.463436 7.735374 29.148367
v 53.038742 7.700245 29.188450
v 52.833202 8.160673 29.046671
v 52.852127 7.978815 29.001219
v 53.169228 7.708827 28.925076
v 53.411392 7.807542 28.914690
v 53.031132 7.764029 28.961069
v -55.606236 7.509703 28.856606
v -54.681278 6.727016 28.856606
v -56.298046 6.838417 28.836432
v -55.228825 5.933664 28.836432
v -56.315693 6.821289 29.162735
v -55.242802 5.913421 29.162735
v -53.621395 6.139821 28.856606
v -54.003651 5.254889 28.836432
v -54.013401 5.232311 29.162735
v -56.419212 6.720838 29.162737
v -55.324738 5.794705 29.162737
v -54.070602 5.099893 29.162737
v -55.627426 7.489140 24.374018
v -53.633106 6.112711 24.374018
v -54.249184 8.826507 28.909275
v -53.764683 8.365598 28.918493
v -54.249184 8.826507 28.672997
v -53.770084 8.374660 28.673231
v -53.614361 8.161219 28.898769
v -53.645008 7.959002 28.857161
v -53.992619 7.684204 28.770735
v -54.264816 7.781490 28.754572
v -53.840698 7.739972 28.794655
v -54.809521 8.282791 28.754986
v -53.628258 8.197259 28.652876
v -53.649918 8.015703 28.607424
v -53.971043 7.750516 28.531281
v -54.211700 7.852868 28.520895
v -53.832134 7.803634 28.567274
v -54.742329 8.347992 28.522844
v -56.360729 8.457803 28.856606
v -57.170204 7.934380 28.836432
v -57.190857 7.921023 29.162735
v -56.915760 9.534881 28.856606
v -57.811798 9.179432 28.836432
v -57.834660 9.170364 29.162735
v -57.311989 7.842695 29.162737
v -57.968739 9.117173 29.162737
v -56.943211 9.523988 24.374018
v -54.695305 9.324665 28.918493
v -54.686409 9.318990 28.673231
v -54.895065 9.481066 28.898769
v -55.098110 9.456521 28.857161
v -55.383247 9.117340 28.770735
v -55.294201 8.842337 28.754572
v -55.322933 9.267509 28.794655
v -54.859459 9.466092 28.652876
v -55.041584 9.449910 28.607424
v -55.316319 9.136909 28.531281
v -55.221256 8.893284 28.520895
v -55.259045 9.274159 28.567274
v -57.350601 11.907030 28.856604
v -57.250000 10.699539 28.856606
v -58.314453 11.921535 28.836430
v -58.198162 10.525734 28.836432
v -58.339046 11.921908 29.162735
v -58.222355 10.521297 29.162737
v -58.483280 11.924080 29.162735
v -58.364239 10.495293 29.162735
v -57.380127 11.907474 24.374016
v -55.459904 11.878570 28.909275
v -55.443222 11.210057 28.918495
v -55.459904 11.878570 28.672997
v -55.440628 11.220291 28.673231
v -55.481441 10.959253 28.898769
v -55.646095 10.837936 28.857161
v -56.086212 10.889416 28.770735
v -56.209896 11.150681 28.754572
v -55.939354 10.821433 28.794655
v -56.240582 11.890318 28.754986
v -55.465786 10.994560 28.652876
v -55.609478 10.881496 28.607424
v -56.024067 10.921057 28.531281
v -56.121857 11.163593 28.520895
v -55.888279 10.860390 28.567274
v -56.146969 11.888909 28.522844
v -57.213703 13.110946 28.856604
v -58.156200 13.313209 28.836430
v -58.180256 13.318373 29.162735
v -56.844566 14.265014 28.856604
v -57.729496 14.647267 28.836430
v -57.752075 14.657022 29.162735
v -58.321289 13.348639 29.162735
v -57.884495 14.714222 29.162735
v -56.871670 14.276722 24.374016
v -55.423103 12.546275 28.918495
v -55.420822 12.535973 28.673231
v -55.453766 12.798120 28.898771
v -55.614697 12.924341 28.857157
v -56.056156 12.886128 28.770733
v -56.187645 12.628697 28.754570
v -55.907326 12.949663 28.794655
v -55.439178 12.762354 28.652876
v -55.579403 12.879694 28.607426
v -55.994987 12.852631 28.531277
v -56.100040 12.613145 28.520893
v -55.857441 12.909183 28.567274
v -55.474678 16.249863 28.856604
v -56.257366 15.324902 28.856604
v -56.145962 16.941664 28.836430
v -57.050716 15.872452 28.836430
v -56.163094 16.959318 29.162735
v -57.070961 15.886422 29.162735
v -56.263546 17.062840 29.162735
v -57.189678 15.968362 29.162735
v -55.495239 16.271053 24.374016
v -54.157871 14.892811 28.909273
v -54.618782 14.408307 28.918495
v -54.157871 14.892811 28.672995
v -54.609722 14.413711 28.673229
v -54.823162 14.257988 28.898769
v -55.025372 14.288633 28.857157
v -55.300175 14.636242 28.770733
v -55.202892 14.908442 28.754570
v -55.244411 14.484327 28.794653
v -54.701584 15.453142 28.754982
v -54.787121 14.271884 28.652874
v -54.968670 14.293544 28.607424
v -55.233868 14.614669 28.531277
v -55.131512 14.855321 28.520893
v -55.180748 14.475755 28.567272
v -54.636387 15.385953 28.522842
v -54.526581 17.004354 28.856604
v -55.050003 17.813826 28.836430
v -55.063358 17.834484 29.162735
v -53.449501 17.559383 28.856604
v -53.804951 18.455420 28.836430
v -53.814018 18.478279 29.162735
v -55.141682 17.955612 29.162735
v -53.867207 18.612362 29.162735
v -53.460392 17.586832 24.374016
v -53.659714 15.338928 28.918495
v -53.665390 15.330034 28.673233
v -53.503315 15.538692 28.898769
v -53.527855 15.741735 28.857157
v -53.867043 16.026873 28.770735
v -54.142044 15.937824 28.754570
v -53.716873 15.966559 28.794653
v -53.518288 15.503086 28.652876
v -53.534470 15.685208 28.607424
v -53.847473 15.959942 28.531277
v -54.091099 15.864882 28.520893
v -53.710220 15.902667 28.567272
v -51.077351 17.994226 28.856604
v -52.284843 17.893627 28.856604
v -51.062840 18.958075 28.836432
v -52.458645 18.841784 28.836430
v -51.062469 18.982670 29.162735
v -52.463081 18.865982 29.162735
v -51.060303 19.126904 29.162735
v -52.489090 19.007862 29.162735
v -51.076904 18.023752 24.374016
v -51.105808 16.103527 28.909277
v -51.774319 16.086843 28.918495
v -51.105808 16.103527 28.672997
v -51.764091 16.084257 28.673233
v -52.025127 16.125071 28.898769
v -52.146446 16.289724 28.857157
v -52.094959 16.729834 28.770735
v -51.833694 16.853519 28.754570
v -52.162945 16.582979 28.794653
v -51.094059 16.884205 28.754982
v -51.989819 16.109411 28.652878
v -52.102886 16.253105 28.607424
v -52.063324 16.667690 28.531277
v -51.820786 16.765486 28.520895
v -52.123993 16.531904 28.567272
v -51.095467 16.790590 28.522842
v -49.873440 17.857328 28.856604
v -49.671173 18.799829 28.836432
v -49.666008 18.823879 29.162735
v -48.719364 17.488184 28.856607
v -48.337109 18.373114 28.836433
v -48.327358 18.395699 29.162737
v -49.635742 18.964914 29.162735
v -48.270157 18.528116 29.162737
v -48.707653 17.515295 24.374016
v -50.438107 16.066729 28.918495
v -50.448406 16.064451 28.673233
v -50.186264 16.097389 28.898771
v -50.060043 16.258320 28.857161
v -50.098255 16.699780 28.770737
v -50.355682 16.831272 28.754572
v -50.034721 16.550947 28.794655
v -50.222019 16.082802 28.652878
v -50.104687 16.223024 28.607426
v -50.131744 16.638617 28.531281
v -50.371235 16.743664 28.520899
v -50.075195 16.501066 28.567276
v -46.734520 16.118301 28.856607
v -47.659477 16.900990 28.856607
v -46.042713 16.789587 28.836433
v -47.111931 17.694342 28.836433
v -46.025063 16.806717 29.162737
v -47.097958 17.714584 29.162737
v -45.921539 16.907167 29.162737
v -47.016022 17.833300 29.162737
v -46.713329 16.138865 24.374018
v -48.091572 14.801499 28.909277
v -48.576073 15.262408 28.918495
v -48.091572 14.801499 28.672997
v -48.570667 15.253345 28.673233
v -48.726395 15.466786 28.898771
v -48.695751 15.669001 28.857161
v -48.348137 15.943800 28.770737
v -48.075939 15.846515 28.754572
v -48.500053 15.888035 28.794655
v -47.531239 15.345212 28.754986
v -48.712498 15.430747 28.652878
v -48.690838 15.612299 28.607426
v -48.369713 15.877489 28.531281
v -48.129059 15.775138 28.520899
v -48.508625 15.824370 28.567276
v -47.598427 15.280015 28.522844
v -45.980026 15.170202 28.856607
v -45.170555 15.693625 28.836433
v -45.149899 15.706984 29.162737
v -45.424995 14.093128 28.856606
v -44.528961 14.448572 28.836433
v -44.506096 14.457644 29.162737
v -45.028770 15.785308 29.162737
v -44.372017 14.510835 29.162737
v -45.397545 14.104017 24.374018
v -47.645451 14.303342 28.918495
v -47.654346 14.309017 28.673233
v -47.445686 14.146941 28.898771
v -47.242649 14.171481 28.857161
v -46.957512 14.510666 28.770737
v -47.046555 14.785669 28.754572
v -47.017818 14.360497 28.794655
v -47.481297 14.161914 28.652878
v -47.299171 14.178098 28.607426
v -47.024441 14.491096 28.531281
v -47.119499 14.734723 28.520899
v -47.081715 14.353845 28.567276
v -44.990154 11.720977 28.856607
v -45.090755 12.928465 28.856606
v -44.026306 11.706469 28.836435
v -44.142593 13.102273 28.836433
v -44.001713 11.706098 29.162739
v -44.118397 13.106707 29.162737
v -43.857475 11.703924 29.162739
v -43.976517 13.132716 29.162739
v -44.960629 11.720531 24.374018
v -46.880856 11.749436 28.909277
v -46.897537 12.417945 28.918495
v -46.880856 11.749436 28.672997
v -46.900124 12.407715 28.673233
v -46.859310 12.668754 28.898771
v -46.694653 12.790070 28.857161
v -46.254547 12.738588 28.770737
v -46.130863 12.477320 28.754572
v -46.401402 12.806576 28.794655
v -46.100174 11.737686 28.754986
v -46.874969 12.633446 28.652878
v -46.731281 12.746508 28.607426
v -46.316689 12.706952 28.531281
v -46.218899 12.464413 28.520899
v -46.452477 12.767616 28.567276
v -46.193790 11.739093 28.522844
v -45.127048 10.517060 28.856607
v -44.184551 10.314795 28.836433
v -44.160503 10.309631 29.162739
v -45.496193 9.362988 28.856607
v -44.611263 8.980736 28.836433
v -44.588684 8.970983 29.162739
v -44.019466 10.279368 29.162739
v -44.456264 8.913780 29.162739
v -45.469090 9.351281 24.374018
v -46.917648 11.081732 28.918495
v -46.919926 11.092036 28.673233
v -46.886990 10.829887 28.898771
v -46.726063 10.703671 28.857162
v -46.284603 10.741883 28.770737
v -46.153111 10.999306 28.754574
v -46.433434 10.678346 28.794655
v -46.901581 10.865647 28.652878
v -46.761353 10.748312 28.607426
v -46.345764 10.775373 28.531282
v -46.240711 11.014859 28.520899
v -46.483318 10.718822 28.567274
v -46.866077 7.378143 28.856607
v -46.083393 8.303103 28.856607
v -46.194798 6.686341 28.836433
v -45.290043 7.755554 28.836433
v -46.177662 6.668687 29.162739
v -45.269794 7.741583 29.162739
v -46.077213 6.565166 29.162739
v -45.151077 7.659646 29.162739
v -46.845516 7.356952 24.374018
v -48.182884 8.735194 28.909277
v -47.721970 9.219700 28.918495
v -48.182884 8.735194 28.672998
v -47.731037 9.214295 28.673233
v -47.517593 9.370017 28.898773
v -47.315384 9.339375 28.857162
v -47.040581 8.991763 28.770741
v -47.137867 8.719564 28.754574
v -47.096348 9.143680 28.794659
v -47.639172 8.174864 28.754988
v -47.553631 9.356123 28.652880
v -47.372078 9.334464 28.607430
v -47.106892 9.013337 28.531282
v -47.209240 8.772684 28.520899
v -47.160011 9.152250 28.567276
v -47.704365 8.242054 28.522846
v -47.814178 6.623651 28.856607
v -47.290756 5.814178 28.836433
v -47.277397 5.793522 29.162739
v -48.891254 6.068624 28.856607
v -48.535801 5.172588 28.836433
v -48.526737 5.149724 29.162739
v -47.199070 5.672393 29.162739
v -48.473549 5.015644 29.162739
v -48.880363 6.041174 24.374018
v -48.681042 8.289078 28.918495
v -48.675365 8.297972 28.673233
v -48.837440 8.089315 28.898773
v -48.812893 7.886274 28.857162
v -48.473713 7.601132 28.770737
v -48.198711 7.690181 28.754574
v -48.623886 7.661447 28.794659
v -48.822464 8.124920 28.652878
v -48.806278 7.942799 28.607430
v -48.493286 7.668062 28.531282
v -48.249657 7.763125 28.520899
v -48.630531 7.725338 28.567276
v -51.263401 5.633780 28.856607
v -50.055912 5.734379 28.856607
v -51.277920 4.669927 28.836433
v -49.882111 4.786220 28.836433
v -51.278286 4.645336 29.162739
v -49.877674 4.762024 29.162739
v -51.280453 4.501101 29.162739
v -49.851665 4.620144 29.162739
v -51.263847 5.604253 24.374018
v -51.234943 7.524478 28.909275
v -50.566433 7.541164 28.918495
v -51.234943 7.524478 28.672997
v -50.576664 7.543750 28.673233
v -50.315628 7.502938 28.898773
v -50.194313 7.338283 28.857162
v -50.245792 6.898173 28.770737
v -50.507057 6.774487 28.754574
v -50.177807 7.045026 28.794659
v -51.246700 6.743800 28.754988
v -50.350941 7.518592 28.652878
v -50.237873 7.374902 28.607430
v -50.277428 6.960316 28.531282
v -50.519970 6.862518 28.520899
v -50.216763 7.096105 28.567276
v -51.245285 6.837416 28.522846
v -52.467319 5.770677 28.856607
v -52.669582 4.828178 28.836433
v -52.674747 4.804127 29.162739
v -52.705009 4.663094 29.162739
v -51.902649 7.561277 28.918495
v -51.892349 7.563555 28.673231
v -52.154495 7.530617 28.898769
v -52.280712 7.369688 28.857161
v -52.242504 6.928225 28.770735
v -51.985073 6.796735 28.754572
v -52.306034 7.077061 28.794655
v -52.118732 7.545204 28.652876
v -52.236069 7.404980 28.607424
v -52.209007 6.989391 28.531281
v -51.969521 6.884340 28.520895
v -52.265556 7.126940 28.567274
v -51.170368 5.633076 -31.817976
v -52.376205 5.751840 -31.817976
v -51.170364 4.669115 -31.797802
v -52.564262 4.806403 -31.797802
v -51.170364 4.644521 -32.124104
v -52.569061 4.782278 -32.124104
v -53.535706 6.103571 -31.817976
v -53.904591 5.212984 -31.797802
v -53.914005 5.190263 -32.124104
v -51.170364 4.500274 -32.124107
v -52.597198 4.640801 -32.124107
v -53.969200 5.056996 -32.124107
v -51.170364 5.603548 -27.335386
v -53.547001 6.076287 -27.335386
v -51.170368 7.523992 -31.870646
v -51.838551 7.550735 -31.879862
v -51.170368 7.523992 -31.634365
v -51.828281 7.553166 -31.634600
v -52.089905 7.516287 -31.860140
v -52.213688 7.353473 -31.818529
v -52.168835 6.912640 -31.732105
v -51.909458 6.785040 -31.715942
v -52.234604 7.060502 -31.756025
v -51.170368 6.743223 -31.716354
v -52.054363 7.531412 -31.614244
v -52.169579 7.389438 -31.568794
v -52.136269 6.974302 -31.492649
v -51.895226 6.872869 -31.482265
v -52.194881 7.110986 -31.528645
v -51.170368 6.836849 -31.484213
v -49.964531 5.751843 -31.817976
v -49.776466 4.806406 -31.797802
v -49.771667 4.782282 -32.124104
v -48.805031 6.103576 -31.817976
v -48.436134 5.212991 -31.797802
v -48.426723 5.190270 -32.124104
v -49.743526 4.640805 -32.124107
v -48.371525 5.057003 -32.124107
v -48.793732 6.076292 -27.335386
v -50.502186 7.550737 -31.879862
v -50.512451 7.553169 -31.634600
v -50.250832 7.516289 -31.860140
v -50.127048 7.353476 -31.818529
v -50.171902 6.912642 -31.732105
v -50.431278 6.785041 -31.715942
v -50.106133 7.060504 -31.756025
v -50.286373 7.531415 -31.614244
v -50.171158 7.389440 -31.568794
v -50.204468 6.974304 -31.492649
v -50.445511 6.872870 -31.482265
v -50.145855 7.110988 -31.528645
v -46.799797 7.443435 -31.817976
v -47.736431 6.674753 -31.817976
v -46.118172 6.761809 -31.797802
v -47.200882 5.873254 -31.797802
v -46.100780 6.744421 -32.124107
v -47.187214 5.852800 -32.124107
v -45.998779 6.642420 -32.124107
v -47.107071 5.732866 -32.124107
v -46.778915 7.422554 -27.335386
v -48.136871 8.780510 -31.870646
v -48.628262 8.326940 -31.879866
v -48.136871 8.780510 -31.634365
v -48.622719 8.335925 -31.634600
v -48.781639 8.124853 -31.860140
v -48.754040 7.922202 -31.818529
v -48.410606 7.642197 -31.732105
v -48.136971 7.735373 -31.715942
v -48.561665 7.700248 -31.756025
v -47.584789 8.228423 -31.716354
v -48.767200 8.160676 -31.614244
v -48.748280 7.978817 -31.568794
v -48.431179 7.708829 -31.492649
v -48.189014 7.807545 -31.482265
v -48.569275 7.764032 -31.528645
v -47.650990 8.294624 -31.484213
v -46.031113 8.380070 -31.817976
v -45.229614 7.844522 -31.797802
v -45.209160 7.830857 -32.124107
v -45.459946 9.448667 -31.817976
v -44.569359 9.079776 -31.797802
v -44.546631 9.070364 -32.124107
v -45.089226 7.750718 -32.124107
v -44.413364 9.015162 -32.124107
v -45.432659 9.437367 -27.335386
v -47.683308 9.271899 -31.879866
v -47.692287 9.266359 -31.634600
v -47.481216 9.425277 -31.860142
v -47.278561 9.397678 -31.818529
v -46.998558 9.054245 -31.732105
v -47.091740 8.780610 -31.715942
v -47.056606 9.205304 -31.756025
v -47.517040 9.410836 -31.614244
v -47.335178 9.391918 -31.568796
v -47.065193 9.074817 -31.492649
v -47.163906 8.832648 -31.482265
v -47.120396 9.212914 -31.528645
v -44.989445 11.814009 -31.817976
v -45.108212 10.608171 -31.817976
v -44.025490 11.814012 -31.797802
v -44.162773 10.420113 -31.797802
v -44.000893 11.814012 -32.124107
v -44.138649 10.415315 -32.124107
v -43.856644 11.814012 -32.124107
v -43.997173 10.387177 -32.124107
v -44.959919 11.814009 -27.335386
v -46.880360 11.814007 -31.870646
v -46.907104 11.145825 -31.879866
v -46.880360 11.814007 -31.634365
v -46.909538 11.156092 -31.634600
v -46.872658 10.894469 -31.860142
v -46.709850 10.770691 -31.818529
v -46.269012 10.815544 -31.732105
v -46.141411 11.074918 -31.715942
v -46.416874 10.749774 -31.756025
v -46.099598 11.814009 -31.716354
v -46.887783 10.930011 -31.614244
v -46.745808 10.814799 -31.568796
v -46.330673 10.848109 -31.492649
v -46.229240 11.089151 -31.482265
v -46.467358 10.789492 -31.528645
v -46.193218 11.814009 -31.484213
v -45.108212 13.019847 -31.817976
v -44.162773 13.207908 -31.797802
v -44.138649 13.212708 -32.124107
v -45.459946 14.179344 -31.817976
v -44.569363 14.548235 -31.797802
v -44.546642 14.557648 -32.124107
v -43.997173 13.240849 -32.124107
v -44.413376 14.612850 -32.124107
v -45.432659 14.190644 -27.335386
v -46.907104 12.482188 -31.879866
v -46.909538 12.471922 -31.634604
v -46.872658 12.733543 -31.860142
v -46.709850 12.857326 -31.818529
v -46.269012 12.812474 -31.732107
v -46.141411 12.553101 -31.715942
v -46.416874 12.878243 -31.756025
v -46.887783 12.698005 -31.614248
v -46.745808 12.813216 -31.568796
v -46.330673 12.779909 -31.492649
v -46.229240 12.538867 -31.482265
v -46.467358 12.838521 -31.528645
v -46.799805 16.184580 -31.817976
v -46.031124 15.247947 -31.817976
v -46.118183 16.866203 -31.797804
v -45.229626 15.783494 -31.797802
v -46.100788 16.883596 -32.124107
v -45.209171 15.797159 -32.124107
v -45.998787 16.985596 -32.124107
v -45.089237 15.877301 -32.124107
v -46.778923 16.205460 -27.335386
v -48.136883 14.847503 -31.870647
v -47.683315 14.356114 -31.879866
v -48.136883 14.847503 -31.634365
v -47.692299 14.361656 -31.634604
v -47.481224 14.202739 -31.860142
v -47.278576 14.230335 -31.818529
v -46.998573 14.573769 -31.732107
v -47.091747 14.847404 -31.715942
v -47.056622 14.422710 -31.756025
v -47.584797 15.399588 -31.716354
v -47.517048 14.217173 -31.614248
v -47.335190 14.236095 -31.568796
v -47.065201 14.553197 -31.492649
v -47.163918 14.795363 -31.482267
v -47.120403 14.415098 -31.528645
v -47.651001 15.333385 -31.484213
v -47.736439 16.953259 -31.817976
v -47.200890 17.754759 -31.797804
v -47.187225 17.775213 -32.124107
v -48.805038 17.524433 -31.817978
v -48.436153 18.415016 -31.797804
v -48.426735 18.437742 -32.124107
v -47.107090 17.895149 -32.124107
v -48.371540 18.571009 -32.124107
v -48.793739 17.551714 -27.335386
v -48.628269 15.301065 -31.879866
v -48.622730 15.292085 -31.634604
v -48.781647 15.503157 -31.860142
v -48.754047 15.705810 -31.818529
v -48.410614 15.985813 -31.732107
v -48.136978 15.892635 -31.715942
v -48.561672 15.927764 -31.756025
v -48.767212 15.467334 -31.614248
v -48.748287 15.649190 -31.568796
v -48.431187 15.919183 -31.492649
v -48.189022 15.820467 -31.482267
v -48.569283 15.863978 -31.528646
v -51.170383 17.994926 -31.817978
v -49.964539 17.876165 -31.817978
v -51.170383 18.958885 -31.797804
v -49.776482 18.821602 -31.797804
v -51.170383 18.983484 -32.124107
v -49.771687 18.845726 -32.124107
v -51.170383 19.127729 -32.124107
v -49.743546 18.987202 -32.124107
v -51.170376 18.024454 -27.335386
v -51.170376 16.104013 -31.870647
v -50.502197 16.077271 -31.879866
v -51.170376 16.104013 -31.634365
v -50.512463 16.074839 -31.634604
v -50.250839 16.111719 -31.860142
v -50.127056 16.274527 -31.818529
v -50.171913 16.715363 -31.732107
v -50.431286 16.842964 -31.715942
v -50.106144 16.567505 -31.756025
v -51.170376 16.884777 -31.716354
v -50.286381 16.096594 -31.614248
v -50.171169 16.238565 -31.568796
v -50.204479 16.653704 -31.492649
v -50.445518 16.755135 -31.482267
v -50.145863 16.517017 -31.528646
v -51.170376 16.791155 -31.484213
v -52.376217 17.876162 -31.817978
v -52.564281 18.821598 -31.797804
v -52.569077 18.845722 -32.124107
v -53.535713 17.524431 -31.817976
v -53.904610 18.415012 -31.797804
v -53.914024 18.437738 -32.124107
v -52.597218 18.987196 -32.124107
v -53.969219 18.571005 -32.124107
v -53.547016 17.551712 -27.335386
v -51.838558 16.077269 -31.879866
v -51.828293 16.074837 -31.634604
v -52.089916 16.111717 -31.860142
v -52.213699 16.274525 -31.818529
v -52.168842 16.715361 -31.732107
v -51.909470 16.842964 -31.715942
v -52.234612 16.567501 -31.756025
v -52.054371 16.096590 -31.614248
v -52.169582 16.238564 -31.568796
v -52.136276 16.653702 -31.492649
v -51.895237 16.755135 -31.482267
v -52.194893 16.517015 -31.528646
v -55.540951 16.184570 -31.817976
v -54.604317 16.953249 -31.817976
v -56.222572 16.866192 -31.797804
v -55.139866 17.754749 -31.797804
v -56.239964 16.883585 -32.124107
v -55.153530 17.775204 -32.124107
v -56.341965 16.985584 -32.124107
v -55.233673 17.895140 -32.124107
v -55.561832 16.205450 -27.335386
v -54.203873 14.847495 -31.870647
v -53.712486 15.301061 -31.879866
v -54.203873 14.847495 -31.634365
v -53.718025 15.292080 -31.634604
v -53.559109 15.503152 -31.860142
v -53.586708 15.705805 -31.818529
v -53.930138 15.985806 -31.732107
v -54.203773 15.892629 -31.715942
v -53.779079 15.927759 -31.756025
v -54.755955 15.399578 -31.716354
v -53.573544 15.467329 -31.614248
v -53.592464 15.649185 -31.568796
v -53.909569 15.919178 -31.492649
v -54.151733 15.820460 -31.482267
v -53.771469 15.863974 -31.528646
v -54.689754 15.333375 -31.484213
v -56.309631 15.247935 -31.817976
v -57.111130 15.783480 -31.797802
v -57.131584 15.797145 -32.124107
v -56.880802 14.179333 -31.817976
v -57.771389 14.548223 -31.797802
v -57.794113 14.557638 -32.124107
v -57.251518 15.877287 -32.124107
v -57.927380 14.612838 -32.124107
v -56.908081 14.190635 -27.335386
v -54.657436 14.356105 -31.879866
v -54.648457 14.361647 -31.634604
v -54.859531 14.202730 -31.860142
v -55.062180 14.230327 -31.818529
v -55.342182 14.573759 -31.732107
v -55.249004 14.847395 -31.715942
v -55.284134 14.422701 -31.756025
v -54.823708 14.217163 -31.614248
v -55.005566 14.236086 -31.568796
v -55.275555 14.553188 -31.492649
v -55.176838 14.795354 -31.482267
v -55.220352 14.415089 -31.528645
v -57.351299 11.813995 -31.817976
v -57.232533 13.019834 -31.817976
v -58.315254 11.813995 -31.797802
v -58.177971 13.207891 -31.797802
v -58.339855 11.813995 -32.124107
v -58.202095 13.212691 -32.124107
v -58.484100 11.813995 -32.124107
v -58.343571 13.240832 -32.124107
v -57.380829 11.813995 -27.335386
v -55.460384 11.813997 -31.870646
v -55.433640 12.482179 -31.879866
v -55.460384 11.813997 -31.634365
v -55.431206 12.471912 -31.634604
v -55.468086 12.733535 -31.860142
v -55.630898 12.857316 -31.818529
v -56.071735 12.812463 -31.732107
v -56.199333 12.553089 -31.715942
v -55.923874 12.878232 -31.756025
v -56.241146 11.813997 -31.716354
v -55.452961 12.697995 -31.614248
v -55.594936 12.813207 -31.568796
v -56.010071 12.779897 -31.492649
v -56.111504 12.538856 -31.482265
v -55.873386 12.838512 -31.528645
v -56.147526 11.813997 -31.484213
v -57.232533 10.608156 -31.817976
v -58.177971 10.420096 -31.797802
v -58.202095 10.415298 -32.124107
v -56.880802 9.448663 -31.817976
v -57.771381 9.079772 -31.797802
v -57.794106 9.070354 -32.124107
v -58.343571 10.387160 -32.124107
v -57.927372 9.015157 -32.124107
v -56.908081 9.437364 -27.335386
v -55.433640 11.145816 -31.879866
v -55.431206 11.156082 -31.634600
v -55.468086 10.894460 -31.860142
v -55.630898 10.770681 -31.818529
v -56.071735 10.815532 -31.732105
v -56.199333 11.074905 -31.715942
v -55.923874 10.749763 -31.756025
v -55.452961 10.930002 -31.614244
v -55.594936 10.814791 -31.568796
v -56.010071 10.848098 -31.492649
v -56.111504 11.089139 -31.482265
v -55.873386 10.789482 -31.528645
v -55.540939 7.443425 -31.817976
v -56.309620 8.380058 -31.817976
v -56.222561 6.761797 -31.797802
v -57.111122 7.844508 -31.797802
v -56.239956 6.744409 -32.124107
v -57.131573 7.830842 -32.124107
v -56.341957 6.642408 -32.124107
v -57.251511 7.750703 -32.124107
v -55.561821 7.422544 -27.335386
v -54.203865 8.780503 -31.870646
v -54.657429 9.271891 -31.879866
v -54.203865 8.780503 -31.634365
v -54.648449 9.266351 -31.634600
v -54.859520 9.425268 -31.860142
v -55.062172 9.397669 -31.818529
v -55.342171 9.054236 -31.732105
v -55.248997 8.780601 -31.715942
v -55.284126 9.205295 -31.756025
v -54.755947 8.228415 -31.716354
v -54.823696 9.410828 -31.614244
v -55.005554 9.391909 -31.568796
v -55.275543 9.074807 -31.492649
v -55.176830 8.832639 -31.482265
v -55.220341 9.212909 -31.528645
v -54.689747 8.294621 -31.484213
v -54.604305 6.674745 -31.817976
v -55.139854 5.873245 -31.797802
v -55.153522 5.852792 -32.124107
v -55.233654 5.732857 -32.124107
v -53.712475 8.326939 -31.879866
v -53.718014 8.335919 -31.634600
v -53.559097 8.124846 -31.860140
v -53.586697 7.922196 -31.818529
v -53.930130 7.642190 -31.732105
v -54.203766 7.735370 -31.715942
v -53.779072 7.700242 -31.756025
v -53.573532 8.160670 -31.614244
v -53.592457 7.978812 -31.568794
v -53.909557 7.708824 -31.492649
v -54.151722 7.807538 -31.482265
v -53.771461 7.764026 -31.528645
vn -0.0983 0.3348 0.9372
vn -0.0769 0.3513 0.9331
vn -0.0342 0.2101 0.9771
vn -0.0539 0.2681 0.9619
vn 0.1849 0.4638 -0.8664
vn -0.1587 0.2759 -0.9480
vn -0.1849 0.2583 -0.9482
vn 0.1762 0.4913 -0.8530
vn 0.1999 0.4674 0.8611
vn 0.2628 0.4965 0.8273
vn 0.1618 0.4840 0.8600
vn 0.2206 0.4668 0.8564
vn -0.1675 0.2864 0.9434
vn -0.1273 0.3257 0.9369
vn -0.0332 0.3185 0.9473
vn -0.0704 0.2119 0.9748
vn 0.4198 0.9009 -0.1104
vn 0.3198 0.9435 -0.0872
vn 0.2592 0.8776 -0.4034
vn 0.3465 0.8686 -0.3542
vn -0.1907 0.2760 0.9421
vn -0.0626 0.3279 0.9426
vn 0.2432 0.5850 -0.7737
vn 0.2484 0.5510 -0.7967
vn -0.1336 0.2735 -0.9525
vn -0.1454 0.3126 -0.9387
vn 0.2853 0.6111 0.7384
vn 0.2271 0.5588 0.7976
vn 0.0263 0.3658 0.9303
vn -0.0785 0.3738 0.9242
vn -0.1489 0.3377 -0.9294
vn -0.0802 0.3877 -0.9183
vn 0.0366 0.4086 -0.9120
vn -0.1486 0.3328 -0.9312
vn -0.0445 0.3114 -0.9492
vn -0.0687 0.3817 -0.9217
vn -0.0757 0.3851 -0.9198
vn -0.0581 0.3145 -0.9475
vn -0.0688 0.3288 0.9419
vn -0.0725 0.3272 0.9422
vn -0.0386 0.1861 0.9818
vn -0.0350 0.1938 0.9804
vn -0.1186 0.3080 0.9440
vn 0.0017 0.2743 0.9616
vn 0.1958 0.3467 0.9173
vn -0.1697 0.2794 0.9451
vn -0.0469 0.3406 0.9390
vn 0.1002 0.3978 0.9120
vn -0.0602 -0.0310 -0.9977
vn 0.2138 -0.7595 -0.6144
vn 0.1558 -0.7355 -0.6593
vn 0.1349 -0.0734 -0.9881
vn 0.3085 0.5701 0.7614
vn -0.1998 0.4482 -0.8713
vn -0.2462 0.3733 -0.8945
vn -0.1289 0.3641 -0.9224
vn -0.1640 0.4402 -0.8828
vn 0.0513 0.2528 0.9661
vn 0.1082 0.3943 0.9126
vn -0.2147 -0.1149 -0.9699
vn -0.2149 -0.0879 -0.9727
vn -0.2467 0.0294 -0.9686
vn -0.2637 0.0961 -0.9598
vn 0.0404 0.4188 0.9072
vn 0.2738 0.6198 0.7355
vn 0.0672 0.5344 0.8426
vn 0.3139 0.7186 0.6205
vn 0.3585 0.6807 0.6389
vn 0.0503 0.3567 0.9328
vn 0.0241 0.4395 0.8979
vn 0.2355 0.3758 0.8963
vn 0.2160 0.3447 0.9135
vn -0.2667 0.1240 0.9558
vn -0.2150 0.1622 0.9631
vn -0.1732 0.2517 0.9522
vn -0.2049 0.2401 0.9489
vn 0.5112 0.8540 0.0967
vn 0.3980 0.9131 0.0882
vn 0.3906 0.9189 0.0557
vn 0.5149 0.8544 0.0698
vn 0.0782 0.3701 0.9257
vn 0.0853 0.4240 0.9016
vn 0.0696 0.4333 0.8986
vn 0.0908 0.3828 0.9194
vn 0.1501 0.3765 -0.9142
vn 0.1719 0.3482 -0.9215
vn 0.2359 0.3612 -0.9021
vn 0.2207 0.3393 -0.9144
vn -0.0107 0.3776 0.9259
vn 0.2091 0.4721 0.8564
vn 0.1619 0.4214 0.8923
vn 0.0509 0.3751 -0.9256
vn -0.0183 0.4501 -0.8928
vn 0.0477 0.3562 0.9332
vn 0.0594 0.4136 0.9085
vn -0.0871 0.3721 0.9241
vn -0.2069 0.2790 -0.9377
vn -0.2651 0.3396 -0.9025
vn -0.2691 0.2253 -0.9364
vn -0.2452 0.1551 -0.9570
vn -0.0785 0.3445 -0.9355
vn -0.0157 0.1652 -0.9861
vn 0.0401 0.1551 -0.9871
vn 0.1327 0.3883 -0.9119
vn -0.1879 0.4538 -0.8711
vn -0.2086 0.3900 -0.8969
vn -0.1882 0.4268 0.8846
vn -0.1418 0.3993 0.9058
vn -0.1663 0.4180 0.8931
vn -0.1657 0.4568 0.8740
vn 0.0869 0.2174 -0.9722
vn 0.1266 0.3670 -0.9216
vn 0.1154 0.3487 -0.9301
vn 0.0827 0.1983 -0.9767
vn 0.1242 0.6113 -0.7816
vn 0.3851 0.8108 -0.4408
vn 0.4850 0.8466 -0.2192
vn 0.4016 0.8465 -0.3494
vn 0.0389 0.2348 0.9713
vn 0.0255 0.2009 0.9793
vn 0.0452 0.2710 0.9615
vn -0.2904 0.5854 -0.7569
vn -0.4522 0.7408 -0.4967
vn -0.2661 0.7061 -0.6562
vn -0.1854 0.5459 -0.8171
vn -0.0825 0.3543 0.9315
vn 0.4861 0.8635 -0.1343
vn 0.4892 0.8664 -0.1005
vn 0.4055 0.9087 -0.0994
vn 0.0111 0.3428 -0.9393
vn -0.0047 0.2729 -0.9620
vn -0.0210 0.2421 -0.9700
vn -0.1642 0.3589 0.9188
vn -0.0314 0.3621 0.9316
vn -0.0535 0.4157 0.9079
vn 0.1112 0.4112 0.9047
vn 0.0367 0.2113 0.9767
vn -0.0938 0.1040 0.9901
vn -0.1342 0.1949 0.9716
vn -0.0200 -0.0204 0.9996
vn -0.0172 -0.1434 0.9895
vn -0.0316 -0.1587 0.9868
vn -0.0199 -0.0060 0.9998
vn -0.0438 0.1685 0.9847
vn -0.0553 0.2399 0.9692
vn 0.1497 -0.1449 0.9781
vn 0.1374 -0.0011 0.9905
vn 0.0892 0.0117 0.9959
vn 0.0695 -0.1878 0.9798
vn 0.1271 0.3454 0.9298
vn 0.2293 0.4784 0.8477
vn -0.8355 0.0716 0.5448
vn -0.8097 0.0396 0.5855
vn -0.7003 0.0342 0.7130
vn -0.7414 0.0566 0.6687
vn 0.1029 0.3705 0.9231
vn 0.2014 0.4901 0.8481
vn 0.1964 0.9786 0.0615
vn 0.1523 0.9768 0.1506
vn 0.1492 0.9863 0.0709
vn 0.1784 0.9807 0.0796
vn 0.0109 0.2230 0.9748
vn 0.0347 0.6118 0.7902
vn 0.0188 0.6363 0.7712
vn -0.0002 0.2410 0.9705
vn -0.0915 0.9917 0.0901
vn -0.0794 0.9273 0.3659
vn -0.0260 0.9242 0.3809
vn -0.0307 0.9918 0.1245
vn -0.0737 -0.0374 0.9966
vn -0.0284 -0.1645 0.9860
vn -0.0285 -0.1330 0.9907
vn 0.0175 0.0457 0.9988
vn 0.0485 0.3518 0.9348
vn 0.0736 0.6365 0.7678
vn 0.0455 0.6277 0.7771
vn 0.0110 0.2821 0.9593
vn -0.0023 0.0058 1.0000
vn -0.0276 -0.1632 0.9862
vn -0.0078 -0.1523 0.9883
vn -0.0180 0.0012 0.9998
vn 0.0008 -0.0102 0.9999
vn -0.0131 -0.1711 0.9852
vn -0.0123 0.2451 0.9694
vn -0.0085 0.2863 0.9581
vn 0.1055 0.2873 0.9520
vn 0.1256 0.1124 0.9857
vn 0.1241 0.0969 0.9875
vn 0.1501 0.3060 0.9401
vn -0.0250 0.0046 0.9997
vn -0.0297 -0.1459 0.9889
vn -0.0002 -0.1493 0.9888
vn -0.0139 0.0013 0.9999
vn 0.0474 0.3971 0.9166
vn 0.0268 0.3377 0.9409
vn -0.9949 0.1013 0.0010
vn -0.9946 0.1039 -0.0003
vn -0.9922 -0.1244 -0.0003
vn -0.9934 -0.1143 0.0113
vn 0.1922 0.9001 0.3911
vn 0.1572 0.9032 0.3995
vn 0.0720 0.4490 0.8906
vn 0.1091 0.4528 0.8849
vn 0.1073 0.4888 0.8658
vn 0.0672 0.4342 0.8983
vn 0.1273 0.6130 0.7798
vn 0.1052 0.4853 0.8680
vn 0.7583 0.3434 0.5541
vn 0.6908 0.2837 0.6651
vn 0.8177 0.3694 0.4414
vn 0.8517 0.3869 0.3535
vn 0.3378 0.9168 0.2131
vn 0.4390 0.8942 0.0880
vn 0.0627 0.2666 0.9618
vn 0.1692 -0.0547 0.9841
vn 0.0919 0.1635 0.9822
vn -0.0069 0.1016 0.9948
vn -0.0307 -0.0480 0.9984
vn -0.0288 0.1214 0.9922
vn 0.1112 0.4379 0.8921
vn -0.1707 -0.2715 0.9472
vn -0.1863 -0.2058 0.9607
vn -0.1663 -0.1271 0.9778
vn -0.2072 -0.1149 0.9715
vn 0.4610 -0.0136 0.8873
vn 0.4316 -0.3166 0.8446
vn 0.5289 -0.3368 0.7790
vn 0.5945 0.0493 0.8026
vn 0.1575 0.9861 0.0524
vn 0.1610 0.9856 0.0512
vn 0.2025 0.4348 0.8774
vn 0.1324 0.2820 0.9502
vn 0.8685 0.4897 0.0764
vn 0.8091 0.5876 0.0083
vn 0.8019 0.5974 0.0009
vn 0.8741 0.4858 0.0059
vn -0.0276 0.2613 0.9649
vn -0.0235 0.1427 0.9895
vn -0.4637 0.0196 0.8858
vn -0.3711 0.0040 0.9286
vn -0.3792 0.0731 0.9224
vn -0.5007 0.0780 0.8621
vn -0.0384 0.0497 0.9980
vn -0.0753 -0.0968 0.9925
vn -0.0409 -0.0870 0.9954
vn -0.0669 0.0418 0.9969
vn -0.1088 0.2421 0.9641
vn -0.0801 0.0925 0.9925
vn 0.6724 0.2937 0.6794
vn 0.5511 0.2175 0.8056
vn 0.1219 0.6248 0.7712
vn -0.0090 0.0111 0.9999
vn -0.0442 -0.1801 0.9826
vn -0.0190 0.3214 0.9468
vn -0.0181 0.1482 0.9888
vn 0.2048 0.4875 -0.8488
vn 0.2863 0.5181 -0.8060
vn 0.0466 0.8891 0.4553
vn 0.0297 0.9014 0.4319
vn 0.0055 0.1086 0.9941
vn 0.0329 -0.0249 0.9991
vn 0.0810 0.2035 0.9757
vn 0.1200 0.3730 0.9200
vn 0.0144 0.1603 0.9870
vn -0.0069 0.6543 0.7562
vn -0.0158 0.6714 0.7409
vn -0.0591 -0.0830 0.9948
vn -0.0510 -0.1407 0.9887
vn -0.0220 -0.1482 0.9887
vn 0.3059 0.0610 0.9501
vn 0.2507 -0.0349 0.9674
vn 0.2193 -0.0159 0.9755
vn 0.3082 0.0481 0.9501
vn 0.0442 0.3266 0.9441
vn 0.0430 0.1562 0.9868
vn 0.0600 0.8879 0.4560
vn -0.0819 0.2803 0.9564
vn -0.0205 0.1348 0.9907
vn 0.0218 0.3343 0.9422
vn -0.0153 0.1443 0.9894
vn 0.0632 -0.0472 0.9969
vn 0.0228 -0.0861 0.9960
vn 0.0570 0.3287 0.9427
vn 0.0190 0.1489 0.9887
vn -0.0565 0.3000 0.9523
vn -0.0214 0.1360 0.9905
vn -0.0643 0.2859 0.9561
vn -0.0858 -0.1189 0.9892
vn 0.0190 0.0581 0.9981
vn 0.0805 0.8805 0.4671
vn 0.0892 0.4525 0.8873
vn 0.2683 0.8973 0.3506
vn 0.2958 0.9551 0.0139
vn 0.2103 -0.7565 0.6193
vn 0.2991 -0.7627 0.5734
vn 0.2300 -0.2587 0.9382
vn 0.2163 -0.1880 0.9580
vn 0.2843 0.9548 0.0863
vn 0.1314 0.4588 0.8788
vn 0.2332 0.6590 0.7150
vn 0.2731 0.8572 0.4365
vn 0.1513 0.8634 0.4813
vn 0.3041 0.9421 0.1411
vn 0.1661 0.9694 0.1806
vn 0.2826 0.9556 0.0833
vn 0.1499 0.9864 0.0678
vn 0.4936 0.8602 0.1283
vn 0.5520 0.8253 0.1190
vn 0.5660 0.8153 0.1224
vn 0.4869 0.8646 0.1240
vn 0.4872 0.8576 0.1646
vn 0.4955 0.8385 0.2266
vn 0.4562 0.8392 0.2960
vn 0.3820 0.8009 0.4612
vn 0.4167 0.7974 0.4366
vn 0.3785 0.8805 0.2854
vn 0.3963 0.8991 0.1859
vn 0.3515 0.6917 0.6309
vn 0.2240 0.5328 0.8160
vn -0.0084 0.1942 0.9809
vn -0.0393 0.3586 0.9327
vn 0.1613 0.9869 0.0018
vn 0.3929 0.9179 0.0554
vn 0.4106 0.9118 0.0037
vn 0.1566 0.9877 0.0032
vn 0.2657 0.9628 0.0489
vn 0.5814 0.8100 0.0765
vn 0.4776 0.8757 0.0719
vn 0.5214 0.8410 -0.1444
vn 0.5380 0.8343 -0.1207
vn 0.2429 0.9688 0.0501
vn 0.4143 0.4107 0.8122
vn 0.2843 0.2886 0.9143
vn 0.5061 0.2133 0.8357
vn 0.6077 0.2567 0.7515
vn 0.3382 -0.0097 0.9410
vn 0.3624 -0.3148 0.8772
vn 0.2592 0.9658 0.0099
vn 0.6192 0.5958 0.5114
vn 0.5672 0.4968 0.6569
vn 0.8324 0.5492 0.0739
vn 0.6875 0.7200 0.0947
vn 0.7791 0.6124 0.1341
vn 0.5863 0.8101 0.0032
vn 0.4640 0.8859 0.0010
vn 0.2638 0.6927 0.6713
vn 0.2159 0.5000 0.8387
vn 0.5075 0.4364 0.7429
vn 0.6992 0.7117 0.0680
vn 0.6923 0.7216 0.0057
vn 0.5380 -0.1076 0.8360
vn 0.3896 -0.3509 0.8515
vn 0.1491 -0.1198 0.9815
vn 0.6945 0.6566 0.2942
vn 0.6274 0.2687 0.7309
vn 0.3150 0.8363 0.4488
vn 0.2241 0.9746 0.0011
vn 0.1714 0.4397 0.8817
vn 0.1014 0.9933 0.0559
vn -0.9860 0.1298 0.1046
vn -0.9916 0.1291 -0.0013
vn -0.9872 0.0949 0.1286
vn 0.1001 0.9950 0.0008
vn 0.2702 -0.1278 0.9543
vn 0.2996 -0.3442 0.8898
vn -0.4344 0.0343 0.9001
vn -0.5451 0.0579 0.8364
vn 0.2841 -0.7895 0.5441
vn 0.4387 -0.3534 0.8263
vn 0.6049 0.1105 0.7886
vn 0.4822 0.1607 0.8612
vn 0.7564 0.1972 0.6237
vn 0.7013 -0.3277 0.6331
vn 0.3009 -0.7895 0.5349
vn 0.3184 -0.7998 0.5089
vn 0.3043 -0.8027 0.5129
vn 0.4415 -0.8059 0.3945
vn -0.1972 0.0087 0.9803
vn -0.0705 -0.1214 0.9901
vn -0.0559 0.0078 0.9984
vn 0.9015 0.3440 0.2624
vn 0.8794 0.4055 0.2496
vn 0.8502 0.5253 0.0331
vn 0.8670 0.4793 0.1362
vn 0.8686 0.4903 0.0718
vn 0.4207 0.8469 0.3252
vn 0.3500 0.8759 0.3320
vn 0.4098 0.9110 0.0474
vn 0.5119 0.8542 0.0913
vn 0.8162 0.5777 0.0052
vn 0.9866 0.1072 0.1231
vn 0.9905 0.1376 0.0048
vn 0.4986 -0.8478 0.1808
vn 0.8978 -0.3773 0.2272
vn 0.9160 -0.3876 -0.1036
vn 0.9067 -0.3599 -0.2201
vn 0.9731 -0.0721 -0.2188
vn 0.9872 -0.1193 -0.1058
vn 0.5067 -0.8583 0.0810
vn 0.9132 -0.3941 0.1040
vn 0.8463 0.2448 -0.4731
vn 0.9167 0.3245 -0.2331
vn 0.9683 0.0941 -0.2315
vn 0.9004 0.0409 -0.4332
vn 0.5175 -0.8557 0.0086
vn 0.9099 -0.4146 0.0090
vn 0.0050 -0.1394 0.9902
vn 0.0248 -0.6712 0.7409
vn -0.0081 -0.7039 0.7102
vn -0.0086 -0.2069 0.9783
vn -0.0102 -0.2604 0.9654
vn 0.0012 -0.7529 0.6582
vn 0.0172 -0.7271 0.6863
vn -0.0040 -0.2667 0.9638
vn 0.0064 -0.7515 0.6597
vn -0.0135 -0.7355 0.6774
vn -0.0185 -0.2799 0.9598
vn 0.1806 -0.0451 0.9825
vn 0.0939 -0.6209 0.7782
vn 0.1415 -0.6214 0.7706
vn 0.2034 0.0146 0.9790
vn -0.0082 -0.2556 0.9667
vn -0.0290 -0.7423 0.6695
vn -0.0089 -0.7360 0.6769
vn 0.0008 -0.2631 0.9648
vn -0.0111 -0.2417 0.9703
vn -0.0254 -0.7173 0.6963
vn 0.0197 -0.0671 0.9976
vn 0.0631 -0.6339 0.7708
vn -0.1111 -0.1397 0.9839
vn 0.1348 0.6354 0.7603
vn -0.0216 -0.3401 0.9401
vn -0.0129 -0.7897 0.6134
vn -0.0533 -0.7848 0.6174
vn -0.0477 -0.3487 0.9360
vn 0.0830 -0.0044 0.9965
vn -0.1472 -0.7308 0.6665
vn -0.1210 -0.6479 0.7520
vn -0.0965 -0.3244 0.9410
vn -0.1081 -0.7966 0.5948
vn -0.1003 -0.8078 0.5809
vn -0.0944 -0.3125 0.9452
vn -0.0147 -0.7620 0.6474
vn -0.0120 -0.2972 0.9548
vn 0.2617 0.1152 0.9583
vn 0.5437 0.1085 0.8322
vn 0.5300 -0.1376 0.8368
vn 0.0021 0.9066 0.4220
vn -0.0154 0.9135 0.4065
vn -0.1970 0.9771 0.0808
vn -0.1842 0.8972 0.4013
vn -0.9173 0.0936 0.3871
vn -0.9329 0.1121 0.3422
vn -0.9107 -0.0608 0.4085
vn -0.9890 -0.0918 0.1157
vn -0.9144 -0.3799 0.1399
vn -0.8117 -0.3381 0.4763
vn 0.0320 0.9809 0.1919
vn 0.0073 0.9816 0.1906
vn 0.0276 0.3082 0.9509
vn -0.0179 0.2958 0.9551
vn -0.0168 0.0673 0.9976
vn -0.0712 0.7021 0.7085
vn -0.0323 0.7020 0.7115
vn -0.0286 0.3950 0.9182
vn -0.0633 0.4940 0.8672
vn 0.2219 0.5449 0.8086
vn -0.0195 0.3386 0.9407
vn 0.0091 0.3060 0.9520
vn 0.0816 0.0915 0.9925
vn -0.0406 0.9992 0.0009
vn -0.0378 0.9984 0.0432
vn -0.0125 0.9985 0.0542
vn -0.0148 0.9999 0.0009
vn -0.0664 -0.2993 0.9519
vn -0.0376 -0.8025 0.5955
vn -0.2914 0.9531 0.0815
vn -0.2756 0.8721 0.4044
vn -0.1335 0.6501 0.7481
vn -0.3521 0.8727 0.3384
vn -0.2392 0.6709 0.7019
vn -0.1907 0.6156 0.7647
vn -0.1002 0.5084 0.8553
vn -0.1612 0.5221 0.8375
vn -0.1458 0.4936 0.8574
vn -0.1175 0.4610 0.8796
vn 0.5061 0.8619 -0.0300
vn 0.5217 0.8531 0.0096
vn 0.3962 0.9181 0.0143
vn 0.3984 0.9171 -0.0160
vn -0.2680 0.0138 0.9633
vn 0.2955 0.2918 0.9097
vn 0.2827 0.2627 0.9225
vn 0.2919 0.1763 0.9400
vn 0.3437 0.1587 0.9256
vn -0.0980 0.2609 0.9604
vn -0.1162 0.1599 0.9803
vn -0.1059 0.9938 0.0353
vn -0.1163 0.9932 0.0006
vn -0.2326 0.9726 0.0006
vn -0.2149 0.9762 0.0295
vn -0.5663 0.8241 0.0152
vn -0.5719 0.8203 0.0015
vn -0.7916 0.6110 0.0020
vn -0.7790 0.6268 0.0143
vn 0.0475 0.9777 0.2046
vn 0.0291 0.3331 -0.9424
vn 0.3178 0.6282 -0.7102
vn -0.9768 0.1962 0.0859
vn -0.9406 0.1695 0.2941
vn -0.5684 0.7902 0.2291
vn -0.7510 0.6299 0.1980
vn -0.6517 0.5319 0.5407
vn -0.4463 0.6995 0.5582
vn -0.8845 0.4015 0.2376
vn -0.9060 0.3380 0.2546
vn -0.8140 0.3059 0.4938
vn -0.7643 0.3770 0.5233
vn -0.4474 0.3981 0.8008
vn -0.2756 0.5438 0.7927
vn -0.6652 0.2898 0.6882
vn -0.6014 0.3561 0.7152
vn -0.3077 0.3323 0.8916
vn -0.5468 0.3124 0.7768
vn -0.4234 0.3196 0.8477
vn -0.4622 0.3210 0.8266
vn -0.2906 0.3618 0.8858
vn -0.2782 0.3626 0.8895
vn -0.4374 0.3596 0.8243
vn -0.7353 0.3851 0.5577
vn -0.3474 0.2229 0.9109
vn -0.4992 0.1852 0.8464
vn -0.7368 0.1485 0.6596
vn -0.7546 0.0625 0.6532
vn -0.8675 0.1440 0.4761
vn -0.8594 0.0840 0.5043
vn -0.7470 0.0828 0.6597
vn -0.0127 0.9850 0.1720
vn 0.0809 0.9797 0.1833
vn 0.0640 0.9784 0.1968
vn -0.3580 -0.0960 0.9288
vn -0.3590 -0.2939 0.8858
vn -0.2112 -0.8088 0.5489
vn -0.0607 -0.7021 0.7095
vn -0.4769 -0.1383 0.8680
vn -0.4572 -0.3114 0.8331
vn -0.4133 -0.8329 0.3681
vn -0.3902 -0.1025 0.9150
vn -0.3664 -0.2966 0.8819
vn -0.3597 -0.7871 0.5011
vn -0.6105 -0.1412 0.7794
vn -0.4626 -0.3116 0.8300
vn -0.3098 -0.7580 0.5740
vn -0.7036 -0.1325 0.6981
vn -0.5277 -0.3502 0.7739
vn -0.3584 -0.7882 0.5002
vn -0.6447 -0.0569 0.7623
vn -0.5422 -0.2845 0.7906
vn -0.3445 -0.7913 0.5052
vn -0.4853 -0.8091 0.3313
vn -0.9376 0.3435 0.0538
vn -0.9162 0.3989 0.0371
vn 0.0695 0.9957 0.0614
vn 0.0481 0.9968 0.0635
vn 0.0300 0.9976 0.0618
vn 0.0079 0.9982 0.0595
vn 0.0493 0.9970 -0.0604
vn 0.0476 0.9989 0.0009
vn 0.0726 0.9974 0.0008
vn 0.0719 0.9957 -0.0587
vn -0.5569 0.8304 -0.0191
vn -0.3994 0.9168 0.0007
vn -0.3966 0.9178 -0.0192
vn 0.0275 0.9996 0.0008
vn 0.0051 1.0000 0.0002
vn -0.9143 0.4051 0.0015
vn -0.9006 0.4346 0.0060
vn -0.5689 0.8211 0.0464
vn -0.7654 0.6429 0.0299
vn -0.9228 0.3852 0.0015
vn -0.9418 0.3361 0.0004
vn -0.9839 0.1790 -0.0007
vn -0.5300 -0.8385 0.1267
vn -0.9196 -0.3917 0.0296
vn -0.5271 -0.8480 0.0550
vn -0.7748 0.6320 -0.0149
vn -0.9420 0.3356 -0.0000
vn -0.9303 0.3669 0.0005
vn -0.9271 0.3749 -0.0015
vn -0.9431 0.3326 -0.0008
vn -0.9928 0.1198 -0.0006
vn -0.9142 -0.4052 -0.0011
vn -0.5260 -0.8505 -0.0017
vn -0.3230 0.9464 0.0001
vn -0.3066 0.9517 0.0177
vn -0.3844 0.9206 0.0693
vn -0.3937 0.9192 0.0114
vn -0.0027 0.2672 0.9636
vn 0.0086 0.4115 -0.9114
vn 0.0864 0.4549 -0.8863
vn 0.0974 0.4452 -0.8901
vn 0.1061 0.3841 -0.9172
vn 0.0249 0.4212 -0.9066
vn 0.1589 0.4553 -0.8760
vn -0.0266 0.3654 0.9305
vn -0.0267 0.4103 0.9116
vn -0.0213 -0.3197 0.9473
vn -0.0132 -0.7646 0.6443
vn 0.2724 0.3745 0.8863
vn -0.0498 0.4142 0.9088
vn -0.0205 0.2028 0.9790
vn 0.0793 0.2786 -0.9571
vn -0.0658 0.2675 -0.9613
vn -0.0111 -0.2647 -0.9643
vn -0.0095 -0.7444 -0.6676
vn -0.0181 -0.7464 -0.6653
vn -0.0063 -0.2613 -0.9652
vn 0.0994 -0.6122 0.7844
vn 0.1030 0.9932 -0.0550
vn 0.3343 0.3363 0.8805
vn 0.8884 0.3951 0.2336
vn -0.0259 -0.1894 -0.9816
vn -0.0149 -0.1144 -0.9933
vn -0.0170 -0.0152 -0.9997
vn -0.0309 -0.0294 -0.9991
vn 0.3879 0.6999 -0.5997
vn 0.2740 0.6140 -0.7402
vn -0.0428 0.3118 -0.9492
vn 0.1864 0.5226 -0.8320
vn 0.0383 0.4873 -0.8724
vn -0.0234 -0.1439 -0.9893
vn -0.0339 -0.0899 -0.9954
vn -0.0686 -0.0352 -0.9970
vn 0.0100 0.0111 -0.9999
vn -0.2606 0.3658 -0.8935
vn -0.2774 0.3761 -0.8841
vn 0.0868 0.3030 -0.9490
vn -0.1111 0.2101 -0.9713
vn 0.0614 0.2652 -0.9622
vn -0.0326 0.1817 -0.9828
vn 0.0700 0.5383 -0.8398
vn 0.3079 0.7168 -0.6257
vn -0.0883 -0.2389 -0.9670
vn -0.1957 -0.2745 -0.9415
vn -0.1218 0.3437 0.9311
vn -0.1609 0.3616 0.9183
vn 0.3292 -0.1082 -0.9380
vn 0.0350 -0.1419 -0.9893
vn 0.0236 -0.2028 -0.9789
vn 0.1794 -0.1982 -0.9636
vn 0.0223 -0.6896 -0.7238
vn 0.0463 -0.7253 -0.6869
vn -0.1631 0.3590 -0.9190
vn -0.0103 0.2204 -0.9754
vn -0.0715 0.3334 -0.9401
vn 0.0106 0.2064 -0.9784
vn 0.0203 0.2086 -0.9778
vn 0.0200 0.2505 -0.9679
vn -0.0265 0.4047 -0.9140
vn 0.1325 0.4340 -0.8911
vn -0.1577 0.1990 -0.9672
vn -0.0899 0.0614 -0.9941
vn 0.0934 0.2448 -0.9651
vn 0.0248 0.0082 -0.9997
vn -0.0133 -0.1554 -0.9878
vn -0.0720 0.2509 -0.9653
vn -0.0141 0.1634 -0.9865
vn 0.0091 0.1709 -0.9852
vn 0.1646 0.3117 -0.9358
vn 0.1037 0.1158 -0.9879
vn 0.2160 0.4978 -0.8400
vn 0.1385 0.3309 -0.9334
vn -0.4718 -0.1408 -0.8704
vn -0.4746 -0.1025 -0.8742
vn -0.6072 0.0285 -0.7940
vn -0.5195 -0.0058 -0.8544
vn 0.1534 0.4894 -0.8584
vn 0.0990 0.3663 -0.9252
vn 0.2098 0.9729 -0.0970
vn 0.1991 0.9764 -0.0831
vn 0.1513 0.9860 -0.0694
vn 0.1509 0.9814 -0.1186
vn 0.0425 0.3083 -0.9504
vn 0.0357 0.7234 -0.6895
vn 0.0337 0.6621 -0.7487
vn -0.0883 0.9848 -0.1497
vn -0.0290 0.9833 -0.1794
vn -0.0258 0.9236 -0.3825
vn -0.0752 0.9236 -0.3759
vn 0.0488 -0.1336 -0.9898
vn -0.0236 -0.7097 -0.7041
vn -0.0287 -0.7293 -0.6835
vn -0.0187 -0.2004 -0.9795
vn 0.0352 0.2698 -0.9623
vn 0.0389 0.6539 -0.7556
vn 0.0749 0.6859 -0.7238
vn 0.0171 -0.0147 -0.9997
vn -0.0462 -0.2614 -0.9641
vn 0.0605 0.1180 -0.9912
vn -0.0137 0.0141 -0.9998
vn 0.0556 -0.0332 -0.9979
vn 0.0020 0.4502 -0.8929
vn 0.0325 0.4230 -0.9055
vn 0.0934 0.2874 -0.9532
vn 0.1238 0.3407 -0.9320
vn 0.0073 0.1619 -0.9868
vn 0.0851 0.1086 -0.9904
vn -0.0287 0.3026 -0.9527
vn 0.0292 0.4332 -0.9008
vn -0.9925 -0.1216 -0.0114
vn -0.9947 0.1031 -0.0009
vn 0.1593 0.9101 -0.3825
vn 0.3198 0.9353 -0.1514
vn 0.3072 0.8668 -0.3927
vn 0.0600 0.4288 -0.9014
vn 0.0324 0.3277 -0.9442
vn 0.1068 0.4145 -0.9038
vn 0.1047 0.4255 -0.8989
vn 0.0312 0.4233 -0.9055
vn 0.0698 0.3998 -0.9139
vn 0.6789 0.3107 -0.6652
vn 0.8350 0.3745 -0.4030
vn 0.6546 0.1216 -0.7461
vn 0.4053 0.9099 -0.0888
vn 0.0587 0.2619 -0.9633
vn 0.0242 0.0238 -0.9994
vn 0.0562 0.0788 -0.9953
vn 0.1072 0.0453 -0.9932
vn -0.0091 0.1230 -0.9924
vn -0.0057 0.1434 -0.9897
vn 0.0726 0.3752 -0.9241
vn 0.0833 0.5369 0.8395
vn 0.3653 0.1000 -0.9255
vn 0.6772 -0.2840 -0.6788
vn 0.5689 -0.2689 -0.7772
vn 0.1741 0.9838 -0.0436
vn 0.1572 0.9862 -0.0526
vn 0.2180 0.4539 -0.8640
vn 0.8582 0.5076 -0.0764
vn 0.8068 0.5908 -0.0017
vn 0.0491 0.3125 -0.9487
vn -0.6068 0.0993 -0.7887
vn -0.4459 0.0880 -0.8908
vn -0.4213 -0.0109 -0.9069
vn -0.0238 -0.0440 -0.9987
vn -0.0178 -0.1822 -0.9831
vn -0.0008 -0.1694 -0.9855
vn -0.0052 -0.0334 -0.9994
vn -0.0618 0.0901 -0.9940
vn -0.0708 0.2404 -0.9681
vn 0.6290 0.2977 -0.7181
vn 0.7536 0.3408 -0.5621
vn 0.4313 0.2569 -0.8648
vn 0.1394 0.7190 -0.6809
vn 0.0186 0.1554 -0.9877
vn -0.0029 0.3327 -0.9430
vn 0.0330 0.9318 -0.3615
vn 0.0427 0.9236 -0.3809
vn 0.0442 -0.0135 -0.9989
vn -0.0205 -0.0918 -0.9956
vn 0.0417 0.1911 -0.9807
vn 0.1015 0.3864 -0.9167
vn -0.0021 0.8078 -0.5894
vn 0.0231 0.7877 -0.6156
vn -0.0002 -0.2344 -0.9722
vn -0.0164 -0.7214 -0.6923
vn 0.3187 0.0383 -0.9471
vn 0.3623 0.0266 -0.9317
vn 0.2481 -0.1198 -0.9613
vn 0.0126 0.3229 -0.9463
vn 0.0592 0.9139 -0.4016
vn -0.0455 0.3179 -0.9470
vn 0.0051 0.1337 -0.9910
vn 0.0274 0.3552 -0.9344
vn -0.0003 0.1196 -0.9928
vn 0.0529 0.3596 -0.9316
vn -0.0223 0.1260 -0.9918
vn -0.0538 0.3149 -0.9476
vn -0.0189 0.1263 -0.9918
vn -0.0496 0.3055 -0.9509
vn 0.0942 0.1483 -0.9844
vn -0.0361 -0.0202 -0.9991
vn 0.0934 0.9038 -0.4176
vn 0.1859 0.8699 -0.4569
vn 0.3143 0.9437 -0.1035
vn 0.1695 0.4816 -0.8598
vn 0.1653 0.9028 -0.3971
vn 0.3049 0.8826 -0.3578
vn 0.2719 0.7474 -0.6062
vn 0.1724 0.9707 -0.1675
vn 0.3047 0.9442 -0.1253
vn 0.1524 0.9859 -0.0698
vn 0.2731 0.9584 -0.0826
vn 0.4804 0.8670 -0.1322
vn 0.4685 0.8748 -0.1236
vn 0.4727 0.8443 -0.2525
vn 0.4928 0.8598 -0.1339
vn 0.3975 0.8845 -0.2442
vn 0.4055 0.9020 -0.1482
vn 0.4434 0.8014 -0.4014
vn 0.4193 0.7486 -0.5136
vn 0.3268 0.6330 -0.7018
vn 0.3856 0.9208 -0.0591
vn 0.2896 0.9568 -0.0256
vn 0.4720 0.8793 -0.0645
vn 0.5731 0.8177 -0.0552
vn 0.0339 0.0234 -0.9992
vn 0.2388 0.9699 -0.0473
vn 0.4354 0.3868 -0.8129
vn 0.6969 0.2913 -0.6554
vn 0.6808 0.3085 -0.6643
vn 0.3210 0.3562 -0.8776
vn 0.4850 0.1180 -0.8665
vn 0.4612 0.2260 -0.8580
vn 0.6303 0.6131 -0.4762
vn 0.5739 0.4752 -0.6669
vn 0.8138 0.5732 -0.0961
vn 0.7538 0.6463 -0.1189
vn 0.6342 0.7651 -0.1110
vn 0.1361 0.5805 -0.8028
vn 0.2676 0.6994 -0.6628
vn 0.2284 0.4759 -0.8493
vn 0.6673 0.7420 -0.0643
vn 0.8197 0.0356 -0.5716
vn 0.6056 -0.1918 -0.7723
vn 0.7507 -0.2536 -0.6101
vn 0.0014 -0.1679 -0.9858
vn 0.8507 0.4085 -0.3309
vn 0.5069 0.3932 -0.7671
vn 0.5971 0.2721 -0.7546
vn 0.1764 0.4352 -0.8829
vn 0.6843 0.6865 -0.2459
vn -0.9853 0.1396 -0.0987
vn -0.9906 0.1027 -0.0908
vn -0.9922 0.1248 0.0003
vn 0.1663 0.1013 -0.9809
vn -0.0084 -0.0020 -1.0000
vn -0.0859 0.0698 -0.9939
vn -0.7251 0.1159 -0.6788
vn -0.7177 0.0763 -0.6921
vn -0.8006 0.1369 -0.5833
vn 0.4772 -0.8101 -0.3406
vn 0.3754 -0.6419 -0.6686
vn 0.5942 -0.1894 -0.7817
vn 0.8123 0.2031 -0.5467
vn 0.7861 -0.0350 -0.6171
vn 0.7608 -0.0703 -0.6452
vn 0.8399 0.5390 -0.0633
vn 0.9843 0.1372 -0.1111
vn 0.4617 -0.8117 -0.3577
vn 0.4504 -0.8180 -0.3579
vn -0.2102 0.0919 -0.9733
vn -0.2043 -0.1014 -0.9736
vn 0.8833 0.4187 -0.2109
vn 0.8644 0.4915 -0.1057
vn 0.8549 0.5175 -0.0364
vn 0.8404 -0.3139 -0.4418
vn 0.4852 -0.8370 -0.2532
vn 0.4789 -0.8641 -0.1547
vn 0.9889 -0.1487 0.0042
vn 0.9891 -0.0937 0.1140
vn 0.5083 -0.8578 -0.0755
vn 0.1155 -0.2408 -0.9637
vn 0.0343 -0.6948 -0.7184
vn -0.1382 -0.2782 -0.9505
vn 0.0057 -0.7655 -0.6434
vn -0.0144 -0.6973 -0.7166
vn 0.7421 0.2423 -0.6250
vn 0.2423 0.2395 -0.9402
vn 0.0846 -0.6907 -0.7181
vn 0.7283 0.0437 -0.6839
vn 0.0136 0.9395 -0.3422
vn -0.0032 0.9353 -0.3538
vn -0.1865 0.9008 -0.3921
vn -0.1976 0.9723 -0.1245
vn -0.9142 0.1486 -0.3771
vn -0.9051 0.1070 -0.4114
vn -0.9047 -0.0474 -0.4234
vn -0.8095 -0.3121 -0.4973
vn -0.9219 -0.3781 -0.0844
vn -0.9926 -0.0997 -0.0693
vn -0.3885 0.9166 -0.0943
vn -0.5513 0.8313 -0.0710
vn 0.0136 0.9838 -0.1786
vn 0.0332 0.9823 -0.1846
vn 0.3173 0.1527 -0.9359
vn 0.0140 0.1568 -0.9875
vn -0.0327 0.8011 -0.5976
vn -0.0650 0.7861 -0.6147
vn -0.0295 0.4834 -0.8749
vn -0.0535 0.5660 -0.8227
vn -0.0971 0.3912 -0.9152
vn 0.2752 0.2832 -0.9187
vn 0.0025 0.3255 -0.9455
vn -0.0108 0.9985 -0.0531
vn -0.0380 0.9984 -0.0420
vn 0.0006 -0.0110 -0.9999
vn -0.2927 0.8760 -0.3833
vn -0.3028 0.9463 -0.1131
vn -0.1511 0.7307 -0.6658
vn -0.2295 0.6668 -0.7091
vn -0.3625 0.8753 -0.3200
vn -0.1253 0.5613 -0.8181
vn -0.1912 0.5163 -0.8348
vn -0.1361 -0.7666 -0.6276
vn 0.3086 0.1877 -0.9325
vn 0.2491 0.2918 -0.9235
vn -0.2362 0.3332 -0.9128
vn -0.2063 0.2383 -0.9490
vn -0.1047 0.9939 -0.0344
vn -0.2162 0.9759 -0.0292
vn 0.0484 0.9832 -0.1759
vn -0.9757 0.1897 -0.1096
vn -0.9153 0.1824 -0.3591
vn -0.5495 0.8099 -0.2052
vn -0.6729 0.5795 -0.4598
vn -0.7302 0.6593 -0.1792
vn -0.9023 0.3384 -0.2671
vn -0.8102 0.2509 -0.5298
vn -0.8180 0.2030 -0.5383
vn -0.9068 0.2664 -0.3267
vn -0.4530 0.4584 -0.7646
vn -0.7220 0.2061 -0.6605
vn -0.7450 0.1926 -0.6387
vn -0.8475 0.4847 0.2164
vn -0.8509 0.4810 -0.2111
vn -0.7737 0.3582 -0.5226
vn -0.6275 0.2843 -0.7249
vn -0.2833 0.3188 -0.9045
vn -0.3512 0.2921 -0.8896
vn -0.8743 0.4845 0.0296
vn -0.4289 0.2096 -0.8787
vn -0.6328 0.1723 -0.7549
vn -0.7664 0.1516 -0.6243
vn -0.8294 0.1570 -0.5361
vn -0.0038 0.9830 -0.1838
vn 0.0685 0.9823 -0.1741
vn 0.0881 0.9805 -0.1758
vn -0.4289 -0.1243 -0.8948
vn -0.3986 -0.3088 -0.8636
vn -0.2908 -0.8265 -0.4820
vn -0.4115 -0.2778 -0.8680
vn -0.3787 -0.8022 -0.4615
vn -0.3897 -0.2340 -0.8907
vn -0.3231 -0.7187 -0.6157
vn -0.6093 -0.0311 -0.7923
vn -0.5175 -0.2250 -0.8255
vn -0.3316 -0.7404 -0.5847
vn -0.4946 -0.8005 -0.3384
vn -0.9448 0.3167 -0.0844
vn -0.9242 0.3783 -0.0522
vn 0.0314 0.9977 -0.0602
vn 0.0095 0.9982 -0.0584
vn -0.9066 0.4220 -0.0068
vn -0.7456 0.6641 -0.0545
vn -0.9852 0.1712 -0.0008
vn -0.5406 -0.8373 -0.0814
vn -0.9172 -0.3975 -0.0264
vn -0.5267 -0.8487 -0.0484
vn -0.3130 0.9495 -0.0228
vn -0.0092 -0.0897 -0.9959
vn -0.0050 -0.0069 -1.0000
vn 0.0940 -0.6936 -0.7142
vn 0.0437 -0.0851 -0.9954
vn 0.8832 0.4272 -0.1935
vn 0.0209 0.0319 -0.9993
vn 0.0912 0.1074 -0.9900
vn 0.0116 0.0282 -0.9995
vn -0.0550 -0.7782 -0.6256
vn -0.0251 -0.2883 -0.9572
vn -0.0418 -0.7508 -0.6592
vn -0.0106 -0.0552 -0.9984
vn -0.0249 -0.2860 -0.9579
vn -0.0204 -0.7638 -0.6451
vn -0.0394 -0.7840 -0.6196
vn 0.0731 -0.7314 0.6780
vn -0.9862 0.1655 -0.0003
vn -0.8767 0.4789 -0.0452
vn -0.5883 0.2321 -0.7746
vn -0.5216 0.2558 -0.8140
vn -0.2835 0.3657 -0.8865
vn -0.4811 0.2866 -0.8285
vn 0.9028 0.1188 0.4133
vn 0.9127 -0.1375 0.3847
vn 0.9671 -0.1108 0.2289
vn 0.9628 0.1185 0.2428
vn 0.8840 -0.0651 -0.4630
vn 0.4642 -0.8048 -0.3698
vn 0.1935 -0.7786 -0.5969
vn 0.1286 -0.7336 -0.6673
vn 0.1000 -0.7715 0.6283
vn -0.0134 -0.6662 0.7456
vn -0.0908 -0.8000 -0.5931
vn -0.1216 -0.7758 -0.6191
vn 0.0630 -0.8187 -0.5707
vn -0.0174 -0.7717 -0.6358
vn -0.0283 -0.7584 -0.6512
vn -0.0376 -0.7637 0.6445
vn 0.0080 -0.7682 0.6402
vn -0.0600 -0.7779 -0.6255
vn -0.0332 -0.7644 -0.6439
vn 0.0414 -0.7766 0.6286
vn 0.0320 -0.8500 0.5258
vn 0.3003 -0.6729 0.6761
vn -0.0821 -0.7741 -0.6277
vn -0.0429 -0.7669 -0.6403
vn -0.0663 -0.7229 -0.6877
vn 0.5181 -0.5920 -0.6173
vn 0.2939 -0.6309 -0.7181
vn -0.0243 -0.7711 -0.6363
vn 0.0044 -0.7685 -0.6398
vn -0.0264 -0.7760 -0.6302
vn -0.0176 -0.7745 -0.6323
vn -0.1516 -0.7188 -0.6785
vn -0.2355 -0.7744 -0.5873
vn -0.2576 -0.5003 -0.8266
vn 0.0080 -0.6560 -0.7547
vn 0.7302 -0.6832 -0.0080
vn 0.7254 -0.6868 -0.0462
vn 0.1791 -0.7428 0.6451
vn -0.0447 -0.7365 0.6750
vn 0.5611 -0.6685 0.4882
vn 0.6864 -0.7199 0.1030
vn -0.0655 -0.7619 0.6444
vn 0.0058 -0.7692 0.6389
vn 0.0270 -0.7953 0.6057
vn -0.0010 -0.7548 0.6560
vn 0.0528 -0.7250 0.6868
vn 0.0050 -0.7728 -0.6347
vn -0.1375 -0.6307 0.7637
vn -0.5912 -0.7832 0.1925
vn -0.4663 -0.7783 0.4204
vn 0.0159 -0.7663 0.6423
vn 0.0775 -0.7589 0.6466
vn -0.0159 -0.7689 0.6391
vn 0.6990 -0.7151 0.0008
vn -0.0232 -0.7746 -0.6320
vn -0.3975 -0.7149 0.5752
vn -0.2490 -0.7723 0.5845
vn -0.0110 -0.7644 0.6446
vn -0.0490 -0.7594 0.6488
vn -0.3729 -0.7455 -0.5524
vn -0.4317 -0.7883 -0.4385
vn 0.7383 -0.6639 -0.1192
vn -0.2397 -0.7579 0.6068
vn -0.0568 -0.7737 -0.6310
vn 0.7200 -0.6921 0.0505
vn 0.7446 -0.6654 0.0527
vn -0.0011 -0.7668 0.6419
vn -0.1059 -0.6613 -0.7426
vn -0.5165 -0.8291 -0.2139
vn -0.6372 -0.7692 -0.0478
vn -0.0614 -0.7702 -0.6349
vn 0.2392 -0.7790 -0.5796
vn -0.0825 -0.7775 -0.6234
vn -0.1072 -0.7763 -0.6212
vn -0.6439 -0.7649 -0.0166
vn 0.0731 -0.5412 0.8377
vn -0.0822 -0.7579 0.6471
vn 0.0371 -0.7651 -0.6428
vn -0.6533 -0.7536 0.0725
vn 0.1198 -0.7592 -0.6397
vn -0.6471 -0.7624 -0.0003
vn 0.0453 -0.7569 -0.6519
vn -0.6353 -0.7715 0.0349
vn -0.0723 -0.7600 -0.6459
vn -0.2852 -0.2007 0.9372
vn 0.1063 -0.1916 0.9757
vn 0.2287 0.1719 -0.9582
vn 0.2978 0.0977 -0.9496
vn -0.4859 -0.0000 -0.8740
vn -0.5761 -0.0000 -0.8174
vn 0.1808 0.0626 0.9815
vn 0.1263 0.1441 0.9815
vn -0.1352 0.2645 -0.9549
vn -0.3742 -0.0000 -0.9274
vn 0.1407 0.2743 0.9513
vn 0.1382 0.3657 -0.9204
vn -0.6137 -0.0000 -0.7895
vn 0.3767 0.3539 0.8561
vn 0.4468 0.3886 -0.8058
vn -0.8388 -0.0000 -0.5444
vn 0.6913 0.3402 0.6374
vn 0.5815 0.4418 -0.6832
vn -0.9816 -0.0000 -0.1911
vn 0.9270 0.2554 0.2748
vn 0.8637 0.4007 -0.3057
vn -0.9967 -0.0000 -0.0813
vn 0.9757 0.2106 0.0610
vn 0.9662 0.2558 -0.0338
vn -1.0000 -0.0000 -0.0098
vn 0.9875 0.1574 -0.0072
vn 0.9869 0.1611 0.0056
vn -0.1183 -0.0053 -0.9930
vn -0.1581 0.0203 -0.9872
vn 0.0458 0.0720 0.9964
vn 0.0108 0.0813 0.9966
vn 0.9945 0.1045 0.0005
vn -0.0685 -0.0105 -0.9976
vn -0.1062 0.0327 0.9938
vn 0.1908 -0.0000 -0.9816
vn -0.0657 -0.0000 -0.9978
vn 0.0028 0.0125 -0.9999
vn -0.0149 0.0702 0.9974
vn -0.1860 -0.0000 -0.9825
vn 0.0680 0.0498 -0.9964
vn -0.0058 -0.0000 1.0000
vn 0.1970 0.0170 -0.9803
vn 0.1621 0.0411 -0.9859
vn -0.1360 -0.0000 -0.9907
vn -0.1094 -0.0000 -0.9940
vn 0.0205 -0.0000 -0.9998
vn 0.1147 -0.1295 0.9849
vn -0.1665 -0.0190 0.9859
vn 0.1415 0.0450 -0.9889
vn 0.0115 -0.0000 -0.9999
vn -0.0156 -0.0000 0.9999
vn -0.3160 0.0184 -0.9486
vn -0.0072 -0.0000 -1.0000
vn -0.9954 -0.0000 0.0959
vn -0.0566 -0.0000 -0.9984
vn -0.0177 -0.0000 -0.9998
vn 0.0047 -0.0000 1.0000
vn -0.0000 -0.0000 1.0000
vn -0.0142 -0.0000 -0.9999
vn 0.0243 -0.0000 0.9997
vn -0.0119 -0.0000 0.9999
vn 0.0215 -0.0000 0.9998
vn 0.0806 -0.0000 0.9967
vn 0.0037 -0.0000 -1.0000
vn -0.0001 -0.0000 -1.0000
vn -0.4572 -0.1384 0.8785
vn -0.0111 -0.0000 -0.9999
vn -0.0351 -0.0000 0.9994
vn -0.0266 -0.0000 -0.9996
vn 0.0038 -0.0123 0.9999
vn -0.7814 -0.0000 0.6240
vn -0.6866 -0.0077 0.7270
vn -0.0239 -0.0000 -0.9997
vn -0.9813 -0.0000 0.1922
vn -0.9285 -0.0000 0.3714
vn -0.0077 -0.0000 -1.0000
vn -0.5595 -0.0591 0.8267
vn -0.0387 -0.0134 0.9992
vn 0.5276 -0.4445 0.7240
vn 0.2799 -0.5397 0.7940
vn 0.4947 -0.8689 -0.0178
vn 0.7984 -0.6019 0.0138
vn -0.3090 0.1767 0.9345
vn -0.1963 0.3308 0.9231
vn -0.7903 0.6124 0.0183
vn -0.4624 0.8867 -0.0025
vn -0.2820 0.2812 -0.9173
vn -0.1857 0.3550 -0.9163
vn 0.5723 -0.3835 -0.7249
vn 0.2856 -0.5034 -0.8155
vn -0.0261 0.5454 0.8378
vn -0.0686 0.9976 -0.0050
vn -0.0247 0.9911 -0.1307
vn 0.2451 0.5836 0.7742
vn 0.0843 -0.9964 0.0051
vn 0.0547 -0.4899 0.8701
vn 0.2171 -0.5287 0.8206
vn -0.0635 -0.9977 0.0239
vn 0.2258 -0.3923 0.8917
vn -0.0307 -0.9862 0.1630
vn 0.2717 0.5449 0.7933
vn 0.0765 0.9970 -0.0084
vn -0.3437 0.3827 -0.8576
vn -0.1999 0.5079 -0.8379
vn -0.3347 -0.5898 -0.7349
vn -0.2652 -0.5806 -0.7698
vn 0.0318 -0.4394 0.8977
vn 0.0264 -0.9972 0.0702
vn 0.0075 0.5466 0.8373
vn -0.0245 0.9981 -0.0572
vn -0.0290 0.4325 -0.9012
vn -0.0027 -0.5634 -0.8262
vn 0.4166 -0.4705 0.7779
vn 0.3798 -0.5176 0.7667
vn 0.5605 -0.8267 -0.0490
vn 0.8590 -0.5033 0.0935
vn -0.4425 -0.0424 0.8958
vn -0.2090 0.3377 0.9178
vn -0.8821 0.4662 0.0673
vn -0.5357 0.8307 -0.1512
vn -0.2527 0.4171 -0.8730
vn -0.2105 0.2787 -0.9370
vn 0.6781 -0.1577 -0.7178
vn 0.2706 -0.4927 -0.8270
vn 0.1065 -0.9919 0.0688
vn 0.2473 -0.9688 -0.0145
vn -0.2662 0.3891 -0.8819
vn -0.0919 0.9922 -0.0837
vn -0.1504 -0.6352 -0.7575
vn -0.0389 0.8673 0.4963
vn -0.1797 0.8203 0.5430
vn -0.3220 -0.0102 0.9467
vn -0.0033 0.0150 0.9999
vn -0.0390 0.8620 -0.5054
vn 0.1285 0.9093 -0.3959
vn -0.0033 0.0115 -0.9999
vn 0.3077 -0.0155 -0.9514
vn 0.0361 -0.8601 -0.5088
vn 0.1361 -0.9117 -0.3877
vn 0.0356 -0.8551 0.5173
vn -0.1713 -0.8297 0.5313
vn -0.3277 -0.0592 0.9429
vn 0.0257 0.0393 0.9989
vn -0.1544 -0.8457 0.5109
vn -0.3123 -0.8925 0.3254
vn 0.0521 0.8859 0.4609
vn 0.3183 0.7904 -0.5234
vn 0.3045 -0.0438 -0.9515
vn 0.0332 -0.8332 -0.5520
vn 0.1508 0.8499 0.5050
vn 0.0031 0.8587 0.5124
vn 0.0094 -0.0078 0.9999
vn 0.1467 0.8752 -0.4611
vn -0.0048 0.8664 -0.4993
vn 0.0157 0.0663 -0.9977
vn -0.0064 0.0066 -1.0000
vn -0.1518 -0.8181 -0.5547
vn -0.0017 -0.8613 -0.5081
vn 0.0064 -0.8645 0.5026
vn 0.0397 0.9979 -0.0512
vn -0.0000 -0.2899 -0.9571
vn -0.0000 0.2899 -0.9571
vn -0.0000 0.9921 0.1256
vn -0.0000 0.9921 -0.1256
vn 1.0000 -0.0000 -0.0000
vn -0.0000 -0.2899 0.9571
vn -0.0000 0.2899 0.9571
vn -0.0000 -0.9921 0.1256
vn -0.0000 -0.8155 0.5788
vn -0.0000 0.8155 0.5788
vn -0.0000 -0.9921 -0.1256
vn -0.0000 -0.8155 -0.5788
vn -0.0000 0.8155 -0.5788
vn -1.0000 -0.0000 -0.0000
vn -0.0000 -0.8630 -0.5052
vn -0.0000 -0.8690 0.4948
vn -0.0000 0.8630 0.5052
vn -0.0000 0.8690 -0.4948
vn -0.0000 -0.0060 1.0000
vn -0.0000 0.0060 -1.0000
vn -0.5622 -0.8268 0.0194
vn -0.5848 -0.8110 0.0184
vn -0.2021 -0.9793 0.0149
vn -0.1913 -0.9814 0.0142
vn -0.9517 -0.3069 -0.0036
vn -0.9720 -0.2348 -0.0025
vn -0.8331 -0.5532 0.0011
vn -0.8110 -0.5851 0.0034
vn 0.6382 -0.7699 -0.0018
vn 0.2399 -0.9707 0.0103
vn 0.2475 -0.9688 0.0106
vn 0.6598 -0.7515 -0.0043
vn 0.8602 -0.5067 -0.0572
vn 0.8707 -0.4877 -0.0633
vn 0.9565 -0.2776 -0.0897
vn 0.9394 -0.3294 -0.0951
vn 0.6340 -0.7730 0.0228
vn 0.2788 -0.9602 0.0147
vn 0.2759 -0.9611 0.0146
vn 0.6226 -0.7822 0.0235
vn -0.4730 -0.8811 0.0018
vn -0.0000 -1.0000 -0.0000
vn -0.4244 -0.9055 0.0016
vn 0.9747 -0.0819 -0.2078
vn 0.9735 -0.2286 -0.0000
vn 0.1000 -0.9950 -0.0000
vn -0.4244 -0.9055 -0.0016
vn -0.4730 -0.8811 -0.0018
vn 0.9713 -0.1673 -0.1692
vn 0.9645 -0.2474 -0.0925
vn -0.0203 -0.5255 -0.8505
vn 0.0641 -0.4676 -0.8816
vn 0.1667 -0.5366 -0.8272
vn -0.9827 -0.1853 -0.0000
vn 0.3695 -0.5550 -0.7452
vn 0.2906 -0.4218 -0.8589
vn 0.1250 -0.5073 -0.8527
vn 0.2987 -0.9543 -0.0000
vn -0.0197 -0.9998 -0.0000
vn 0.3745 -0.4569 0.8068
vn 0.3532 -0.4724 0.8075
vn 0.2647 -0.4111 0.8723
vn 0.1225 -0.3866 0.9141
vn 0.1647 -0.5004 0.8500
vn 0.1373 -0.4994 0.8554
vn -0.0178 -0.4861 0.8737
vn 0.0090 -0.4841 -0.8750
vn 0.0385 -0.3830 -0.9229
vn 0.0223 -0.4395 -0.8979
vn 0.2112 -0.3012 0.9299
vn 0.2638 -0.6807 0.6834
vn 0.2452 -0.6402 0.7280
vn 0.1664 -0.3619 0.9172
vn -0.1548 -0.4351 0.8870
vn -0.0000 -0.4725 0.8813
vn -0.2366 -0.4104 0.8807
vn 0.6333 -0.7739 -0.0000
vn 0.5707 -0.8211 -0.0000
vn 0.1617 -0.9868 -0.0000
vn 0.1572 -0.3399 0.9272
vn 0.1049 -0.3862 0.9164
vn -0.0772 -0.6905 0.7192
vn -0.1668 -0.8559 0.4894
vn -0.2331 -0.9389 0.2531
vn 0.0001 -1.0000 0.0001
vn -0.0000 -1.0000 0.0001
vn 0.0003 -1.0000 -0.0000
vn 0.2422 -0.2801 -0.9289
vn 0.1961 -0.4454 -0.8736
vn -0.0680 -0.5943 -0.8014
vn -0.1500 -0.5309 -0.8340
vn 0.0692 -0.5849 -0.8082
vn 0.3859 -0.9225 0.0098
vn 0.4933 -0.8698 0.0125
vn -0.2345 -0.3616 0.9024
vn -0.1448 -0.3631 0.9204
vn 0.3640 -0.9314 -0.0000
vn -0.3942 -0.9190 -0.0000
vn -0.2666 -0.3542 -0.8963
vn -0.2699 -0.5007 -0.8225
vn -0.2922 -0.9563 -0.0011
vn -0.4283 -0.9036 -0.0017
vn 0.0888 -0.6779 0.7297
vn 0.2172 -0.7816 0.5848
vn 0.7305 -0.6829 -0.0000
vn -0.0830 -0.8889 -0.4505
vn -0.1673 -0.9161 -0.3644
vn 0.0008 -0.8491 -0.5282
vn 0.0908 -0.2564 -0.9623
vn -0.1820 -0.3449 -0.9209
vn -0.0657 -0.4213 -0.9046
vn -0.2068 -0.5677 -0.7968
vn 0.0162 -0.4782 -0.8781
vn -0.2322 -0.9277 -0.2924
vn -0.4373 -0.8993 -0.0000
vn 0.0044 -0.9998 -0.0215
vn -0.9965 -0.0833 -0.0001
vn -0.5622 -0.8268 -0.0194
vn -0.1913 -0.9814 -0.0142
vn -0.2021 -0.9793 -0.0149
vn -0.5848 -0.8110 -0.0184
vn -0.9517 -0.3069 0.0036
vn -0.8110 -0.5851 -0.0034
vn -0.8331 -0.5532 -0.0011
vn -0.9720 -0.2348 0.0025
vn 0.6382 -0.7699 0.0018
vn 0.6598 -0.7515 0.0043
vn 0.2475 -0.9688 -0.0106
vn 0.2399 -0.9707 -0.0103
vn 0.8602 -0.5067 0.0572
vn 0.8707 -0.4877 0.0633
vn 0.9457 -0.3051 0.1123
vn 0.9544 -0.2516 0.1605
vn 0.6340 -0.7730 -0.0228
vn 0.6226 -0.7822 -0.0235
vn 0.2759 -0.9611 -0.0146
vn 0.2788 -0.9602 -0.0147
vn 0.9595 -0.2728 0.0701
vn 0.9369 -0.0729 0.3420
vn 0.9739 -0.1810 0.1370
vn 0.9664 -0.2504 0.0588
vn -0.0197 -0.5171 0.8557
vn 0.1706 -0.5567 0.8130
vn 0.1318 -0.4762 0.8694
vn 0.4161 -0.5716 0.7072
vn 0.1250 -0.5073 0.8527
vn 0.3177 -0.4245 0.8478
vn 0.3745 -0.4569 -0.8068
vn 0.1225 -0.3866 -0.9141
vn 0.2647 -0.4111 -0.8723
vn 0.3532 -0.4724 -0.8075
vn 0.1647 -0.5004 -0.8500
vn -0.0178 -0.4861 -0.8737
vn 0.1373 -0.4994 -0.8554
vn 0.2112 -0.3012 -0.9299
vn 0.1664 -0.3619 -0.9172
vn 0.2452 -0.6402 -0.7280
vn 0.2638 -0.6807 -0.6834
vn -0.2366 -0.4104 -0.8807
vn -0.0000 -0.4725 -0.8813
vn -0.1548 -0.4351 -0.8870
vn 0.1572 -0.3399 -0.9272
vn 0.1049 -0.3862 -0.9164
vn -0.0772 -0.6905 -0.7192
vn -0.2331 -0.9389 -0.2531
vn -0.1668 -0.8559 -0.4894
vn 0.0001 -1.0000 -0.0001
vn -0.0000 -1.0000 -0.0001
vn 0.2450 -0.2783 0.9287
vn 0.1961 -0.4454 0.8736
vn -0.0680 -0.5943 0.8014
vn 0.0692 -0.5849 0.8082
vn -0.1500 -0.5309 0.8340
vn 0.4933 -0.8698 -0.0125
vn 0.3859 -0.9225 -0.0098
vn -0.1448 -0.3631 -0.9204
vn -0.2345 -0.3616 -0.9024
vn -0.2666 -0.3542 0.8963
vn -0.2699 -0.5007 0.8225
vn -0.2922 -0.9563 0.0011
vn -0.4283 -0.9036 0.0017
vn 0.0223 -0.4395 0.8979
vn 0.0090 -0.4841 0.8750
vn 0.2172 -0.7816 -0.5848
vn 0.0888 -0.6779 -0.7297
vn -0.0830 -0.8890 0.4504
vn 0.0008 -0.8492 0.5280
vn -0.1673 -0.9161 0.3644
vn 0.1095 -0.2457 0.9631
vn -0.1875 -0.3639 0.9124
vn -0.0751 -0.4573 0.8861
vn -0.2068 -0.5677 0.7968
vn -0.0017 -0.5424 0.8401
vn -0.2322 -0.9277 0.2924
vn -0.0000 -0.9402 -0.3407
vn -0.0000 -0.9402 0.3407
vn -0.9965 -0.0833 0.0001
vn -0.0149 -0.9247 -0.3803
vn 0.7506 -0.5687 -0.3365
vn 0.6825 -0.5891 -0.4326
vn 0.8755 -0.4571 -0.1567
vn 0.8624 -0.4493 -0.2334
vn -0.2831 -0.9494 -0.1362
vn -0.2752 -0.9501 -0.1470
vn -0.2980 -0.9404 0.1641
vn -0.3083 -0.9403 0.1442
vn -0.1708 -0.9480 0.2686
vn -0.1564 -0.9533 0.2582
vn -0.1180 -0.9794 0.1636
vn -0.1170 -0.9780 0.1727
vn 0.0044 -0.9998 0.0215
vn -0.1984 -0.8789 -0.4339
vn -0.2059 -0.8998 -0.3846
vn -0.1991 -0.9790 0.0435
vn -0.1601 -0.9837 0.0822
vn 0.8610 -0.4603 -0.2163
vn 0.8702 -0.4716 -0.1425
vn -0.9320 -0.3076 -0.1918
vn -0.9467 -0.3029 -0.1099
vn -0.8475 -0.4460 0.2878
vn -0.8251 -0.4619 0.3254
vn -0.0699 -0.9490 -0.3075
vn -0.1087 -0.9492 -0.2953
vn 0.0828 -0.9571 -0.2777
vn 0.0568 -0.9541 -0.2939
vn -0.8948 -0.4302 -0.1192
vn -0.9016 -0.3915 -0.1839
vn -0.1375 -0.5077 -0.8505
vn -0.1985 -0.5196 -0.8310
vn 0.2751 -0.5680 -0.7757
vn 0.1965 -0.5458 -0.8146
vn -0.4324 -0.5564 0.7096
vn -0.4267 -0.5562 0.7131
vn -0.3746 -0.5125 0.7726
vn -0.3491 -0.5187 0.7804
vn 0.2357 -0.9620 -0.1380
vn 0.1892 -0.9638 -0.1881
vn 0.2628 -0.8973 -0.3546
vn 0.2561 -0.8844 -0.3902
vn -0.0364 -0.9969 -0.0692
vn -0.0402 -0.9973 -0.0617
vn 0.2368 -0.9159 0.3242
vn 0.2368 -0.9159 -0.3242
vn 0.2335 -0.9031 -0.3604
vn 0.2335 -0.9031 0.3604
vn -0.1440 -0.9062 -0.3976
vn -0.1440 -0.9062 0.3976
vn -0.1436 -0.8940 0.4245
vn -0.1436 -0.8940 -0.4245
vn -0.8948 -0.4302 0.1192
vn -0.9016 -0.3915 0.1839
vn 0.8702 -0.4716 0.1425
vn 0.8610 -0.4603 0.2163
vn -0.0243 -0.9994 -0.0241
vn -0.0269 -0.9993 -0.0267
vn -0.7709 -0.5032 0.3905
vn -0.7476 -0.5062 0.4299
vn -0.6813 -0.5564 -0.4756
vn -0.7186 -0.5496 -0.4260
vn -0.0149 -0.9247 0.3803
vn 0.7506 -0.5687 0.3365
vn 0.8624 -0.4493 0.2334
vn 0.8755 -0.4571 0.1567
vn 0.6825 -0.5891 0.4326
vn -0.2831 -0.9494 0.1362
vn -0.3083 -0.9403 -0.1442
vn -0.2980 -0.9404 -0.1641
vn -0.2752 -0.9501 0.1470
vn -0.1708 -0.9480 -0.2686
vn -0.1170 -0.9780 -0.1727
vn -0.1180 -0.9794 -0.1636
vn -0.1564 -0.9533 -0.2582
vn -0.1984 -0.8789 0.4339
vn -0.1601 -0.9837 -0.0822
vn -0.1991 -0.9790 -0.0435
vn -0.2059 -0.8998 0.3846
vn -0.9320 -0.3076 0.1918
vn -0.8251 -0.4619 -0.3254
vn -0.8475 -0.4460 -0.2878
vn -0.9467 -0.3029 0.1099
vn -0.0699 -0.9490 0.3075
vn 0.0568 -0.9541 0.2939
vn 0.0828 -0.9571 0.2777
vn -0.1087 -0.9492 0.2953
vn -0.1375 -0.5077 0.8505
vn 0.1965 -0.5458 0.8146
vn 0.2751 -0.5680 0.7757
vn -0.1985 -0.5196 0.8310
vn -0.4324 -0.5564 -0.7096
vn -0.3491 -0.5187 -0.7804
vn -0.3746 -0.5125 -0.7726
vn -0.4267 -0.5562 -0.7131
vn 0.2357 -0.9620 0.1380
vn 0.2561 -0.8844 0.3902
vn 0.2628 -0.8973 0.3546
vn 0.1892 -0.9638 0.1881
vn -0.0402 -0.9973 0.0617
vn -0.0364 -0.9969 0.0692
vn -0.0269 -0.9993 0.0267
vn -0.0243 -0.9994 0.0241
vn -0.7709 -0.5032 -0.3905
vn -0.7186 -0.5496 0.4260
vn -0.6813 -0.5564 0.4756
vn -0.7476 -0.5062 -0.4299
vn -0.9131 -0.4078 -0.0000
vn -0.9680 -0.2448 0.0556
vn -0.9507 -0.3022 0.0692
vn -0.7835 -0.6078 0.1294
vn -0.7836 -0.6076 0.1294
vn -0.0000 -0.0000 -1.0000
vn 0.0093 -0.1100 -0.9939
vn 0.0096 -0.1139 -0.9934
vn 0.8117 -0.5761 0.0962
vn 0.6582 -0.7437 0.1166
vn 0.6603 -0.7420 0.1164
vn -0.9999 -0.0064 -0.0087
vn -0.9999 -0.0062 -0.0108
vn 0.0180 -0.9910 0.1330
vn 0.0175 -0.9910 0.1330
vn -0.2478 -0.9593 0.1353
vn -0.2471 -0.9595 0.1353
vn 0.0229 -0.0316 -0.9992
vn 0.0232 -0.0294 -0.9993
vn -0.5417 -0.8291 0.1382
vn -0.5467 -0.8259 0.1382
vn 0.3170 -0.9389 0.1338
vn 0.3146 -0.9398 0.1338
vn 0.0526 0.0799 -0.9954
vn 0.0105 0.0693 -0.9975
vn 0.0178 -0.9995 0.0257
vn 0.0192 -0.9994 0.0277
vn 0.0148 -0.9997 0.0212
vn -0.2815 -0.9596 -0.0000
vn -0.2702 -0.9628 -0.0000
vn 0.0055 -1.0000 0.0074
vn -0.3251 -0.9457 -0.0000
vn 0.0316 0.1631 -0.9861
vn 0.0176 0.0243 -0.9995
vn -0.9996 -0.0101 -0.0253
vn 0.0056 0.0905 -0.9959
vn -0.0118 -0.9999 -0.0000
vn -0.9680 -0.2448 -0.0556
vn -0.7836 -0.6076 -0.1294
vn -0.7835 -0.6078 -0.1294
vn -0.9507 -0.3022 -0.0692
vn 0.0096 -0.1139 0.9934
vn 0.0093 -0.1100 0.9939
vn 0.8134 -0.5740 -0.0946
vn 0.6600 -0.7425 -0.1148
vn 0.6568 -0.7452 -0.1152
vn -0.9999 -0.0064 0.0087
vn -0.9999 -0.0062 0.0108
vn 0.0180 -0.9910 -0.1330
vn -0.2471 -0.9595 -0.1353
vn -0.2478 -0.9593 -0.1353
vn 0.0175 -0.9910 -0.1330
vn 0.0232 -0.0294 0.9993
vn 0.0229 -0.0316 0.9992
vn -0.5467 -0.8259 -0.1382
vn -0.5417 -0.8291 -0.1382
vn 0.3127 -0.9405 -0.1330
vn 0.3189 -0.9384 -0.1329
vn 0.0105 0.0693 0.9975
vn 0.0526 0.0799 0.9954
vn 0.0178 -0.9995 -0.0257
vn 0.0148 -0.9997 -0.0212
vn 0.0192 -0.9994 -0.0277
vn 0.0055 -1.0000 -0.0074
vn 0.0176 0.0243 0.9995
vn 0.0316 0.1631 0.9861
vn -0.9996 -0.0101 0.0253
vn 0.0056 0.0905 0.9959
vn 0.0385 -0.3830 0.9229
vn -0.0000 1.0000 -0.0000
vn -0.0000 0.9939 -0.1099
vn -0.0000 -0.9939 0.1099
vn -0.0000 0.5000 0.8660
vn -0.0000 -0.5000 0.8660
vn -0.0000 -0.5000 -0.8660
vn -0.0000 0.5000 -0.8660
vn 0.0036 0.9239 0.3826
vn 0.0036 0.9238 0.3828
vn 0.0036 0.9238 -0.3828
vn 0.0036 0.9239 -0.3826
vn -0.6289 -0.7183 0.2975
vn -0.6289 0.7183 0.2975
vn -0.6289 0.7183 -0.2975
vn -0.6289 -0.7183 -0.2975
vn -0.0073 0.9239 0.3826
vn -0.0073 0.3826 0.9239
vn 0.6275 0.2980 0.7193
vn 0.6275 0.7193 0.2980
vn 0.0036 -0.9238 0.3828
vn 0.0036 -0.3828 0.9238
vn -0.6289 -0.2975 0.7183
vn 0.0036 0.3828 -0.9238
vn 0.0036 -0.3828 -0.9238
vn 0.0036 -0.3826 -0.9239
vn 0.0036 0.3826 -0.9239
vn 0.0036 0.3828 0.9238
vn -0.6289 0.2975 0.7183
vn 0.0036 -0.9238 -0.3828
vn 0.0036 -0.9239 0.3826
vn 0.0036 -0.9239 -0.3826
vn -0.0025 0.8660 -0.5000
vn -0.0025 0.8660 0.5000
vn -0.0025 -0.0000 1.0000
vn -0.0025 -0.8660 0.5000
vn -0.0025 -0.0000 -1.0000
vn -0.0025 -0.8660 -0.5000
vn -0.4590 0.8323 0.3107
vn -0.4590 0.3107 0.8323
vn -0.4650 0.3595 0.8091
vn -0.4650 0.8091 0.3595
vn -0.4590 -0.8323 -0.3107
vn -0.4590 -0.3107 -0.8323
vn -0.4650 -0.3595 -0.8091
vn -0.4650 -0.8091 -0.3595
vn -0.4590 0.8323 -0.3107
vn -0.4650 0.8091 -0.3595
vn -0.4590 0.3107 -0.8323
vn -0.4650 0.3595 -0.8091
vn -0.4590 -0.8323 0.3107
vn -0.4650 -0.8091 0.3595
vn -0.4590 -0.3107 0.8323
vn -0.4650 -0.3595 0.8091
vn -0.0073 -0.9239 -0.3826
vn -0.0073 -0.3826 -0.9239
vn 0.6275 -0.2980 -0.7193
vn 0.6275 -0.7193 -0.2980
vn -0.0073 0.9239 -0.3826
vn 0.6275 0.7193 -0.2980
vn -0.0073 0.3826 -0.9239
vn 0.6275 0.2980 -0.7193
vn -0.0073 -0.9239 0.3826
vn 0.6275 -0.7193 0.2980
vn -0.0073 -0.3826 0.9239
vn 0.6275 -0.2980 0.7193
vn -0.6289 0.2975 -0.7183
vn -0.6289 -0.2975 -0.7183
vn 0.0036 -0.3826 0.9239
vn 0.0036 0.3826 0.9239
vn -1.0000 -0.0033 0.0014
vn -1.0000 -0.0033 -0.0014
vn -1.0000 0.0033 -0.0014
vn -1.0000 0.0033 0.0014
vn -1.0000 -0.0014 0.0033
vn -1.0000 0.0014 -0.0033
vn 1.0000 0.0033 -0.0014
vn 1.0000 0.0014 -0.0033
vn 1.0000 -0.0033 0.0014
vn 1.0000 -0.0014 0.0033
vn 1.0000 -0.0033 -0.0014
vn 1.0000 0.0014 0.0033
vn 1.0000 0.0033 0.0014
vn -1.0000 0.0014 0.0033
vn 1.0000 -0.0014 -0.0033
vn -1.0000 -0.0014 -0.0033
vn -0.2977 -0.9035 -0.3083
vn 0.1613 -0.8971 -0.4113
vn 0.4023 -0.8984 -0.1761
vn 0.6849 -0.0000 -0.7287
vn -0.0056 0.0001 1.0000
vn -0.0056 -0.0000 1.0000
vn -0.0055 0.0001 1.0000
vn -0.2975 -0.9041 0.3066
vn -0.4171 -0.8139 0.4046
vn -0.4174 -0.8126 -0.4068
vn 0.2514 -0.7256 -0.6405
vn 0.6219 -0.7361 -0.2672
vn 0.4066 -0.8146 0.4136
vn 0.2994 -0.9045 0.3038
vn -0.0056 -0.0002 -1.0000
vn -0.0055 -0.0003 -1.0000
vn -0.0053 -0.0004 -1.0000
vn -0.0057 -0.0002 1.0000
vn -0.0056 -0.0004 1.0000
vn -0.0059 -0.0000 -1.0000
vn -0.0060 -0.0000 1.0000
vn -0.0000 -0.5547 -0.8321
vn -0.9550 -0.0650 -0.2895
vn -0.9589 -0.0572 -0.2781
vn -0.6454 -0.1542 -0.7481
vn -0.6329 -0.1567 -0.7582
vn -0.1813 -0.9827 0.0376
vn -0.1774 -0.9822 0.0613
vn -0.1797 -0.9826 0.0474
vn -0.2089 -0.2781 -0.9376
vn -0.2587 -0.2566 -0.9312
vn -0.9995 -0.0238 -0.0216
vn -0.9906 0.1365 -0.0054
vn 0.1225 0.9924 -0.0083
vn 0.1211 0.9926 -0.0014
vn 0.1226 0.9924 -0.0084
vn 0.9821 -0.1884 -0.0010
vn 0.9928 -0.1197 0.0054
vn 0.9628 0.0425 0.2667
vn -0.1687 -0.9857 0.0053
vn -0.1728 -0.9849 0.0107
vn -0.1542 -0.9880 -0.0047
vn -0.1541 -0.9881 -0.0046
vn -0.9752 0.2211 0.0034
vn -0.9910 0.1337 0.0053
vn -0.9799 0.1997 0.0036
vn -0.0874 -0.3260 -0.9413
vn -0.9680 -0.0518 0.2454
vn -0.6290 -0.1279 0.7668
vn -0.6445 -0.1254 0.7543
vn -0.9707 -0.0509 0.2348
vn -0.1794 -0.9831 -0.0376
vn -0.1786 -0.9828 -0.0476
vn -0.1774 -0.9822 -0.0613
vn -0.1876 -0.2657 0.9456
vn -0.2299 -0.2386 0.9435
vn -0.1603 -0.9871 -0.0001
vn -0.1548 -0.9879 0.0004
vn -0.1556 -0.9878 0.0003
vn -0.1602 -0.9871 -0.0001
vn -0.9999 -0.0125 -0.0068
vn -0.9999 -0.0112 -0.0069
vn -0.1688 -0.9856 -0.0104
vn -0.1717 -0.9850 -0.0140
vn 0.1110 0.9938 -0.0009
vn 0.1147 0.9934 0.0013
vn 0.1156 0.9933 0.0018
vn -0.0874 -0.3260 0.9413
vn 1.0000 0.0038 -0.0022
vn 0.9999 -0.0107 -0.0065
vn 0.9917 -0.1289 -0.0022
vn 1.0000 0.0025 -0.0022
vn 0.9594 0.0489 0.2777
vn 0.6414 0.1409 0.7541
vn 0.6557 0.1380 0.7423
vn 0.1708 0.9813 -0.0884
vn 0.1747 0.9789 -0.1064
vn 0.1794 0.9753 -0.1286
vn 0.2071 0.2718 0.9398
vn 0.2614 0.2466 0.9332
vn 0.6994 -0.1068 0.7067
vn 0.9467 -0.1514 0.2844
vn 0.9471 -0.1514 0.2830
vn 0.7020 -0.1072 0.7041
vn 0.1406 0.9894 -0.0358
vn 0.1483 0.9879 -0.0453
vn 0.9998 0.0100 0.0172
vn 0.9820 -0.1888 -0.0000
vn 0.0863 0.3234 0.9423
vn 0.9446 0.0882 -0.3162
vn 0.9490 0.0855 -0.3034
vn 0.6431 0.1921 -0.7413
vn 0.6214 0.1972 -0.7582
vn 0.1849 0.9790 0.0861
vn 0.1794 0.9753 0.1290
vn 0.1825 0.9776 0.1046
vn 0.2300 0.2936 -0.9279
vn 0.2949 0.2769 -0.9145
vn 0.1215 0.9926 -0.0045
vn 0.1218 0.9925 -0.0055
vn 0.1505 0.9885 0.0168
vn 0.1596 0.9868 0.0279
vn 0.9891 -0.1469 -0.0006
vn 0.7049 -0.0975 -0.7025
vn 0.7054 -0.0976 -0.7021
vn 0.9892 -0.1469 -0.0006
vn 0.0866 0.3247 -0.9418
vn 0.5951 -0.0879 0.7988
vn 0.1393 0.0150 0.9901
vn 0.1372 0.0156 0.9904
vn 0.5937 -0.0876 0.7999
vn -0.0155 0.0555 0.9983
vn 0.8876 -0.3784 0.2627
vn 0.9210 -0.3861 0.0527
vn 0.8714 -0.3733 0.3182
vn -0.1084 -0.7229 0.6824
vn -0.1016 -0.6779 0.7281
vn -1.0000 0.0023 0.0086
vn -0.1495 -0.9888 -0.0022
vn -0.1111 -0.7412 -0.6620
vn -0.0998 -0.6658 -0.7394
vn 0.7786 -0.3408 0.5269
vn 0.1398 0.0087 -0.9901
vn 0.5926 -0.1004 -0.7992
vn 0.5915 -0.1002 -0.8001
vn 0.1361 0.0097 -0.9906
vn 0.9440 -0.1609 -0.2880
vn 0.9459 -0.1609 -0.2819
vn -0.0156 0.0548 -0.9984
vn 0.9183 -0.3942 -0.0364
vn 0.8878 -0.3840 -0.2536
vn 0.8719 -0.3779 -0.3113
vn -0.1507 -0.9886 0.0007
vn 0.7786 -0.3408 -0.5269
vn 0.1349 -0.4353 -0.8901
vn 0.0908 -0.2758 -0.9569
vn 0.1023 -0.2657 -0.9586
vn 0.2254 -0.4967 -0.8381
vn 0.1303 -0.2408 -0.9618
vn 0.3936 -0.5803 -0.7130
vn 0.5527 -0.7242 -0.4124
vn 0.4237 -0.7662 -0.4831
vn 0.6470 -0.7581 -0.0818
vn 0.4746 -0.8764 -0.0812
vn 0.4906 -0.8487 -0.1974
vn 0.6197 -0.7649 -0.1757
vn 0.3508 -0.9156 -0.1967
vn 0.2746 -0.7830 -0.5582
vn 0.2869 -0.9549 -0.0770
vn 0.4654 -0.8851 -0.0000
vn 0.2353 -0.9719 -0.0000
vn 0.6624 -0.7491 -0.0000
vn 0.1349 -0.4353 0.8901
vn 0.2326 -0.4849 0.8430
vn 0.1144 -0.2687 0.9564
vn 0.0908 -0.2758 0.9569
vn 0.1717 -0.2508 0.9527
vn 0.3947 -0.5432 0.7410
vn 0.4231 -0.7564 0.4989
vn 0.5557 -0.7147 0.4247
vn 0.6470 -0.7581 0.0818
vn 0.6197 -0.7649 0.1757
vn 0.4906 -0.8487 0.1974
vn 0.4746 -0.8764 0.0812
vn 0.3508 -0.9156 0.1967
vn 0.2746 -0.7830 0.5582
vn 0.2869 -0.9549 0.0770
vn -0.1334 0.4336 0.8912
vn -0.2243 0.4958 0.8390
vn -0.1000 0.2636 0.9594
vn -0.0894 0.2746 0.9574
vn -0.1261 0.2362 0.9635
vn -0.3953 0.5816 0.7110
vn -0.4244 0.7661 0.4827
vn -0.5538 0.7243 0.4106
vn -0.6475 0.7577 0.0819
vn -0.6202 0.7646 0.1754
vn -0.4907 0.8488 0.1969
vn -0.4740 0.8768 0.0812
vn -0.3505 0.9158 0.1960
vn -0.2746 0.7833 0.5577
vn -0.2851 0.9554 0.0768
vn -0.2326 0.9726 -0.0000
vn -0.4646 0.8855 -0.0000
vn -0.6630 0.7486 -0.0000
vn -0.1335 0.4335 -0.8912
vn -0.0895 0.2747 -0.9574
vn -0.1125 0.2670 -0.9571
vn -0.2315 0.4839 -0.8439
vn -0.1689 0.2473 -0.9541
vn -0.3954 0.5434 -0.7406
vn -0.4235 0.7562 -0.4988
vn -0.5569 0.7151 -0.4224
vn -0.6475 0.7577 -0.0819
vn -0.4740 0.8768 -0.0812
vn -0.4906 0.8488 -0.1968
vn -0.6202 0.7646 -0.1753
vn -0.3504 0.9159 -0.1959
vn -0.2745 0.7834 -0.5577
vn -0.2851 0.9554 -0.0768
vn -0.9561 -0.2931 -0.0003
vn -0.9653 -0.2611 -0.0000
vn -0.9563 -0.2922 -0.0006
vn -0.9601 -0.2796 -0.0097
vn -0.8540 -0.4871 0.1826
vn -0.8487 -0.4939 0.1892
vn -0.9361 -0.3493 0.0426
vn -0.9362 -0.3490 0.0422
vn -0.8146 -0.5329 0.2291
vn -0.8187 -0.5285 0.2246
vn -0.9561 -0.2931 0.0003
vn -0.9563 -0.2922 0.0006
vn -0.8540 -0.4871 -0.1826
vn -0.9601 -0.2796 0.0097
vn -0.8487 -0.4938 -0.1892
vn -0.9361 -0.3493 -0.0426
vn -0.9362 -0.3490 -0.0422
vn -0.8146 -0.5329 -0.2291
vn -0.8187 -0.5285 -0.2246
vn 0.1122 -0.0541 -0.9922
vn 0.1296 -0.0261 -0.9912
vn 0.1269 -0.0304 -0.9914
vn -0.0037 -0.3596 -0.9331
vn -0.0057 -0.3508 -0.9364
vn -0.0014 -0.3696 -0.9292
vn -0.0012 -0.3703 -0.9289
vn 0.1396 -0.0099 -0.9902
vn 0.1286 -0.1049 0.9861
vn 0.1436 -0.0554 0.9881
vn 0.1463 -0.0463 0.9881
vn -0.0041 -0.3393 0.9407
vn -0.0036 -0.3528 0.9357
vn -0.0057 -0.3508 0.9364
vn -0.0021 -0.3250 0.9457
vn -0.0015 -0.3535 0.9354
vn 0.1558 -0.0143 0.9877
vn -0.0012 -0.3808 0.9246
vn -0.0010 -0.3821 0.9241
vn -0.9901 -0.0124 -0.1395
vn 0.9879 0.0137 0.1544
vn 0.0014 0.0008 1.0000
vn -0.1530 0.1235 0.9805
vn 0.0938 -0.0165 -0.9955
vn -0.9887 -0.0150 -0.1493
vn 0.9871 0.0161 0.1592
vn -0.0014 -0.0008 -1.0000
vn 0.1242 -0.1236 -0.9845
vn -0.1187 0.5000 0.8579
vn -0.1187 -0.5000 0.8579
vn 0.0879 0.9889 -0.1201
vn 0.0750 0.9970 0.0204
vn -0.7764 0.6288 -0.0426
vn -0.8144 0.5638 -0.1371
vn -0.9242 -0.3762 -0.0664
vn -0.8910 -0.4519 -0.0436
vn 0.1187 -0.5000 -0.8579
vn 0.1187 0.5000 -0.8579
vn -0.0368 -0.9991 -0.0187
vn -0.0648 -0.9877 0.1424
vn 0.7934 -0.6077 0.0348
vn 0.7827 -0.6001 0.1655
vn 0.9269 0.3705 0.0603
vn 0.9431 0.3325 0.0047
vn 0.0014 0.5000 0.8660
vn 0.0014 -0.5000 0.8660
vn -0.0014 -0.5000 -0.8660
vn -0.0014 0.5000 -0.8660
vn 0.9306 0.3661 0.0029
vn 0.1013 0.9550 -0.2789
vn 0.7727 -0.5749 0.2691
vn -0.0923 -0.9558 0.2792
vn -0.8872 -0.4605 0.0294
vn -0.8278 0.4989 -0.2566
vn -0.2422 0.5207 0.8186
vn -0.7108 0.5908 0.3818
vn 0.1161 0.9887 -0.0952
vn -0.0016 0.9956 -0.0937
vn -0.0021 -0.5001 -0.8659
vn 0.2156 -0.4793 -0.8508
vn 0.0778 -0.9954 -0.0552
vn -0.0000 -1.0000 0.0003
vn -0.0000 1.0000 0.0003
vn 0.1921 0.4533 -0.8704
vn -0.0022 0.5001 -0.8660
vn 0.0022 0.4999 0.8661
vn -0.1846 -0.5360 0.8238
vn 0.0022 -0.4999 0.8661
vn 0.8660 0.5000 -0.0016
vn 1.0000 -0.0000 -0.0014
vn 0.1897 -0.9805 -0.0508
vn -0.6855 -0.5855 0.4328
vn 0.7529 0.4575 -0.4731
vn 0.7779 -0.4234 -0.4643
vn 0.8637 0.5039 -0.0000
vn 0.8637 -0.5039 -0.0000
vn 0.8101 -0.5778 0.0990
vn 0.8237 0.4769 0.3069
vn 0.1187 0.9201 0.3732
vn -0.0863 0.9886 0.1231
vn 0.7272 0.4281 0.5366
vn 0.1638 -0.9585 -0.2335
vn -0.0574 -0.9819 -0.1805
vn -0.8337 -0.4883 -0.2579
vn -0.7317 -0.4205 -0.5364
vn 0.8670 -0.3561 0.3486
vn -0.7471 0.6372 -0.1894
vn -0.8812 0.4417 -0.1687
vn -0.8637 -0.5039 -0.0000
vn -0.8637 0.5039 -0.0000
vn 0.5000 -0.8660 -0.0000
vn -0.5000 -0.8660 0.0014
vn -1.0000 -0.0000 0.0014
vn -0.8660 0.5000 0.0008
vn 0.8868 -0.4622 -0.0000
vn 0.8868 0.4622 -0.0000
vn -0.8868 0.4622 -0.0000
vn -0.8868 -0.4622 -0.0000
vn -1.0000 -0.0000 0.0016
vn 1.0000 -0.0000 -0.0016
vn -0.0000 0.9882 0.1532
vn -0.0000 0.9909 -0.1349
vn -0.8828 0.4654 -0.0634
vn -0.8429 0.4968 0.2066
vn -0.8452 -0.5295 0.0721
vn -0.8293 -0.4643 0.3109
vn -0.0000 -0.9909 0.1349
vn -0.0000 -0.9323 0.3617
vn 0.8452 -0.5295 0.0721
vn 0.8293 -0.4643 0.3109
vn 0.8828 0.4654 -0.0634
vn 0.8429 0.4968 0.2066
vn -0.0000 0.8912 0.4536
vn -0.7328 0.4655 0.4962
vn -0.7234 -0.3782 0.5776
vn -0.0000 -0.7880 0.6157
vn 0.7234 -0.3782 0.5776
vn 0.7328 0.4655 0.4962
vn -0.0000 0.9924 -0.1228
vn -0.8815 0.4687 -0.0580
vn -0.8473 0.5271 -0.0652
vn -0.8473 -0.5271 0.0652
vn -0.8815 -0.4687 0.0580
vn -0.0000 -0.9924 0.1228
vn 0.8473 -0.5271 0.0652
vn 0.8815 -0.4687 0.0580
vn 0.8815 0.4687 -0.0580
vn 0.8473 0.5271 -0.0652
vn 0.8231 0.4755 -0.3106
vn 0.6649 0.3828 -0.6414
vn -0.0000 0.7664 -0.6423
vn -0.0000 0.9504 -0.3111
vn 0.8236 -0.4752 -0.3096
vn 0.6653 -0.3852 -0.6395
vn -0.0000 -0.9510 -0.3091
vn -0.0000 -0.7696 -0.6386
vn -0.8236 -0.4752 -0.3096
vn -0.6653 -0.3852 -0.6395
vn -0.8231 0.4755 -0.3106
vn -0.6649 0.3828 -0.6414
vn -0.8660 0.5000 -0.0000
vn -0.8660 -0.5000 -0.0000
vn 0.8660 -0.5000 -0.0000
vn 0.8660 0.5000 -0.0000
vn -0.3827 0.9239 -0.0000
vn -0.7071 0.7071 -0.0000
vn -0.9239 0.3827 -0.0000
vn -0.9239 -0.3827 -0.0000
vn -0.7071 -0.7071 -0.0000
vn -0.3827 -0.9239 -0.0000
vn 0.3827 -0.9239 -0.0000
vn 0.7071 -0.7071 -0.0000
vn 0.9239 -0.3827 -0.0000
vn 0.9239 0.3827 -0.0000
vn 0.7071 0.7071 -0.0000
vn 0.3827 0.9239 -0.0000
vn 0.1464 -0.0686 -0.9868
vn 0.5000 -0.0014 -0.8660
vn 1.0000 -0.0014 -0.0000
vn 0.5000 -0.0000 0.8660
vn -0.5000 0.0014 0.8660
vn -1.0000 0.0014 -0.0000
vn -0.5000 -0.0000 -0.8660
vn 0.0014 1.0000 -0.0008
vn -0.0014 -1.0000 0.0008
vn -0.9901 -0.0124 0.1395
vn 0.9879 0.0137 -0.1544
vn 0.0014 0.0008 -1.0000
vn -0.1530 0.1235 -0.9805
vn 0.0938 -0.0165 0.9955
vn -0.9887 -0.0150 0.1493
vn 0.9871 0.0161 -0.1592
vn -0.0014 -0.0008 1.0000
vn 0.1242 -0.1236 0.9845
vn -0.1187 0.5000 -0.8579
vn -0.1187 -0.5000 -0.8579
vn 0.0879 0.9889 0.1201
vn -0.8144 0.5638 0.1371
vn -0.7764 0.6288 0.0426
vn 0.0750 0.9970 -0.0204
vn -0.8910 -0.4519 0.0436
vn -0.9242 -0.3762 0.0664
vn 0.1187 -0.5000 0.8579
vn 0.1187 0.5000 0.8579
vn -0.0648 -0.9877 -0.1424
vn -0.0368 -0.9991 0.0187
vn 0.7826 -0.6001 -0.1655
vn 0.7934 -0.6077 -0.0348
vn 0.9431 0.3325 -0.0047
vn 0.9269 0.3705 -0.0603
vn 0.0014 0.5000 -0.8660
vn 0.0014 -0.5000 -0.8660
vn -0.0014 -0.5000 0.8660
vn -0.0014 0.5000 0.8660
vn 0.9306 0.3661 -0.0029
vn 0.1013 0.9550 0.2789
vn 0.7727 -0.5749 -0.2691
vn -0.0923 -0.9558 -0.2792
vn -0.8872 -0.4605 -0.0294
vn -0.8278 0.4989 0.2566
vn -0.2422 0.5207 -0.8186
vn -0.0016 0.9956 0.0937
vn 0.1161 0.9887 0.0952
vn -0.7108 0.5908 -0.3818
vn -0.0022 -0.5001 0.8659
vn -0.0000 -1.0000 -0.0003
vn 0.0778 -0.9954 0.0552
vn 0.2156 -0.4793 0.8508
vn -0.0000 1.0000 -0.0003
vn -0.0022 0.5001 0.8660
vn 0.1921 0.4533 0.8704
vn 0.0022 0.4999 -0.8661
vn 0.0022 -0.4999 -0.8661
vn -0.1846 -0.5360 -0.8238
vn 0.8660 0.5000 0.0016
vn 1.0000 -0.0000 0.0014
vn -0.6855 -0.5855 -0.4328
vn 0.1896 -0.9805 0.0508
vn 0.7779 -0.4234 0.4643
vn 0.7529 0.4575 0.4731
vn 0.8237 0.4769 -0.3069
vn 0.8101 -0.5778 -0.0990
vn 0.1187 0.9201 -0.3732
vn 0.7272 0.4281 -0.5366
vn -0.0863 0.9886 -0.1231
vn 0.1638 -0.9585 0.2336
vn -0.7317 -0.4205 0.5364
vn -0.8337 -0.4883 0.2579
vn -0.0574 -0.9819 0.1805
vn 0.8670 -0.3561 -0.3486
vn -0.7471 0.6372 0.1894
vn -0.8812 0.4417 0.1687
vn -0.5000 -0.8660 -0.0014
vn -1.0000 -0.0000 -0.0014
vn -0.8660 0.5000 -0.0008
vn -1.0000 -0.0000 -0.0016
vn 1.0000 -0.0000 0.0016
vn -0.0000 0.9882 -0.1532
vn -0.8429 0.4968 -0.2066
vn -0.8828 0.4654 0.0634
vn -0.0000 0.9909 0.1349
vn -0.8293 -0.4643 -0.3109
vn -0.8452 -0.5295 -0.0721
vn -0.0000 -0.9323 -0.3617
vn -0.0000 -0.9909 -0.1349
vn 0.8293 -0.4643 -0.3109
vn 0.8452 -0.5295 -0.0721
vn 0.8429 0.4968 -0.2066
vn 0.8828 0.4654 0.0634
vn -0.0000 0.8912 -0.4536
vn -0.7328 0.4655 -0.4962
vn -0.7234 -0.3782 -0.5776
vn -0.0000 -0.7880 -0.6157
vn 0.7234 -0.3782 -0.5776
vn 0.7328 0.4655 -0.4962
vn -0.0000 0.9924 0.1228
vn -0.8473 0.5271 0.0652
vn -0.8815 0.4687 0.0580
vn -0.8815 -0.4687 -0.0580
vn -0.8473 -0.5271 -0.0652
vn -0.0000 -0.9924 -0.1228
vn 0.8815 -0.4687 -0.0580
vn 0.8473 -0.5271 -0.0652
vn 0.8473 0.5271 0.0652
vn 0.8815 0.4687 0.0580
vn 0.8231 0.4755 0.3106
vn -0.0000 0.9504 0.3111
vn -0.0000 0.7664 0.6423
vn 0.6649 0.3828 0.6414
vn 0.8236 -0.4752 0.3096
vn 0.6653 -0.3852 0.6395
vn -0.0000 -0.9510 0.3091
vn -0.0000 -0.7696 0.6386
vn -0.8236 -0.4752 0.3096
vn -0.6653 -0.3852 0.6395
vn -0.8231 0.4755 0.3106
vn -0.6649 0.3828 0.6414
vn 0.1464 -0.0686 0.9868
vn 0.5000 -0.0014 0.8660
vn 0.5000 -0.0000 -0.8660
vn -0.5000 0.0014 -0.8660
vn -0.5000 -0.0000 0.8660
vn 0.0014 1.0000 0.0008
vn -0.0014 -1.0000 -0.0008
vn 0.6086 -0.7934 -0.0000
vn -0.9998 -0.0205 -0.0054
vn 1.0000 -0.0065 -0.0000
vn -0.6051 0.7961 -0.0000
vn -0.0093 0.9999 0.0041
vn -0.8844 -0.4668 -0.0000
vn 0.8016 -0.0000 -0.5979
vn -0.8016 -0.0000 -0.5979
vn 0.1001 -0.9950 -0.0000
vn 0.5264 0.8503 -0.0000
vn -0.5000 0.8660 -0.0000
vn -0.5000 -0.8660 -0.0000
vn 0.5000 0.8660 -0.0000
vn -0.9998 -0.0205 0.0054
vn -0.0093 0.9999 -0.0041
vn 0.8016 -0.0000 0.5979
vn -0.8016 -0.0000 0.5979
vn -0.8660 -0.0000 0.5000
vn -0.8660 -0.0000 -0.5000
vn 0.8660 -0.0000 -0.5000
vn 0.8660 -0.0000 0.5000
vn -0.9887 0.0833 0.1245
vn -0.9886 0.0844 0.1245
vn -0.9779 0.1696 0.1219
vn 0.9896 -0.0836 -0.1172
vn 0.9805 -0.1613 -0.1122
vn 0.9895 -0.0846 -0.1171
vn 0.9926 -0.0064 -0.1213
vn -0.9920 -0.0025 0.1262
vn -0.9824 0.1361 -0.1276
vn -0.9827 0.1313 -0.1303
vn -0.9762 0.1958 -0.0931
vn 0.9816 -0.1411 0.1290
vn 0.9771 -0.1900 0.0959
vn 0.9818 -0.1374 0.1314
vn 0.0744 -0.0965 -0.9925
vn 0.0838 -0.1088 -0.9905
vn 0.1569 -0.2037 -0.9664
vn 0.9825 -0.0856 0.1655
vn -0.9838 0.0678 -0.1658
vn -0.9887 0.0833 -0.1245
vn -0.9779 0.1696 -0.1219
vn -0.9886 0.0844 -0.1245
vn 0.9896 -0.0836 0.1172
vn 0.9895 -0.0846 0.1171
vn 0.9805 -0.1613 0.1122
vn 0.9926 -0.0064 0.1213
vn -0.9920 -0.0025 -0.1262
vn -0.9824 0.1361 0.1276
vn -0.9762 0.1958 0.0931
vn -0.9827 0.1313 0.1303
vn 0.9816 -0.1411 -0.1290
vn 0.9818 -0.1374 -0.1314
vn 0.9771 -0.1900 -0.0959
vn 0.0744 -0.0965 0.9925
vn 0.0838 -0.1088 0.9905
vn 0.1569 -0.2037 0.9664
vn 0.9825 -0.0856 -0.1655
vn -0.9838 0.0678 0.1658
vn -0.2682 0.9586 -0.0954
vn -0.4499 0.8876 -0.0990
vn -0.4344 0.8570 -0.2774
vn -0.2588 0.9252 -0.2774
vn 0.0095 -0.0187 -0.9998
vn 0.0129 -0.0165 -0.9998
vn 0.0056 -0.0202 -0.9998
vn -0.4508 0.8894 -0.0752
vn -0.6157 0.7844 -0.0752
vn -0.2686 0.9603 -0.0752
vn 0.6174 -0.7866 -0.0000
vn 0.4521 -0.8920 -0.0000
vn 0.2694 -0.9630 -0.0000
vn -0.6146 0.7830 -0.0954
vn -0.5932 0.7557 -0.2774
vn -0.2688 0.9609 0.0660
vn -0.6161 0.7849 0.0660
vn -0.1811 0.2307 0.9560
vn -0.0787 0.2830 0.9559
vn -0.0799 0.2826 0.9559
vn 0.0727 -0.4319 -0.8990
vn -0.0067 -0.4963 -0.8682
vn 0.2274 -0.4982 -0.8367
vn 0.2942 -0.6683 -0.6832
vn 0.3343 -0.8315 -0.4436
vn 0.1960 -0.7006 -0.6861
vn 0.4104 -0.7843 -0.4652
vn 0.0174 -0.0594 -0.9981
vn 0.0254 -0.0906 -0.9956
vn -0.1053 -0.1054 -0.9888
vn -0.0707 0.0042 -0.9975
vn -0.1298 0.0729 -0.9889
vn -0.2413 -0.1020 -0.9651
vn -0.1224 -0.2506 -0.9603
vn 0.0526 -0.1884 -0.9807
vn 0.0292 -0.0372 -0.9989
vn -0.0506 0.0645 -0.9966
vn -0.0881 0.1123 -0.9898
vn -0.2648 -0.2946 -0.9182
vn 0.4617 -0.5883 -0.6639
vn 0.5414 -0.6897 -0.4808
vn 0.0701 0.3508 0.9338
vn -0.1255 0.5540 0.8230
vn -0.1116 0.5525 0.8260
vn -0.2778 0.5701 0.7732
vn -0.3982 0.5073 0.7642
vn -0.2869 0.5639 0.7744
vn 0.0936 0.1599 0.9827
vn 0.0816 0.2326 0.9691
vn -0.3928 0.5004 0.7715
vn 0.0417 0.3894 0.9201
vn -0.0070 0.0860 0.9963
vn -0.0487 0.0621 0.9969
vn 0.9586 0.2622 -0.1107
vn 0.9213 -0.3883 -0.0195
vn 0.9231 -0.3840 -0.0200
vn 0.9574 0.2663 -0.1115
vn 0.6476 -0.7618 0.0153
vn 0.6473 -0.7621 0.0152
vn -0.3792 0.8591 -0.3438
vn 0.1599 0.9445 -0.2869
vn 0.1419 0.9467 -0.2890
vn -0.3779 0.8597 -0.3435
vn 0.6878 0.6993 -0.1945
vn 0.6875 0.6996 -0.1946
vn -0.5750 0.7326 -0.3643
vn 0.6174 -0.7866 0.0059
vn -0.0531 -0.3595 -0.9316
vn 0.0849 -0.3036 -0.9490
vn 0.1082 -0.3868 -0.9158
vn -0.1839 -0.4171 -0.8901
vn 0.3489 -0.4445 -0.8251
vn -0.8675 0.4882 -0.0954
vn -0.8373 0.4712 -0.2774
vn -0.7292 0.6255 -0.2774
vn -0.7553 0.6479 -0.0990
vn 0.0159 -0.0136 -0.9998
vn 0.0182 -0.0103 -0.9998
vn -0.7569 0.6492 -0.0752
vn -0.8690 0.4891 -0.0752
vn 0.7590 -0.6511 -0.0000
vn 0.8715 -0.4905 -0.0000
vn -0.8696 0.4894 0.0660
vn -0.2550 0.1447 0.9560
vn -0.2556 0.1437 0.9560
vn 0.4023 -0.1732 -0.8990
vn 0.5793 -0.4445 -0.6832
vn 0.4300 -0.3393 -0.8367
vn 0.4836 -0.1114 -0.8682
vn 0.7796 -0.4411 -0.4447
vn 0.6644 -0.5850 -0.4652
vn 0.6363 -0.3573 -0.6837
vn 0.0820 -0.0462 -0.9956
vn 0.0536 -0.0310 -0.9981
vn 0.1272 0.0772 -0.9889
vn 0.1564 0.2102 -0.9651
vn -0.0400 0.1434 -0.9889
vn 0.0127 0.0697 -0.9975
vn 0.1704 -0.0960 -0.9807
vn 0.2725 0.0593 -0.9603
vn 0.3491 0.1873 -0.9182
vn -0.2819 0.1585 0.9463
vn -0.5102 0.2396 0.8260
vn -0.4955 0.2783 0.8228
vn -0.4878 0.4053 0.7732
vn -0.4796 0.4126 0.7744
vn -0.1776 -0.0529 0.9827
vn -0.2453 -0.0240 0.9691
vn -0.3882 0.0520 0.9201
vn -0.0819 0.0273 0.9963
vn -0.4824 -0.8689 -0.1107
vn -0.4861 -0.8667 -0.1115
vn 0.1538 -0.9879 -0.0200
vn 0.1583 -0.9872 -0.0195
vn 0.5865 -0.8098 0.0152
vn 0.5862 -0.8100 0.0153
vn -0.7444 0.5724 -0.3438
vn -0.7454 0.5713 -0.3435
vn -0.9534 0.0870 -0.2890
vn -0.9555 0.0690 -0.2869
vn -0.8429 -0.5016 -0.1946
vn -0.8427 -0.5020 -0.1945
vn 0.3619 -0.0338 -0.9316
vn 0.2747 -0.1546 -0.9490
vn 0.3500 -0.1970 -0.9158
vn 0.4488 0.0796 -0.8901
vn -0.9457 0.3095 -0.0990
vn -0.9131 0.2988 -0.2774
vn 0.0199 -0.0065 -0.9998
vn 0.0208 -0.0025 -0.9998
vn -0.9477 0.3101 -0.0752
vn -0.9900 0.1193 -0.0752
vn 0.9928 -0.1196 -0.0000
vn 0.9504 -0.3110 -0.0000
vn -0.9883 0.1191 -0.0954
vn -0.9539 0.1149 -0.2774
vn -0.9907 0.1194 0.0660
vn -0.2913 0.0370 0.9559
vn -0.2917 0.0346 0.9559
vn 0.3568 -0.2540 -0.8990
vn 0.3461 -0.3557 -0.8682
vn 0.5131 -0.1915 -0.8367
vn 0.6809 -0.2650 -0.6827
vn 0.8451 -0.2649 -0.4643
vn 0.0544 -0.0297 -0.9981
vn -0.0000 -0.1490 -0.9888
vn -0.0530 -0.0470 -0.9975
vn -0.1434 -0.0403 -0.9889
vn -0.0985 -0.2427 -0.9651
vn 0.0907 -0.2638 -0.9603
vn 0.0469 -0.0057 -0.9989
vn -0.0814 0.0098 -0.9966
vn -0.1417 0.0171 -0.9898
vn 0.0211 -0.3956 -0.9182
vn 0.7425 -0.0895 -0.6639
vn 0.8705 -0.1049 -0.4808
vn -0.4693 0.3127 0.8258
vn -0.5999 0.2057 0.7732
vn -0.6403 0.0772 0.7642
vn -0.6016 0.1959 0.7744
vn -0.0466 0.1797 0.9826
vn -0.1064 0.2228 0.9690
vn -0.6316 0.0761 0.7715
vn -0.2459 0.3056 0.9199
vn -0.0658 0.0559 0.9963
vn -0.0784 0.0094 0.9969
vn 0.4925 0.8633 -0.1107
vn 0.9260 0.3769 -0.0195
vn 0.9243 0.3812 -0.0200
vn 0.4887 0.8653 -0.1114
vn 0.9966 -0.0808 0.0153
vn 0.9966 -0.0812 0.0152
vn -0.8756 0.3393 -0.3438
vn -0.5548 0.7810 -0.2869
vn -0.5691 0.7698 -0.2890
vn -0.8752 0.3407 -0.3435
vn -0.0081 0.9809 -0.1945
vn -0.0085 0.9808 -0.1946
vn -0.9246 0.1114 -0.3643
vn 0.9928 -0.1196 0.0060
vn 0.2167 -0.2918 -0.9316
vn 0.1649 -0.4250 -0.8901
vn 0.5610 -0.0676 -0.8251
vn -0.9586 -0.2682 -0.0954
vn -0.9252 -0.2588 -0.2774
vn -0.9579 -0.0734 -0.2774
vn -0.9922 -0.0760 -0.0990
vn 0.0209 0.0016 -0.9998
vn 0.0202 0.0056 -0.9998
vn -0.9943 -0.0761 -0.0752
vn -0.9603 -0.2687 -0.0752
vn 0.9971 0.0764 -0.0000
vn 0.9630 0.2694 -0.0000
vn -0.9609 -0.2688 0.0660
vn -0.2835 -0.0782 0.9558
vn -0.2832 -0.0793 0.9558
vn 0.4070 0.1620 -0.8990
vn 0.7240 0.0953 -0.6832
vn 0.5439 0.0641 -0.8367
vn 0.4207 0.2632 -0.8682
vn 0.8631 0.2393 -0.4447
vn 0.8834 0.0561 -0.4652
vn 0.7026 0.1973 -0.6837
vn 0.0906 0.0254 -0.9956
vn 0.0599 0.0160 -0.9981
vn 0.0354 0.1445 -0.9889
vn -0.0381 0.2592 -0.9651
vn -0.1297 0.0732 -0.9889
vn -0.0403 0.0583 -0.9975
vn 0.1884 0.0526 -0.9807
vn 0.1508 0.2346 -0.9603
vn 0.1145 0.3793 -0.9182
vn -0.3114 -0.0872 0.9463
vn -0.5302 -0.1913 0.8260
vn -0.5472 -0.1535 0.8228
vn -0.6315 -0.0583 0.7732
vn -0.6309 -0.0474 0.7744
vn -0.0881 -0.1630 0.9827
vn -0.1565 -0.1904 0.9691
vn -0.3112 -0.2377 0.9201
vn -0.0772 -0.0386 0.9963
vn 0.2733 -0.9555 -0.1107
vn 0.2691 -0.9566 -0.1115
vn 0.8073 -0.5898 -0.0200
vn 0.8100 -0.5861 -0.0195
vn 0.9873 -0.1579 0.0152
vn 0.9873 -0.1583 0.0153
vn -0.9312 -0.1216 -0.3437
vn -0.9310 -0.1231 -0.3435
vn -0.7357 -0.6126 -0.2890
vn -0.7244 -0.6268 -0.2869
vn -0.2413 -0.9507 -0.1946
vn -0.2409 -0.9509 -0.1945
vn 0.2798 0.2320 -0.9316
vn 0.3036 0.0849 -0.9490
vn 0.3868 0.1082 -0.9158
vn 0.2611 0.3736 -0.8901
vn -0.8876 -0.4499 -0.0990
vn -0.8570 -0.4344 -0.2774
vn 0.0187 0.0095 -0.9998
vn 0.0165 0.0129 -0.9998
vn -0.8894 -0.4508 -0.0752
vn -0.7844 -0.6157 -0.0752
vn 0.7866 0.6174 -0.0000
vn 0.8920 0.4521 -0.0000
vn -0.7830 -0.6146 -0.0954
vn -0.7557 -0.5932 -0.2774
vn -0.7849 -0.6161 0.0660
vn -0.2312 -0.1811 0.9559
vn 0.4319 0.0727 -0.8990
vn 0.4962 -0.0067 -0.8682
vn 0.4982 0.2274 -0.8367
vn 0.6689 0.2941 -0.6827
vn 0.7849 0.4103 -0.4643
vn 0.0594 0.0174 -0.9981
vn 0.1054 -0.1053 -0.9888
vn -0.0042 -0.0707 -0.9975
vn -0.0729 -0.1298 -0.9889
vn 0.1020 -0.2413 -0.9651
vn 0.2506 -0.1224 -0.9603
vn 0.0372 0.0292 -0.9989
vn -0.0645 -0.0506 -0.9966
vn -0.1123 -0.0881 -0.9898
vn 0.2946 -0.2648 -0.9182
vn 0.5883 0.4617 -0.6639
vn 0.6897 0.5414 -0.4808
vn -0.5529 -0.1107 0.8258
vn -0.5697 -0.2787 0.7732
vn -0.5074 -0.3982 0.7642
vn -0.5639 -0.2869 0.7744
vn -0.1600 0.0942 0.9826
vn -0.2327 0.0823 0.9690
vn -0.5004 -0.3928 0.7715
vn -0.3900 0.0422 0.9199
vn -0.0860 -0.0070 0.9963
vn -0.0621 -0.0487 0.9969
vn -0.2622 0.9586 -0.1107
vn 0.3883 0.9213 -0.0195
vn 0.3840 0.9231 -0.0200
vn -0.2663 0.9574 -0.1115
vn 0.7618 0.6476 0.0153
vn 0.7621 0.6473 0.0152
vn -0.8591 -0.3792 -0.3437
vn -0.9445 0.1599 -0.2869
vn -0.9467 0.1419 -0.2890
vn -0.8598 -0.3779 -0.3435
vn -0.6993 0.6878 -0.1945
vn -0.6996 0.6875 -0.1946
vn -0.7326 -0.5750 -0.3643
vn 0.7866 0.6174 0.0060
vn 0.3595 -0.0531 -0.9316
vn 0.4171 -0.1839 -0.8901
vn 0.4445 0.3489 -0.8251
vn -0.4882 -0.8675 -0.0954
vn -0.4712 -0.8373 -0.2774
vn -0.6255 -0.7292 -0.2774
vn -0.6479 -0.7553 -0.0990
vn 0.0136 0.0159 -0.9998
vn 0.0103 0.0182 -0.9998
vn -0.6492 -0.7569 -0.0752
vn -0.4891 -0.8690 -0.0752
vn 0.6511 0.7590 -0.0000
vn 0.4905 0.8715 -0.0000
vn -0.4894 -0.8696 0.0660
vn -0.1447 -0.2550 0.9560
vn -0.1437 -0.2556 0.9560
vn 0.1732 0.4023 -0.8990
vn 0.4445 0.5793 -0.6832
vn 0.3393 0.4300 -0.8367
vn 0.1113 0.4836 -0.8682
vn 0.4411 0.7795 -0.4447
vn 0.5850 0.6644 -0.4652
vn 0.3573 0.6363 -0.6837
vn 0.0462 0.0820 -0.9956
vn 0.0310 0.0536 -0.9981
vn -0.0772 0.1272 -0.9889
vn -0.2102 0.1564 -0.9651
vn -0.1434 -0.0400 -0.9889
vn -0.0697 0.0127 -0.9975
vn 0.0960 0.1704 -0.9807
vn -0.0593 0.2725 -0.9603
vn -0.1873 0.3491 -0.9182
vn -0.1585 -0.2819 0.9463
vn -0.2396 -0.5102 0.8260
vn -0.2783 -0.4955 0.8228
vn -0.4053 -0.4878 0.7732
vn -0.4126 -0.4796 0.7744
vn 0.0529 -0.1776 0.9827
vn 0.0240 -0.2453 0.9691
vn -0.0520 -0.3881 0.9201
vn -0.0273 -0.0819 0.9963
vn 0.8689 -0.4824 -0.1107
vn 0.8667 -0.4861 -0.1114
vn 0.9879 0.1537 -0.0200
vn 0.9872 0.1583 -0.0195
vn 0.8098 0.5865 0.0152
vn 0.8100 0.5862 0.0153
vn -0.5724 -0.7444 -0.3437
vn -0.5713 -0.7454 -0.3435
vn -0.0870 -0.9534 -0.2890
vn -0.0690 -0.9555 -0.2869
vn 0.5017 -0.8429 -0.1946
vn 0.5020 -0.8427 -0.1945
vn 0.0338 0.3619 -0.9316
vn 0.1546 0.2747 -0.9490
vn 0.1970 0.3500 -0.9158
vn -0.0796 0.4488 -0.8901
vn -0.3095 -0.9457 -0.0990
vn -0.2988 -0.9131 -0.2774
vn 0.0065 0.0199 -0.9998
vn 0.0025 0.0208 -0.9998
vn -0.3101 -0.9477 -0.0752
vn -0.1193 -0.9900 -0.0752
vn 0.1196 0.9928 -0.0000
vn 0.3110 0.9504 -0.0000
vn -0.1191 -0.9883 -0.0954
vn -0.1149 -0.9539 -0.2774
vn -0.1194 -0.9907 0.0660
vn -0.0370 -0.2913 0.9559
vn -0.0346 -0.2916 0.9559
vn 0.2540 0.3568 -0.8990
vn 0.3557 0.3461 -0.8682
vn 0.1915 0.5131 -0.8367
vn 0.2650 0.6809 -0.6827
vn 0.2649 0.8451 -0.4643
vn 0.0297 0.0544 -0.9981
vn 0.1490 -0.0000 -0.9888
vn 0.0470 -0.0530 -0.9975
vn 0.0403 -0.1434 -0.9889
vn 0.2427 -0.0985 -0.9651
vn 0.2638 0.0907 -0.9603
vn 0.0056 0.0469 -0.9989
vn -0.0098 -0.0814 -0.9966
vn -0.0171 -0.1417 -0.9898
vn 0.3956 0.0211 -0.9182
vn 0.0895 0.7425 -0.6639
vn 0.1049 0.8705 -0.4808
vn -0.3127 -0.4693 0.8258
vn -0.2057 -0.5999 0.7732
vn -0.0772 -0.6403 0.7642
vn -0.1959 -0.6016 0.7744
vn -0.1797 -0.0466 0.9826
vn -0.2228 -0.1064 0.9690
vn -0.0761 -0.6316 0.7715
vn -0.3056 -0.2459 0.9198
vn -0.0558 -0.0658 0.9963
vn -0.0094 -0.0784 0.9969
vn -0.8633 0.4925 -0.1107
vn -0.3769 0.9260 -0.0195
vn -0.3812 0.9243 -0.0200
vn -0.8653 0.4887 -0.1114
vn 0.0808 0.9966 0.0153
vn 0.0812 0.9966 0.0152
vn -0.3393 -0.8756 -0.3438
vn -0.7810 -0.5548 -0.2868
vn -0.7698 -0.5691 -0.2890
vn -0.3407 -0.8752 -0.3435
vn -0.9809 -0.0081 -0.1945
vn -0.9808 -0.0086 -0.1946
vn -0.1114 -0.9246 -0.3643
vn 0.1196 0.9928 0.0060
vn 0.2918 0.2167 -0.9316
vn 0.4250 0.1649 -0.8901
vn 0.0676 0.5610 -0.8251
vn 0.2682 -0.9586 -0.0954
vn 0.2588 -0.9252 -0.2774
vn 0.0734 -0.9579 -0.2774
vn 0.0760 -0.9922 -0.0990
vn -0.0016 0.0209 -0.9998
vn -0.0056 0.0201 -0.9998
vn 0.0761 -0.9943 -0.0752
vn 0.2686 -0.9603 -0.0752
vn -0.0764 0.9971 -0.0000
vn -0.2694 0.9630 -0.0000
vn 0.2688 -0.9609 0.0660
vn 0.0778 -0.2832 0.9559
vn 0.0789 -0.2829 0.9559
vn -0.1620 0.4070 -0.8990
vn -0.0953 0.7240 -0.6832
vn -0.0641 0.5439 -0.8367
vn -0.2633 0.4207 -0.8682
vn -0.2393 0.8631 -0.4447
vn -0.0561 0.8834 -0.4652
vn -0.1973 0.7026 -0.6837
vn -0.0254 0.0906 -0.9956
vn -0.0160 0.0599 -0.9981
vn -0.1445 0.0354 -0.9889
vn -0.2592 -0.0381 -0.9651
vn -0.0732 -0.1297 -0.9889
vn -0.0583 -0.0403 -0.9975
vn -0.0526 0.1884 -0.9807
vn -0.2346 0.1508 -0.9603
vn -0.3793 0.1144 -0.9182
vn 0.0872 -0.3114 0.9463
vn 0.1913 -0.5302 0.8260
vn 0.1535 -0.5472 0.8228
vn 0.0583 -0.6315 0.7732
vn 0.0474 -0.6309 0.7744
vn 0.1630 -0.0881 0.9827
vn 0.1904 -0.1565 0.9691
vn 0.2377 -0.3112 0.9201
vn 0.0386 -0.0772 0.9963
vn 0.9555 0.2733 -0.1107
vn 0.9566 0.2691 -0.1115
vn 0.5899 0.8073 -0.0200
vn 0.5861 0.8100 -0.0195
vn 0.1579 0.9873 0.0152
vn 0.1583 0.9873 0.0153
vn 0.1216 -0.9312 -0.3438
vn 0.1231 -0.9310 -0.3435
vn 0.6126 -0.7357 -0.2890
vn 0.6268 -0.7244 -0.2869
vn 0.9507 -0.2413 -0.1946
vn 0.9509 -0.2409 -0.1945
vn -0.2320 0.2798 -0.9316
vn -0.0849 0.3036 -0.9490
vn -0.1082 0.3868 -0.9158
vn -0.3736 0.2611 -0.8901
vn 0.4499 -0.8876 -0.0990
vn 0.4344 -0.8570 -0.2774
vn -0.0095 0.0187 -0.9998
vn -0.0129 0.0165 -0.9998
vn 0.4508 -0.8894 -0.0752
vn 0.6157 -0.7844 -0.0752
vn -0.6174 0.7866 -0.0000
vn -0.4521 0.8920 -0.0000
vn 0.6146 -0.7830 -0.0954
vn 0.5932 -0.7557 -0.2774
vn 0.6161 -0.7849 0.0660
vn 0.1799 -0.2322 0.9559
vn 0.1818 -0.2307 0.9559
vn -0.0727 0.4319 -0.8990
vn 0.0067 0.4962 -0.8682
vn -0.2274 0.4982 -0.8367
vn -0.2941 0.6689 -0.6827
vn -0.4103 0.7849 -0.4643
vn -0.0174 0.0594 -0.9981
vn 0.1053 0.1054 -0.9888
vn 0.0707 -0.0042 -0.9975
vn 0.1298 -0.0729 -0.9889
vn 0.2413 0.1020 -0.9651
vn 0.1224 0.2506 -0.9603
vn -0.0292 0.0372 -0.9989
vn 0.0506 -0.0645 -0.9966
vn 0.0881 -0.1123 -0.9898
vn 0.2648 0.2946 -0.9182
vn -0.4617 0.5883 -0.6639
vn -0.5414 0.6897 -0.4808
vn 0.1107 -0.5529 0.8258
vn 0.2787 -0.5697 0.7732
vn 0.3982 -0.5074 0.7642
vn 0.2869 -0.5639 0.7744
vn -0.0942 -0.1600 0.9826
vn -0.0823 -0.2327 0.9690
vn 0.3928 -0.5004 0.7715
vn -0.0422 -0.3900 0.9199
vn 0.0070 -0.0860 0.9963
vn 0.0487 -0.0621 0.9969
vn -0.9586 -0.2622 -0.1107
vn -0.9213 0.3883 -0.0195
vn -0.9231 0.3840 -0.0200
vn -0.9574 -0.2663 -0.1115
vn -0.6476 0.7618 0.0153
vn -0.6473 0.7621 0.0152
vn 0.3792 -0.8591 -0.3438
vn -0.1599 -0.9445 -0.2869
vn -0.1419 -0.9467 -0.2890
vn 0.3779 -0.8598 -0.3435
vn -0.6878 -0.6993 -0.1945
vn -0.6875 -0.6996 -0.1946
vn 0.5750 -0.7326 -0.3643
vn -0.6174 0.7866 0.0059
vn 0.0531 0.3595 -0.9316
vn 0.1839 0.4171 -0.8901
vn -0.3489 0.4445 -0.8251
vn 0.8675 -0.4882 -0.0954
vn 0.8373 -0.4712 -0.2774
vn 0.7292 -0.6255 -0.2774
vn 0.7553 -0.6479 -0.0990
vn -0.0159 0.0136 -0.9998
vn -0.0182 0.0103 -0.9998
vn 0.7569 -0.6492 -0.0752
vn 0.8690 -0.4891 -0.0752
vn -0.7590 0.6511 -0.0000
vn -0.8715 0.4905 -0.0000
vn 0.8696 -0.4894 0.0660
vn 0.2558 -0.1452 0.9558
vn 0.2564 -0.1442 0.9558
vn -0.4023 0.1732 -0.8990
vn -0.5793 0.4445 -0.6832
vn -0.4300 0.3393 -0.8367
vn -0.4836 0.1113 -0.8682
vn -0.7795 0.4411 -0.4447
vn -0.6644 0.5850 -0.4652
vn -0.6363 0.3573 -0.6837
vn -0.0820 0.0462 -0.9956
vn -0.0536 0.0310 -0.9981
vn -0.1272 -0.0772 -0.9889
vn -0.1564 -0.2102 -0.9651
vn 0.0400 -0.1434 -0.9889
vn -0.0127 -0.0697 -0.9975
vn -0.1704 0.0960 -0.9807
vn -0.2725 -0.0593 -0.9603
vn -0.3491 -0.1873 -0.9182
vn 0.2819 -0.1585 0.9463
vn 0.5102 -0.2396 0.8260
vn 0.4955 -0.2783 0.8228
vn 0.4878 -0.4053 0.7732
vn 0.4796 -0.4126 0.7744
vn 0.1776 0.0529 0.9827
vn 0.2453 0.0240 0.9691
vn 0.3882 -0.0520 0.9201
vn 0.0819 -0.0273 0.9963
vn 0.4824 0.8689 -0.1107
vn 0.4861 0.8668 -0.1115
vn -0.1538 0.9879 -0.0200
vn -0.1583 0.9872 -0.0195
vn -0.5865 0.8098 0.0152
vn -0.5862 0.8100 0.0153
vn 0.7444 -0.5724 -0.3438
vn 0.7454 -0.5713 -0.3435
vn 0.9534 -0.0871 -0.2890
vn 0.9555 -0.0690 -0.2869
vn 0.8429 0.5017 -0.1946
vn 0.8427 0.5020 -0.1945
vn -0.3619 0.0338 -0.9316
vn -0.2747 0.1546 -0.9490
vn -0.3500 0.1970 -0.9158
vn -0.4488 -0.0796 -0.8901
vn 0.9457 -0.3095 -0.0990
vn 0.9131 -0.2988 -0.2774
vn -0.0199 0.0065 -0.9998
vn -0.0208 0.0025 -0.9998
vn 0.9477 -0.3101 -0.0752
vn 0.9900 -0.1193 -0.0752
vn -0.9928 0.1196 -0.0000
vn -0.9504 0.3110 -0.0000
vn 0.9883 -0.1191 -0.0954
vn 0.9539 -0.1149 -0.2774
vn 0.9907 -0.1194 0.0660
vn 0.2915 -0.0354 0.9559
vn 0.2915 -0.0355 0.9559
vn -0.3568 0.2540 -0.8990
vn -0.3461 0.3557 -0.8682
vn -0.5131 0.1915 -0.8367
vn -0.6809 0.2650 -0.6827
vn -0.8451 0.2649 -0.4643
vn -0.0544 0.0297 -0.9981
vn -0.0000 0.1490 -0.9888
vn 0.0530 0.0470 -0.9975
vn 0.1434 0.0403 -0.9889
vn 0.0985 0.2427 -0.9651
vn -0.0907 0.2638 -0.9603
vn -0.0469 0.0057 -0.9989
vn 0.0814 -0.0098 -0.9966
vn 0.1417 -0.0171 -0.9898
vn -0.0211 0.3956 -0.9182
vn -0.7425 0.0895 -0.6639
vn -0.8705 0.1049 -0.4808
vn 0.4693 -0.3127 0.8258
vn 0.5999 -0.2057 0.7732
vn 0.6403 -0.0772 0.7642
vn 0.6016 -0.1959 0.7744
vn 0.0466 -0.1797 0.9826
vn 0.1064 -0.2228 0.9690
vn 0.6316 -0.0761 0.7715
vn 0.2459 -0.3056 0.9199
vn 0.0658 -0.0559 0.9963
vn 0.0784 -0.0094 0.9969
vn -0.4925 -0.8633 -0.1107
vn -0.9260 -0.3769 -0.0195
vn -0.9243 -0.3812 -0.0200
vn -0.4887 -0.8653 -0.1115
vn -0.9966 0.0808 0.0153
vn -0.9966 0.0812 0.0152
vn 0.8756 -0.3393 -0.3437
vn 0.5548 -0.7810 -0.2869
vn 0.5691 -0.7698 -0.2890
vn 0.8752 -0.3407 -0.3435
vn 0.0081 -0.9809 -0.1945
vn 0.0085 -0.9808 -0.1946
vn 0.9246 -0.1114 -0.3643
vn -0.9928 0.1196 0.0059
vn -0.2167 0.2918 -0.9316
vn -0.1648 0.4250 -0.8901
vn -0.5610 0.0676 -0.8251
vn 0.9586 0.2682 -0.0954
vn 0.9252 0.2588 -0.2774
vn 0.9579 0.0734 -0.2774
vn 0.9922 0.0760 -0.0990
vn -0.0209 -0.0016 -0.9998
vn -0.0202 -0.0056 -0.9998
vn 0.9943 0.0761 -0.0752
vn 0.9603 0.2686 -0.0752
vn 0.9603 0.2687 -0.0752
vn -0.9971 -0.0764 -0.0000
vn -0.9630 -0.2694 -0.0000
vn 0.9609 0.2688 0.0660
vn 0.2830 0.0784 0.9559
vn 0.2827 0.0795 0.9559
vn -0.4070 -0.1620 -0.8990
vn -0.7240 -0.0953 -0.6832
vn -0.5439 -0.0641 -0.8367
vn -0.4207 -0.2632 -0.8682
vn -0.8631 -0.2393 -0.4447
vn -0.8834 -0.0561 -0.4652
vn -0.7026 -0.1973 -0.6837
vn -0.0906 -0.0254 -0.9956
vn -0.0599 -0.0160 -0.9981
vn -0.0354 -0.1445 -0.9889
vn 0.0381 -0.2592 -0.9651
vn 0.1297 -0.0732 -0.9889
vn 0.0403 -0.0583 -0.9975
vn -0.1884 -0.0526 -0.9807
vn -0.1508 -0.2346 -0.9603
vn -0.1145 -0.3793 -0.9182
vn 0.3114 0.0872 0.9463
vn 0.5302 0.1913 0.8260
vn 0.5472 0.1535 0.8228
vn 0.6315 0.0583 0.7732
vn 0.6309 0.0474 0.7744
vn 0.0881 0.1630 0.9827
vn 0.1565 0.1904 0.9691
vn 0.3112 0.2377 0.9201
vn 0.0772 0.0386 0.9963
vn -0.2733 0.9555 -0.1107
vn -0.2691 0.9566 -0.1114
vn -0.8073 0.5898 -0.0200
vn -0.8100 0.5861 -0.0195
vn -0.9873 0.1579 0.0152
vn -0.9873 0.1583 0.0153
vn 0.9312 0.1216 -0.3437
vn 0.9310 0.1231 -0.3435
vn 0.7357 0.6126 -0.2890
vn 0.7244 0.6268 -0.2868
vn 0.2413 0.9507 -0.1946
vn 0.2409 0.9509 -0.1945
vn -0.2798 -0.2320 -0.9316
vn -0.3036 -0.0849 -0.9490
vn -0.3868 -0.1082 -0.9158
vn -0.2611 -0.3736 -0.8901
vn 0.8876 0.4499 -0.0990
vn 0.8570 0.4344 -0.2774
vn -0.0187 -0.0095 -0.9998
vn -0.0165 -0.0129 -0.9998
vn 0.8894 0.4508 -0.0752
vn 0.7844 0.6157 -0.0752
vn -0.7866 -0.6174 -0.0000
vn -0.8920 -0.4521 -0.0000
vn 0.7830 0.6146 -0.0954
vn 0.7557 0.5932 -0.2774
vn 0.7849 0.6161 0.0660
vn 0.2312 0.1811 0.9559
vn -0.4319 -0.0727 -0.8990
vn -0.4962 0.0067 -0.8682
vn -0.4982 -0.2274 -0.8367
vn -0.6689 -0.2941 -0.6827
vn -0.7849 -0.4103 -0.4643
vn -0.0594 -0.0174 -0.9981
vn -0.1054 0.1053 -0.9888
vn 0.0042 0.0707 -0.9975
vn 0.0729 0.1298 -0.9889
vn -0.1020 0.2413 -0.9651
vn -0.2506 0.1224 -0.9603
vn -0.0372 -0.0292 -0.9989
vn 0.0645 0.0506 -0.9966
vn 0.1123 0.0881 -0.9898
vn -0.2946 0.2648 -0.9182
vn -0.5883 -0.4617 -0.6639
vn -0.6897 -0.5414 -0.4808
vn 0.5529 0.1107 0.8258
vn 0.5697 0.2787 0.7732
vn 0.5074 0.3982 0.7642
vn 0.5639 0.2869 0.7744
vn 0.1600 -0.0942 0.9826
vn 0.2328 -0.0823 0.9690
vn 0.5004 0.3928 0.7715
vn 0.3900 -0.0422 0.9199
vn 0.0860 0.0070 0.9963
vn 0.0621 0.0487 0.9969
vn 0.2622 -0.9586 -0.1107
vn -0.3883 -0.9213 -0.0195
vn -0.3840 -0.9231 -0.0200
vn 0.2663 -0.9574 -0.1115
vn -0.7618 -0.6476 0.0153
vn -0.7621 -0.6473 0.0152
vn 0.8591 0.3792 -0.3437
vn 0.9445 -0.1599 -0.2869
vn 0.9467 -0.1419 -0.2890
vn 0.8598 0.3779 -0.3435
vn 0.6993 -0.6878 -0.1945
vn 0.6996 -0.6875 -0.1946
vn 0.7326 0.5750 -0.3643
vn -0.7866 -0.6174 0.0059
vn -0.3595 0.0531 -0.9316
vn -0.4171 0.1839 -0.8901
vn -0.4445 -0.3489 -0.8251
vn 0.4882 0.8675 -0.0954
vn 0.4712 0.8373 -0.2774
vn 0.6255 0.7292 -0.2774
vn 0.6479 0.7553 -0.0990
vn -0.0136 -0.0159 -0.9998
vn -0.0103 -0.0182 -0.9998
vn 0.6492 0.7569 -0.0752
vn 0.4891 0.8690 -0.0752
vn -0.6511 -0.7590 -0.0000
vn -0.4905 -0.8715 -0.0000
vn 0.4894 0.8696 0.0660
vn 0.1447 0.2555 0.9559
vn 0.1437 0.2562 0.9559
vn -0.1732 -0.4023 -0.8990
vn -0.4445 -0.5793 -0.6832
vn -0.3392 -0.4300 -0.8367
vn -0.1114 -0.4836 -0.8682
vn -0.4411 -0.7796 -0.4447
vn -0.5850 -0.6644 -0.4652
vn -0.3573 -0.6363 -0.6837
vn -0.0462 -0.0820 -0.9956
vn -0.0310 -0.0536 -0.9981
vn 0.0772 -0.1272 -0.9889
vn 0.2102 -0.1564 -0.9651
vn 0.1434 0.0400 -0.9889
vn 0.0697 -0.0127 -0.9975
vn -0.0960 -0.1704 -0.9807
vn 0.0593 -0.2725 -0.9603
vn 0.1873 -0.3491 -0.9182
vn 0.1585 0.2819 0.9463
vn 0.2396 0.5102 0.8260
vn 0.2783 0.4955 0.8228
vn 0.4053 0.4878 0.7732
vn 0.4126 0.4796 0.7744
vn -0.0529 0.1776 0.9827
vn -0.0240 0.2453 0.9691
vn 0.0520 0.3881 0.9201
vn 0.0273 0.0819 0.9963
vn -0.8689 0.4824 -0.1107
vn -0.8667 0.4861 -0.1115
vn -0.9879 -0.1537 -0.0200
vn -0.9872 -0.1583 -0.0195
vn -0.8098 -0.5865 0.0152
vn -0.8100 -0.5862 0.0153
vn 0.5725 0.7444 -0.3437
vn 0.5713 0.7454 -0.3435
vn 0.0871 0.9534 -0.2890
vn 0.0690 0.9555 -0.2869
vn -0.5017 0.8429 -0.1946
vn -0.5020 0.8427 -0.1945
vn -0.0338 -0.3619 -0.9316
vn -0.1546 -0.2747 -0.9490
vn -0.1970 -0.3500 -0.9158
vn 0.0796 -0.4488 -0.8901
vn 0.3095 0.9457 -0.0990
vn 0.2988 0.9131 -0.2774
vn -0.0065 -0.0199 -0.9998
vn -0.0025 -0.0208 -0.9998
vn 0.3101 0.9477 -0.0752
vn 0.1193 0.9900 -0.0752
vn -0.1196 -0.9928 -0.0000
vn -0.3110 -0.9504 -0.0000
vn 0.1191 0.9883 -0.0954
vn 0.1149 0.9539 -0.2774
vn 0.1194 0.9907 0.0660
vn 0.0352 0.2920 0.9558
vn -0.2540 -0.3568 -0.8990
vn -0.3557 -0.3461 -0.8682
vn -0.1915 -0.5131 -0.8367
vn -0.2650 -0.6809 -0.6827
vn -0.2649 -0.8451 -0.4643
vn -0.0297 -0.0544 -0.9981
vn -0.1490 -0.0000 -0.9888
vn -0.0470 0.0530 -0.9975
vn -0.0403 0.1434 -0.9889
vn -0.2427 0.0985 -0.9651
vn -0.2638 -0.0907 -0.9603
vn -0.0057 -0.0469 -0.9989
vn 0.0098 0.0814 -0.9966
vn 0.0171 0.1417 -0.9898
vn -0.3956 -0.0211 -0.9182
vn -0.0895 -0.7425 -0.6639
vn -0.1049 -0.8705 -0.4808
vn 0.3127 0.4693 0.8258
vn 0.2057 0.5999 0.7732
vn 0.0772 0.6403 0.7642
vn 0.1959 0.6016 0.7744
vn 0.1797 0.0466 0.9826
vn 0.2228 0.1064 0.9690
vn 0.0761 0.6316 0.7715
vn 0.3056 0.2459 0.9199
vn 0.0559 0.0658 0.9963
vn 0.0094 0.0784 0.9969
vn 0.8633 -0.4925 -0.1107
vn 0.3769 -0.9260 -0.0195
vn 0.3812 -0.9243 -0.0200
vn 0.8653 -0.4887 -0.1114
vn -0.0808 -0.9966 0.0153
vn -0.0812 -0.9966 0.0152
vn 0.3393 0.8756 -0.3437
vn 0.7810 0.5548 -0.2868
vn 0.7698 0.5691 -0.2890
vn 0.3407 0.8752 -0.3435
vn 0.9809 0.0081 -0.1945
vn 0.9808 0.0086 -0.1946
vn 0.1114 0.9246 -0.3643
vn -0.1196 -0.9928 0.0060
vn -0.2918 -0.2167 -0.9316
vn -0.4250 -0.1649 -0.8901
vn -0.0676 -0.5610 -0.8251
vn -0.0734 0.9579 -0.2774
vn -0.0760 0.9922 -0.0990
vn 0.0016 -0.0209 -0.9998
vn -0.0761 0.9943 -0.0752
vn 0.0764 -0.9971 -0.0000
vn 0.1620 -0.4070 -0.8990
vn 0.0953 -0.7240 -0.6832
vn 0.0641 -0.5439 -0.8367
vn 0.2633 -0.4207 -0.8682
vn 0.1457 -0.8843 -0.4436
vn 0.0561 -0.8834 -0.4652
vn 0.0160 -0.0599 -0.9981
vn 0.1445 -0.0354 -0.9889
vn 0.2592 0.0381 -0.9651
vn 0.0732 0.1297 -0.9889
vn 0.0583 0.0403 -0.9975
vn 0.2346 -0.1508 -0.9603
vn 0.3793 -0.1145 -0.9182
vn -0.2420 0.2635 0.9338
vn -0.1913 0.5302 0.8260
vn -0.1802 0.5387 0.8230
vn -0.0583 0.6315 0.7732
vn -0.0474 0.6309 0.7744
vn -0.1630 0.0881 0.9827
vn -0.1904 0.1565 0.9691
vn -0.2377 0.3112 0.9201
vn -0.0386 0.0772 0.9963
vn -0.9555 -0.2733 -0.1107
vn -0.9566 -0.2691 -0.1115
vn -0.5898 -0.8073 -0.0200
vn -0.5861 -0.8100 -0.0195
vn -0.1579 -0.9873 0.0152
vn -0.1583 -0.9873 0.0153
vn -0.1216 0.9312 -0.3438
vn -0.1231 0.9310 -0.3435
vn -0.6126 0.7357 -0.2890
vn -0.6268 0.7244 -0.2869
vn -0.9507 0.2413 -0.1946
vn -0.9509 0.2409 -0.1945
vn 0.2320 -0.2798 -0.9316
vn 0.3736 -0.2611 -0.8901
vn 0.0839 -0.1069 0.9907
vn 0.0615 -0.1212 0.9907
vn 0.2546 -0.5023 0.8264
vn 0.3477 -0.4430 0.8264
vn 0.0366 -0.1309 0.9907
vn 0.1517 -0.5423 0.8264
vn 0.0104 -0.1355 0.9907
vn 0.0430 -0.5615 0.8264
vn -0.0163 -0.1350 0.9907
vn -0.0674 -0.5591 0.8264
vn -0.0423 -0.1292 0.9907
vn -0.1751 -0.5352 0.8264
vn -0.0667 -0.1185 0.9907
vn -0.2762 -0.4908 0.8264
vn -0.0885 -0.1032 0.9907
vn -0.3666 -0.4274 0.8264
vn -0.1069 -0.0839 0.9907
vn -0.4430 -0.3477 0.8264
vn -0.1212 -0.0615 0.9907
vn -0.5023 -0.2546 0.8264
vn -0.1309 -0.0366 0.9907
vn -0.5423 -0.1517 0.8264
vn -0.1355 -0.0104 0.9907
vn -0.5615 -0.0430 0.8264
vn -0.1350 0.0163 0.9907
vn -0.5591 0.0674 0.8264
vn -0.1292 0.0423 0.9907
vn -0.5352 0.1751 0.8264
vn -0.1185 0.0667 0.9907
vn -0.4908 0.2762 0.8264
vn -0.1032 0.0885 0.9907
vn -0.4274 0.3666 0.8264
vn -0.0839 0.1069 0.9907
vn -0.3477 0.4430 0.8264
vn -0.0615 0.1212 0.9907
vn -0.2546 0.5023 0.8264
vn -0.0366 0.1309 0.9907
vn -0.1517 0.5423 0.8264
vn -0.0104 0.1355 0.9907
vn -0.0430 0.5615 0.8264
vn 0.0163 0.1350 0.9907
vn 0.0674 0.5591 0.8264
vn 0.0423 0.1292 0.9907
vn 0.1751 0.5352 0.8264
vn 0.0667 0.1185 0.9907
vn 0.2762 0.4908 0.8264
vn 0.0885 0.1032 0.9907
vn 0.3666 0.4274 0.8264
vn 0.1069 0.0839 0.9907
vn 0.4430 0.3477 0.8264
vn 0.1212 0.0615 0.9907
vn 0.5023 0.2546 0.8264
vn 0.1309 0.0366 0.9907
vn 0.5423 0.1517 0.8264
vn 0.1355 0.0104 0.9907
vn 0.5615 0.0430 0.8264
vn 0.1350 -0.0163 0.9907
vn 0.5591 -0.0674 0.8264
vn 0.1292 -0.0423 0.9907
vn 0.5352 -0.1751 0.8264
vn 0.1185 -0.0667 0.9907
vn 0.4908 -0.2762 0.8264
vn 0.1032 -0.0885 0.9907
vn 0.4274 -0.3666 0.8264
vn -0.4381 0.5581 0.7047
vn -0.3208 0.6329 0.7047
vn -0.1705 0.3364 0.9261
vn -0.2329 0.2967 0.9261
vn -0.1911 0.6833 0.7047
vn -0.1016 0.3632 0.9261
vn -0.0542 0.7074 0.7047
vn -0.0288 0.3761 0.9261
vn 0.0849 0.7044 0.7047
vn 0.0451 0.3745 0.9261
vn 0.2207 0.6743 0.7047
vn 0.1173 0.3585 0.9261
vn 0.3480 0.6183 0.7047
vn 0.1850 0.3287 0.9261
vn 0.4619 0.5385 0.7047
vn 0.2456 0.2863 0.9261
vn 0.5581 0.4381 0.7047
vn 0.2967 0.2329 0.9261
vn 0.6329 0.3208 0.7047
vn 0.3364 0.1705 0.9261
vn 0.6833 0.1911 0.7047
vn 0.3632 0.1016 0.9261
vn 0.7074 0.0542 0.7047
vn 0.3761 0.0288 0.9261
vn 0.7044 -0.0849 0.7047
vn 0.3745 -0.0451 0.9261
vn 0.6743 -0.2207 0.7047
vn 0.3585 -0.1173 0.9261
vn 0.6183 -0.3480 0.7047
vn 0.3287 -0.1850 0.9261
vn 0.5385 -0.4619 0.7047
vn 0.2863 -0.2456 0.9261
vn 0.4381 -0.5581 0.7047
vn 0.2329 -0.2967 0.9261
vn 0.3208 -0.6329 0.7047
vn 0.1705 -0.3364 0.9261
vn 0.1911 -0.6833 0.7047
vn 0.1016 -0.3632 0.9261
vn 0.0542 -0.7074 0.7047
vn 0.0288 -0.3761 0.9261
vn -0.0849 -0.7044 0.7047
vn -0.0451 -0.3745 0.9261
vn -0.2207 -0.6743 0.7047
vn -0.1173 -0.3585 0.9261
vn -0.3480 -0.6183 0.7047
vn -0.1850 -0.3287 0.9261
vn -0.4619 -0.5385 0.7047
vn -0.2456 -0.2863 0.9261
vn -0.5581 -0.4381 0.7047
vn -0.2967 -0.2329 0.9261
vn -0.6329 -0.3208 0.7047
vn -0.3364 -0.1705 0.9261
vn -0.6833 -0.1911 0.7047
vn -0.3632 -0.1016 0.9261
vn -0.7074 -0.0542 0.7047
vn -0.3761 -0.0288 0.9261
vn -0.7044 0.0849 0.7047
vn -0.3745 0.0451 0.9261
vn -0.6743 0.2207 0.7047
vn -0.3585 0.1173 0.9261
vn -0.6183 0.3480 0.7047
vn -0.3287 0.1850 0.9261
vn -0.5385 0.4619 0.7047
vn -0.2863 0.2456 0.9261
vn 0.6147 -0.7831 -0.0941
vn 0.6147 -0.7831 0.0941
vn 0.4501 -0.8880 0.0941
vn 0.4501 -0.8880 -0.0941
vn 0.2682 -0.9588 0.0941
vn 0.2682 -0.9587 -0.0942
vn 0.0760 -0.9927 0.0941
vn 0.0760 -0.9927 -0.0942
vn -0.1191 -0.9884 0.0941
vn -0.1191 -0.9884 -0.0942
vn -0.3096 -0.9462 0.0941
vn -0.3096 -0.9462 -0.0942
vn -0.4883 -0.8676 0.0941
vn -0.4883 -0.8676 -0.0942
vn -0.6482 -0.7557 0.0941
vn -0.6482 -0.7557 -0.0942
vn -0.7831 -0.6147 0.0941
vn -0.7831 -0.6147 -0.0942
vn -0.8880 -0.4501 0.0941
vn -0.8880 -0.4501 -0.0942
vn -0.9588 -0.2682 0.0941
vn -0.9587 -0.2682 -0.0941
vn -0.9927 -0.0760 0.0941
vn -0.9927 -0.0760 -0.0942
vn -0.9884 0.1191 0.0941
vn -0.9884 0.1191 -0.0942
vn -0.9462 0.3096 0.0941
vn -0.9462 0.3096 -0.0942
vn -0.8676 0.4883 0.0941
vn -0.8676 0.4883 -0.0942
vn -0.7557 0.6482 0.0941
vn -0.7557 0.6482 -0.0942
vn -0.6147 0.7831 0.0941
vn -0.6147 0.7831 -0.0942
vn -0.4501 0.8880 0.0941
vn -0.4501 0.8880 -0.0942
vn -0.2682 0.9588 0.0941
vn -0.2682 0.9587 -0.0942
vn -0.0760 0.9927 0.0941
vn -0.0760 0.9927 -0.0942
vn 0.1191 0.9884 0.0941
vn 0.1191 0.9884 -0.0942
vn 0.3096 0.9462 0.0941
vn 0.3096 0.9462 -0.0942
vn 0.4883 0.8676 0.0941
vn 0.4883 0.8676 -0.0942
vn 0.6482 0.7557 0.0941
vn 0.6482 0.7557 -0.0942
vn 0.7831 0.6147 0.0941
vn 0.7831 0.6147 -0.0942
vn 0.8880 0.4501 0.0941
vn 0.8880 0.4501 -0.0942
vn 0.9588 0.2682 0.0941
vn 0.9587 0.2682 -0.0942
vn 0.9927 0.0760 0.0941
vn 0.9927 0.0760 -0.0942
vn 0.9884 -0.1191 0.0941
vn 0.9884 -0.1191 -0.0942
vn 0.9462 -0.3096 0.0941
vn 0.9462 -0.3096 -0.0941
vn 0.8676 -0.4883 0.0941
vn 0.8676 -0.4883 -0.0941
vn 0.7557 -0.6482 0.0941
vn 0.7557 -0.6482 -0.0941
vn 0.5608 -0.7145 0.4183
vn 0.4107 -0.8102 0.4183
vn 0.2447 -0.8747 0.4183
vn 0.0694 -0.9057 0.4183
vn -0.1087 -0.9018 0.4183
vn -0.2825 -0.8633 0.4183
vn -0.4455 -0.7916 0.4183
vn -0.5913 -0.6894 0.4183
vn -0.7145 -0.5608 0.4183
vn -0.8102 -0.4107 0.4183
vn -0.8747 -0.2447 0.4183
vn -0.9056 -0.0694 0.4183
vn -0.9018 0.1087 0.4183
vn -0.8633 0.2825 0.4183
vn -0.7916 0.4455 0.4183
vn -0.6894 0.5913 0.4183
vn -0.5608 0.7145 0.4183
vn -0.4107 0.8102 0.4183
vn -0.2447 0.8747 0.4183
vn -0.0694 0.9056 0.4183
vn 0.1087 0.9018 0.4183
vn 0.2825 0.8633 0.4183
vn 0.4455 0.7916 0.4183
vn 0.5913 0.6894 0.4183
vn 0.7145 0.5608 0.4183
vn 0.8102 0.4107 0.4183
vn 0.8747 0.2447 0.4183
vn 0.9056 0.0694 0.4183
vn 0.9018 -0.1087 0.4183
vn 0.8633 -0.2825 0.4183
vn 0.7916 -0.4455 0.4183
vn 0.6894 -0.5914 0.4183
vn 0.0879 -0.1120 -0.9898
vn 0.3477 -0.4430 -0.8264
vn 0.2546 -0.5023 -0.8264
vn 0.0644 -0.1271 -0.9898
vn 0.1517 -0.5423 -0.8264
vn 0.0384 -0.1372 -0.9898
vn 0.0430 -0.5615 -0.8264
vn 0.0109 -0.1420 -0.9898
vn -0.0674 -0.5591 -0.8264
vn -0.0170 -0.1414 -0.9898
vn -0.1752 -0.5352 -0.8264
vn -0.0443 -0.1354 -0.9898
vn -0.2762 -0.4908 -0.8264
vn -0.0699 -0.1241 -0.9898
vn -0.3666 -0.4275 -0.8264
vn -0.0927 -0.1081 -0.9898
vn -0.4430 -0.3477 -0.8264
vn -0.1120 -0.0879 -0.9898
vn -0.5023 -0.2546 -0.8264
vn -0.1271 -0.0644 -0.9898
vn -0.5423 -0.1517 -0.8264
vn -0.1372 -0.0384 -0.9898
vn -0.5615 -0.0430 -0.8264
vn -0.1420 -0.0109 -0.9898
vn -0.5591 0.0674 -0.8264
vn -0.1414 0.0170 -0.9898
vn -0.5352 0.1752 -0.8264
vn -0.1354 0.0443 -0.9898
vn -0.4908 0.2762 -0.8264
vn -0.1241 0.0699 -0.9898
vn -0.4274 0.3666 -0.8264
vn -0.1081 0.0927 -0.9898
vn -0.3477 0.4430 -0.8264
vn -0.0879 0.1120 -0.9898
vn -0.2546 0.5023 -0.8264
vn -0.0644 0.1271 -0.9898
vn -0.1517 0.5423 -0.8264
vn -0.0384 0.1372 -0.9898
vn -0.0430 0.5615 -0.8264
vn -0.0109 0.1420 -0.9898
vn 0.0674 0.5591 -0.8264
vn 0.0170 0.1414 -0.9898
vn 0.1752 0.5352 -0.8264
vn 0.0443 0.1354 -0.9898
vn 0.2762 0.4908 -0.8264
vn 0.0699 0.1241 -0.9898
vn 0.3666 0.4274 -0.8264
vn 0.0927 0.1081 -0.9898
vn 0.4430 0.3477 -0.8264
vn 0.1120 0.0879 -0.9898
vn 0.5023 0.2546 -0.8264
vn 0.1271 0.0644 -0.9898
vn 0.5423 0.1517 -0.8264
vn 0.1372 0.0384 -0.9898
vn 0.5615 0.0430 -0.8264
vn 0.1420 0.0109 -0.9898
vn 0.5591 -0.0674 -0.8264
vn 0.1414 -0.0170 -0.9898
vn 0.5352 -0.1752 -0.8264
vn 0.1354 -0.0443 -0.9898
vn 0.4908 -0.2762 -0.8264
vn 0.1241 -0.0699 -0.9898
vn 0.4274 -0.3666 -0.8264
vn 0.1081 -0.0927 -0.9898
vn -0.4142 0.5277 -0.7416
vn -0.2139 0.2726 -0.9380
vn -0.1567 0.3091 -0.9380
vn -0.3033 0.5984 -0.7416
vn -0.0934 0.3337 -0.9380
vn -0.1807 0.6460 -0.7416
vn -0.0265 0.3455 -0.9380
vn -0.0512 0.6689 -0.7416
vn 0.0415 0.3440 -0.9380
vn 0.0803 0.6660 -0.7416
vn 0.1078 0.3293 -0.9380
vn 0.2086 0.6376 -0.7416
vn 0.1699 0.3020 -0.9380
vn 0.3290 0.5846 -0.7416
vn 0.2256 0.2630 -0.9380
vn 0.4368 0.5092 -0.7416
vn 0.2726 0.2139 -0.9380
vn 0.5277 0.4142 -0.7416
vn 0.3091 0.1567 -0.9380
vn 0.5984 0.3033 -0.7416
vn 0.3337 0.0934 -0.9380
vn 0.6460 0.1807 -0.7416
vn 0.3455 0.0265 -0.9380
vn 0.6689 0.0512 -0.7416
vn 0.3440 -0.0415 -0.9380
vn 0.6660 -0.0803 -0.7416
vn 0.3293 -0.1078 -0.9380
vn 0.6376 -0.2086 -0.7416
vn 0.3020 -0.1699 -0.9380
vn 0.5846 -0.3290 -0.7416
vn 0.2630 -0.2256 -0.9380
vn 0.5092 -0.4368 -0.7416
vn 0.2139 -0.2726 -0.9380
vn 0.4142 -0.5277 -0.7416
vn 0.1567 -0.3091 -0.9380
vn 0.3033 -0.5984 -0.7416
vn 0.0934 -0.3337 -0.9380
vn 0.1807 -0.6460 -0.7416
vn 0.0265 -0.3455 -0.9380
vn 0.0512 -0.6689 -0.7416
vn -0.0415 -0.3440 -0.9380
vn -0.0803 -0.6660 -0.7416
vn -0.1078 -0.3293 -0.9380
vn -0.2086 -0.6376 -0.7416
vn -0.1699 -0.3020 -0.9380
vn -0.3290 -0.5846 -0.7416
vn -0.2256 -0.2630 -0.9380
vn -0.4368 -0.5092 -0.7416
vn -0.2726 -0.2139 -0.9380
vn -0.5277 -0.4142 -0.7416
vn -0.3091 -0.1567 -0.9380
vn -0.5984 -0.3033 -0.7416
vn -0.3337 -0.0934 -0.9380
vn -0.6460 -0.1807 -0.7416
vn -0.3455 -0.0265 -0.9380
vn -0.6689 -0.0512 -0.7416
vn -0.3440 0.0415 -0.9380
vn -0.6660 0.0803 -0.7416
vn -0.3293 0.1078 -0.9380
vn -0.6376 0.2086 -0.7416
vn -0.3020 0.1699 -0.9380
vn -0.5846 0.3290 -0.7416
vn -0.2630 0.2256 -0.9380
vn -0.5092 0.4368 -0.7416
vn 0.4106 -0.8101 -0.4184
vn 0.5608 -0.7145 -0.4184
vn 0.2447 -0.8747 -0.4184
vn 0.0694 -0.9056 -0.4184
vn -0.1087 -0.9017 -0.4184
vn -0.2825 -0.8632 -0.4184
vn -0.4455 -0.7915 -0.4184
vn -0.5913 -0.6894 -0.4184
vn -0.7145 -0.5608 -0.4184
vn -0.8101 -0.4106 -0.4184
vn -0.8747 -0.2447 -0.4184
vn -0.9056 -0.0694 -0.4184
vn -0.9017 0.1087 -0.4184
vn -0.8632 0.2825 -0.4184
vn -0.7915 0.4455 -0.4184
vn -0.6894 0.5913 -0.4184
vn -0.5608 0.7145 -0.4184
vn -0.4106 0.8101 -0.4184
vn -0.2447 0.8747 -0.4184
vn -0.0694 0.9056 -0.4184
vn 0.1087 0.9017 -0.4184
vn 0.2825 0.8632 -0.4184
vn 0.4455 0.7915 -0.4184
vn 0.5913 0.6894 -0.4184
vn 0.7145 0.5608 -0.4184
vn 0.8101 0.4106 -0.4184
vn 0.8747 0.2447 -0.4184
vn 0.9056 0.0694 -0.4184
vn 0.9017 -0.1087 -0.4184
vn 0.8632 -0.2825 -0.4184
vn 0.7915 -0.4455 -0.4184
vn 0.6894 -0.5913 -0.4184
vn -0.3809 0.9197 0.0954
vn -0.1941 0.9760 0.0990
vn -0.1874 0.9423 0.2774
vn -0.3677 0.8876 0.2774
vn 0.0041 -0.0205 0.9998
vn -0.0000 -0.0209 0.9998
vn 0.0080 -0.0193 0.9998
vn -0.1945 0.9780 0.0752
vn -0.0000 0.9972 0.0752
vn -0.3816 0.9213 0.0752
vn 0.1951 -0.9808 -0.0000
vn -0.0000 0.9954 0.0954
vn -0.0000 0.9608 0.2774
vn -0.3818 0.9219 -0.0660
vn -0.0000 0.9978 -0.0660
vn -0.0000 0.2932 -0.9560
vn -0.0000 0.2933 -0.9560
vn -0.1128 0.2712 -0.9559
vn -0.1116 0.2716 -0.9559
vn 0.2095 -0.3847 0.8990
vn 0.3117 -0.3862 0.8682
vn 0.1288 -0.5323 0.8367
vn 0.1813 -0.7074 0.6832
vn 0.2504 -0.8605 0.4436
vn 0.2784 -0.6721 0.6861
vn 0.1614 -0.8704 0.4652
vn 0.0230 -0.0575 0.9981
vn 0.0360 -0.0869 0.9956
vn 0.1479 -0.0178 0.9888
vn 0.0530 0.0470 0.9975
vn 0.0571 0.1375 0.9889
vn 0.2528 0.0688 0.9651
vn 0.2511 -0.1216 0.9603
vn 0.0750 -0.1807 0.9807
vn -0.0000 -0.0472 0.9989
vn -0.0000 0.0820 0.9966
vn -0.0000 0.1427 0.9898
vn 0.3902 -0.0683 0.9182
vn -0.0000 -0.7479 0.6639
vn -0.0000 -0.8768 0.4808
vn -0.2718 0.2327 -0.9338
vn -0.2433 0.5133 -0.8230
vn -0.2534 0.5035 -0.8260
vn -0.1334 0.6200 -0.7732
vn -0.0000 0.6450 -0.7642
vn -0.1225 0.6207 -0.7744
vn -0.1724 0.0680 -0.9827
vn -0.2078 0.1326 -0.9691
vn -0.0000 0.6362 -0.7715
vn -0.2732 0.2806 -0.9201
vn -0.0476 0.0720 -0.9963
vn -0.0000 0.0789 -0.9969
vn -0.9160 -0.3857 0.1107
vn -0.4850 -0.8743 0.0195
vn -0.4890 -0.8720 0.0200
vn -0.9176 -0.3816 0.1114
vn -0.0390 -0.9991 -0.0153
vn -0.0386 -0.9991 -0.0152
vn -0.2321 0.9099 0.3437
vn -0.7090 0.6443 0.2869
vn -0.6962 0.6571 0.2890
vn -0.2336 0.9096 0.3435
vn -0.9728 0.1254 0.1945
vn -0.9728 0.1258 0.1946
vn -0.0000 0.9313 0.3643
vn -0.0000 -1.0000 -0.0059
vn 0.2638 -0.2500 0.9316
vn 0.1206 -0.2912 0.9490
vn 0.1537 -0.3711 0.9158
vn 0.4022 -0.2145 0.8901
vn -0.0000 -0.5650 0.8251
vn 0.3809 0.9197 0.0954
vn 0.3677 0.8876 0.2774
vn 0.1874 0.9423 0.2774
vn 0.1941 0.9760 0.0990
vn -0.0041 -0.0205 0.9998
vn -0.0080 -0.0193 0.9998
vn 0.1945 0.9780 0.0752
vn 0.3816 0.9213 0.0752
vn -0.1951 -0.9808 -0.0000
vn 0.3818 0.9219 -0.0660
vn 0.1112 0.2713 -0.9560
vn 0.1123 0.2709 -0.9560
vn -0.2095 -0.3847 0.8990
vn -0.1813 -0.7074 0.6832
vn -0.1288 -0.5323 0.8367
vn -0.3117 -0.3862 0.8682
vn -0.3408 -0.8283 0.4447
vn -0.1614 -0.8704 0.4652
vn -0.2799 -0.6740 0.6837
vn -0.0360 -0.0869 0.9956
vn -0.0230 -0.0575 0.9981
vn -0.1477 -0.0179 0.9889
vn -0.2528 0.0688 0.9651
vn -0.0571 0.1375 0.9889
vn -0.0530 0.0470 0.9975
vn -0.0747 -0.1808 0.9807
vn -0.2510 -0.1216 0.9603
vn -0.3903 -0.0683 0.9182
vn 0.1239 0.2987 -0.9463
vn 0.2534 0.5035 -0.8260
vn 0.2179 0.5249 -0.8228
vn 0.1334 0.6200 -0.7732
vn 0.1225 0.6207 -0.7744
vn 0.1724 0.0680 -0.9827
vn 0.2078 0.1326 -0.9691
vn 0.2732 0.2806 -0.9201
vn 0.0476 0.0720 -0.9963
vn 0.9160 -0.3856 0.1107
vn 0.9176 -0.3816 0.1115
vn 0.4890 -0.8720 0.0200
vn 0.4850 -0.8743 0.0195
vn 0.0386 -0.9991 -0.0152
vn 0.0390 -0.9991 -0.0153
vn 0.2321 0.9099 0.3438
vn 0.2336 0.9096 0.3435
vn 0.6962 0.6571 0.2890
vn 0.7090 0.6443 0.2869
vn 0.9728 0.1258 0.1946
vn 0.9728 0.1254 0.1945
vn -0.2638 -0.2500 0.9316
vn -0.1206 -0.2912 0.9490
vn -0.1537 -0.3711 0.9158
vn -0.4022 -0.2145 0.8901
vn 0.5528 0.8274 0.0990
vn 0.5338 0.7988 0.2774
vn -0.0116 -0.0174 0.9998
vn -0.0148 -0.0148 0.9998
vn 0.5540 0.8291 0.0752
vn 0.7051 0.7051 0.0752
vn -0.5556 -0.8315 -0.0000
vn 0.7039 0.7039 0.0954
vn 0.6794 0.6794 0.2774
vn 0.7056 0.7056 -0.0660
vn 0.2063 0.2090 -0.9559
vn 0.2081 0.2073 -0.9559
vn -0.1238 -0.4201 0.8990
vn -0.0527 -0.4935 0.8682
vn -0.2854 -0.4675 0.8367
vn -0.3720 -0.6289 0.6827
vn -0.5013 -0.7302 0.4643
vn -0.0244 -0.0569 0.9981
vn 0.0920 -0.1172 0.9888
vn 0.0707 -0.0043 0.9975
vn 0.1376 0.0568 0.9889
vn 0.2274 -0.1301 0.9651
vn 0.0916 -0.2635 0.9603
vn -0.0334 -0.0334 0.9989
vn 0.0580 0.0580 0.9966
vn 0.1009 0.1009 0.9898
vn 0.2277 -0.3242 0.9182
vn -0.5288 -0.5288 0.6639
vn -0.6200 -0.6200 0.4808
vn 0.1761 0.5357 -0.8258
vn 0.3449 0.5322 -0.7732
vn 0.4561 0.4561 -0.7642
vn 0.3523 0.5255 -0.7744
vn -0.0743 0.1701 -0.9826
vn -0.0539 0.2409 -0.9690
vn 0.4498 0.4498 -0.7715
vn 0.0047 0.3922 -0.9199
vn 0.0173 0.0846 -0.9963
vn 0.0558 0.0558 -0.9969
vn -0.9204 0.3750 0.1107
vn -0.9612 -0.2753 0.0195
vn -0.9624 -0.2708 0.0200
vn -0.9187 0.3790 0.1114
vn -0.7341 -0.6789 -0.0153
vn -0.7338 -0.6792 -0.0152
vn 0.4793 0.8075 0.3438
vn -0.0458 0.9569 0.2869
vn -0.0276 0.9569 0.2890
vn 0.4780 0.8084 0.3435
vn -0.5992 0.7766 0.1945
vn -0.5989 0.7768 0.1946
vn 0.6585 0.6585 0.3643
vn -0.7071 -0.7071 -0.0060
vn 0.0097 -0.3633 0.9316
vn 0.1327 -0.4361 0.8901
vn -0.3995 -0.3995 0.8251
vn 0.9197 0.3809 0.0954
vn 0.8876 0.3677 0.2774
vn 0.7988 0.5338 0.2774
vn 0.8274 0.5528 0.0990
vn -0.0174 -0.0116 0.9998
vn -0.0193 -0.0080 0.9998
vn 0.8291 0.5540 0.0752
vn 0.9213 0.3816 0.0752
vn -0.8315 -0.5556 -0.0000
vn 0.9219 0.3819 -0.0660
vn 0.2713 0.1135 -0.9558
vn 0.2718 0.1125 -0.9558
vn -0.4201 -0.1238 0.8990
vn -0.6284 -0.3720 0.6832
vn -0.4675 -0.2854 0.8367
vn -0.4935 -0.0527 0.8682
vn -0.8267 -0.3447 0.4447
vn -0.7296 -0.5013 0.4652
vn -0.6745 -0.2786 0.6837
vn -0.0869 -0.0360 0.9956
vn -0.0569 -0.0244 0.9981
vn -0.1171 0.0918 0.9889
vn -0.1301 0.2274 0.9651
vn 0.0568 0.1376 0.9889
vn -0.0043 0.0707 0.9975
vn -0.1807 -0.0750 0.9807
vn -0.2634 0.0915 0.9603
vn -0.3242 0.2277 0.9182
vn 0.2988 0.1237 -0.9463
vn 0.5352 0.1769 -0.8260
vn 0.5252 0.2171 -0.8228
vn 0.5328 0.3441 -0.7732
vn 0.5255 0.3523 -0.7744
vn 0.1699 -0.0738 -0.9827
vn 0.2407 -0.0532 -0.9691
vn 0.3916 0.0052 -0.9201
vn 0.0846 0.0173 -0.9963
vn 0.3750 -0.9204 0.1107
vn 0.3789 -0.9187 0.1115
vn -0.2708 -0.9624 0.0200
vn -0.2753 -0.9612 0.0195
vn -0.6792 -0.7338 -0.0152
vn -0.6789 -0.7341 -0.0153
vn 0.8075 0.4793 0.3437
vn 0.8084 0.4780 0.3435
vn 0.9569 -0.0276 0.2890
vn 0.9569 -0.0458 0.2869
vn 0.7768 -0.5989 0.1946
vn 0.7766 -0.5992 0.1945
vn -0.3633 0.0097 0.9316
vn -0.2912 -0.1206 0.9490
vn -0.3711 -0.1537 0.9158
vn -0.4361 0.1327 0.8901
vn 0.9760 0.1941 0.0990
vn 0.9423 0.1874 0.2774
vn -0.0205 -0.0041 0.9998
vn -0.0209 -0.0000 0.9998
vn 0.9780 0.1945 0.0752
vn 0.9972 -0.0000 0.0752
vn -0.9808 -0.1951 -0.0000
vn 0.9954 -0.0000 0.0954
vn 0.9608 -0.0000 0.2774
vn 0.9978 -0.0000 -0.0660
vn 0.2937 0.0003 -0.9559
vn -0.3847 -0.2095 0.8990
vn -0.3862 -0.3117 0.8682
vn -0.5323 -0.1288 0.8367
vn -0.7077 -0.1816 0.6827
vn -0.8708 -0.1619 0.4643
vn -0.0575 -0.0230 0.9981
vn -0.0179 -0.1479 0.9888
vn 0.0470 -0.0530 0.9975
vn 0.1375 -0.0571 0.9889
vn 0.0688 -0.2528 0.9651
vn -0.1216 -0.2511 0.9603
vn -0.0472 -0.0000 0.9989
vn 0.0820 -0.0000 0.9966
vn 0.1427 -0.0000 0.9898
vn -0.0683 -0.3902 0.9182
vn -0.7478 -0.0000 0.6639
vn -0.8768 -0.0000 0.4808
vn 0.5033 0.2543 -0.8258
vn 0.6202 0.1325 -0.7732
vn 0.6450 -0.0000 -0.7642
vn 0.6207 0.1225 -0.7744
vn 0.0677 0.1729 -0.9826
vn 0.1323 0.2085 -0.9690
vn 0.6362 -0.0000 -0.7715
vn 0.2807 0.2740 -0.9199
vn 0.0720 0.0476 -0.9963
vn 0.0789 -0.0000 -0.9969
vn -0.3857 0.9160 0.1107
vn -0.8743 0.4850 0.0195
vn -0.8720 0.4890 0.0200
vn -0.3817 0.9176 0.1115
vn -0.9991 0.0390 -0.0153
vn -0.9991 0.0386 -0.0152
vn 0.9099 0.2321 0.3437
vn 0.6443 0.7090 0.2869
vn 0.6571 0.6962 0.2890
vn 0.9096 0.2336 0.3435
vn 0.1254 0.9728 0.1945
vn 0.1258 0.9728 0.1946
vn 0.9313 -0.0000 0.3643
vn -1.0000 -0.0000 -0.0059
vn -0.2500 -0.2638 0.9316
vn -0.2145 -0.4022 0.8901
vn -0.5650 -0.0000 0.8251
vn 0.9197 -0.3809 0.0954
vn 0.8876 -0.3677 0.2774
vn 0.9423 -0.1874 0.2774
vn 0.9760 -0.1941 0.0990
vn -0.0205 0.0041 0.9998
vn -0.0193 0.0080 0.9998
vn 0.9780 -0.1945 0.0752
vn 0.9213 -0.3816 0.0752
vn -0.9808 0.1951 -0.0000
vn 0.9219 -0.3818 -0.0660
vn 0.2713 -0.1112 -0.9560
vn 0.2709 -0.1123 -0.9560
vn -0.3847 0.2095 0.8990
vn -0.7074 0.1813 0.6832
vn -0.5323 0.1288 0.8367
vn -0.3862 0.3117 0.8682
vn -0.8283 0.3409 0.4447
vn -0.8704 0.1614 0.4652
vn -0.6740 0.2799 0.6837
vn -0.0869 0.0360 0.9956
vn -0.0575 0.0230 0.9981
vn -0.0179 0.1477 0.9889
vn 0.0688 0.2528 0.9651
vn 0.1375 0.0571 0.9889
vn 0.0470 0.0530 0.9975
vn -0.1808 0.0747 0.9807
vn -0.1216 0.2510 0.9603
vn -0.0683 0.3903 0.9182
vn 0.2987 -0.1239 -0.9463
vn 0.5035 -0.2534 -0.8260
vn 0.5249 -0.2179 -0.8228
vn 0.6200 -0.1334 -0.7732
vn 0.6207 -0.1225 -0.7744
vn 0.0680 -0.1724 -0.9827
vn 0.1326 -0.2078 -0.9691
vn 0.2806 -0.2732 -0.9201
vn 0.0720 -0.0476 -0.9963
vn -0.3857 -0.9160 0.1107
vn -0.3816 -0.9176 0.1114
vn -0.8720 -0.4890 0.0200
vn -0.8743 -0.4850 0.0195
vn -0.9991 -0.0386 -0.0152
vn -0.9991 -0.0390 -0.0153
vn 0.9099 -0.2321 0.3437
vn 0.9096 -0.2336 0.3435
vn 0.6571 -0.6962 0.2890
vn 0.6443 -0.7090 0.2869
vn 0.1258 -0.9728 0.1946
vn 0.1254 -0.9728 0.1945
vn -0.2500 0.2638 0.9316
vn -0.2912 0.1206 0.9490
vn -0.3711 0.1537 0.9158
vn -0.2145 0.4022 0.8901
vn 0.8274 -0.5528 0.0990
vn 0.7988 -0.5338 0.2774
vn -0.0174 0.0116 0.9998
vn -0.0148 0.0148 0.9998
vn 0.8291 -0.5540 0.0752
vn 0.7051 -0.7051 0.0752
vn -0.8315 0.5556 -0.0000
vn 0.7039 -0.7039 0.0954
vn 0.6794 -0.6794 0.2774
vn 0.7056 -0.7056 -0.0660
vn 0.2090 -0.2063 -0.9559
vn 0.2073 -0.2081 -0.9559
vn -0.4201 0.1238 0.8990
vn -0.4935 0.0527 0.8682
vn -0.4675 0.2854 0.8367
vn -0.6289 0.3720 0.6827
vn -0.7302 0.5013 0.4643
vn -0.0569 0.0244 0.9981
vn -0.1172 -0.0919 0.9888
vn -0.0043 -0.0707 0.9975
vn 0.0568 -0.1376 0.9889
vn -0.1301 -0.2274 0.9651
vn -0.2635 -0.0916 0.9603
vn -0.0334 0.0334 0.9989
vn 0.0580 -0.0580 0.9966
vn 0.1009 -0.1009 0.9898
vn -0.3242 -0.2277 0.9182
vn -0.5288 0.5288 0.6639
vn -0.6200 0.6200 0.4808
vn 0.5357 -0.1761 -0.8258
vn 0.5322 -0.3449 -0.7732
vn 0.4561 -0.4561 -0.7642
vn 0.5255 -0.3523 -0.7744
vn 0.1701 0.0743 -0.9826
vn 0.2409 0.0539 -0.9690
vn 0.4498 -0.4498 -0.7715
vn 0.3922 -0.0047 -0.9199
vn 0.0846 -0.0173 -0.9963
vn 0.0558 -0.0558 -0.9969
vn 0.3750 0.9204 0.1107
vn -0.2753 0.9612 0.0195
vn -0.2708 0.9624 0.0200
vn 0.3790 0.9187 0.1114
vn -0.6789 0.7341 -0.0153
vn -0.6792 0.7338 -0.0152
vn 0.8075 -0.4793 0.3437
vn 0.9569 0.0458 0.2868
vn 0.9569 0.0276 0.2890
vn 0.8084 -0.4780 0.3435
vn 0.7766 0.5992 0.1945
vn 0.7768 0.5989 0.1946
vn 0.6585 -0.6585 0.3643
vn -0.7071 0.7071 -0.0060
vn -0.3633 -0.0097 0.9316
vn -0.4361 -0.1327 0.8901
vn -0.3995 0.3995 0.8251
vn 0.3809 -0.9197 0.0954
vn 0.3677 -0.8876 0.2774
vn 0.5338 -0.7988 0.2774
vn 0.5528 -0.8274 0.0990
vn -0.0116 0.0174 0.9998
vn -0.0080 0.0193 0.9998
vn 0.5540 -0.8291 0.0752
vn 0.3816 -0.9213 0.0752
vn -0.5556 0.8315 -0.0000
vn 0.3818 -0.9219 -0.0660
vn 0.1136 -0.2708 -0.9559
vn 0.1126 -0.2712 -0.9559
vn -0.1238 0.4201 0.8990
vn -0.3720 0.6284 0.6832
vn -0.2854 0.4675 0.8367
vn -0.0527 0.4935 0.8682
vn -0.3447 0.8267 0.4447
vn -0.5013 0.7296 0.4652
vn -0.2786 0.6745 0.6837
vn -0.0360 0.0869 0.9956
vn -0.0244 0.0569 0.9981
vn 0.0918 0.1171 0.9889
vn 0.2274 0.1301 0.9651
vn 0.1376 -0.0568 0.9889
vn 0.0707 0.0043 0.9975
vn -0.0750 0.1807 0.9807
vn 0.0915 0.2634 0.9603
vn 0.2277 0.3242 0.9182
vn 0.1237 -0.2988 -0.9463
vn 0.1769 -0.5352 -0.8260
vn 0.2171 -0.5252 -0.8228
vn 0.3440 -0.5328 -0.7732
vn 0.3523 -0.5255 -0.7744
vn -0.0738 -0.1700 -0.9827
vn -0.0532 -0.2407 -0.9691
vn 0.0052 -0.3916 -0.9201
vn 0.0173 -0.0846 -0.9963
vn -0.9204 -0.3750 0.1107
vn -0.9187 -0.3790 0.1114
vn -0.9624 0.2708 0.0200
vn -0.9612 0.2753 0.0195
vn -0.7338 0.6792 -0.0152
vn -0.7341 0.6789 -0.0153
vn 0.4793 -0.8075 0.3437
vn 0.4780 -0.8084 0.3435
vn -0.0276 -0.9569 0.2890
vn -0.0458 -0.9569 0.2869
vn -0.5989 -0.7768 0.1946
vn -0.5992 -0.7766 0.1945
vn 0.0097 0.3633 0.9316
vn -0.1206 0.2912 0.9490
vn -0.1537 0.3711 0.9158
vn 0.1327 0.4361 0.8901
vn 0.1941 -0.9760 0.0990
vn 0.1874 -0.9423 0.2774
vn -0.0041 0.0205 0.9998
vn -0.0000 0.0209 0.9998
vn 0.1945 -0.9780 0.0752
vn -0.0000 -0.9972 0.0752
vn -0.1951 0.9808 -0.0000
vn -0.0000 -0.9954 0.0954
vn -0.0000 -0.9608 0.2774
vn -0.0000 -0.9978 -0.0660
vn 0.0019 -0.2937 -0.9559
vn -0.0005 -0.2937 -0.9559
vn -0.2095 0.3847 0.8990
vn -0.3117 0.3862 0.8682
vn -0.1288 0.5323 0.8367
vn -0.1816 0.7077 0.6827
vn -0.1619 0.8708 0.4643
vn -0.0230 0.0575 0.9981
vn -0.1479 0.0178 0.9888
vn -0.0530 -0.0470 0.9975
vn -0.0571 -0.1375 0.9889
vn -0.2528 -0.0688 0.9651
vn -0.2511 0.1216 0.9603
vn -0.0000 0.0472 0.9989
vn -0.0000 -0.0820 0.9966
vn -0.0000 -0.1427 0.9898
vn -0.3903 0.0683 0.9182
vn -0.0000 0.7478 0.6639
vn -0.0000 0.8768 0.4808
vn 0.2543 -0.5033 -0.8258
vn 0.1325 -0.6202 -0.7732
vn -0.0000 -0.6450 -0.7642
vn 0.1225 -0.6207 -0.7744
vn 0.1729 -0.0677 -0.9826
vn 0.2085 -0.1323 -0.9690
vn -0.0000 -0.6362 -0.7715
vn 0.2740 -0.2807 -0.9199
vn 0.0476 -0.0720 -0.9963
vn -0.0000 -0.0789 -0.9969
vn 0.9160 0.3857 0.1107
vn 0.4850 0.8743 0.0195
vn 0.4890 0.8720 0.0200
vn 0.9176 0.3816 0.1115
vn 0.0390 0.9991 -0.0153
vn 0.0386 0.9991 -0.0152
vn 0.2321 -0.9099 0.3437
vn 0.7090 -0.6443 0.2869
vn 0.6962 -0.6571 0.2890
vn 0.2336 -0.9096 0.3435
vn 0.9728 -0.1254 0.1945
vn 0.9728 -0.1258 0.1946
vn -0.0000 -0.9313 0.3643
vn -0.0000 1.0000 -0.0060
vn -0.2638 0.2500 0.9316
vn -0.4022 0.2145 0.8901
vn -0.0000 0.5650 0.8251
vn -0.3809 -0.9197 0.0954
vn -0.3677 -0.8876 0.2774
vn -0.1874 -0.9423 0.2774
vn -0.1941 -0.9760 0.0990
vn 0.0041 0.0205 0.9998
vn 0.0080 0.0193 0.9998
vn -0.1945 -0.9780 0.0752
vn -0.3816 -0.9213 0.0752
vn 0.1951 0.9808 -0.0000
vn -0.3818 -0.9219 -0.0660
vn -0.1116 -0.2721 -0.9558
vn -0.1127 -0.2717 -0.9558
vn 0.2095 0.3847 0.8990
vn 0.1813 0.7074 0.6832
vn 0.1288 0.5323 0.8367
vn 0.3117 0.3862 0.8682
vn 0.3409 0.8283 0.4447
vn 0.1614 0.8704 0.4652
vn 0.2799 0.6740 0.6837
vn 0.0360 0.0869 0.9956
vn 0.0230 0.0575 0.9981
vn 0.1477 0.0179 0.9889
vn 0.2528 -0.0688 0.9651
vn 0.0571 -0.1375 0.9889
vn 0.0530 -0.0470 0.9975
vn 0.0747 0.1808 0.9807
vn 0.2510 0.1216 0.9603
vn 0.3903 0.0683 0.9182
vn -0.1239 -0.2987 -0.9463
vn -0.2534 -0.5035 -0.8260
vn -0.2179 -0.5249 -0.8228
vn -0.1334 -0.6200 -0.7732
vn -0.1225 -0.6207 -0.7744
vn -0.1724 -0.0680 -0.9827
vn -0.2078 -0.1326 -0.9691
vn -0.2732 -0.2806 -0.9201
vn -0.0476 -0.0720 -0.9963
vn -0.9160 0.3857 0.1107
vn -0.9176 0.3817 0.1115
vn -0.4890 0.8720 0.0200
vn -0.4850 0.8743 0.0195
vn -0.0386 0.9991 -0.0152
vn -0.0390 0.9991 -0.0153
vn -0.2321 -0.9099 0.3437
vn -0.2336 -0.9096 0.3435
vn -0.6962 -0.6571 0.2890
vn -0.7090 -0.6442 0.2869
vn -0.9728 -0.1258 0.1946
vn -0.9728 -0.1254 0.1945
vn 0.2638 0.2500 0.9316
vn 0.1206 0.2912 0.9490
vn 0.1537 0.3711 0.9158
vn 0.4022 0.2145 0.8901
vn -0.5528 -0.8274 0.0990
vn -0.5338 -0.7988 0.2774
vn 0.0116 0.0174 0.9998
vn 0.0148 0.0148 0.9998
vn -0.5540 -0.8291 0.0752
vn -0.7051 -0.7051 0.0752
vn 0.5556 0.8315 -0.0000
vn -0.7039 -0.7039 0.0954
vn -0.6794 -0.6794 0.2774
vn -0.7056 -0.7056 -0.0660
vn -0.2075 -0.2079 -0.9559
vn -0.2074 -0.2079 -0.9559
vn 0.1238 0.4201 0.8990
vn 0.0527 0.4935 0.8682
vn 0.2854 0.4675 0.8367
vn 0.3720 0.6289 0.6827
vn 0.5013 0.7302 0.4643
vn 0.0244 0.0569 0.9981
vn -0.0920 0.1172 0.9888
vn -0.0707 0.0043 0.9975
vn -0.1376 -0.0568 0.9889
vn -0.2274 0.1301 0.9651
vn -0.0916 0.2635 0.9603
vn 0.0334 0.0334 0.9989
vn -0.0580 -0.0580 0.9966
vn -0.1009 -0.1009 0.9898
vn -0.2277 0.3242 0.9182
vn 0.5288 0.5288 0.6639
vn 0.6200 0.6200 0.4808
vn -0.1761 -0.5357 -0.8258
vn -0.3449 -0.5322 -0.7732
vn -0.4561 -0.4561 -0.7642
vn -0.3523 -0.5255 -0.7744
vn 0.0743 -0.1701 -0.9826
vn 0.0539 -0.2409 -0.9690
vn -0.4498 -0.4498 -0.7715
vn -0.0047 -0.3922 -0.9199
vn -0.0173 -0.0846 -0.9963
vn -0.0558 -0.0558 -0.9969
vn 0.9204 -0.3750 0.1107
vn 0.9612 0.2753 0.0195
vn 0.9624 0.2708 0.0200
vn 0.9187 -0.3790 0.1115
vn 0.7341 0.6789 -0.0153
vn 0.7338 0.6792 -0.0152
vn -0.4793 -0.8075 0.3438
vn 0.0458 -0.9569 0.2869
vn 0.0276 -0.9569 0.2890
vn -0.4780 -0.8084 0.3435
vn 0.5992 -0.7766 0.1945
vn 0.5989 -0.7768 0.1946
vn -0.6585 -0.6585 0.3643
vn 0.7071 0.7071 -0.0060
vn -0.0097 0.3633 0.9316
vn -0.1327 0.4361 0.8901
vn 0.3995 0.3995 0.8251
vn -0.9197 -0.3809 0.0954
vn -0.8876 -0.3677 0.2774
vn -0.7988 -0.5338 0.2774
vn -0.8274 -0.5528 0.0990
vn 0.0174 0.0116 0.9998
vn 0.0193 0.0080 0.9998
vn -0.8291 -0.5540 0.0752
vn -0.9213 -0.3816 0.0752
vn 0.8315 0.5556 -0.0000
vn -0.9219 -0.3818 -0.0660
vn -0.2710 -0.1131 -0.9559
vn -0.2715 -0.1120 -0.9559
vn 0.4201 0.1238 0.8990
vn 0.6284 0.3720 0.6832
vn 0.4675 0.2854 0.8367
vn 0.4935 0.0527 0.8682
vn 0.8267 0.3447 0.4447
vn 0.7296 0.5013 0.4652
vn 0.6745 0.2786 0.6837
vn 0.0869 0.0360 0.9956
vn 0.0569 0.0244 0.9981
vn 0.1171 -0.0918 0.9889
vn 0.1301 -0.2274 0.9651
vn -0.0568 -0.1376 0.9889
vn 0.0043 -0.0707 0.9975
vn 0.1807 0.0750 0.9807
vn 0.2634 -0.0915 0.9603
vn 0.3242 -0.2277 0.9182
vn -0.2988 -0.1237 -0.9463
vn -0.5352 -0.1769 -0.8260
vn -0.5252 -0.2171 -0.8228
vn -0.5328 -0.3440 -0.7732
vn -0.5255 -0.3523 -0.7744
vn -0.1700 0.0738 -0.9827
vn -0.2407 0.0532 -0.9691
vn -0.3916 -0.0052 -0.9201
vn -0.0846 -0.0173 -0.9963
vn -0.3750 0.9204 0.1107
vn -0.3790 0.9187 0.1114
vn 0.2708 0.9624 0.0200
vn 0.2753 0.9612 0.0195
vn 0.6792 0.7338 -0.0152
vn 0.6789 0.7341 -0.0153
vn -0.8075 -0.4793 0.3438
vn -0.8084 -0.4780 0.3435
vn -0.9569 0.0276 0.2890
vn -0.9569 0.0458 0.2869
vn -0.7768 0.5989 0.1946
vn -0.7766 0.5992 0.1945
vn 0.3633 -0.0097 0.9316
vn 0.2912 0.1206 0.9490
vn 0.3711 0.1537 0.9158
vn 0.4361 -0.1327 0.8901
vn -0.9760 -0.1941 0.0990
vn -0.9423 -0.1874 0.2774
vn 0.0205 0.0041 0.9998
vn 0.0209 -0.0000 0.9998
vn -0.9780 -0.1945 0.0752
vn -0.9972 -0.0000 0.0752
vn 0.9808 0.1951 -0.0000
vn -0.9954 -0.0000 0.0954
vn -0.9608 -0.0000 0.2774
vn -0.9978 -0.0000 -0.0660
vn -0.2937 -0.0003 -0.9559
vn 0.3847 0.2095 0.8990
vn 0.3862 0.3117 0.8682
vn 0.5323 0.1287 0.8367
vn 0.7077 0.1816 0.6827
vn 0.8708 0.1619 0.4643
vn 0.0575 0.0230 0.9981
vn 0.0178 0.1479 0.9888
vn -0.0470 0.0530 0.9975
vn -0.1375 0.0571 0.9889
vn -0.0688 0.2528 0.9651
vn 0.1216 0.2511 0.9603
vn 0.0472 -0.0000 0.9989
vn -0.0820 -0.0000 0.9966
vn -0.1427 -0.0000 0.9898
vn 0.0683 0.3903 0.9182
vn 0.7478 -0.0000 0.6639
vn 0.8768 -0.0000 0.4808
vn -0.5033 -0.2543 -0.8258
vn -0.6202 -0.1325 -0.7732
vn -0.6450 -0.0000 -0.7642
vn -0.6207 -0.1225 -0.7744
vn -0.0677 -0.1729 -0.9826
vn -0.1323 -0.2085 -0.9690
vn -0.6362 -0.0000 -0.7715
vn -0.2807 -0.2740 -0.9199
vn -0.0720 -0.0476 -0.9963
vn -0.0789 -0.0000 -0.9969
vn 0.3857 -0.9160 0.1107
vn 0.8743 -0.4850 0.0195
vn 0.8720 -0.4890 0.0200
vn 0.3816 -0.9176 0.1115
vn 0.9991 -0.0390 -0.0153
vn 0.9991 -0.0386 -0.0152
vn -0.9099 -0.2321 0.3437
vn -0.6443 -0.7090 0.2869
vn -0.6571 -0.6962 0.2890
vn -0.9096 -0.2336 0.3435
vn -0.1254 -0.9728 0.1945
vn -0.1258 -0.9728 0.1946
vn -0.9313 -0.0000 0.3643
vn 1.0000 -0.0000 -0.0059
vn 0.2500 0.2638 0.9316
vn 0.2145 0.4022 0.8901
vn 0.5650 -0.0000 0.8251
vn -0.9197 0.3809 0.0954
vn -0.8876 0.3677 0.2774
vn -0.9423 0.1874 0.2774
vn -0.9760 0.1941 0.0990
vn 0.0205 -0.0041 0.9998
vn 0.0193 -0.0080 0.9998
vn -0.9780 0.1945 0.0752
vn -0.9213 0.3816 0.0752
vn 0.9808 -0.1951 -0.0000
vn -0.9219 0.3818 -0.0660
vn -0.2716 0.1116 -0.9559
vn -0.2712 0.1128 -0.9559
vn 0.3847 -0.2095 0.8990
vn 0.7074 -0.1813 0.6832
vn 0.5323 -0.1288 0.8367
vn 0.3862 -0.3117 0.8682
vn 0.8283 -0.3409 0.4447
vn 0.8704 -0.1614 0.4652
vn 0.6740 -0.2799 0.6837
vn 0.0869 -0.0360 0.9956
vn 0.0575 -0.0230 0.9981
vn 0.0179 -0.1477 0.9889
vn -0.0688 -0.2528 0.9651
vn -0.1375 -0.0571 0.9889
vn -0.0470 -0.0530 0.9975
vn 0.1808 -0.0747 0.9807
vn 0.1216 -0.2510 0.9603
vn 0.0683 -0.3903 0.9182
vn -0.2987 0.1239 -0.9463
vn -0.5035 0.2534 -0.8260
vn -0.5249 0.2179 -0.8228
vn -0.6200 0.1334 -0.7732
vn -0.6207 0.1225 -0.7744
vn -0.0680 0.1724 -0.9827
vn -0.1326 0.2078 -0.9691
vn -0.2806 0.2732 -0.9201
vn -0.0720 0.0476 -0.9963
vn 0.3857 0.9160 0.1107
vn 0.3816 0.9176 0.1115
vn 0.8720 0.4890 0.0200
vn 0.8743 0.4850 0.0195
vn 0.9991 0.0386 -0.0152
vn 0.9991 0.0390 -0.0153
vn -0.9099 0.2321 0.3437
vn -0.9096 0.2336 0.3435
vn -0.6571 0.6962 0.2890
vn -0.6443 0.7090 0.2869
vn -0.1258 0.9728 0.1946
vn -0.1254 0.9728 0.1945
vn 0.2500 -0.2638 0.9316
vn 0.2912 -0.1206 0.9490
vn 0.3711 -0.1537 0.9158
vn 0.2145 -0.4022 0.8901
vn -0.8274 0.5528 0.0990
vn -0.7988 0.5338 0.2774
vn 0.0174 -0.0116 0.9998
vn 0.0148 -0.0148 0.9998
vn -0.8291 0.5540 0.0752
vn -0.7051 0.7051 0.0752
vn 0.8315 -0.5556 -0.0000
vn -0.7039 0.7039 0.0954
vn -0.6794 0.6794 0.2774
vn -0.7056 0.7056 -0.0660
vn -0.2080 0.2080 -0.9558
vn 0.4201 -0.1238 0.8990
vn 0.4935 -0.0527 0.8682
vn 0.4675 -0.2854 0.8367
vn 0.6289 -0.3720 0.6827
vn 0.7302 -0.5013 0.4643
vn 0.0569 -0.0244 0.9981
vn 0.1172 0.0920 0.9888
vn 0.0043 0.0707 0.9975
vn -0.0568 0.1376 0.9889
vn 0.1301 0.2274 0.9651
vn 0.2635 0.0916 0.9603
vn 0.0334 -0.0334 0.9989
vn -0.0580 0.0580 0.9966
vn -0.1009 0.1009 0.9898
vn 0.3242 0.2277 0.9182
vn 0.5288 -0.5288 0.6639
vn 0.6200 -0.6200 0.4808
vn -0.5357 0.1761 -0.8258
vn -0.5322 0.3449 -0.7732
vn -0.4561 0.4561 -0.7642
vn -0.5255 0.3523 -0.7744
vn -0.1701 -0.0743 -0.9826
vn -0.2409 -0.0539 -0.9690
vn -0.4498 0.4498 -0.7715
vn -0.3922 0.0047 -0.9199
vn -0.0846 0.0173 -0.9963
vn -0.0558 0.0558 -0.9969
vn -0.3750 -0.9204 0.1107
vn 0.2753 -0.9612 0.0195
vn 0.2708 -0.9624 0.0200
vn -0.3790 -0.9187 0.1114
vn 0.6789 -0.7341 -0.0153
vn 0.6792 -0.7338 -0.0152
vn -0.8075 0.4793 0.3437
vn -0.9569 -0.0457 0.2869
vn -0.9569 -0.0276 0.2890
vn -0.8084 0.4780 0.3435
vn -0.7766 -0.5992 0.1945
vn -0.7768 -0.5989 0.1946
vn -0.6585 0.6585 0.3643
vn 0.7071 -0.7071 -0.0060
vn 0.3633 0.0097 0.9316
vn 0.4361 0.1327 0.8901
vn 0.3995 -0.3995 0.8251
vn -0.5338 0.7988 0.2774
vn -0.5528 0.8274 0.0990
vn 0.0116 -0.0174 0.9998
vn -0.5540 0.8291 0.0752
vn 0.5556 -0.8315 -0.0000
vn 0.1238 -0.4201 0.8990
vn 0.3720 -0.6284 0.6832
vn 0.2854 -0.4675 0.8367
vn 0.0527 -0.4935 0.8682
vn 0.4314 -0.7856 0.4436
vn 0.5013 -0.7296 0.4652
vn 0.0244 -0.0569 0.9981
vn -0.0918 -0.1171 0.9889
vn -0.2274 -0.1301 0.9651
vn -0.1376 0.0568 0.9889
vn -0.0707 -0.0043 0.9975
vn -0.0915 -0.2635 0.9603
vn -0.2277 -0.3242 0.9182
vn 0.0277 0.3567 -0.9338
vn -0.1769 0.5352 -0.8260
vn -0.1909 0.5350 -0.8230
vn -0.3440 0.5328 -0.7732
vn -0.3523 0.5255 -0.7744
vn 0.0738 0.1700 -0.9827
vn 0.0532 0.2407 -0.9691
vn -0.0052 0.3916 -0.9201
vn -0.0173 0.0846 -0.9963
vn 0.9204 0.3750 0.1107
vn 0.9187 0.3790 0.1114
vn 0.9624 -0.2708 0.0200
vn 0.9612 -0.2753 0.0195
vn 0.7338 -0.6792 -0.0152
vn 0.7341 -0.6789 -0.0153
vn -0.4793 0.8075 0.3438
vn -0.4780 0.8084 0.3435
vn 0.0276 0.9569 0.2890
vn 0.0458 0.9569 0.2869
vn 0.5989 0.7768 0.1946
vn 0.5992 0.7766 0.1945
vn -0.0097 -0.3633 0.9316
vn -0.1327 -0.4361 0.8901
vn -0.0000 -0.1359 -0.9907
vn 0.0265 -0.1333 -0.9907
vn 0.1099 -0.5523 -0.8264
vn -0.0000 -0.5631 -0.8264
vn 0.0520 -0.1256 -0.9907
vn 0.2155 -0.5203 -0.8264
vn 0.0755 -0.1130 -0.9907
vn 0.3129 -0.4682 -0.8264
vn 0.0961 -0.0961 -0.9907
vn 0.3982 -0.3982 -0.8264
vn 0.1130 -0.0755 -0.9907
vn 0.4682 -0.3129 -0.8264
vn 0.1256 -0.0520 -0.9907
vn 0.5203 -0.2155 -0.8264
vn 0.1333 -0.0265 -0.9907
vn 0.5523 -0.1099 -0.8264
vn 0.1359 -0.0000 -0.9907
vn 0.5631 -0.0000 -0.8264
vn 0.1333 0.0265 -0.9907
vn 0.5523 0.1099 -0.8264
vn 0.1256 0.0520 -0.9907
vn 0.5203 0.2155 -0.8264
vn 0.1130 0.0755 -0.9907
vn 0.4682 0.3129 -0.8264
vn 0.0961 0.0961 -0.9907
vn 0.3982 0.3982 -0.8264
vn 0.0755 0.1130 -0.9907
vn 0.3129 0.4682 -0.8264
vn 0.0520 0.1256 -0.9907
vn 0.2155 0.5203 -0.8264
vn 0.0265 0.1333 -0.9907
vn 0.1099 0.5523 -0.8264
vn -0.0000 0.1359 -0.9907
vn -0.0000 0.5631 -0.8264
vn -0.0265 0.1333 -0.9907
vn -0.1099 0.5523 -0.8264
vn -0.0520 0.1256 -0.9907
vn -0.2155 0.5203 -0.8264
vn -0.0755 0.1130 -0.9907
vn -0.3129 0.4682 -0.8264
vn -0.0961 0.0961 -0.9907
vn -0.3982 0.3982 -0.8264
vn -0.1130 0.0755 -0.9907
vn -0.4682 0.3129 -0.8264
vn -0.1256 0.0520 -0.9907
vn -0.5203 0.2155 -0.8264
vn -0.1333 0.0265 -0.9907
vn -0.5523 0.1099 -0.8264
vn -0.1359 -0.0000 -0.9907
vn -0.5631 -0.0000 -0.8264
vn -0.1333 -0.0265 -0.9907
vn -0.5523 -0.1099 -0.8264
vn -0.1256 -0.0520 -0.9907
vn -0.5203 -0.2155 -0.8264
vn -0.1130 -0.0755 -0.9907
vn -0.4682 -0.3129 -0.8264
vn -0.0961 -0.0961 -0.9907
vn -0.3982 -0.3982 -0.8264
vn -0.0755 -0.1130 -0.9907
vn -0.3129 -0.4682 -0.8264
vn -0.0520 -0.1256 -0.9907
vn -0.2155 -0.5203 -0.8264
vn -0.0265 -0.1333 -0.9907
vn -0.1099 -0.5523 -0.8264
vn -0.0000 0.7095 -0.7047
vn -0.1384 0.6959 -0.7047
vn -0.0736 0.3699 -0.9261
vn -0.0000 0.3772 -0.9261
vn -0.2715 0.6555 -0.7047
vn -0.1443 0.3485 -0.9261
vn -0.3942 0.5899 -0.7047
vn -0.2095 0.3136 -0.9261
vn -0.5017 0.5017 -0.7047
vn -0.2667 0.2667 -0.9261
vn -0.5899 0.3942 -0.7047
vn -0.3136 0.2095 -0.9261
vn -0.6555 0.2715 -0.7047
vn -0.3485 0.1443 -0.9261
vn -0.6959 0.1384 -0.7047
vn -0.3699 0.0736 -0.9261
vn -0.7095 -0.0000 -0.7047
vn -0.3772 -0.0000 -0.9261
vn -0.6959 -0.1384 -0.7047
vn -0.3699 -0.0736 -0.9261
vn -0.6555 -0.2715 -0.7047
vn -0.3485 -0.1443 -0.9261
vn -0.5899 -0.3942 -0.7047
vn -0.3136 -0.2095 -0.9261
vn -0.5017 -0.5017 -0.7047
vn -0.2667 -0.2667 -0.9261
vn -0.3942 -0.5899 -0.7047
vn -0.2095 -0.3136 -0.9261
vn -0.2715 -0.6555 -0.7047
vn -0.1443 -0.3485 -0.9261
vn -0.1384 -0.6959 -0.7047
vn -0.0736 -0.3699 -0.9261
vn -0.0000 -0.7095 -0.7047
vn -0.0000 -0.3772 -0.9261
vn 0.1384 -0.6959 -0.7047
vn 0.0736 -0.3699 -0.9261
vn 0.2715 -0.6555 -0.7047
vn 0.1443 -0.3485 -0.9261
vn 0.3942 -0.5899 -0.7047
vn 0.2095 -0.3136 -0.9261
vn 0.5017 -0.5017 -0.7047
vn 0.2667 -0.2667 -0.9261
vn 0.5899 -0.3942 -0.7047
vn 0.3136 -0.2095 -0.9261
vn 0.6555 -0.2715 -0.7047
vn 0.3485 -0.1443 -0.9261
vn 0.6959 -0.1384 -0.7047
vn 0.3699 -0.0736 -0.9261
vn 0.7095 -0.0000 -0.7047
vn 0.3772 -0.0000 -0.9261
vn 0.6959 0.1384 -0.7047
vn 0.3699 0.0736 -0.9261
vn 0.6555 0.2715 -0.7047
vn 0.3485 0.1443 -0.9261
vn 0.5899 0.3942 -0.7047
vn 0.3136 0.2095 -0.9261
vn 0.5017 0.5017 -0.7047
vn 0.2667 0.2667 -0.9261
vn 0.3942 0.5899 -0.7047
vn 0.2095 0.3136 -0.9261
vn 0.2715 0.6555 -0.7047
vn 0.1443 0.3485 -0.9261
vn 0.1384 0.6959 -0.7047
vn 0.0736 0.3699 -0.9261
vn -0.0000 -0.9956 0.0942
vn -0.0000 -0.9956 -0.0941
vn 0.1942 -0.9764 -0.0941
vn 0.1942 -0.9764 0.0942
vn 0.3810 -0.9198 -0.0941
vn 0.3810 -0.9198 0.0942
vn 0.5531 -0.8278 -0.0941
vn 0.5531 -0.8278 0.0942
vn 0.7040 -0.7040 -0.0941
vn 0.7040 -0.7040 0.0941
vn 0.8278 -0.5531 -0.0941
vn 0.8278 -0.5531 0.0942
vn 0.9198 -0.3810 -0.0941
vn 0.9198 -0.3810 0.0942
vn 0.9764 -0.1942 -0.0941
vn 0.9764 -0.1942 0.0942
vn 0.9956 -0.0000 -0.0941
vn 0.9956 -0.0000 0.0942
vn 0.9764 0.1942 -0.0941
vn 0.9764 0.1942 0.0942
vn 0.9198 0.3810 -0.0941
vn 0.9198 0.3810 0.0942
vn 0.8278 0.5531 -0.0941
vn 0.8278 0.5531 0.0942
vn 0.7040 0.7040 -0.0941
vn 0.7040 0.7040 0.0942
vn 0.5531 0.8278 -0.0941
vn 0.5531 0.8278 0.0941
vn 0.3810 0.9198 -0.0941
vn 0.3810 0.9198 0.0941
vn 0.1942 0.9764 -0.0941
vn 0.1942 0.9764 0.0942
vn -0.0000 0.9956 -0.0941
vn -0.0000 0.9956 0.0942
vn -0.1942 0.9764 -0.0941
vn -0.1942 0.9764 0.0942
vn -0.3810 0.9198 -0.0941
vn -0.3810 0.9198 0.0942
vn -0.5531 0.8278 -0.0941
vn -0.5531 0.8278 0.0942
vn -0.7040 0.7040 -0.0941
vn -0.7040 0.7040 0.0942
vn -0.8278 0.5531 -0.0941
vn -0.8278 0.5531 0.0942
vn -0.9198 0.3810 -0.0941
vn -0.9198 0.3810 0.0942
vn -0.9764 0.1942 -0.0941
vn -0.9764 0.1942 0.0942
vn -0.9956 -0.0000 -0.0941
vn -0.9956 -0.0000 0.0942
vn -0.9764 -0.1942 -0.0941
vn -0.9764 -0.1942 0.0942
vn -0.9198 -0.3810 -0.0941
vn -0.9198 -0.3810 0.0942
vn -0.8278 -0.5531 -0.0941
vn -0.8278 -0.5531 0.0942
vn -0.7040 -0.7040 -0.0941
vn -0.7040 -0.7040 0.0942
vn -0.5531 -0.8278 -0.0941
vn -0.5531 -0.8278 0.0941
vn -0.3810 -0.9198 -0.0941
vn -0.3810 -0.9198 0.0941
vn -0.1942 -0.9764 -0.0941
vn -0.1942 -0.9764 0.0941
vn -0.0000 -0.9083 -0.4183
vn 0.1772 -0.8908 -0.4183
vn 0.3476 -0.8392 -0.4183
vn 0.5046 -0.7552 -0.4183
vn 0.6423 -0.6423 -0.4183
vn 0.7552 -0.5046 -0.4183
vn 0.8392 -0.3476 -0.4183
vn 0.8908 -0.1772 -0.4183
vn 0.9083 -0.0000 -0.4183
vn 0.8908 0.1772 -0.4183
vn 0.8392 0.3476 -0.4183
vn 0.7552 0.5046 -0.4183
vn 0.6423 0.6423 -0.4183
vn 0.5046 0.7552 -0.4183
vn 0.3476 0.8392 -0.4183
vn 0.1772 0.8908 -0.4183
vn -0.0000 0.9083 -0.4183
vn -0.1772 0.8908 -0.4183
vn -0.3476 0.8392 -0.4183
vn -0.5046 0.7552 -0.4183
vn -0.6423 0.6423 -0.4183
vn -0.7552 0.5046 -0.4183
vn -0.8392 0.3476 -0.4183
vn -0.8908 0.1772 -0.4183
vn -0.9083 -0.0000 -0.4183
vn -0.8908 -0.1772 -0.4183
vn -0.8392 -0.3476 -0.4183
vn -0.7552 -0.5046 -0.4183
vn -0.6423 -0.6423 -0.4183
vn -0.5046 -0.7552 -0.4183
vn -0.3476 -0.8392 -0.4183
vn -0.1772 -0.8908 -0.4183
vn -0.0000 -0.1424 0.9898
vn -0.0000 -0.5631 0.8264
vn 0.1099 -0.5523 0.8264
vn 0.0278 -0.1397 0.9898
vn 0.2155 -0.5203 0.8264
vn 0.0545 -0.1316 0.9898
vn 0.3129 -0.4682 0.8264
vn 0.0791 -0.1184 0.9898
vn 0.3982 -0.3982 0.8264
vn 0.1007 -0.1007 0.9898
vn 0.4682 -0.3129 0.8264
vn 0.1184 -0.0791 0.9898
vn 0.5203 -0.2155 0.8264
vn 0.1316 -0.0545 0.9898
vn 0.5523 -0.1099 0.8264
vn 0.1397 -0.0278 0.9898
vn 0.5631 -0.0000 0.8264
vn 0.1424 -0.0000 0.9898
vn 0.5523 0.1099 0.8264
vn 0.1397 0.0278 0.9898
vn 0.5203 0.2155 0.8264
vn 0.1316 0.0545 0.9898
vn 0.4682 0.3129 0.8264
vn 0.1184 0.0791 0.9898
vn 0.3982 0.3982 0.8264
vn 0.1007 0.1007 0.9898
vn 0.3129 0.4682 0.8264
vn 0.0791 0.1184 0.9898
vn 0.2155 0.5203 0.8264
vn 0.0545 0.1316 0.9898
vn 0.1099 0.5523 0.8264
vn 0.0278 0.1397 0.9898
vn -0.0000 0.5631 0.8264
vn -0.0000 0.1424 0.9898
vn -0.1099 0.5523 0.8264
vn -0.0278 0.1397 0.9898
vn -0.2155 0.5203 0.8264
vn -0.0545 0.1316 0.9898
vn -0.3129 0.4682 0.8264
vn -0.0791 0.1184 0.9898
vn -0.3982 0.3982 0.8264
vn -0.1007 0.1007 0.9898
vn -0.4682 0.3129 0.8264
vn -0.1184 0.0791 0.9898
vn -0.5203 0.2155 0.8264
vn -0.1316 0.0545 0.9898
vn -0.5523 0.1099 0.8264
vn -0.1397 0.0278 0.9898
vn -0.5631 -0.0000 0.8264
vn -0.1424 -0.0000 0.9898
vn -0.5523 -0.1099 0.8264
vn -0.1397 -0.0278 0.9898
vn -0.5203 -0.2155 0.8264
vn -0.1316 -0.0545 0.9898
vn -0.4682 -0.3129 0.8264
vn -0.1184 -0.0791 0.9898
vn -0.3982 -0.3982 0.8264
vn -0.1007 -0.1007 0.9898
vn -0.3129 -0.4682 0.8264
vn -0.0791 -0.1184 0.9898
vn -0.2155 -0.5203 0.8264
vn -0.0545 -0.1316 0.9898
vn -0.1099 -0.5523 0.8264
vn -0.0278 -0.1397 0.9898
vn -0.0000 0.6668 0.7452
vn -0.0000 0.3441 0.9389
vn -0.0671 0.3375 0.9389
vn -0.1301 0.6540 0.7452
vn -0.1317 0.3179 0.9389
vn -0.2552 0.6161 0.7452
vn -0.1912 0.2861 0.9389
vn -0.3705 0.5545 0.7452
vn -0.2433 0.2433 0.9389
vn -0.4715 0.4715 0.7452
vn -0.2861 0.1912 0.9389
vn -0.5545 0.3705 0.7452
vn -0.3179 0.1317 0.9389
vn -0.6161 0.2552 0.7452
vn -0.3375 0.0671 0.9389
vn -0.6540 0.1301 0.7452
vn -0.3441 -0.0000 0.9389
vn -0.6668 -0.0000 0.7452
vn -0.3375 -0.0671 0.9389
vn -0.6540 -0.1301 0.7452
vn -0.3179 -0.1317 0.9389
vn -0.6161 -0.2552 0.7452
vn -0.2861 -0.1912 0.9389
vn -0.5545 -0.3705 0.7452
vn -0.2433 -0.2433 0.9389
vn -0.4715 -0.4715 0.7452
vn -0.1912 -0.2861 0.9389
vn -0.3705 -0.5545 0.7452
vn -0.1317 -0.3179 0.9389
vn -0.2552 -0.6161 0.7452
vn -0.0671 -0.3375 0.9389
vn -0.1301 -0.6540 0.7452
vn -0.0000 -0.3441 0.9389
vn -0.0000 -0.6668 0.7452
vn 0.0671 -0.3375 0.9389
vn 0.1301 -0.6540 0.7452
vn 0.1317 -0.3179 0.9389
vn 0.2552 -0.6161 0.7452
vn 0.1912 -0.2861 0.9389
vn 0.3705 -0.5545 0.7452
vn 0.2433 -0.2433 0.9389
vn 0.4715 -0.4715 0.7452
vn 0.2861 -0.1912 0.9389
vn 0.5545 -0.3705 0.7452
vn 0.3179 -0.1317 0.9389
vn 0.6161 -0.2552 0.7452
vn 0.3375 -0.0671 0.9389
vn 0.6540 -0.1301 0.7452
vn 0.3441 -0.0000 0.9389
vn 0.6668 -0.0000 0.7452
vn 0.3375 0.0671 0.9389
vn 0.6540 0.1301 0.7452
vn 0.3179 0.1317 0.9389
vn 0.6161 0.2552 0.7452
vn 0.2861 0.1912 0.9389
vn 0.5545 0.3705 0.7452
vn 0.2433 0.2433 0.9389
vn 0.4715 0.4715 0.7452
vn 0.1912 0.2861 0.9389
vn 0.3705 0.5545 0.7452
vn 0.1317 0.3179 0.9389
vn 0.2552 0.6161 0.7452
vn 0.0671 0.3375 0.9389
vn 0.1301 0.6540 0.7452
vn 0.1772 -0.8908 0.4184
vn -0.0000 -0.9083 0.4184
vn 0.3476 -0.8391 0.4184
vn 0.5046 -0.7552 0.4184
vn 0.6422 -0.6422 0.4184
vn 0.7552 -0.5046 0.4184
vn 0.8391 -0.3476 0.4184
vn 0.8908 -0.1772 0.4184
vn 0.9083 -0.0000 0.4184
vn 0.8908 0.1772 0.4184
vn 0.8391 0.3476 0.4184
vn 0.7552 0.5046 0.4184
vn 0.6422 0.6422 0.4184
vn 0.5046 0.7552 0.4184
vn 0.3476 0.8391 0.4184
vn 0.1772 0.8908 0.4184
vn -0.0000 0.9083 0.4184
vn -0.1772 0.8908 0.4184
vn -0.3476 0.8391 0.4184
vn -0.5046 0.7552 0.4184
vn -0.6422 0.6422 0.4184
vn -0.7552 0.5046 0.4184
vn -0.8391 0.3476 0.4184
vn -0.8908 0.1772 0.4184
vn -0.9083 -0.0000 0.4184
vn -0.8908 -0.1772 0.4184
vn -0.8391 -0.3476 0.4184
vn -0.7552 -0.5046 0.4184
vn -0.6422 -0.6422 0.4184
vn -0.5046 -0.7552 0.4184
vn -0.3476 -0.8391 0.4184
vn -0.1772 -0.8908 0.4184
vn 0.3947 0.9138 0.0954
vn 0.5652 0.8190 0.0990
vn 0.5457 0.7907 0.2774
vn 0.3810 0.8820 0.2774
vn -0.0119 -0.0172 0.9998
vn -0.0150 -0.0146 0.9998
vn -0.0083 -0.0192 0.9998
vn 0.5664 0.8207 0.0752
vn 0.7156 0.6944 0.0752
vn 0.3954 0.9154 0.0752
vn -0.7177 -0.6964 -0.0000
vn -0.5680 -0.8230 -0.0000
vn -0.3966 -0.9180 -0.0000
vn 0.7144 0.6932 0.0954
vn 0.6895 0.6691 0.2774
vn 0.3957 0.9160 -0.0660
vn 0.7161 0.6949 -0.0660
vn 0.2105 0.2042 -0.9560
vn 0.1161 0.2698 -0.9559
vn 0.1172 0.2693 -0.9559
vn -0.1302 -0.4182 0.8990
vn -0.0601 -0.4926 0.8682
vn -0.2924 -0.4631 0.8367
vn -0.3814 -0.6227 0.6832
vn -0.4432 -0.7790 0.4436
vn -0.2885 -0.6678 0.6861
vn -0.5122 -0.7220 0.4652
vn -0.0253 -0.0566 0.9981
vn -0.0373 -0.0864 0.9956
vn 0.0902 -0.1186 0.9888
vn 0.0706 -0.0054 0.9975
vn 0.1385 0.0548 0.9889
vn 0.2254 -0.1335 0.9651
vn 0.0876 -0.2648 0.9603
vn -0.0774 -0.1796 0.9807
vn -0.0339 -0.0329 0.9989
vn 0.0589 0.0571 0.9966
vn 0.1024 0.0994 0.9898
vn 0.2228 -0.3276 0.9182
vn -0.5367 -0.5208 0.6639
vn -0.6293 -0.6106 0.4808
vn -0.0223 0.3571 -0.9338
vn 0.1989 0.5321 -0.8230
vn 0.1849 0.5325 -0.8260
vn 0.3520 0.5275 -0.7732
vn 0.4629 0.4492 -0.7642
vn 0.3601 0.5201 -0.7744
vn -0.0712 0.1710 -0.9827
vn -0.0495 0.2415 -0.9691
vn 0.4566 0.4430 -0.7715
vn 0.0111 0.3914 -0.9201
vn 0.0185 0.0843 -0.9963
vn 0.0566 0.0550 -0.9969
vn -0.9146 0.3888 0.1107
vn -0.9652 -0.2608 0.0195
vn -0.9664 -0.2563 0.0200
vn -0.9129 0.3927 0.1115
vn -0.7442 -0.6678 -0.0153
vn -0.7439 -0.6681 -0.0152
vn 0.4914 0.8002 0.3437
vn -0.0314 0.9575 0.2869
vn -0.0132 0.9572 0.2890
vn 0.4902 0.8011 0.3435
vn -0.5875 0.7855 0.1945
vn -0.5871 0.7858 0.1946
vn 0.6684 0.6485 0.3643
vn -0.7177 -0.6964 -0.0060
vn 0.0043 -0.3634 0.9316
vn -0.1250 -0.2894 0.9490
vn -0.1593 -0.3687 0.9158
vn 0.1261 -0.4380 0.8901
vn -0.4055 -0.3935 0.8251
vn 0.9253 0.3671 0.0954
vn 0.8931 0.3543 0.2774
vn 0.8068 0.5217 0.2774
vn 0.8356 0.5403 0.0990
vn -0.0176 -0.0114 0.9998
vn -0.0194 -0.0077 0.9998
vn 0.8374 0.5415 0.0752
vn 0.9269 0.3677 0.0752
vn -0.8397 -0.5430 -0.0000
vn -0.9295 -0.3687 -0.0000
vn 0.9275 0.3679 -0.0660
vn 0.2722 0.1091 -0.9560
vn 0.2726 0.1080 -0.9560
vn -0.4220 -0.1175 0.8990
vn -0.6339 -0.3625 0.6832
vn -0.4717 -0.2783 0.8367
vn -0.4942 -0.0453 0.8682
vn -0.8318 -0.3322 0.4447
vn -0.7371 -0.4903 0.4652
vn -0.6786 -0.2685 0.6837
vn -0.0875 -0.0347 0.9956
vn -0.0573 -0.0235 0.9981
vn -0.1157 0.0936 0.9889
vn -0.1267 0.2293 0.9651
vn 0.0589 0.1368 0.9889
vn -0.0032 0.0708 0.9975
vn -0.1818 -0.0722 0.9807
vn -0.2620 0.0954 0.9603
vn -0.3208 0.2325 0.9182
vn 0.3007 0.1191 -0.9463
vn 0.5378 0.1688 -0.8260
vn 0.5284 0.2091 -0.8228
vn 0.5379 0.3360 -0.7732
vn 0.5307 0.3443 -0.7744
vn 0.1688 -0.0763 -0.9827
vn 0.2399 -0.0568 -0.9691
vn 0.3916 -0.0007 -0.9201
vn 0.0848 0.0160 -0.9963
vn 0.3611 -0.9259 0.1107
vn 0.3651 -0.9243 0.1115
vn -0.2853 -0.9582 0.0200
vn -0.2897 -0.9569 0.0195
vn -0.6902 -0.7235 -0.0152
vn -0.6899 -0.7238 -0.0153
vn 0.8147 0.4671 0.3437
vn 0.8155 0.4658 0.3435
vn 0.9564 -0.0420 0.2890
vn 0.9561 -0.0602 0.2869
vn 0.7677 -0.6105 0.1946
vn 0.7675 -0.6108 0.1945
vn -0.3631 0.0152 0.9316
vn -0.2930 -0.1162 0.9490
vn -0.3734 -0.1481 0.9158
vn -0.4340 0.1392 0.8901
vn 0.9788 0.1794 0.0990
vn 0.9450 0.1732 0.2774
vn -0.0206 -0.0038 0.9998
vn -0.0209 0.0003 0.9998
vn 0.9808 0.1798 0.0752
vn 0.9971 -0.0150 0.0752
vn -0.9999 0.0151 -0.0000
vn -0.9836 -0.1803 -0.0000
vn 0.9953 -0.0150 0.0954
vn 0.9606 -0.0145 0.2774
vn 0.9977 -0.0150 -0.0660
vn 0.2937 -0.0026 -0.9559
vn 0.2937 -0.0050 -0.9559
vn -0.3878 -0.2037 0.8990
vn -0.3908 -0.3058 0.8682
vn -0.5342 -0.1207 0.8367
vn -0.7104 -0.1710 0.6827
vn -0.8731 -0.1488 0.4643
vn -0.0579 -0.0221 0.9981
vn -0.0201 -0.1476 0.9888
vn 0.0462 -0.0537 0.9975
vn 0.1366 -0.0592 0.9889
vn 0.0650 -0.2538 0.9651
vn -0.1253 -0.2492 0.9603
vn -0.0472 0.0007 0.9989
vn 0.0820 -0.0012 0.9966
vn 0.1427 -0.0021 0.9898
vn -0.0741 -0.3892 0.9182
vn -0.7478 0.0113 0.6639
vn -0.8767 0.0132 0.4808
vn 0.5071 0.2467 -0.8258
vn 0.6221 0.1231 -0.7732
vn 0.6449 -0.0097 -0.7642
vn 0.6225 0.1131 -0.7744
vn 0.0703 0.1718 -0.9826
vn 0.1354 0.2064 -0.9690
vn 0.6361 -0.0096 -0.7715
vn 0.2848 0.2697 -0.9199
vn 0.0727 0.0465 -0.9963
vn 0.0789 -0.0012 -0.9969
vn -0.3718 0.9217 0.1107
vn -0.8669 0.4981 0.0195
vn -0.8646 0.5021 0.0200
vn -0.3678 0.9232 0.1115
vn -0.9984 0.0541 -0.0153
vn -0.9984 0.0536 -0.0152
vn 0.9133 0.2184 0.3438
vn 0.6548 0.6992 0.2869
vn 0.6675 0.6862 0.2890
vn 0.9130 0.2199 0.3435
vn 0.1400 0.9708 0.1945
vn 0.1405 0.9708 0.1946
vn 0.9312 -0.0140 0.3643
vn -0.9999 0.0150 -0.0060
vn -0.2540 -0.2600 0.9316
vn -0.2205 -0.3989 0.8901
vn -0.5650 0.0085 0.8251
vn 0.9138 -0.3947 0.0954
vn 0.8820 -0.3810 0.2774
vn 0.9394 -0.2016 0.2774
vn 0.9729 -0.2088 0.0990
vn -0.0205 0.0044 0.9998
vn -0.0192 0.0083 0.9998
vn 0.9750 -0.2092 0.0752
vn 0.9154 -0.3954 0.0752
vn -0.9777 0.2098 -0.0000
vn -0.9180 0.3965 -0.0000
vn 0.9160 -0.3957 -0.0660
vn 0.2704 -0.1156 -0.9558
vn 0.2700 -0.1167 -0.9558
vn -0.3815 0.2153 0.8990
vn -0.7046 0.1919 0.6832
vn -0.5303 0.1367 0.8367
vn -0.3815 0.3175 0.8682
vn -0.8231 0.3533 0.4447
vn -0.8678 0.1745 0.4652
vn -0.6697 0.2900 0.6837
vn -0.0864 0.0373 0.9956
vn -0.0572 0.0239 0.9981
vn -0.0156 0.1480 0.9889
vn 0.0726 0.2517 0.9651
vn 0.1384 0.0551 0.9889
vn 0.0478 0.0523 0.9975
vn -0.1796 0.0774 0.9807
vn -0.1178 0.2528 0.9603
vn -0.0624 0.3912 0.9182
vn 0.2968 -0.1283 -0.9463
vn 0.4996 -0.2609 -0.8260
vn 0.5215 -0.2257 -0.8228
vn 0.6179 -0.1428 -0.7732
vn 0.6188 -0.1318 -0.7744
vn 0.0654 -0.1734 -0.9827
vn 0.1294 -0.2098 -0.9691
vn 0.2764 -0.2774 -0.9201
vn 0.0713 -0.0487 -0.9963
vn -0.3994 -0.9101 0.1107
vn -0.3954 -0.9117 0.1115
vn -0.8793 -0.4758 0.0200
vn -0.8815 -0.4718 0.0195
vn -0.9996 -0.0236 -0.0152
vn -0.9996 -0.0240 -0.0153
vn 0.9063 -0.2458 0.3438
vn 0.9060 -0.2472 0.3435
vn 0.6466 -0.7060 0.2891
vn 0.6335 -0.7186 0.2869
vn 0.1112 -0.9746 0.1946
vn 0.1108 -0.9746 0.1946
vn -0.2460 0.2675 0.9316
vn -0.2894 0.1250 0.9490
vn -0.3687 0.1593 0.9158
vn -0.2084 0.4054 0.8901
vn 0.8190 -0.5652 0.0990
vn 0.7907 -0.5457 0.2774
vn -0.0172 0.0119 0.9998
vn -0.0146 0.0150 0.9998
vn 0.8207 -0.5664 0.0752
vn 0.6944 -0.7156 0.0752
vn -0.6964 0.7177 -0.0000
vn -0.8230 0.5680 -0.0000
vn 0.6932 -0.7144 0.0954
vn 0.6691 -0.6895 0.2774
vn 0.6949 -0.7161 -0.0660
vn 0.2047 -0.2106 -0.9559
vn 0.2047 -0.2105 -0.9559
vn -0.4182 0.1302 0.8990
vn -0.4926 0.0601 0.8682
vn -0.4631 0.2924 0.8367
vn -0.6232 0.3814 0.6827
vn -0.7226 0.5122 0.4643
vn -0.0566 0.0253 0.9981
vn -0.1186 -0.0902 0.9888
vn -0.0054 -0.0706 0.9975
vn 0.0548 -0.1385 0.9889
vn -0.1335 -0.2254 0.9651
vn -0.2648 -0.0876 0.9603
vn -0.0329 0.0339 0.9989
vn 0.0571 -0.0589 0.9966
vn 0.0994 -0.1024 0.9898
vn -0.3276 -0.2228 0.9182
vn -0.5208 0.5367 0.6639
vn -0.6106 0.6293 0.4808
vn 0.5330 -0.1841 -0.8258
vn 0.5270 -0.3528 -0.7732
vn 0.4492 -0.4629 -0.7642
vn 0.5201 -0.3601 -0.7744
vn 0.1712 0.0718 -0.9826
vn 0.2417 0.0503 -0.9690
vn 0.4430 -0.4566 -0.7715
vn 0.3921 -0.0106 -0.9199
vn 0.0843 -0.0185 -0.9963
vn 0.0550 -0.0566 -0.9969
vn 0.3888 0.9146 0.1107
vn -0.2608 0.9652 0.0195
vn -0.2563 0.9664 0.0200
vn 0.3927 0.9129 0.1115
vn -0.6678 0.7442 -0.0153
vn -0.6681 0.7439 -0.0152
vn 0.8002 -0.4914 0.3437
vn 0.9575 0.0314 0.2869
vn 0.9572 0.0132 0.2890
vn 0.8011 -0.4902 0.3435
vn 0.7855 0.5875 0.1945
vn 0.7857 0.5871 0.1946
vn 0.6485 -0.6684 0.3643
vn -0.6964 0.7177 -0.0059
vn -0.3634 -0.0043 0.9316
vn -0.4380 -0.1261 0.8901
vn -0.3935 0.4055 0.8251
vn 0.3671 -0.9253 0.0954
vn 0.3543 -0.8931 0.2774
vn 0.5217 -0.8068 0.2774
vn 0.5403 -0.8356 0.0990
vn -0.0114 0.0176 0.9998
vn -0.0077 0.0194 0.9998
vn 0.5415 -0.8374 0.0752
vn 0.3677 -0.9269 0.0752
vn -0.5430 0.8397 -0.0000
vn -0.3687 0.9295 -0.0000
vn 0.3679 -0.9275 -0.0660
vn 0.1091 -0.2722 -0.9560
vn 0.1080 -0.2726 -0.9560
vn -0.1175 0.4220 0.8990
vn -0.3625 0.6339 0.6832
vn -0.2783 0.4717 0.8367
vn -0.0453 0.4942 0.8682
vn -0.3322 0.8318 0.4447
vn -0.4903 0.7371 0.4652
vn -0.2684 0.6786 0.6837
vn -0.0347 0.0875 0.9956
vn -0.0235 0.0573 0.9981
vn 0.0936 0.1157 0.9889
vn 0.2293 0.1267 0.9651
vn 0.1368 -0.0589 0.9889
vn 0.0708 0.0032 0.9975
vn -0.0722 0.1818 0.9807
vn 0.0954 0.2620 0.9603
vn 0.2325 0.3208 0.9182
vn 0.1191 -0.3007 -0.9463
vn 0.1688 -0.5378 -0.8260
vn 0.2091 -0.5284 -0.8228
vn 0.3360 -0.5379 -0.7732
vn 0.3443 -0.5307 -0.7744
vn -0.0764 -0.1688 -0.9827
vn -0.0568 -0.2399 -0.9691
vn -0.0007 -0.3916 -0.9201
vn 0.0160 -0.0848 -0.9963
vn -0.9259 -0.3611 0.1107
vn -0.9243 -0.3651 0.1115
vn -0.9582 0.2853 0.0200
vn -0.9569 0.2897 0.0195
vn -0.7235 0.6902 -0.0152
vn -0.7238 0.6899 -0.0153
vn 0.4671 -0.8147 0.3437
vn 0.4658 -0.8155 0.3435
vn -0.0420 -0.9564 0.2890
vn -0.0602 -0.9561 0.2869
vn -0.6105 -0.7677 0.1946
vn -0.6108 -0.7675 0.1945
vn 0.0152 0.3631 0.9316
vn -0.1162 0.2930 0.9490
vn -0.1481 0.3734 0.9158
vn 0.1393 0.4340 0.8901
vn 0.1794 -0.9788 0.0990
vn 0.1732 -0.9450 0.2774
vn -0.0038 0.0206 0.9998
vn 0.0003 0.0209 0.9998
vn 0.1798 -0.9808 0.0752
vn -0.0150 -0.9971 0.0752
vn 0.0151 0.9999 -0.0000
vn -0.1803 0.9836 -0.0000
vn -0.0150 -0.9953 0.0954
vn -0.0145 -0.9606 0.2774
vn -0.0150 -0.9977 -0.0660
vn -0.0026 -0.2937 -0.9559
vn -0.0050 -0.2937 -0.9559
vn -0.2037 0.3878 0.8990
vn -0.3058 0.3908 0.8682
vn -0.1207 0.5342 0.8367
vn -0.1710 0.7104 0.6827
vn -0.1488 0.8731 0.4643
vn -0.0221 0.0579 0.9981
vn -0.1476 0.0201 0.9888
vn -0.0537 -0.0462 0.9975
vn -0.0592 -0.1366 0.9889
vn -0.2538 -0.0650 0.9651
vn -0.2492 0.1253 0.9603
vn 0.0007 0.0472 0.9989
vn -0.0012 -0.0820 0.9966
vn -0.0021 -0.1427 0.9898
vn -0.3892 0.0741 0.9182
vn 0.0113 0.7478 0.6639
vn 0.0132 0.8767 0.4808
vn 0.2467 -0.5071 -0.8258
vn 0.1231 -0.6221 -0.7732
vn -0.0097 -0.6449 -0.7642
vn 0.1131 -0.6225 -0.7744
vn 0.1718 -0.0703 -0.9826
vn 0.2064 -0.1354 -0.9690
vn -0.0096 -0.6361 -0.7715
vn 0.2698 -0.2848 -0.9199
vn 0.0465 -0.0727 -0.9963
vn -0.0012 -0.0789 -0.9969
vn 0.9217 0.3718 0.1107
vn 0.4981 0.8669 0.0195
vn 0.5021 0.8646 0.0200
vn 0.9232 0.3678 0.1114
vn 0.0541 0.9984 -0.0153
vn 0.0536 0.9984 -0.0152
vn 0.2184 -0.9133 0.3438
vn 0.6992 -0.6549 0.2869
vn 0.6862 -0.6675 0.2890
vn 0.2199 -0.9130 0.3435
vn 0.9708 -0.1400 0.1945
vn 0.9708 -0.1405 0.1946
vn -0.0140 -0.9312 0.3643
vn 0.0151 0.9999 -0.0060
vn -0.2600 0.2540 0.9316
vn -0.3989 0.2206 0.8901
vn 0.0085 0.5650 0.8251
vn -0.3947 -0.9138 0.0954
vn -0.3810 -0.8820 0.2774
vn -0.2016 -0.9394 0.2774
vn -0.2088 -0.9729 0.0990
vn 0.0044 0.0205 0.9998
vn 0.0083 0.0192 0.9998
vn -0.2092 -0.9750 0.0752
vn -0.3954 -0.9154 0.0752
vn 0.2098 0.9777 -0.0000
vn 0.3965 0.9180 -0.0000
vn -0.3957 -0.9160 -0.0660
vn -0.1152 -0.2701 -0.9559
vn -0.1163 -0.2697 -0.9559
vn 0.2153 0.3815 0.8990
vn 0.1919 0.7046 0.6832
vn 0.1367 0.5303 0.8367
vn 0.3175 0.3815 0.8682
vn 0.3533 0.8231 0.4447
vn 0.1745 0.8678 0.4652
vn 0.2900 0.6697 0.6837
vn 0.0373 0.0864 0.9956
vn 0.0239 0.0572 0.9981
vn 0.1480 0.0156 0.9889
vn 0.2517 -0.0726 0.9651
vn 0.0551 -0.1384 0.9889
vn 0.0523 -0.0478 0.9975
vn 0.0774 0.1796 0.9807
vn 0.2528 0.1178 0.9603
vn 0.3912 0.0624 0.9182
vn -0.1283 -0.2968 -0.9463
vn -0.2609 -0.4996 -0.8260
vn -0.2257 -0.5215 -0.8228
vn -0.1428 -0.6179 -0.7732
vn -0.1318 -0.6188 -0.7744
vn -0.1734 -0.0654 -0.9827
vn -0.2098 -0.1295 -0.9691
vn -0.2774 -0.2764 -0.9201
vn -0.0487 -0.0713 -0.9963
vn -0.9101 0.3994 0.1107
vn -0.9117 0.3954 0.1114
vn -0.4759 0.8793 0.0200
vn -0.4718 0.8815 0.0195
vn -0.0236 0.9996 -0.0152
vn -0.0240 0.9996 -0.0153
vn -0.2458 -0.9063 0.3438
vn -0.2472 -0.9060 0.3435
vn -0.7060 -0.6466 0.2890
vn -0.7186 -0.6335 0.2869
vn -0.9746 -0.1112 0.1946
vn -0.9746 -0.1108 0.1945
vn 0.2675 0.2460 0.9316
vn 0.1250 0.2894 0.9490
vn 0.1593 0.3687 0.9158
vn 0.4054 0.2084 0.8901
vn -0.5652 -0.8190 0.0990
vn -0.5457 -0.7907 0.2774
vn 0.0119 0.0172 0.9998
vn 0.0150 0.0146 0.9998
vn -0.5664 -0.8207 0.0752
vn -0.7156 -0.6944 0.0752
vn 0.7177 0.6964 -0.0000
vn 0.5680 0.8230 -0.0000
vn -0.7144 -0.6932 0.0954
vn -0.6895 -0.6691 0.2774
vn -0.7161 -0.6949 -0.0660
vn -0.2095 -0.2058 -0.9559
vn -0.2112 -0.2041 -0.9559
vn 0.1302 0.4182 0.8990
vn 0.0601 0.4926 0.8682
vn 0.2924 0.4631 0.8367
vn 0.3814 0.6232 0.6827
vn 0.5122 0.7226 0.4643
vn 0.0253 0.0566 0.9981
vn -0.0902 0.1186 0.9888
vn -0.0706 0.0054 0.9975
vn -0.1385 -0.0548 0.9889
vn -0.2254 0.1335 0.9651
vn -0.0876 0.2648 0.9603
vn 0.0339 0.0329 0.9989
vn -0.0589 -0.0571 0.9966
vn -0.1024 -0.0994 0.9898
vn -0.2228 0.3276 0.9182
vn 0.5367 0.5208 0.6639
vn 0.6293 0.6106 0.4808
vn -0.1841 -0.5330 -0.8258
vn -0.3528 -0.5270 -0.7732
vn -0.4629 -0.4492 -0.7642
vn -0.3601 -0.5201 -0.7744
vn 0.0718 -0.1712 -0.9826
vn 0.0502 -0.2417 -0.9690
vn -0.4566 -0.4430 -0.7715
vn -0.0106 -0.3921 -0.9199
vn -0.0185 -0.0843 -0.9963
vn -0.0566 -0.0550 -0.9969
vn 0.9146 -0.3888 0.1108
vn 0.9652 0.2608 0.0195
vn 0.9664 0.2563 0.0200
vn 0.9129 -0.3927 0.1115
vn 0.7442 0.6678 -0.0153
vn 0.7439 0.6681 -0.0152
vn -0.4914 -0.8002 0.3437
vn 0.0314 -0.9575 0.2869
vn 0.0132 -0.9572 0.2890
vn -0.4902 -0.8011 0.3435
vn 0.5875 -0.7855 0.1945
vn 0.5871 -0.7858 0.1946
vn -0.6684 -0.6485 0.3643
vn 0.7177 0.6964 -0.0060
vn -0.0043 0.3634 0.9316
vn -0.1261 0.4380 0.8901
vn 0.4055 0.3935 0.8251
vn -0.9253 -0.3671 0.0954
vn -0.8931 -0.3543 0.2774
vn -0.8068 -0.5217 0.2774
vn -0.8356 -0.5403 0.0990
vn 0.0176 0.0114 0.9998
vn 0.0194 0.0077 0.9998
vn -0.8374 -0.5415 0.0752
vn -0.9269 -0.3677 0.0752
vn 0.8397 0.5430 -0.0000
vn 0.9295 0.3687 -0.0000
vn -0.9275 -0.3679 -0.0660
vn -0.2730 -0.1094 -0.9558
vn -0.2734 -0.1083 -0.9558
vn 0.4220 0.1175 0.8990
vn 0.6339 0.3625 0.6832
vn 0.4717 0.2783 0.8367
vn 0.4942 0.0453 0.8682
vn 0.8318 0.3322 0.4447
vn 0.7371 0.4903 0.4652
vn 0.6786 0.2684 0.6837
vn 0.0875 0.0347 0.9956
vn 0.0573 0.0235 0.9981
vn 0.1157 -0.0936 0.9889
vn 0.1267 -0.2293 0.9651
vn -0.0589 -0.1368 0.9889
vn 0.0032 -0.0708 0.9975
vn 0.1818 0.0722 0.9807
vn 0.2620 -0.0954 0.9603
vn 0.3208 -0.2325 0.9182
vn -0.3007 -0.1191 -0.9463
vn -0.5378 -0.1688 -0.8260
vn -0.5284 -0.2091 -0.8228
vn -0.5379 -0.3360 -0.7732
vn -0.5308 -0.3443 -0.7744
vn -0.1688 0.0763 -0.9827
vn -0.2399 0.0568 -0.9691
vn -0.3916 0.0007 -0.9201
vn -0.0848 -0.0160 -0.9963
vn -0.3611 0.9259 0.1107
vn -0.3651 0.9243 0.1115
vn 0.2853 0.9582 0.0200
vn 0.2897 0.9569 0.0195
vn 0.6902 0.7235 -0.0152
vn 0.6899 0.7238 -0.0153
vn -0.8147 -0.4671 0.3437
vn -0.8155 -0.4658 0.3435
vn -0.9564 0.0420 0.2890
vn -0.9561 0.0601 0.2869
vn -0.7677 0.6105 0.1946
vn -0.7675 0.6108 0.1945
vn 0.3631 -0.0152 0.9316
vn 0.2930 0.1162 0.9490
vn 0.3734 0.1481 0.9158
vn 0.4340 -0.1392 0.8901
vn -0.9788 -0.1794 0.0990
vn -0.9450 -0.1732 0.2774
vn 0.0206 0.0038 0.9998
vn 0.0209 -0.0003 0.9998
vn -0.9808 -0.1798 0.0752
vn -0.9971 0.0150 0.0752
vn 0.9999 -0.0151 -0.0000
vn 0.9836 0.1803 -0.0000
vn -0.9953 0.0150 0.0954
vn -0.9606 0.0145 0.2774
vn -0.9977 0.0150 -0.0660
vn -0.2937 0.0042 -0.9559
vn -0.2937 0.0041 -0.9559
vn 0.3878 0.2037 0.8990
vn 0.3909 0.3058 0.8682
vn 0.5342 0.1207 0.8367
vn 0.7104 0.1710 0.6827
vn 0.8731 0.1488 0.4643
vn 0.0579 0.0221 0.9981
vn 0.0201 0.1476 0.9888
vn -0.0462 0.0537 0.9975
vn -0.1366 0.0592 0.9889
vn -0.0650 0.2538 0.9651
vn 0.1253 0.2492 0.9603
vn 0.0472 -0.0007 0.9989
vn -0.0820 0.0012 0.9966
vn -0.1427 0.0021 0.9898
vn 0.0741 0.3892 0.9182
vn 0.7478 -0.0113 0.6639
vn 0.8767 -0.0132 0.4808
vn -0.5071 -0.2467 -0.8258
vn -0.6221 -0.1231 -0.7732
vn -0.6449 0.0097 -0.7642
vn -0.6225 -0.1131 -0.7744
vn -0.0703 -0.1718 -0.9826
vn -0.1354 -0.2064 -0.9690
vn -0.6361 0.0096 -0.7715
vn -0.2848 -0.2697 -0.9199
vn -0.0727 -0.0465 -0.9963
vn -0.0789 0.0012 -0.9969
vn 0.3718 -0.9217 0.1107
vn 0.8669 -0.4981 0.0195
vn 0.8646 -0.5021 0.0200
vn 0.3678 -0.9232 0.1114
vn 0.9984 -0.0541 -0.0153
vn 0.9984 -0.0536 -0.0152
vn -0.9133 -0.2184 0.3438
vn -0.6548 -0.6992 0.2869
vn -0.6675 -0.6862 0.2890
vn -0.9130 -0.2199 0.3435
vn -0.1400 -0.9709 0.1945
vn -0.1404 -0.9708 0.1946
vn -0.9312 0.0140 0.3643
vn 0.9999 -0.0150 -0.0060
vn 0.2540 0.2600 0.9316
vn 0.2205 0.3989 0.8901
vn 0.5650 -0.0085 0.8251
vn -0.9138 0.3947 0.0954
vn -0.8820 0.3810 0.2774
vn -0.9394 0.2016 0.2774
vn -0.9729 0.2088 0.0990
vn 0.0205 -0.0044 0.9998
vn 0.0192 -0.0083 0.9998
vn -0.9750 0.2092 0.0752
vn -0.9154 0.3954 0.0752
vn 0.9777 -0.2098 -0.0000
vn 0.9180 -0.3965 -0.0000
vn -0.9160 0.3957 -0.0660
vn -0.2699 0.1157 -0.9559
vn -0.2694 0.1169 -0.9559
vn 0.3815 -0.2153 0.8990
vn 0.7046 -0.1919 0.6832
vn 0.5303 -0.1368 0.8367
vn 0.3815 -0.3175 0.8682
vn 0.8231 -0.3533 0.4447
vn 0.8678 -0.1745 0.4652
vn 0.6697 -0.2900 0.6837
vn 0.0864 -0.0373 0.9956
vn 0.0572 -0.0239 0.9981
vn 0.0156 -0.1480 0.9889
vn -0.0726 -0.2517 0.9651
vn -0.1384 -0.0551 0.9889
vn -0.0478 -0.0523 0.9975
vn 0.1796 -0.0774 0.9807
vn 0.1178 -0.2528 0.9603
vn 0.0624 -0.3912 0.9182
vn -0.2968 0.1283 -0.9463
vn -0.4996 0.2609 -0.8260
vn -0.5215 0.2257 -0.8228
vn -0.6179 0.1428 -0.7732
vn -0.6188 0.1318 -0.7744
vn -0.0654 0.1734 -0.9827
vn -0.1295 0.2098 -0.9691
vn -0.2764 0.2774 -0.9201
vn -0.0713 0.0487 -0.9963
vn 0.3994 0.9101 0.1107
vn 0.3954 0.9117 0.1114
vn 0.8793 0.4758 0.0200
vn 0.8815 0.4718 0.0195
vn 0.9996 0.0236 -0.0152
vn 0.9996 0.0240 -0.0153
vn -0.9063 0.2458 0.3437
vn -0.9060 0.2473 0.3435
vn -0.6466 0.7060 0.2890
vn -0.6335 0.7186 0.2869
vn -0.1112 0.9746 0.1946
vn -0.1108 0.9746 0.1945
vn 0.2460 -0.2675 0.9316
vn 0.2894 -0.1250 0.9490
vn 0.3687 -0.1593 0.9158
vn 0.2084 -0.4054 0.8901
vn -0.8190 0.5652 0.0990
vn -0.7907 0.5457 0.2774
vn 0.0172 -0.0119 0.9998
vn 0.0146 -0.0150 0.9998
vn -0.8207 0.5664 0.0752
vn -0.6944 0.7156 0.0752
vn 0.6964 -0.7177 -0.0000
vn 0.8230 -0.5680 -0.0000
vn -0.6932 0.7144 0.0954
vn -0.6691 0.6895 0.2774
vn -0.6949 0.7161 -0.0660
vn -0.2047 0.2106 -0.9559
vn -0.2047 0.2105 -0.9559
vn 0.4182 -0.1302 0.8990
vn 0.4926 -0.0601 0.8682
vn 0.4631 -0.2924 0.8367
vn 0.6232 -0.3814 0.6827
vn 0.7226 -0.5122 0.4643
vn 0.0566 -0.0253 0.9981
vn 0.1186 0.0902 0.9888
vn 0.0054 0.0706 0.9975
vn -0.0548 0.1385 0.9889
vn 0.1335 0.2254 0.9651
vn 0.2648 0.0876 0.9603
vn 0.0329 -0.0339 0.9989
vn -0.0571 0.0589 0.9966
vn -0.0994 0.1024 0.9898
vn 0.3276 0.2228 0.9182
vn 0.5208 -0.5367 0.6639
vn 0.6106 -0.6293 0.4808
vn -0.5330 0.1841 -0.8258
vn -0.5270 0.3528 -0.7732
vn -0.4492 0.4629 -0.7642
vn -0.5201 0.3601 -0.7744
vn -0.1712 -0.0718 -0.9826
vn -0.2417 -0.0503 -0.9690
vn -0.4430 0.4566 -0.7715
vn -0.3921 0.0106 -0.9199
vn -0.0843 0.0185 -0.9963
vn -0.0550 0.0566 -0.9969
vn -0.3888 -0.9146 0.1107
vn 0.2608 -0.9652 0.0195
vn 0.2563 -0.9664 0.0200
vn -0.3927 -0.9129 0.1115
vn 0.6678 -0.7442 -0.0153
vn 0.6681 -0.7439 -0.0152
vn -0.8002 0.4914 0.3437
vn -0.9575 -0.0314 0.2869
vn -0.9572 -0.0132 0.2890
vn -0.8011 0.4902 0.3435
vn -0.7855 -0.5875 0.1945
vn -0.7858 -0.5871 0.1946
vn -0.6485 0.6684 0.3643
vn 0.6964 -0.7177 -0.0059
vn 0.3634 0.0043 0.9316
vn 0.4380 0.1261 0.8901
vn 0.3935 -0.4055 0.8251
vn -0.3671 0.9253 0.0954
vn -0.3543 0.8931 0.2774
vn -0.5217 0.8068 0.2774
vn -0.5403 0.8356 0.0990
vn 0.0114 -0.0176 0.9998
vn 0.0077 -0.0194 0.9998
vn -0.5415 0.8374 0.0752
vn -0.3677 0.9269 0.0752
vn 0.5430 -0.8397 -0.0000
vn 0.3687 -0.9295 -0.0000
vn -0.3679 0.9275 -0.0660
vn -0.1090 0.2727 -0.9559
vn -0.1079 0.2732 -0.9559
vn 0.1175 -0.4220 0.8990
vn 0.3625 -0.6339 0.6832
vn 0.2783 -0.4717 0.8367
vn 0.0453 -0.4942 0.8682
vn 0.3322 -0.8318 0.4447
vn 0.4903 -0.7371 0.4652
vn 0.2685 -0.6786 0.6837
vn 0.0347 -0.0875 0.9956
vn 0.0235 -0.0573 0.9981
vn -0.0936 -0.1157 0.9889
vn -0.2293 -0.1267 0.9651
vn -0.1368 0.0589 0.9889
vn -0.0708 -0.0032 0.9975
vn 0.0722 -0.1818 0.9807
vn -0.0954 -0.2620 0.9603
vn -0.2325 -0.3207 0.9182
vn -0.1191 0.3007 -0.9463
vn -0.1688 0.5378 -0.8260
vn -0.2091 0.5284 -0.8228
vn -0.3360 0.5379 -0.7732
vn -0.3443 0.5307 -0.7744
vn 0.0764 0.1688 -0.9827
vn 0.0568 0.2399 -0.9691
vn 0.0007 0.3916 -0.9201
vn -0.0160 0.0848 -0.9963
vn 0.9259 0.3611 0.1107
vn 0.9243 0.3651 0.1115
vn 0.9582 -0.2853 0.0200
vn 0.9569 -0.2897 0.0195
vn 0.7235 -0.6902 -0.0152
vn 0.7238 -0.6899 -0.0153
vn -0.4671 0.8147 0.3437
vn -0.4658 0.8155 0.3435
vn 0.0420 0.9564 0.2890
vn 0.0602 0.9561 0.2869
vn 0.6105 0.7677 0.1946
vn 0.6109 0.7675 0.1945
vn -0.0152 -0.3631 0.9316
vn 0.1162 -0.2930 0.9490
vn 0.1481 -0.3734 0.9158
vn -0.1393 -0.4340 0.8901
vn -0.1794 0.9788 0.0990
vn -0.1732 0.9450 0.2774
vn 0.0038 -0.0206 0.9998
vn -0.0003 -0.0209 0.9998
vn -0.1798 0.9808 0.0752
vn 0.0150 0.9971 0.0752
vn -0.0151 -0.9999 -0.0000
vn 0.1803 -0.9836 -0.0000
vn 0.0150 0.9953 0.0954
vn 0.0145 0.9606 0.2774
vn 0.0150 0.9977 -0.0660
vn 0.0044 0.2941 -0.9558
vn 0.2037 -0.3878 0.8990
vn 0.3058 -0.3908 0.8682
vn 0.1207 -0.5342 0.8367
vn 0.1710 -0.7104 0.6827
vn 0.1488 -0.8731 0.4643
vn 0.0221 -0.0579 0.9981
vn 0.1476 -0.0201 0.9888
vn 0.0537 0.0462 0.9975
vn 0.0592 0.1366 0.9889
vn 0.2538 0.0650 0.9651
vn 0.2492 -0.1253 0.9603
vn -0.0007 -0.0472 0.9989
vn 0.0012 0.0820 0.9966
vn 0.0021 0.1427 0.9898
vn 0.3892 -0.0741 0.9182
vn -0.0113 -0.7478 0.6639
vn -0.0132 -0.8767 0.4808
vn -0.2467 0.5071 -0.8258
vn -0.1231 0.6221 -0.7732
vn 0.0097 0.6449 -0.7642
vn -0.1131 0.6225 -0.7744
vn -0.1718 0.0703 -0.9826
vn -0.2064 0.1354 -0.9690
vn 0.0096 0.6361 -0.7715
vn -0.2697 0.2848 -0.9199
vn -0.0465 0.0727 -0.9963
vn 0.0012 0.0789 -0.9969
vn -0.9217 -0.3718 0.1107
vn -0.4981 -0.8669 0.0195
vn -0.5021 -0.8646 0.0200
vn -0.9232 -0.3678 0.1115
vn -0.0541 -0.9984 -0.0153
vn -0.0536 -0.9984 -0.0152
vn -0.2184 0.9133 0.3437
vn -0.6992 0.6549 0.2869
vn -0.6862 0.6675 0.2890
vn -0.2199 0.9130 0.3435
vn -0.9709 0.1400 0.1945
vn -0.9708 0.1405 0.1946
vn 0.0140 0.9312 0.3643
vn -0.0151 -0.9999 -0.0060
vn 0.2600 -0.2540 0.9316
vn 0.3989 -0.2205 0.8901
vn -0.0085 -0.5650 0.8251
vn 0.2016 0.9394 0.2774
vn 0.2088 0.9729 0.0990
vn -0.0044 -0.0205 0.9998
vn 0.2092 0.9750 0.0752
vn -0.2098 -0.9777 -0.0000
vn -0.2153 -0.3815 0.8990
vn -0.1919 -0.7046 0.6832
vn -0.1368 -0.5303 0.8367
vn -0.3175 -0.3815 0.8682
vn -0.2633 -0.8567 0.4436
vn -0.1745 -0.8678 0.4652
vn -0.0239 -0.0572 0.9981
vn -0.1480 -0.0156 0.9889
vn -0.2517 0.0726 0.9651
vn -0.0551 0.1384 0.9889
vn -0.0523 0.0478 0.9975
vn -0.2528 -0.1178 0.9603
vn -0.3912 -0.0624 0.9182
vn 0.2753 0.2286 -0.9338
vn 0.2609 0.4996 -0.8260
vn 0.2510 0.5096 -0.8230
vn 0.1428 0.6179 -0.7732
vn 0.1318 0.6188 -0.7744
vn 0.1734 0.0654 -0.9827
vn 0.2098 0.1295 -0.9691
vn 0.2774 0.2764 -0.9201
vn 0.0487 0.0713 -0.9963
vn 0.9101 -0.3994 0.1107
vn 0.9117 -0.3954 0.1115
vn 0.4759 -0.8793 0.0200
vn 0.4718 -0.8815 0.0195
vn 0.0236 -0.9996 -0.0152
vn 0.0240 -0.9996 -0.0153
vn 0.2458 0.9063 0.3438
vn 0.2472 0.9060 0.3435
vn 0.7060 0.6465 0.2890
vn 0.7186 0.6335 0.2869
vn 0.9746 0.1112 0.1946
vn 0.9746 0.1107 0.1945
vn -0.2675 -0.2460 0.9316
vn -0.4054 -0.2084 0.8901
vn -0.0976 -0.0947 -0.9907
vn -0.0772 -0.1119 -0.9907
vn -0.3199 -0.4635 -0.8264
vn -0.4041 -0.3922 -0.8264
vn -0.0539 -0.1248 -0.9907
vn -0.2233 -0.5170 -0.8264
vn -0.0285 -0.1329 -0.9907
vn -0.1182 -0.5506 -0.8264
vn -0.0020 -0.1359 -0.9907
vn -0.0085 -0.5631 -0.8264
vn 0.0245 -0.1337 -0.9907
vn 0.1015 -0.5539 -0.8264
vn 0.0501 -0.1264 -0.9907
vn 0.2076 -0.5235 -0.8264
vn 0.0738 -0.1141 -0.9907
vn 0.3058 -0.4729 -0.8264
vn 0.0947 -0.0976 -0.9907
vn 0.3922 -0.4041 -0.8264
vn 0.1119 -0.0772 -0.9907
vn 0.4635 -0.3199 -0.8264
vn 0.1248 -0.0539 -0.9907
vn 0.5170 -0.2233 -0.8264
vn 0.1329 -0.0285 -0.9907
vn 0.5506 -0.1182 -0.8264
vn 0.1359 -0.0020 -0.9907
vn 0.5631 -0.0085 -0.8264
vn 0.1337 0.0245 -0.9907
vn 0.5539 0.1015 -0.8264
vn 0.1264 0.0501 -0.9907
vn 0.5235 0.2076 -0.8264
vn 0.1141 0.0738 -0.9907
vn 0.4729 0.3058 -0.8264
vn 0.0976 0.0947 -0.9907
vn 0.4041 0.3922 -0.8264
vn 0.0772 0.1119 -0.9907
vn 0.3199 0.4635 -0.8264
vn 0.0539 0.1248 -0.9907
vn 0.2233 0.5170 -0.8264
vn 0.0285 0.1329 -0.9907
vn 0.1182 0.5506 -0.8264
vn 0.0020 0.1359 -0.9907
vn 0.0085 0.5631 -0.8264
vn -0.0245 0.1337 -0.9907
vn -0.1015 0.5539 -0.8264
vn -0.0501 0.1264 -0.9907
vn -0.2076 0.5235 -0.8264
vn -0.0738 0.1141 -0.9907
vn -0.3058 0.4729 -0.8264
vn -0.0947 0.0976 -0.9907
vn -0.3922 0.4041 -0.8264
vn -0.1119 0.0772 -0.9907
vn -0.4635 0.3199 -0.8264
vn -0.1248 0.0539 -0.9907
vn -0.5170 0.2233 -0.8264
vn -0.1329 0.0285 -0.9907
vn -0.5506 0.1182 -0.8264
vn -0.1359 0.0020 -0.9907
vn -0.5631 0.0085 -0.8264
vn -0.1337 -0.0245 -0.9907
vn -0.5539 -0.1015 -0.8264
vn -0.1264 -0.0501 -0.9907
vn -0.5235 -0.2076 -0.8264
vn -0.1141 -0.0738 -0.9907
vn -0.4729 -0.3058 -0.8264
vn 0.5092 0.4941 -0.7047
vn 0.4030 0.5839 -0.7047
vn 0.2142 0.3104 -0.9261
vn 0.2707 0.2627 -0.9261
vn 0.2814 0.6513 -0.7047
vn 0.1496 0.3463 -0.9261
vn 0.1489 0.6937 -0.7047
vn 0.0791 0.3688 -0.9261
vn 0.0107 0.7094 -0.7047
vn 0.0057 0.3771 -0.9261
vn -0.1279 0.6979 -0.7047
vn -0.0680 0.3710 -0.9261
vn -0.2616 0.6595 -0.7047
vn -0.1391 0.3506 -0.9261
vn -0.3853 0.5958 -0.7047
vn -0.2048 0.3167 -0.9261
vn -0.4941 0.5092 -0.7047
vn -0.2627 0.2707 -0.9261
vn -0.5839 0.4030 -0.7047
vn -0.3104 0.2142 -0.9261
vn -0.6513 0.2814 -0.7047
vn -0.3463 0.1496 -0.9261
vn -0.6937 0.1489 -0.7047
vn -0.3688 0.0791 -0.9261
vn -0.7094 0.0107 -0.7047
vn -0.3771 0.0057 -0.9261
vn -0.6979 -0.1279 -0.7047
vn -0.3710 -0.0680 -0.9261
vn -0.6595 -0.2616 -0.7047
vn -0.3506 -0.1391 -0.9261
vn -0.5958 -0.3853 -0.7047
vn -0.3167 -0.2048 -0.9261
vn -0.5092 -0.4941 -0.7047
vn -0.2707 -0.2627 -0.9261
vn -0.4030 -0.5839 -0.7047
vn -0.2142 -0.3104 -0.9261
vn -0.2814 -0.6513 -0.7047
vn -0.1496 -0.3463 -0.9261
vn -0.1489 -0.6937 -0.7047
vn -0.0791 -0.3688 -0.9261
vn -0.0107 -0.7094 -0.7047
vn -0.0057 -0.3771 -0.9261
vn 0.1279 -0.6979 -0.7047
vn 0.0680 -0.3710 -0.9261
vn 0.2616 -0.6595 -0.7047
vn 0.1391 -0.3506 -0.9261
vn 0.3853 -0.5958 -0.7047
vn 0.2048 -0.3167 -0.9261
vn 0.4941 -0.5092 -0.7047
vn 0.2627 -0.2707 -0.9261
vn 0.5839 -0.4030 -0.7047
vn 0.3104 -0.2142 -0.9261
vn 0.6513 -0.2814 -0.7047
vn 0.3463 -0.1496 -0.9261
vn 0.6937 -0.1489 -0.7047
vn 0.3688 -0.0791 -0.9261
vn 0.7094 -0.0107 -0.7047
vn 0.3771 -0.0057 -0.9261
vn 0.6979 0.1279 -0.7047
vn 0.3710 0.0680 -0.9261
vn 0.6595 0.2616 -0.7047
vn 0.3506 0.1391 -0.9261
vn 0.5958 0.3853 -0.7047
vn 0.3167 0.2048 -0.9261
vn -0.7145 -0.6933 0.0942
vn -0.7145 -0.6933 -0.0941
vn -0.5655 -0.8194 -0.0941
vn -0.5655 -0.8194 0.0942
vn -0.3948 -0.9139 -0.0941
vn -0.3948 -0.9139 0.0942
vn -0.2089 -0.9734 -0.0941
vn -0.2089 -0.9734 0.0942
vn -0.0150 -0.9955 -0.0941
vn -0.0150 -0.9954 0.0942
vn 0.1795 -0.9792 -0.0941
vn 0.1795 -0.9792 0.0942
vn 0.3671 -0.9254 -0.0941
vn 0.3671 -0.9254 0.0942
vn 0.5406 -0.8360 -0.0941
vn 0.5406 -0.8360 0.0942
vn 0.6933 -0.7145 -0.0941
vn 0.6933 -0.7145 0.0942
vn 0.8194 -0.5655 -0.0941
vn 0.8194 -0.5655 0.0942
vn 0.9139 -0.3948 -0.0941
vn 0.9139 -0.3948 0.0941
vn 0.9734 -0.2089 -0.0941
vn 0.9734 -0.2089 0.0941
vn 0.9955 -0.0150 -0.0941
vn 0.9954 -0.0150 0.0942
vn 0.9792 0.1795 -0.0941
vn 0.9792 0.1795 0.0942
vn 0.9254 0.3671 -0.0941
vn 0.9254 0.3671 0.0942
vn 0.8360 0.5406 -0.0941
vn 0.8360 0.5406 0.0941
vn 0.7145 0.6933 -0.0941
vn 0.7145 0.6933 0.0942
vn 0.5655 0.8194 -0.0941
vn 0.5655 0.8194 0.0942
vn 0.3948 0.9139 -0.0941
vn 0.3948 0.9139 0.0942
vn 0.2089 0.9734 -0.0941
vn 0.2089 0.9734 0.0942
vn 0.0150 0.9955 -0.0941
vn 0.0150 0.9954 0.0942
vn -0.1795 0.9792 -0.0941
vn -0.1795 0.9792 0.0942
vn -0.3671 0.9254 -0.0941
vn -0.3671 0.9254 0.0942
vn -0.5406 0.8360 -0.0941
vn -0.5406 0.8360 0.0942
vn -0.6933 0.7145 -0.0941
vn -0.6933 0.7145 0.0942
vn -0.8194 0.5655 -0.0941
vn -0.8194 0.5655 0.0941
vn -0.9139 0.3948 -0.0941
vn -0.9139 0.3948 0.0942
vn -0.9734 0.2089 -0.0941
vn -0.9734 0.2089 0.0942
vn -0.9955 0.0150 -0.0941
vn -0.9954 0.0150 0.0941
vn -0.9792 -0.1795 -0.0941
vn -0.9792 -0.1795 0.0941
vn -0.9254 -0.3671 -0.0941
vn -0.9254 -0.3671 0.0941
vn -0.8360 -0.5406 -0.0941
vn -0.8360 -0.5406 0.0941
vn -0.6519 -0.6325 -0.4183
vn -0.5159 -0.7475 -0.4183
vn -0.3602 -0.8338 -0.4183
vn -0.1906 -0.8881 -0.4183
vn -0.0137 -0.9082 -0.4183
vn 0.1638 -0.8934 -0.4183
vn 0.3349 -0.8443 -0.4183
vn 0.4932 -0.7627 -0.4183
vn 0.6325 -0.6519 -0.4183
vn 0.7475 -0.5159 -0.4183
vn 0.8338 -0.3602 -0.4183
vn 0.8881 -0.1906 -0.4183
vn 0.9082 -0.0137 -0.4183
vn 0.8934 0.1638 -0.4183
vn 0.8443 0.3349 -0.4183
vn 0.7627 0.4932 -0.4183
vn 0.6519 0.6325 -0.4183
vn 0.5159 0.7475 -0.4183
vn 0.3602 0.8338 -0.4183
vn 0.1906 0.8881 -0.4183
vn 0.0137 0.9082 -0.4183
vn -0.1638 0.8934 -0.4183
vn -0.3349 0.8443 -0.4183
vn -0.4932 0.7627 -0.4183
vn -0.6325 0.6519 -0.4183
vn -0.7475 0.5159 -0.4183
vn -0.8338 0.3602 -0.4183
vn -0.8881 0.1906 -0.4183
vn -0.9082 0.0137 -0.4183
vn -0.8934 -0.1638 -0.4183
vn -0.8443 -0.3349 -0.4183
vn -0.7627 -0.4932 -0.4183
vn -0.1022 -0.0992 0.9898
vn -0.4042 -0.3922 0.8264
vn -0.3199 -0.4635 0.8264
vn -0.0809 -0.1172 0.9898
vn -0.2233 -0.5170 0.8264
vn -0.0565 -0.1308 0.9898
vn -0.1182 -0.5506 0.8264
vn -0.0299 -0.1393 0.9898
vn -0.0085 -0.5631 0.8264
vn -0.0021 -0.1424 0.9898
vn 0.1015 -0.5539 0.8264
vn 0.0257 -0.1401 0.9898
vn 0.2077 -0.5235 0.8264
vn 0.0525 -0.1324 0.9898
vn 0.3058 -0.4729 0.8264
vn 0.0773 -0.1196 0.9898
vn 0.3922 -0.4042 0.8264
vn 0.0992 -0.1022 0.9898
vn 0.4635 -0.3199 0.8264
vn 0.1172 -0.0809 0.9898
vn 0.5170 -0.2233 0.8264
vn 0.1308 -0.0565 0.9898
vn 0.5506 -0.1182 0.8264
vn 0.1393 -0.0299 0.9898
vn 0.5631 -0.0085 0.8264
vn 0.1424 -0.0021 0.9898
vn 0.5539 0.1015 0.8264
vn 0.1401 0.0257 0.9898
vn 0.5235 0.2077 0.8264
vn 0.1324 0.0525 0.9898
vn 0.4729 0.3058 0.8264
vn 0.1196 0.0773 0.9898
vn 0.4042 0.3922 0.8264
vn 0.1022 0.0992 0.9898
vn 0.3199 0.4635 0.8264
vn 0.0809 0.1172 0.9898
vn 0.2233 0.5170 0.8264
vn 0.0565 0.1308 0.9898
vn 0.1182 0.5506 0.8264
vn 0.0299 0.1393 0.9898
vn 0.0085 0.5631 0.8264
vn 0.0021 0.1424 0.9898
vn -0.1015 0.5539 0.8264
vn -0.0257 0.1401 0.9898
vn -0.2077 0.5235 0.8264
vn -0.0525 0.1324 0.9898
vn -0.3058 0.4729 0.8264
vn -0.0773 0.1196 0.9898
vn -0.3922 0.4042 0.8264
vn -0.0992 0.1022 0.9898
vn -0.4635 0.3199 0.8264
vn -0.1172 0.0809 0.9898
vn -0.5170 0.2233 0.8264
vn -0.1308 0.0565 0.9898
vn -0.5506 0.1182 0.8264
vn -0.1393 0.0299 0.9898
vn -0.5631 0.0085 0.8264
vn -0.1424 0.0021 0.9898
vn -0.5539 -0.1015 0.8264
vn -0.1401 -0.0257 0.9898
vn -0.5235 -0.2077 0.8264
vn -0.1324 -0.0525 0.9898
vn -0.4729 -0.3058 0.8264
vn -0.1196 -0.0773 0.9898
vn 0.4839 0.4696 0.7385
vn 0.2502 0.2428 0.9373
vn 0.1980 0.2869 0.9373
vn 0.3830 0.5550 0.7385
vn 0.1382 0.3200 0.9373
vn 0.2674 0.6190 0.7385
vn 0.0731 0.3408 0.9373
vn 0.1415 0.6593 0.7385
vn 0.0052 0.3485 0.9373
vn 0.0101 0.6742 0.7385
vn -0.0629 0.3429 0.9373
vn -0.1216 0.6632 0.7385
vn -0.1285 0.3240 0.9373
vn -0.2486 0.6268 0.7385
vn -0.1893 0.2927 0.9373
vn -0.3661 0.5662 0.7385
vn -0.2428 0.2502 0.9373
vn -0.4696 0.4839 0.7385
vn -0.2869 0.1980 0.9373
vn -0.5550 0.3830 0.7385
vn -0.3200 0.1382 0.9373
vn -0.6190 0.2674 0.7385
vn -0.3408 0.0731 0.9373
vn -0.6593 0.1415 0.7385
vn -0.3485 0.0052 0.9373
vn -0.6742 0.0101 0.7385
vn -0.3429 -0.0629 0.9373
vn -0.6632 -0.1216 0.7385
vn -0.3240 -0.1285 0.9373
vn -0.6268 -0.2486 0.7385
vn -0.2927 -0.1893 0.9373
vn -0.5662 -0.3661 0.7385
vn -0.2502 -0.2428 0.9373
vn -0.4839 -0.4696 0.7385
vn -0.1980 -0.2869 0.9373
vn -0.3830 -0.5550 0.7385
vn -0.1382 -0.3200 0.9373
vn -0.2674 -0.6190 0.7385
vn -0.0731 -0.3408 0.9373
vn -0.1415 -0.6593 0.7385
vn -0.0052 -0.3485 0.9373
vn -0.0101 -0.6742 0.7385
vn 0.0629 -0.3429 0.9373
vn 0.1216 -0.6632 0.7385
vn 0.1285 -0.3240 0.9373
vn 0.2486 -0.6268 0.7385
vn 0.1893 -0.2927 0.9373
vn 0.3661 -0.5662 0.7385
vn 0.2428 -0.2502 0.9373
vn 0.4696 -0.4839 0.7385
vn 0.2869 -0.1980 0.9373
vn 0.5550 -0.3830 0.7385
vn 0.3200 -0.1382 0.9373
vn 0.6190 -0.2674 0.7385
vn 0.3408 -0.0731 0.9373
vn 0.6593 -0.1415 0.7385
vn 0.3485 -0.0052 0.9373
vn 0.6742 -0.0101 0.7385
vn 0.3429 0.0629 0.9373
vn 0.6632 0.1216 0.7385
vn 0.3240 0.1285 0.9373
vn 0.6268 0.2486 0.7385
vn 0.2927 0.1893 0.9373
vn 0.5662 0.3661 0.7385
vn -0.5159 -0.7475 0.4184
vn -0.6518 -0.6325 0.4184
vn -0.3602 -0.8338 0.4184
vn -0.1906 -0.8880 0.4184
vn -0.0137 -0.9082 0.4184
vn 0.1638 -0.8934 0.4184
vn 0.3349 -0.8443 0.4184
vn 0.4932 -0.7627 0.4184
vn 0.6325 -0.6518 0.4184
vn 0.7475 -0.5159 0.4184
vn 0.8338 -0.3602 0.4184
vn 0.8880 -0.1906 0.4184
vn 0.9082 -0.0137 0.4184
vn 0.8934 0.1638 0.4184
vn 0.8443 0.3349 0.4184
vn 0.7627 0.4932 0.4184
vn 0.6518 0.6325 0.4184
vn 0.5159 0.7475 0.4184
vn 0.3602 0.8338 0.4184
vn 0.1906 0.8880 0.4184
vn 0.0137 0.9082 0.4184
vn -0.1638 0.8934 0.4184
vn -0.3349 0.8443 0.4184
vn -0.4932 0.7627 0.4184
vn -0.6325 0.6518 0.4184
vn -0.7475 0.5159 0.4184
vn -0.8338 0.3602 0.4184
vn -0.8880 0.1906 0.4184
vn -0.9082 0.0137 0.4184
vn -0.8934 -0.1638 0.4184
vn -0.8443 -0.3349 0.4184
vn -0.7627 -0.4932 0.4184
vn 0.3809 0.9197 -0.0954
vn 0.1941 0.9760 -0.0990
vn 0.1874 0.9423 -0.2774
vn 0.3677 0.8876 -0.2774
vn -0.0041 -0.0205 -0.9998
vn -0.0000 -0.0209 -0.9998
vn -0.0080 -0.0193 -0.9998
vn 0.1945 0.9780 -0.0752
vn -0.0000 0.9972 -0.0752
vn 0.3816 0.9213 -0.0752
vn -0.0000 0.9954 -0.0954
vn -0.0000 0.9608 -0.2774
vn 0.3818 0.9219 0.0660
vn -0.0000 0.9978 0.0660
vn -0.0000 0.2933 0.9560
vn 0.1128 0.2712 0.9559
vn 0.1116 0.2716 0.9559
vn -0.2095 -0.3847 -0.8990
vn -0.3117 -0.3862 -0.8682
vn -0.1288 -0.5323 -0.8367
vn -0.1813 -0.7074 -0.6832
vn -0.2504 -0.8605 -0.4436
vn -0.2784 -0.6721 -0.6861
vn -0.1614 -0.8704 -0.4652
vn -0.0230 -0.0575 -0.9981
vn -0.0360 -0.0869 -0.9956
vn -0.1479 -0.0179 -0.9888
vn -0.0530 0.0470 -0.9975
vn -0.0571 0.1375 -0.9889
vn -0.2528 0.0688 -0.9651
vn -0.2511 -0.1216 -0.9603
vn -0.0750 -0.1807 -0.9807
vn -0.0000 -0.0472 -0.9989
vn -0.0000 0.0820 -0.9966
vn -0.0000 0.1427 -0.9898
vn -0.3903 -0.0683 -0.9182
vn -0.0000 -0.7478 -0.6639
vn -0.0000 -0.8768 -0.4808
vn 0.2718 0.2327 0.9338
vn 0.2433 0.5133 0.8230
vn 0.2534 0.5035 0.8260
vn 0.1334 0.6200 0.7732
vn -0.0000 0.6450 0.7642
vn 0.1225 0.6207 0.7744
vn 0.1724 0.0680 0.9827
vn 0.2078 0.1326 0.9691
vn -0.0000 0.6362 0.7715
vn 0.2732 0.2806 0.9201
vn 0.0476 0.0720 0.9963
vn -0.0000 0.0789 0.9969
vn 0.9160 -0.3856 -0.1107
vn 0.4850 -0.8743 -0.0195
vn 0.4890 -0.8720 -0.0200
vn 0.9176 -0.3816 -0.1115
vn 0.0390 -0.9991 0.0153
vn 0.0386 -0.9991 0.0152
vn 0.2321 0.9099 -0.3437
vn 0.7090 0.6443 -0.2869
vn 0.6962 0.6571 -0.2890
vn 0.2336 0.9096 -0.3435
vn 0.9728 0.1254 -0.1945
vn 0.9728 0.1258 -0.1946
vn -0.0000 0.9313 -0.3643
vn -0.0000 -1.0000 0.0060
vn -0.2638 -0.2500 -0.9316
vn -0.1206 -0.2912 -0.9490
vn -0.1537 -0.3711 -0.9158
vn -0.4022 -0.2145 -0.8901
vn -0.0000 -0.5650 -0.8251
vn -0.3809 0.9197 -0.0954
vn -0.3677 0.8876 -0.2774
vn -0.1874 0.9423 -0.2774
vn -0.1941 0.9760 -0.0990
vn 0.0041 -0.0205 -0.9998
vn 0.0080 -0.0193 -0.9998
vn -0.1945 0.9780 -0.0752
vn -0.3816 0.9213 -0.0752
vn -0.3818 0.9219 0.0660
vn -0.1112 0.2713 0.9560
vn -0.1123 0.2709 0.9560
vn 0.2095 -0.3847 -0.8990
vn 0.1813 -0.7074 -0.6832
vn 0.1288 -0.5323 -0.8367
vn 0.3117 -0.3862 -0.8682
vn 0.3409 -0.8283 -0.4447
vn 0.1614 -0.8704 -0.4652
vn 0.2799 -0.6740 -0.6837
vn 0.0360 -0.0869 -0.9956
vn 0.0230 -0.0575 -0.9981
vn 0.1477 -0.0179 -0.9889
vn 0.2528 0.0688 -0.9651
vn 0.0571 0.1375 -0.9889
vn 0.0747 -0.1808 -0.9807
vn 0.2510 -0.1216 -0.9603
vn 0.3903 -0.0683 -0.9182
vn -0.1239 0.2987 0.9463
vn -0.2534 0.5035 0.8260
vn -0.2179 0.5249 0.8228
vn -0.1334 0.6200 0.7732
vn -0.1225 0.6207 0.7744
vn -0.1724 0.0680 0.9827
vn -0.2078 0.1326 0.9691
vn -0.2732 0.2806 0.9201
vn -0.0476 0.0720 0.9963
vn -0.9160 -0.3856 -0.1107
vn -0.9176 -0.3816 -0.1115
vn -0.4890 -0.8720 -0.0200
vn -0.4850 -0.8743 -0.0195
vn -0.0386 -0.9991 0.0152
vn -0.0390 -0.9991 0.0153
vn -0.2321 0.9099 -0.3438
vn -0.2336 0.9096 -0.3435
vn -0.6962 0.6571 -0.2890
vn -0.7090 0.6443 -0.2869
vn -0.9728 0.1258 -0.1946
vn -0.9728 0.1254 -0.1945
vn 0.2638 -0.2500 -0.9316
vn 0.1206 -0.2912 -0.9490
vn 0.1537 -0.3711 -0.9158
vn 0.4022 -0.2145 -0.8901
vn -0.5528 0.8274 -0.0990
vn -0.5338 0.7988 -0.2774
vn 0.0116 -0.0174 -0.9998
vn 0.0148 -0.0148 -0.9998
vn -0.5540 0.8291 -0.0752
vn -0.7051 0.7051 -0.0752
vn -0.7039 0.7039 -0.0954
vn -0.6794 0.6794 -0.2774
vn -0.7056 0.7056 0.0660
vn -0.2063 0.2090 0.9559
vn -0.2081 0.2073 0.9559
vn 0.1238 -0.4201 -0.8990
vn 0.0527 -0.4935 -0.8682
vn 0.2854 -0.4675 -0.8367
vn 0.3720 -0.6289 -0.6827
vn 0.5013 -0.7302 -0.4643
vn 0.0244 -0.0569 -0.9981
vn -0.0920 -0.1172 -0.9888
vn -0.0707 -0.0043 -0.9975
vn -0.1376 0.0568 -0.9889
vn -0.2274 -0.1301 -0.9651
vn -0.0916 -0.2635 -0.9603
vn 0.0334 -0.0334 -0.9989
vn -0.0580 0.0580 -0.9966
vn -0.1009 0.1009 -0.9898
vn -0.2277 -0.3242 -0.9182
vn 0.5288 -0.5288 -0.6639
vn 0.6200 -0.6200 -0.4808
vn -0.1761 0.5357 0.8258
vn -0.3448 0.5322 0.7732
vn -0.4561 0.4561 0.7642
vn -0.3523 0.5255 0.7744
vn 0.0743 0.1701 0.9826
vn 0.0539 0.2409 0.9690
vn -0.4498 0.4499 0.7715
vn -0.0047 0.3922 0.9199
vn -0.0173 0.0846 0.9963
vn -0.0558 0.0558 0.9969
vn 0.9204 0.3750 -0.1107
vn 0.9612 -0.2753 -0.0195
vn 0.9624 -0.2708 -0.0200
vn 0.9187 0.3790 -0.1115
vn 0.7341 -0.6789 0.0153
vn 0.7338 -0.6792 0.0152
vn -0.4793 0.8075 -0.3438
vn 0.0458 0.9569 -0.2869
vn 0.0276 0.9569 -0.2890
vn -0.4780 0.8084 -0.3435
vn 0.5992 0.7766 -0.1945
vn 0.5989 0.7768 -0.1946
vn -0.6585 0.6585 -0.3643
vn 0.7071 -0.7071 0.0060
vn -0.0097 -0.3633 -0.9316
vn -0.1327 -0.4361 -0.8901
vn 0.3995 -0.3995 -0.8251
vn -0.9197 0.3809 -0.0954
vn -0.8876 0.3677 -0.2774
vn -0.7988 0.5338 -0.2774
vn -0.8274 0.5528 -0.0990
vn 0.0174 -0.0116 -0.9998
vn 0.0193 -0.0080 -0.9998
vn -0.8291 0.5540 -0.0752
vn -0.9213 0.3816 -0.0752
vn -0.9219 0.3818 0.0660
vn -0.2713 0.1135 0.9558
vn -0.2718 0.1124 0.9558
vn 0.4201 -0.1238 -0.8990
vn 0.6284 -0.3720 -0.6832
vn 0.4675 -0.2854 -0.8367
vn 0.4935 -0.0527 -0.8682
vn 0.8267 -0.3447 -0.4447
vn 0.7296 -0.5013 -0.4652
vn 0.6745 -0.2786 -0.6837
vn 0.0869 -0.0360 -0.9956
vn 0.0569 -0.0244 -0.9981
vn 0.1171 0.0918 -0.9889
vn 0.1301 0.2274 -0.9651
vn -0.0568 0.1376 -0.9889
vn 0.0043 0.0707 -0.9975
vn 0.1807 -0.0750 -0.9807
vn 0.2634 0.0915 -0.9603
vn 0.3242 0.2277 -0.9182
vn -0.2988 0.1237 0.9463
vn -0.5352 0.1769 0.8260
vn -0.5252 0.2171 0.8228
vn -0.5328 0.3440 0.7732
vn -0.5255 0.3523 0.7744
vn -0.1699 -0.0738 0.9827
vn -0.2407 -0.0532 0.9691
vn -0.3916 0.0052 0.9201
vn -0.0846 0.0173 0.9963
vn -0.3750 -0.9204 -0.1107
vn -0.3789 -0.9187 -0.1115
vn 0.2708 -0.9624 -0.0200
vn 0.2753 -0.9612 -0.0195
vn 0.6792 -0.7338 0.0152
vn 0.6789 -0.7341 0.0153
vn -0.8075 0.4793 -0.3437
vn -0.8084 0.4780 -0.3435
vn -0.9569 -0.0276 -0.2890
vn -0.9569 -0.0458 -0.2869
vn -0.7768 -0.5989 -0.1946
vn -0.7766 -0.5992 -0.1945
vn 0.3633 0.0097 -0.9316
vn 0.2912 -0.1206 -0.9490
vn 0.3711 -0.1537 -0.9158
vn 0.4361 0.1327 -0.8901
vn -0.9760 0.1941 -0.0990
vn -0.9423 0.1874 -0.2774
vn 0.0205 -0.0041 -0.9998
vn 0.0209 -0.0000 -0.9998
vn -0.9780 0.1945 -0.0752
vn -0.9972 -0.0000 -0.0752
vn -0.9954 -0.0000 -0.0954
vn -0.9608 -0.0000 -0.2774
vn -0.9978 -0.0000 0.0660
vn -0.2937 0.0003 0.9559
vn 0.3847 -0.2095 -0.8990
vn 0.3862 -0.3117 -0.8682
vn 0.5323 -0.1288 -0.8367
vn 0.7077 -0.1816 -0.6827
vn 0.8708 -0.1619 -0.4643
vn 0.0575 -0.0230 -0.9981
vn 0.0179 -0.1479 -0.9888
vn -0.0470 -0.0530 -0.9975
vn -0.1375 -0.0571 -0.9889
vn -0.0688 -0.2528 -0.9651
vn 0.1216 -0.2511 -0.9603
vn 0.0472 -0.0000 -0.9989
vn -0.0820 -0.0000 -0.9966
vn -0.1427 -0.0000 -0.9898
vn 0.0683 -0.3903 -0.9182
vn 0.7478 -0.0000 -0.6639
vn 0.8768 -0.0000 -0.4808
vn -0.5033 0.2543 0.8258
vn -0.6202 0.1325 0.7732
vn -0.6450 -0.0000 0.7642
vn -0.6207 0.1225 0.7744
vn -0.0677 0.1729 0.9826
vn -0.1322 0.2085 0.9690
vn -0.6362 -0.0000 0.7715
vn -0.2807 0.2740 0.9199
vn -0.0720 0.0476 0.9963
vn -0.0789 -0.0000 0.9969
vn 0.3857 0.9160 -0.1107
vn 0.8743 0.4850 -0.0195
vn 0.8720 0.4890 -0.0200
vn 0.3816 0.9176 -0.1114
vn 0.9991 0.0390 0.0153
vn 0.9991 0.0386 0.0152
vn -0.9099 0.2321 -0.3437
vn -0.6443 0.7090 -0.2869
vn -0.6571 0.6962 -0.2890
vn -0.9096 0.2336 -0.3435
vn -0.1254 0.9728 -0.1945
vn -0.1258 0.9728 -0.1946
vn -0.9313 -0.0000 -0.3643
vn 1.0000 -0.0000 0.0060
vn 0.2500 -0.2638 -0.9316
vn 0.2145 -0.4022 -0.8901
vn 0.5650 -0.0000 -0.8251
vn -0.9197 -0.3809 -0.0954
vn -0.8876 -0.3677 -0.2774
vn -0.9423 -0.1874 -0.2774
vn -0.9760 -0.1941 -0.0990
vn 0.0205 0.0041 -0.9998
vn 0.0193 0.0080 -0.9998
vn -0.9780 -0.1945 -0.0752
vn -0.9213 -0.3816 -0.0752
vn -0.9219 -0.3818 0.0660
vn -0.2713 -0.1112 0.9560
vn -0.2709 -0.1123 0.9560
vn 0.3847 0.2095 -0.8990
vn 0.7074 0.1813 -0.6832
vn 0.5323 0.1288 -0.8367
vn 0.3862 0.3117 -0.8682
vn 0.8283 0.3409 -0.4447
vn 0.8704 0.1614 -0.4652
vn 0.6740 0.2799 -0.6837
vn 0.0869 0.0360 -0.9956
vn 0.0575 0.0230 -0.9981
vn 0.0179 0.1477 -0.9889
vn -0.0688 0.2528 -0.9651
vn -0.1375 0.0571 -0.9889
vn 0.1808 0.0747 -0.9807
vn 0.1216 0.2510 -0.9603
vn 0.0683 0.3903 -0.9182
vn -0.2987 -0.1239 0.9463
vn -0.5035 -0.2534 0.8260
vn -0.5249 -0.2179 0.8228
vn -0.6200 -0.1334 0.7732
vn -0.6207 -0.1225 0.7744
vn -0.0680 -0.1724 0.9827
vn -0.1326 -0.2078 0.9691
vn -0.2805 -0.2732 0.9201
vn -0.0720 -0.0476 0.9963
vn 0.3857 -0.9160 -0.1107
vn 0.3817 -0.9176 -0.1115
vn 0.8720 -0.4890 -0.0200
vn 0.8743 -0.4850 -0.0195
vn 0.9991 -0.0386 0.0152
vn 0.9991 -0.0390 0.0153
vn -0.9099 -0.2321 -0.3437
vn -0.9096 -0.2336 -0.3435
vn -0.6571 -0.6962 -0.2890
vn -0.6442 -0.7090 -0.2869
vn -0.1258 -0.9728 -0.1946
vn -0.1254 -0.9728 -0.1945
vn 0.2500 0.2638 -0.9316
vn 0.2912 0.1206 -0.9490
vn 0.3711 0.1537 -0.9158
vn 0.2145 0.4022 -0.8901
vn -0.8274 -0.5528 -0.0990
vn -0.7988 -0.5338 -0.2774
vn 0.0174 0.0116 -0.9998
vn 0.0148 0.0148 -0.9998
vn -0.8291 -0.5540 -0.0752
vn -0.7051 -0.7051 -0.0752
vn -0.7039 -0.7039 -0.0954
vn -0.6794 -0.6794 -0.2774
vn -0.7056 -0.7056 0.0660
vn -0.2090 -0.2063 0.9559
vn -0.2073 -0.2081 0.9559
vn 0.4201 0.1238 -0.8990
vn 0.4935 0.0527 -0.8682
vn 0.4675 0.2854 -0.8367
vn 0.6289 0.3720 -0.6827
vn 0.7302 0.5013 -0.4643
vn 0.0569 0.0244 -0.9981
vn 0.1172 -0.0920 -0.9888
vn 0.0043 -0.0707 -0.9975
vn -0.0568 -0.1376 -0.9889
vn 0.1301 -0.2274 -0.9651
vn 0.2635 -0.0916 -0.9603
vn 0.0334 0.0334 -0.9989
vn -0.0580 -0.0580 -0.9966
vn -0.1009 -0.1009 -0.9898
vn 0.3242 -0.2277 -0.9182
vn 0.5288 0.5288 -0.6639
vn 0.6200 0.6200 -0.4808
vn -0.5357 -0.1761 0.8258
vn -0.5322 -0.3449 0.7732
vn -0.4561 -0.4561 0.7642
vn -0.5255 -0.3523 0.7744
vn -0.1701 0.0743 0.9826
vn -0.2409 0.0539 0.9690
vn -0.4498 -0.4498 0.7715
vn -0.3922 -0.0047 0.9199
vn -0.0846 -0.0173 0.9963
vn -0.0558 -0.0558 0.9969
vn -0.3750 0.9204 -0.1107
vn 0.2753 0.9612 -0.0195
vn 0.2708 0.9624 -0.0200
vn -0.3790 0.9187 -0.1114
vn 0.6789 0.7341 0.0153
vn 0.6792 0.7338 0.0152
vn -0.8075 -0.4793 -0.3437
vn -0.9569 0.0458 -0.2868
vn -0.9569 0.0276 -0.2890
vn -0.8084 -0.4780 -0.3435
vn -0.7766 0.5992 -0.1945
vn -0.7768 0.5989 -0.1946
vn -0.6585 -0.6585 -0.3643
vn 0.7071 0.7071 0.0060
vn 0.3633 -0.0097 -0.9316
vn 0.4361 -0.1327 -0.8901
vn 0.3995 0.3995 -0.8251
vn -0.3809 -0.9197 -0.0954
vn -0.3677 -0.8876 -0.2774
vn -0.5338 -0.7988 -0.2774
vn -0.5528 -0.8274 -0.0990
vn 0.0116 0.0174 -0.9998
vn 0.0080 0.0193 -0.9998
vn -0.5540 -0.8291 -0.0752
vn -0.3816 -0.9213 -0.0752
vn -0.3818 -0.9219 0.0660
vn -0.1136 -0.2708 0.9559
vn -0.1126 -0.2712 0.9559
vn 0.1238 0.4201 -0.8990
vn 0.3720 0.6284 -0.6832
vn 0.2854 0.4675 -0.8367
vn 0.0527 0.4935 -0.8682
vn 0.3447 0.8267 -0.4447
vn 0.5013 0.7296 -0.4652
vn 0.2786 0.6745 -0.6837
vn 0.0360 0.0869 -0.9956
vn 0.0244 0.0569 -0.9981
vn -0.0918 0.1171 -0.9889
vn -0.2274 0.1301 -0.9651
vn -0.1376 -0.0568 -0.9889
vn -0.0707 0.0043 -0.9975
vn 0.0750 0.1807 -0.9807
vn -0.0915 0.2634 -0.9603
vn -0.2277 0.3242 -0.9182
vn -0.1237 -0.2988 0.9463
vn -0.1769 -0.5352 0.8260
vn -0.2171 -0.5252 0.8228
vn -0.3440 -0.5328 0.7732
vn -0.3523 -0.5255 0.7744
vn 0.0738 -0.1699 0.9827
vn 0.0532 -0.2407 0.9691
vn -0.0052 -0.3916 0.9201
vn -0.0173 -0.0846 0.9963
vn 0.9204 -0.3750 -0.1107
vn 0.9187 -0.3790 -0.1115
vn 0.9624 0.2708 -0.0200
vn 0.9612 0.2753 -0.0195
vn 0.7338 0.6792 0.0152
vn 0.7341 0.6789 0.0153
vn -0.4793 -0.8075 -0.3438
vn -0.4780 -0.8084 -0.3435
vn 0.0276 -0.9569 -0.2890
vn 0.0458 -0.9569 -0.2869
vn 0.5989 -0.7768 -0.1946
vn 0.5992 -0.7766 -0.1945
vn -0.0097 0.3633 -0.9316
vn 0.1206 0.2912 -0.9490
vn 0.1537 0.3711 -0.9158
vn -0.1327 0.4361 -0.8901
vn -0.1941 -0.9760 -0.0990
vn -0.1874 -0.9423 -0.2774
vn 0.0041 0.0205 -0.9998
vn -0.0000 0.0209 -0.9998
vn -0.1945 -0.9780 -0.0752
vn -0.0000 -0.9972 -0.0752
vn -0.0000 -0.9954 -0.0954
vn -0.0000 -0.9608 -0.2774
vn -0.0000 -0.9978 0.0660
vn -0.0019 -0.2937 0.9559
vn 0.0005 -0.2937 0.9559
vn 0.2095 0.3847 -0.8990
vn 0.3117 0.3862 -0.8682
vn 0.1288 0.5323 -0.8367
vn 0.1816 0.7077 -0.6827
vn 0.1619 0.8708 -0.4643
vn 0.0230 0.0575 -0.9981
vn 0.1479 0.0178 -0.9888
vn 0.0530 -0.0470 -0.9975
vn 0.0571 -0.1375 -0.9889
vn 0.2528 -0.0688 -0.9651
vn 0.2511 0.1216 -0.9603
vn -0.0000 0.0472 -0.9989
vn -0.0000 -0.0820 -0.9966
vn -0.0000 -0.1427 -0.9898
vn 0.3902 0.0683 -0.9182
vn -0.0000 0.7478 -0.6639
vn -0.0000 0.8768 -0.4808
vn -0.2543 -0.5033 0.8258
vn -0.1325 -0.6202 0.7732
vn -0.0000 -0.6450 0.7642
vn -0.1225 -0.6207 0.7744
vn -0.1729 -0.0677 0.9826
vn -0.2085 -0.1323 0.9690
vn -0.0000 -0.6362 0.7715
vn -0.2740 -0.2807 0.9199
vn -0.0476 -0.0720 0.9963
vn -0.0000 -0.0789 0.9969
vn -0.9160 0.3856 -0.1107
vn -0.4850 0.8743 -0.0195
vn -0.4890 0.8720 -0.0200
vn -0.9176 0.3816 -0.1115
vn -0.0390 0.9991 0.0153
vn -0.0386 0.9991 0.0152
vn -0.2321 -0.9099 -0.3437
vn -0.7090 -0.6443 -0.2869
vn -0.6962 -0.6571 -0.2890
vn -0.2336 -0.9096 -0.3435
vn -0.9728 -0.1254 -0.1945
vn -0.9728 -0.1258 -0.1946
vn -0.0000 -0.9313 -0.3643
vn -0.0000 1.0000 0.0059
vn 0.2638 0.2500 -0.9316
vn 0.4022 0.2145 -0.8901
vn -0.0000 0.5650 -0.8251
vn 0.3809 -0.9197 -0.0954
vn 0.3677 -0.8876 -0.2774
vn 0.1874 -0.9423 -0.2774
vn 0.1941 -0.9760 -0.0990
vn -0.0041 0.0205 -0.9998
vn -0.0080 0.0193 -0.9998
vn 0.1945 -0.9780 -0.0752
vn 0.3816 -0.9213 -0.0752
vn 0.3818 -0.9219 0.0660
vn 0.1116 -0.2721 0.9558
vn 0.1127 -0.2717 0.9558
vn -0.2095 0.3847 -0.8990
vn -0.1813 0.7074 -0.6832
vn -0.1288 0.5323 -0.8367
vn -0.3117 0.3862 -0.8682
vn -0.3408 0.8283 -0.4447
vn -0.1614 0.8704 -0.4652
vn -0.2799 0.6740 -0.6837
vn -0.0360 0.0869 -0.9956
vn -0.0230 0.0575 -0.9981
vn -0.1477 0.0179 -0.9889
vn -0.2528 -0.0688 -0.9651
vn -0.0571 -0.1375 -0.9889
vn -0.0747 0.1808 -0.9807
vn -0.2510 0.1216 -0.9603
vn -0.3902 0.0683 -0.9182
vn 0.1239 -0.2987 0.9463
vn 0.2534 -0.5035 0.8260
vn 0.2179 -0.5249 0.8228
vn 0.1334 -0.6200 0.7732
vn 0.1225 -0.6207 0.7744
vn 0.1724 -0.0680 0.9827
vn 0.2078 -0.1326 0.9691
vn 0.2732 -0.2806 0.9201
vn 0.0476 -0.0720 0.9963
vn 0.9160 0.3857 -0.1107
vn 0.9176 0.3817 -0.1115
vn 0.4890 0.8720 -0.0200
vn 0.4850 0.8743 -0.0195
vn 0.0386 0.9991 0.0152
vn 0.0390 0.9991 0.0153
vn 0.2321 -0.9099 -0.3437
vn 0.2336 -0.9096 -0.3435
vn 0.6962 -0.6571 -0.2890
vn 0.7090 -0.6443 -0.2869
vn 0.9728 -0.1258 -0.1946
vn 0.9728 -0.1254 -0.1945
vn -0.2638 0.2500 -0.9316
vn -0.1206 0.2912 -0.9490
vn -0.1537 0.3711 -0.9158
vn -0.4022 0.2145 -0.8901
vn 0.5528 -0.8274 -0.0990
vn 0.5338 -0.7988 -0.2774
vn -0.0116 0.0174 -0.9998
vn -0.0148 0.0148 -0.9998
vn 0.5540 -0.8291 -0.0752
vn 0.7051 -0.7051 -0.0752
vn 0.7039 -0.7039 -0.0954
vn 0.6794 -0.6794 -0.2774
vn 0.7056 -0.7056 0.0660
vn 0.2075 -0.2079 0.9559
vn 0.2074 -0.2079 0.9559
vn -0.1238 0.4201 -0.8990
vn -0.0527 0.4935 -0.8682
vn -0.2854 0.4675 -0.8367
vn -0.3720 0.6289 -0.6827
vn -0.5013 0.7302 -0.4643
vn -0.0244 0.0569 -0.9981
vn 0.0920 0.1172 -0.9888
vn 0.0707 0.0043 -0.9975
vn 0.1376 -0.0568 -0.9889
vn 0.2274 0.1301 -0.9651
vn 0.0916 0.2635 -0.9603
vn -0.0334 0.0334 -0.9989
vn 0.0580 -0.0580 -0.9966
vn 0.1009 -0.1009 -0.9898
vn 0.2277 0.3242 -0.9182
vn -0.5288 0.5288 -0.6639
vn -0.6200 0.6200 -0.4808
vn 0.1761 -0.5357 0.8258
vn 0.3449 -0.5322 0.7732
vn 0.4561 -0.4561 0.7642
vn 0.3523 -0.5255 0.7744
vn -0.0743 -0.1701 0.9826
vn -0.0539 -0.2409 0.9690
vn 0.4498 -0.4498 0.7715
vn 0.0047 -0.3922 0.9199
vn 0.0173 -0.0846 0.9963
vn 0.0558 -0.0558 0.9969
vn -0.9204 -0.3750 -0.1107
vn -0.9612 0.2753 -0.0195
vn -0.9624 0.2708 -0.0200
vn -0.9187 -0.3789 -0.1114
vn -0.7341 0.6789 0.0153
vn -0.7338 0.6792 0.0152
vn 0.4793 -0.8075 -0.3437
vn -0.0458 -0.9569 -0.2869
vn -0.0276 -0.9569 -0.2890
vn 0.4780 -0.8084 -0.3435
vn -0.5992 -0.7766 -0.1945
vn -0.5989 -0.7768 -0.1946
vn 0.6585 -0.6585 -0.3643
vn -0.7071 0.7071 0.0060
vn 0.0097 0.3633 -0.9316
vn 0.1327 0.4361 -0.8901
vn -0.3995 0.3995 -0.8251
vn 0.9197 -0.3809 -0.0954
vn 0.8876 -0.3677 -0.2774
vn 0.7988 -0.5338 -0.2774
vn 0.8274 -0.5528 -0.0990
vn -0.0174 0.0116 -0.9998
vn -0.0193 0.0080 -0.9998
vn 0.8291 -0.5540 -0.0752
vn 0.9213 -0.3816 -0.0752
vn 0.9219 -0.3818 0.0660
vn 0.2710 -0.1131 0.9559
vn 0.2715 -0.1120 0.9559
vn -0.4201 0.1238 -0.8990
vn -0.6284 0.3720 -0.6832
vn -0.4675 0.2854 -0.8367
vn -0.4935 0.0527 -0.8682
vn -0.8267 0.3447 -0.4447
vn -0.7296 0.5013 -0.4652
vn -0.6745 0.2786 -0.6837
vn -0.0869 0.0360 -0.9956
vn -0.0569 0.0244 -0.9981
vn -0.1171 -0.0918 -0.9889
vn -0.1301 -0.2274 -0.9651
vn 0.0568 -0.1376 -0.9889
vn -0.0043 -0.0707 -0.9975
vn -0.1807 0.0750 -0.9807
vn -0.2634 -0.0915 -0.9603
vn -0.3242 -0.2277 -0.9182
vn 0.2988 -0.1237 0.9463
vn 0.5352 -0.1769 0.8260
vn 0.5252 -0.2171 0.8228
vn 0.5328 -0.3440 0.7732
vn 0.5255 -0.3523 0.7744
vn 0.1699 0.0738 0.9827
vn 0.2407 0.0532 0.9691
vn 0.3916 -0.0052 0.9201
vn 0.0846 -0.0173 0.9963
vn 0.3750 0.9204 -0.1107
vn 0.3790 0.9187 -0.1114
vn -0.2708 0.9624 -0.0200
vn -0.2753 0.9612 -0.0195
vn -0.6792 0.7338 0.0152
vn -0.6789 0.7341 0.0153
vn 0.8075 -0.4793 -0.3437
vn 0.8084 -0.4780 -0.3435
vn 0.9569 0.0276 -0.2890
vn 0.9569 0.0458 -0.2868
vn 0.7768 0.5989 -0.1946
vn 0.7766 0.5992 -0.1945
vn -0.3633 -0.0097 -0.9316
vn -0.2912 0.1206 -0.9490
vn -0.3711 0.1537 -0.9158
vn -0.4361 -0.1327 -0.8901
vn 0.9760 -0.1941 -0.0990
vn 0.9423 -0.1874 -0.2774
vn -0.0205 0.0041 -0.9998
vn -0.0209 -0.0000 -0.9998
vn 0.9780 -0.1945 -0.0752
vn 0.9972 -0.0000 -0.0752
vn 0.9954 -0.0000 -0.0954
vn 0.9608 -0.0000 -0.2774
vn 0.9978 -0.0000 0.0660
vn 0.2937 -0.0003 0.9559
vn -0.3847 0.2095 -0.8990
vn -0.3862 0.3117 -0.8682
vn -0.5323 0.1288 -0.8367
vn -0.7077 0.1816 -0.6827
vn -0.8708 0.1619 -0.4643
vn -0.0575 0.0230 -0.9981
vn -0.0179 0.1479 -0.9888
vn 0.0470 0.0530 -0.9975
vn 0.1375 0.0571 -0.9889
vn 0.0688 0.2528 -0.9651
vn -0.1216 0.2511 -0.9603
vn -0.0472 -0.0000 -0.9989
vn 0.0820 -0.0000 -0.9966
vn 0.1427 -0.0000 -0.9898
vn -0.0683 0.3903 -0.9182
vn -0.7478 -0.0000 -0.6639
vn -0.8768 -0.0000 -0.4808
vn 0.5033 -0.2543 0.8258
vn 0.6202 -0.1325 0.7732
vn 0.6450 -0.0000 0.7642
vn 0.6207 -0.1225 0.7744
vn 0.0677 -0.1729 0.9826
vn 0.1323 -0.2085 0.9690
vn 0.6362 -0.0000 0.7715
vn 0.2807 -0.2740 0.9199
vn 0.0720 -0.0476 0.9963
vn 0.0789 -0.0000 0.9969
vn -0.3857 -0.9160 -0.1107
vn -0.8743 -0.4850 -0.0195
vn -0.8720 -0.4890 -0.0200
vn -0.3817 -0.9176 -0.1115
vn -0.9991 -0.0390 0.0153
vn -0.9991 -0.0386 0.0152
vn 0.9099 -0.2321 -0.3437
vn 0.6443 -0.7090 -0.2869
vn 0.6571 -0.6962 -0.2890
vn 0.9096 -0.2336 -0.3435
vn 0.1254 -0.9728 -0.1945
vn 0.1258 -0.9728 -0.1946
vn 0.9313 -0.0000 -0.3643
vn -1.0000 -0.0000 0.0060
vn -0.2500 0.2638 -0.9316
vn -0.2145 0.4022 -0.8901
vn -0.5650 -0.0000 -0.8251
vn 0.9197 0.3809 -0.0954
vn 0.8876 0.3677 -0.2774
vn 0.9423 0.1874 -0.2774
vn 0.9760 0.1941 -0.0990
vn -0.0205 -0.0041 -0.9998
vn -0.0193 -0.0080 -0.9998
vn 0.9780 0.1945 -0.0752
vn 0.9213 0.3816 -0.0752
vn 0.9219 0.3818 0.0660
vn 0.2716 0.1116 0.9559
vn 0.2712 0.1128 0.9559
vn -0.3847 -0.2095 -0.8990
vn -0.7074 -0.1813 -0.6832
vn -0.5323 -0.1288 -0.8367
vn -0.3862 -0.3117 -0.8682
vn -0.8283 -0.3409 -0.4447
vn -0.8704 -0.1614 -0.4652
vn -0.6740 -0.2799 -0.6837
vn -0.0869 -0.0360 -0.9956
vn -0.0575 -0.0230 -0.9981
vn -0.0179 -0.1477 -0.9889
vn 0.0688 -0.2528 -0.9651
vn 0.1375 -0.0571 -0.9889
vn -0.1808 -0.0747 -0.9807
vn -0.1216 -0.2510 -0.9603
vn -0.0683 -0.3903 -0.9182
vn 0.2987 0.1239 0.9463
vn 0.5035 0.2534 0.8260
vn 0.5249 0.2179 0.8228
vn 0.6200 0.1334 0.7732
vn 0.6207 0.1225 0.7744
vn 0.0680 0.1724 0.9827
vn 0.1326 0.2078 0.9691
vn 0.2805 0.2732 0.9201
vn 0.0720 0.0476 0.9963
vn -0.3857 0.9160 -0.1107
vn -0.3817 0.9176 -0.1115
vn -0.8720 0.4890 -0.0200
vn -0.8743 0.4850 -0.0195
vn -0.9991 0.0386 0.0152
vn -0.9991 0.0390 0.0153
vn 0.9099 0.2321 -0.3437
vn 0.9096 0.2336 -0.3435
vn 0.6571 0.6962 -0.2890
vn 0.6443 0.7090 -0.2869
vn 0.1258 0.9728 -0.1946
vn 0.1254 0.9728 -0.1945
vn -0.2500 -0.2638 -0.9316
vn -0.2912 -0.1206 -0.9490
vn -0.3711 -0.1537 -0.9158
vn -0.2145 -0.4022 -0.8901
vn 0.8274 0.5528 -0.0990
vn 0.7988 0.5338 -0.2774
vn -0.0174 -0.0116 -0.9998
vn -0.0148 -0.0148 -0.9998
vn 0.8291 0.5540 -0.0752
vn 0.7051 0.7051 -0.0752
vn 0.7039 0.7039 -0.0954
vn 0.6794 0.6794 -0.2774
vn 0.7056 0.7056 0.0660
vn 0.2080 0.2080 0.9558
vn -0.4201 -0.1238 -0.8990
vn -0.4935 -0.0527 -0.8682
vn -0.4675 -0.2854 -0.8367
vn -0.6289 -0.3720 -0.6827
vn -0.7302 -0.5013 -0.4643
vn -0.0569 -0.0244 -0.9981
vn -0.1172 0.0920 -0.9888
vn -0.0043 0.0707 -0.9975
vn 0.0568 0.1376 -0.9889
vn -0.1301 0.2274 -0.9651
vn -0.2635 0.0916 -0.9603
vn -0.0334 -0.0334 -0.9989
vn 0.0580 0.0580 -0.9966
vn 0.1009 0.1009 -0.9898
vn -0.3242 0.2277 -0.9182
vn -0.5288 -0.5288 -0.6639
vn -0.6200 -0.6200 -0.4808
vn 0.5357 0.1761 0.8258
vn 0.5322 0.3448 0.7732
vn 0.4561 0.4561 0.7642
vn 0.5255 0.3523 0.7744
vn 0.1701 -0.0743 0.9826
vn 0.2409 -0.0539 0.9690
vn 0.4498 0.4499 0.7715
vn 0.3922 0.0047 0.9199
vn 0.0846 0.0173 0.9963
vn 0.0558 0.0558 0.9969
vn 0.3750 -0.9204 -0.1107
vn -0.2753 -0.9612 -0.0195
vn -0.2708 -0.9624 -0.0200
vn 0.3789 -0.9187 -0.1114
vn -0.6789 -0.7341 0.0153
vn -0.6792 -0.7338 0.0152
vn 0.8076 0.4793 -0.3437
vn 0.9569 -0.0458 -0.2869
vn 0.9569 -0.0276 -0.2890
vn 0.8084 0.4780 -0.3435
vn 0.7766 -0.5992 -0.1945
vn 0.7768 -0.5989 -0.1946
vn 0.6585 0.6585 -0.3643
vn -0.7071 -0.7071 0.0060
vn -0.3633 0.0097 -0.9316
vn -0.4361 0.1327 -0.8901
vn -0.3995 -0.3995 -0.8251
vn 0.5338 0.7988 -0.2774
vn 0.5528 0.8274 -0.0990
vn -0.0116 -0.0174 -0.9998
vn 0.5540 0.8291 -0.0752
vn -0.1238 -0.4201 -0.8990
vn -0.3720 -0.6284 -0.6832
vn -0.2854 -0.4675 -0.8367
vn -0.0527 -0.4935 -0.8682
vn -0.4314 -0.7856 -0.4436
vn -0.5013 -0.7296 -0.4652
vn -0.0244 -0.0569 -0.9981
vn 0.0918 -0.1171 -0.9889
vn 0.2274 -0.1301 -0.9651
vn 0.1376 0.0568 -0.9889
vn 0.0707 -0.0043 -0.9975
vn 0.0915 -0.2635 -0.9603
vn 0.2277 -0.3242 -0.9182
vn -0.0277 0.3567 0.9338
vn 0.1769 0.5352 0.8260
vn 0.1909 0.5350 0.8230
vn 0.3440 0.5328 0.7732
vn 0.3523 0.5255 0.7744
vn -0.0738 0.1699 0.9827
vn -0.0532 0.2407 0.9691
vn 0.0052 0.3916 0.9201
vn 0.0173 0.0846 0.9963
vn -0.9204 0.3750 -0.1107
vn -0.9187 0.3790 -0.1114
vn -0.9624 -0.2708 -0.0200
vn -0.9612 -0.2753 -0.0195
vn -0.7338 -0.6792 0.0152
vn -0.7341 -0.6789 0.0153
vn 0.4793 0.8075 -0.3438
vn 0.4780 0.8084 -0.3435
vn -0.0276 0.9569 -0.2890
vn -0.0458 0.9569 -0.2869
vn -0.5989 0.7768 -0.1946
vn -0.5992 0.7766 -0.1945
vn 0.0097 -0.3633 -0.9316
vn 0.1327 -0.4361 -0.8901
vn -0.0000 -0.1359 0.9907
vn -0.0265 -0.1333 0.9907
vn -0.0520 -0.1256 0.9907
vn -0.0755 -0.1130 0.9907
vn -0.0961 -0.0961 0.9907
vn -0.1130 -0.0755 0.9907
vn -0.1256 -0.0520 0.9907
vn -0.1333 -0.0265 0.9907
vn -0.1359 -0.0000 0.9907
vn -0.1333 0.0265 0.9907
vn -0.1256 0.0520 0.9907
vn -0.1130 0.0755 0.9907
vn -0.0961 0.0961 0.9907
vn -0.0755 0.1130 0.9907
vn -0.0520 0.1256 0.9907
vn -0.0265 0.1333 0.9907
vn -0.0000 0.1359 0.9907
vn 0.0265 0.1333 0.9907
vn 0.0520 0.1256 0.9907
vn 0.0755 0.1130 0.9907
vn 0.0961 0.0961 0.9907
vn 0.1130 0.0755 0.9907
vn 0.1256 0.0520 0.9907
vn 0.1333 0.0265 0.9907
vn 0.1359 -0.0000 0.9907
vn 0.1333 -0.0265 0.9907
vn 0.1256 -0.0520 0.9907
vn 0.1130 -0.0755 0.9907
vn 0.0961 -0.0961 0.9907
vn 0.0755 -0.1130 0.9907
vn 0.0520 -0.1256 0.9907
vn 0.0265 -0.1333 0.9907
vn -0.0000 0.7095 0.7047
vn 0.1384 0.6959 0.7047
vn 0.0736 0.3699 0.9261
vn -0.0000 0.3772 0.9261
vn 0.2715 0.6555 0.7047
vn 0.1443 0.3485 0.9261
vn 0.3942 0.5899 0.7047
vn 0.2095 0.3136 0.9261
vn 0.5017 0.5017 0.7047
vn 0.2667 0.2667 0.9261
vn 0.5899 0.3942 0.7047
vn 0.3136 0.2095 0.9261
vn 0.6555 0.2715 0.7047
vn 0.3485 0.1443 0.9261
vn 0.6959 0.1384 0.7047
vn 0.3699 0.0736 0.9261
vn 0.7095 -0.0000 0.7047
vn 0.3772 -0.0000 0.9261
vn 0.6959 -0.1384 0.7047
vn 0.3699 -0.0736 0.9261
vn 0.6555 -0.2715 0.7047
vn 0.3485 -0.1443 0.9261
vn 0.5899 -0.3942 0.7047
vn 0.3136 -0.2095 0.9261
vn 0.5017 -0.5017 0.7047
vn 0.2667 -0.2667 0.9261
vn 0.3942 -0.5899 0.7047
vn 0.2095 -0.3136 0.9261
vn 0.2715 -0.6555 0.7047
vn 0.1443 -0.3485 0.9261
vn 0.1384 -0.6959 0.7047
vn 0.0736 -0.3699 0.9261
vn -0.0000 -0.7095 0.7047
vn -0.0000 -0.3772 0.9261
vn -0.1384 -0.6959 0.7047
vn -0.0736 -0.3699 0.9261
vn -0.2715 -0.6555 0.7047
vn -0.1443 -0.3485 0.9261
vn -0.3942 -0.5899 0.7047
vn -0.2095 -0.3136 0.9261
vn -0.5017 -0.5017 0.7047
vn -0.2667 -0.2667 0.9261
vn -0.5899 -0.3942 0.7047
vn -0.3136 -0.2095 0.9261
vn -0.6555 -0.2715 0.7047
vn -0.3485 -0.1443 0.9261
vn -0.6959 -0.1384 0.7047
vn -0.3699 -0.0736 0.9261
vn -0.7095 -0.0000 0.7047
vn -0.3772 -0.0000 0.9261
vn -0.6959 0.1384 0.7047
vn -0.3699 0.0736 0.9261
vn -0.6555 0.2715 0.7047
vn -0.3485 0.1443 0.9261
vn -0.5899 0.3942 0.7047
vn -0.3136 0.2095 0.9261
vn -0.5017 0.5017 0.7047
vn -0.2667 0.2667 0.9261
vn -0.3942 0.5899 0.7047
vn -0.2095 0.3136 0.9261
vn -0.2715 0.6555 0.7047
vn -0.1443 0.3485 0.9261
vn -0.1384 0.6959 0.7047
vn -0.0736 0.3699 0.9261
vn -0.0000 -0.9956 -0.0942
vn -0.0000 -0.9956 0.0941
vn -0.1942 -0.9764 -0.0942
vn -0.3810 -0.9198 -0.0942
vn -0.5531 -0.8278 -0.0942
vn -0.7040 -0.7040 0.0941
vn -0.8278 -0.5531 0.0941
vn -0.8278 -0.5531 -0.0942
vn -0.9198 -0.3810 0.0941
vn -0.9198 -0.3810 -0.0942
vn -0.9764 -0.1942 0.0941
vn -0.9764 -0.1942 -0.0942
vn -0.9956 -0.0000 0.0941
vn -0.9956 -0.0000 -0.0942
vn -0.9764 0.1942 0.0941
vn -0.9764 0.1942 -0.0942
vn -0.9198 0.3810 0.0941
vn -0.9198 0.3810 -0.0942
vn -0.8278 0.5531 0.0941
vn -0.7040 0.7040 0.0941
vn -0.5531 0.8278 0.0941
vn -0.3810 0.9198 0.0941
vn -0.3810 0.9198 -0.0942
vn -0.1942 0.9764 0.0941
vn -0.1942 0.9764 -0.0942
vn -0.0000 0.9956 0.0941
vn -0.0000 0.9956 -0.0942
vn 0.1942 0.9764 0.0941
vn 0.1942 0.9764 -0.0942
vn 0.3810 0.9198 -0.0942
vn 0.5531 0.8278 -0.0942
vn 0.7040 0.7040 0.0941
vn 0.7040 0.7040 -0.0942
vn 0.8278 0.5531 0.0941
vn 0.8278 0.5531 -0.0942
vn 0.9198 0.3810 0.0941
vn 0.9198 0.3810 -0.0942
vn 0.9764 0.1942 0.0941
vn 0.9764 0.1942 -0.0942
vn 0.9956 -0.0000 0.0941
vn 0.9956 -0.0000 -0.0942
vn 0.9764 -0.1942 0.0941
vn 0.9764 -0.1942 -0.0942
vn 0.9198 -0.3810 0.0941
vn 0.9198 -0.3810 -0.0942
vn 0.8278 -0.5531 0.0941
vn 0.8278 -0.5531 -0.0942
vn 0.7040 -0.7040 -0.0942
vn 0.5531 -0.8278 0.0941
vn 0.5531 -0.8278 -0.0942
vn 0.3810 -0.9198 0.0941
vn 0.3810 -0.9198 -0.0942
vn 0.1942 -0.9764 0.0941
vn -0.0000 -0.9083 0.4183
vn -0.1772 -0.8908 0.4183
vn -0.3476 -0.8392 0.4183
vn -0.5046 -0.7552 0.4183
vn -0.6423 -0.6423 0.4183
vn -0.7552 -0.5046 0.4183
vn -0.8392 -0.3476 0.4183
vn -0.8908 -0.1772 0.4183
vn -0.9083 -0.0000 0.4183
vn -0.8908 0.1772 0.4183
vn -0.8392 0.3476 0.4183
vn -0.7552 0.5046 0.4183
vn -0.6423 0.6423 0.4183
vn -0.5046 0.7552 0.4183
vn -0.3476 0.8392 0.4183
vn -0.1772 0.8908 0.4183
vn -0.0000 0.9083 0.4183
vn 0.1772 0.8908 0.4183
vn 0.3476 0.8392 0.4183
vn 0.5046 0.7552 0.4183
vn 0.6423 0.6423 0.4183
vn 0.7552 0.5046 0.4183
vn 0.8392 0.3476 0.4183
vn 0.8908 0.1772 0.4183
vn 0.9083 -0.0000 0.4183
vn 0.8908 -0.1772 0.4183
vn 0.8392 -0.3476 0.4183
vn 0.7552 -0.5046 0.4183
vn 0.6423 -0.6423 0.4183
vn 0.5046 -0.7552 0.4183
vn 0.3476 -0.8392 0.4183
vn 0.1772 -0.8908 0.4183
vn -0.0000 -0.1424 -0.9898
vn -0.0278 -0.1397 -0.9898
vn -0.0545 -0.1316 -0.9898
vn -0.0791 -0.1184 -0.9898
vn -0.1007 -0.1007 -0.9898
vn -0.1184 -0.0791 -0.9898
vn -0.1316 -0.0545 -0.9898
vn -0.1397 -0.0278 -0.9898
vn -0.1424 -0.0000 -0.9898
vn -0.1397 0.0278 -0.9898
vn -0.1316 0.0545 -0.9898
vn -0.1184 0.0791 -0.9898
vn -0.1007 0.1007 -0.9898
vn -0.0791 0.1184 -0.9898
vn -0.0545 0.1316 -0.9898
vn -0.0278 0.1397 -0.9898
vn -0.0000 0.1424 -0.9898
vn 0.0278 0.1397 -0.9898
vn 0.0545 0.1316 -0.9898
vn 0.0791 0.1184 -0.9898
vn 0.1007 0.1007 -0.9898
vn 0.1184 0.0791 -0.9898
vn 0.1316 0.0545 -0.9898
vn 0.1397 0.0278 -0.9898
vn 0.1424 -0.0000 -0.9898
vn 0.1397 -0.0278 -0.9898
vn 0.1316 -0.0545 -0.9898
vn 0.1184 -0.0791 -0.9898
vn 0.1007 -0.1007 -0.9898
vn 0.0791 -0.1184 -0.9898
vn 0.0545 -0.1316 -0.9898
vn 0.0278 -0.1397 -0.9898
vn -0.0000 0.6733 -0.7394
vn -0.0000 0.3480 -0.9375
vn 0.0679 0.3413 -0.9375
vn 0.1314 0.6604 -0.7394
vn 0.1332 0.3215 -0.9375
vn 0.2577 0.6220 -0.7394
vn 0.1933 0.2893 -0.9375
vn 0.3741 0.5598 -0.7394
vn 0.2461 0.2461 -0.9375
vn 0.4761 0.4761 -0.7394
vn 0.2893 0.1933 -0.9375
vn 0.5598 0.3741 -0.7394
vn 0.3215 0.1332 -0.9375
vn 0.6220 0.2577 -0.7394
vn 0.3413 0.0679 -0.9375
vn 0.6604 0.1314 -0.7394
vn 0.3480 -0.0000 -0.9375
vn 0.6733 -0.0000 -0.7394
vn 0.3413 -0.0679 -0.9375
vn 0.6604 -0.1314 -0.7394
vn 0.3215 -0.1332 -0.9375
vn 0.6220 -0.2577 -0.7394
vn 0.2893 -0.1933 -0.9375
vn 0.5598 -0.3741 -0.7394
vn 0.2461 -0.2461 -0.9375
vn 0.4761 -0.4761 -0.7394
vn 0.1933 -0.2893 -0.9375
vn 0.3741 -0.5598 -0.7394
vn 0.1332 -0.3215 -0.9375
vn 0.2577 -0.6220 -0.7394
vn 0.0679 -0.3413 -0.9375
vn 0.1314 -0.6604 -0.7394
vn -0.0000 -0.3480 -0.9375
vn -0.0000 -0.6733 -0.7394
vn -0.0679 -0.3413 -0.9375
vn -0.1314 -0.6604 -0.7394
vn -0.1332 -0.3215 -0.9375
vn -0.2577 -0.6220 -0.7394
vn -0.1933 -0.2893 -0.9375
vn -0.3741 -0.5598 -0.7394
vn -0.2461 -0.2461 -0.9375
vn -0.4761 -0.4761 -0.7394
vn -0.2893 -0.1933 -0.9375
vn -0.5598 -0.3741 -0.7394
vn -0.3215 -0.1332 -0.9375
vn -0.6220 -0.2577 -0.7394
vn -0.3413 -0.0679 -0.9375
vn -0.6604 -0.1314 -0.7394
vn -0.3480 -0.0000 -0.9375
vn -0.6733 -0.0000 -0.7394
vn -0.3413 0.0679 -0.9375
vn -0.6604 0.1314 -0.7394
vn -0.3215 0.1332 -0.9375
vn -0.6220 0.2577 -0.7394
vn -0.2893 0.1933 -0.9375
vn -0.5598 0.3741 -0.7394
vn -0.2461 0.2461 -0.9375
vn -0.4761 0.4761 -0.7394
vn -0.1933 0.2893 -0.9375
vn -0.3741 0.5598 -0.7394
vn -0.1332 0.3215 -0.9375
vn -0.2577 0.6220 -0.7394
vn -0.0679 0.3413 -0.9375
vn -0.1314 0.6604 -0.7394
vn -0.1772 -0.8908 -0.4184
vn -0.0000 -0.9083 -0.4184
vn -0.3476 -0.8391 -0.4184
vn -0.5046 -0.7552 -0.4184
vn -0.6422 -0.6422 -0.4184
vn -0.7552 -0.5046 -0.4184
vn -0.8391 -0.3476 -0.4184
vn -0.8908 -0.1772 -0.4184
vn -0.9083 -0.0000 -0.4184
vn -0.8908 0.1772 -0.4184
vn -0.8391 0.3476 -0.4184
vn -0.7552 0.5046 -0.4184
vn -0.6422 0.6422 -0.4184
vn -0.5046 0.7552 -0.4184
vn -0.3476 0.8391 -0.4184
vn -0.1772 0.8908 -0.4184
vn -0.0000 0.9083 -0.4184
vn 0.1772 0.8908 -0.4184
vn 0.3476 0.8391 -0.4184
vn 0.5046 0.7552 -0.4184
vn 0.6422 0.6422 -0.4184
vn 0.7552 0.5046 -0.4184
vn 0.8391 0.3476 -0.4184
vn 0.8908 0.1772 -0.4184
vn 0.9083 -0.0000 -0.4184
vn 0.8908 -0.1772 -0.4184
vn 0.8391 -0.3476 -0.4184
vn 0.7552 -0.5046 -0.4184
vn 0.6422 -0.6422 -0.4184
vn 0.5046 -0.7552 -0.4184
vn 0.3476 -0.8391 -0.4184
vn 0.1772 -0.8908 -0.4184
vt 0.899169 0.584975
vt 0.902000 0.570040
vt 0.945519 0.581621
vt 0.940757 0.591278
vt 0.184956 0.483830
vt 0.184570 0.503916
vt 0.154571 0.528895
vt 0.153412 0.503016
vt 0.904954 0.522916
vt 0.871990 0.501806
vt 0.871602 0.490347
vt 0.903020 0.508753
vt 0.901480 0.539526
vt 0.903796 0.529998
vt 0.944484 0.546472
vt 0.941396 0.557030
vt 0.238790 0.626085
vt 0.232639 0.658623
vt 0.224700 0.657146
vt 0.231627 0.624587
vt 0.870190 0.518673
vt 0.871089 0.507600
vt 0.187017 0.522585
vt 0.158435 0.548208
vt 0.155731 0.541899
vt 0.184828 0.517950
vt 0.905461 0.472703
vt 0.947698 0.513511
vt 0.945124 0.517889
vt 0.904045 0.477853
vt 0.185084 0.457178
vt 0.186243 0.467993
vt 0.153540 0.489239
vt 0.151866 0.477522
vt 0.183150 0.376449
vt 0.149546 0.389970
vt 0.148000 0.379026
vt 0.181605 0.366535
vt 0.896602 0.635833
vt 0.900977 0.621155
vt 0.947974 0.634023
vt 0.947074 0.644709
vt 0.902761 0.496393
vt 0.940103 0.521752
vt 0.940361 0.529219
vt 0.872886 0.467557
vt 0.875201 0.453652
vt 0.944870 0.540291
vt 0.042565 0.819239
vt 0.018488 0.815248
vt 0.011276 0.785378
vt 0.039087 0.777651
vt 0.876617 0.448888
vt 0.220096 0.184733
vt 0.171685 0.184735
vt 0.131766 0.021090
vt 0.142324 0.018386
vt 0.941268 0.563339
vt 0.901739 0.553302
vt 0.059411 0.176756
vt 0.047175 0.037187
vt 0.067389 0.029075
vt 0.072415 0.178301
vt 0.869677 0.533865
vt 0.909194 0.464977
vt 0.911252 0.455191
vt 0.954906 0.503596
vt 0.951044 0.507974
vt 0.941817 0.786724
vt 0.940660 0.795350
vt 0.890962 0.798062
vt 0.891217 0.785058
vt 0.822107 0.976909
vt 0.802768 0.807860
vt 0.830579 0.810817
vt 0.833438 0.977293
vt 0.473679 0.583991
vt 0.482120 0.624829
vt 0.430553 0.634066
vt 0.426561 0.590004
vt 0.903036 0.614588
vt 0.868657 0.599014
vt 0.867754 0.588199
vt 0.900331 0.603129
vt 0.177093 0.201087
vt 0.177480 0.214735
vt 0.145291 0.210100
vt 0.145420 0.199414
vt 0.869294 0.552792
vt 0.869679 0.545582
vt 0.902385 0.563731
vt 0.227565 0.211257
vt 0.227049 0.202244
vt 0.891728 0.755058
vt 0.860956 0.754677
vt 0.865055 0.617684
vt 0.121466 0.019545
vt 0.120440 0.184479
vt 0.084389 0.181004
vt 0.110135 0.019932
vt 0.184310 0.426277
vt 0.230404 0.419194
vt 0.229374 0.432585
vt 0.184568 0.431427
vt 0.225118 0.194647
vt 0.176578 0.196194
vt 0.854939 0.980638
vt 0.843608 0.976004
vt 0.884656 0.813384
vt 0.933324 0.812733
vt 0.227957 0.394345
vt 0.183279 0.389582
vt 0.183923 0.383016
vt 0.231948 0.387907
vt 0.236647 0.583400
vt 0.263720 0.518587
vt 0.267643 0.520039
vt 0.240812 0.584198
vt 0.945776 0.574668
vt 0.946555 0.616384
vt 0.942047 0.607372
vt 0.148375 0.013493
vt 0.151594 0.010531
vt 0.231426 0.177265
vt 0.225504 0.180871
vt 0.868143 0.606353
vt 0.247723 0.585962
vt 0.281213 0.588850
vt 0.275420 0.630186
vt 0.177352 0.241773
vt 0.228081 0.238037
vt 0.230789 0.360482
vt 0.854656 0.812359
vt 0.856071 0.803346
vt 0.889804 0.802697
vt 0.845591 0.474643
vt 0.818164 0.449927
vt 0.823051 0.414390
vt 0.849063 0.442841
vt 0.782263 0.587182
vt 0.760760 0.579718
vt 0.759600 0.570062
vt 0.782647 0.574950
vt 0.826783 0.407566
vt 0.851251 0.434085
vt 0.746034 0.267753
vt 0.764060 0.268137
vt 0.764322 0.296977
vt 0.744107 0.293633
vt 0.827813 0.405635
vt 0.852409 0.430480
vt 0.519928 0.046146
vt 0.517608 0.084642
vt 0.515419 0.084770
vt 0.517481 0.046017
vt 0.831289 0.400098
vt 0.853953 0.426102
vt 0.528538 0.691752
vt 0.528221 0.779443
vt 0.485169 0.787423
vt 0.490502 0.703358
vt 0.951185 0.582264
vt 0.955563 0.583937
vt 0.957112 0.615095
vt 0.953121 0.616383
vt 0.465008 0.229468
vt 0.484811 0.228955
vt 0.487623 0.257505
vt 0.467707 0.258669
vt 0.786233 0.450189
vt 0.761637 0.421353
vt 0.762793 0.403713
vt 0.787132 0.437185
vt 0.950536 0.551492
vt 0.954399 0.552135
vt 0.954917 0.568873
vt 0.951312 0.569775
vt 0.784825 0.502077
vt 0.761131 0.484828
vt 0.760227 0.461008
vt 0.785337 0.487914
vt 0.784312 0.515338
vt 0.758559 0.502982
vt 0.953510 0.632863
vt 0.952740 0.649987
vt 0.831396 0.256410
vt 0.790965 0.241353
vt 0.794689 0.176203
vt 0.828036 0.175683
vt 0.782903 0.566711
vt 0.761916 0.559246
vt 0.761914 0.546628
vt 0.783674 0.554994
vt 0.846736 0.380654
vt 0.865534 0.382969
vt 0.571682 0.081297
vt 0.667599 0.081689
vt 0.667983 0.118382
vt 0.569363 0.114772
vt 0.534203 0.690439
vt 0.533228 0.777759
vt 0.848018 0.344860
vt 0.842468 0.256409
vt 0.849292 0.256536
vt 0.857031 0.344859
vt 0.854571 0.256149
vt 0.867201 0.342154
vt 0.606413 0.462748
vt 0.573197 0.463263
vt 0.574355 0.455538
vt 0.605769 0.456054
vt 0.519349 0.871889
vt 0.494338 0.881345
vt 0.834755 0.337137
vt 0.764698 0.232859
vt 0.791618 0.305342
vt 0.803532 0.751080
vt 0.779196 0.741299
vt 0.811104 0.596319
vt 0.949633 0.538231
vt 0.744337 0.953359
vt 0.741354 0.808771
vt 0.761826 0.811085
vt 0.755024 0.957349
vt 0.552598 0.469829
vt 0.530969 0.472533
vt 0.533286 0.465966
vt 0.554400 0.464679
vt 0.441655 0.792566
vt 0.434618 0.715945
vt 0.845078 0.484042
vt 0.818551 0.459068
vt 0.611820 0.384472
vt 0.572553 0.386017
vt 0.569721 0.319070
vt 0.610790 0.319199
vt 0.844563 0.488677
vt 0.817265 0.465249
vt 0.507308 0.085671
vt 0.494691 0.086829
vt 0.503448 0.044214
vt 0.509757 0.041253
vt 0.787643 0.409246
vt 0.763174 0.371396
vt 0.763171 0.351440
vt 0.789184 0.381693
vt 0.844952 0.500780
vt 0.816493 0.474390
vt 0.603709 0.467125
vt 0.572682 0.467512
vt 0.954010 0.535140
vt 0.785850 0.468987
vt 0.760223 0.439507
vt 0.843538 0.517132
vt 0.815725 0.497823
vt 0.185986 0.473916
vt 0.153411 0.495290
vt 0.961486 0.585867
vt 0.963035 0.614192
vt 0.789825 0.365212
vt 0.763297 0.328136
vt 0.790337 0.346028
vt 0.843540 0.529749
vt 0.815856 0.512372
vt 0.957630 0.632862
vt 0.956989 0.651017
vt 0.778812 0.755076
vt 0.759626 0.744135
vt 0.757693 0.729715
vt 0.779076 0.794345
vt 0.761694 0.791258
vt 0.758600 0.766538
vt 0.778688 0.780826
vt 0.843026 0.538247
vt 0.815342 0.524217
vt 0.961354 0.567456
vt 0.841483 0.550608
vt 0.814057 0.539539
vt 0.841358 0.575457
vt 0.812259 0.566448
vt 0.778428 0.768337
vt 0.758984 0.755980
vt 0.840845 0.585628
vt 0.812904 0.578551
vt 0.841619 0.594126
vt 0.812777 0.586405
vt 0.839560 0.602624
vt 0.762791 0.386718
vt 0.786487 0.424825
vt 0.960836 0.548787
vt 0.875963 0.381422
vt 0.538569 0.649010
vt 0.538573 0.689160
vt 0.532751 0.649420
vt 0.526711 0.651260
vt 0.730321 0.231448
vt 0.742673 0.174151
vt 0.760698 0.177754
vt 0.747444 0.226810
vt 0.489188 0.657672
vt 0.949115 0.517759
vt 0.953235 0.517630
vt 0.959673 0.518916
vt 0.959803 0.530761
vt 0.491708 0.495063
vt 0.476997 0.497128
vt 0.481531 0.487167
vt 0.493477 0.483361
vt 0.449555 0.502761
vt 0.461489 0.488464
vt 0.475841 0.507519
vt 0.477732 0.515501
vt 0.454661 0.519855
vt 0.452382 0.511884
vt 0.482273 0.505799
vt 0.484691 0.514155
vt 0.487426 0.504759
vt 0.488533 0.512501
vt 0.957096 0.510934
vt 0.961216 0.508487
vt 0.962247 0.512221
vt 0.482301 0.501913
vt 0.487455 0.500872
vt 0.957868 0.501535
vt 0.952848 0.513767
vt 0.950145 0.515699
vt 0.938211 0.777068
vt 0.890959 0.778105
vt 0.383577 0.795496
vt 0.451155 0.884277
vt 0.386016 0.889592
vt 0.381601 0.719262
vt 0.433675 0.669602
vt 0.417387 0.525872
vt 0.416246 0.516835
vt 0.274533 0.521026
vt 0.297799 0.524179
vt 0.414418 0.506262
vt 0.832669 0.163580
vt 0.825717 0.166671
vt 0.824171 0.163324
vt 0.826617 0.160104
vt 0.782582 0.149553
vt 0.762497 0.153290
vt 0.763527 0.150200
vt 0.783354 0.145433
vt 0.380471 0.675644
vt 0.614395 0.463006
vt 0.612979 0.468284
vt 0.612206 0.422194
vt 0.617485 0.420005
vt 0.621090 0.431978
vt 0.613365 0.433395
vt 0.376630 0.527446
vt 0.376368 0.517351
vt 0.842841 0.169501
vt 0.839494 0.171819
vt 0.835115 0.161777
vt 0.837689 0.159459
vt 0.626239 0.318813
vt 0.626239 0.386789
vt 0.618129 0.385244
vt 0.618386 0.318812
vt 0.779622 0.158051
vt 0.759279 0.158698
vt 0.776792 0.175562
vt 0.614910 0.457341
vt 0.828419 0.157271
vt 0.830092 0.154825
vt 0.623150 0.467640
vt 0.623665 0.473691
vt 0.376086 0.506479
vt 0.834859 0.174394
vt 0.623407 0.460044
vt 0.447221 0.472644
vt 0.525747 0.868874
vt 0.536702 0.776892
vt 0.530319 0.865388
vt 0.538339 0.040740
vt 0.572199 0.038424
vt 0.540783 0.082712
vt 0.375247 0.474121
vt 0.779237 0.165905
vt 0.760311 0.167968
vt 0.512200 0.085671
vt 0.515808 0.045888
vt 0.743830 0.163593
vt 0.761469 0.163076
vt 0.797003 0.157791
vt 0.800479 0.151224
vt 0.802281 0.146460
vt 0.556718 0.456440
vt 0.536505 0.454637
vt 0.744344 0.158185
vt 0.743828 0.152392
vt 0.510499 0.466868
vt 0.511657 0.461332
vt 0.513331 0.453221
vt 0.778820 0.807864
vt 0.761952 0.798596
vt 0.779205 0.800010
vt 0.559421 0.433523
vt 0.577188 0.430820
vt 0.584784 0.411251
vt 0.579891 0.418975
vt 0.560065 0.383442
vt 0.514298 0.577110
vt 0.526987 0.616931
vt 0.523145 0.618585
vt 0.508514 0.578814
vt 0.556589 0.319070
vt 0.552984 0.382669
vt 0.549894 0.318297
vt 0.507795 0.426442
vt 0.535475 0.426957
vt 0.528394 0.259204
vt 0.531355 0.213629
vt 0.537663 0.214787
vt 0.535475 0.259719
vt 0.501100 0.378163
vt 0.529682 0.379708
vt 0.556074 0.183374
vt 0.557876 0.210668
vt 0.551310 0.212856
vt 0.550409 0.186850
vt 0.498654 0.319714
vt 0.528008 0.319456
vt 0.740826 0.728816
vt 0.724989 0.728175
vt 0.724323 0.579208
vt 0.735911 0.577919
vt 0.743082 0.324405
vt 0.728146 0.323635
vt 0.730202 0.291446
vt 0.737186 0.500668
vt 0.722766 0.500026
vt 0.723921 0.476979
vt 0.737440 0.479938
vt 0.743539 0.787655
vt 0.727702 0.784568
vt 0.725639 0.763066
vt 0.741862 0.764609
vt 0.737066 0.554228
vt 0.723289 0.553844
vt 0.723287 0.542128
vt 0.736806 0.542383
vt 0.736166 0.566975
vt 0.724321 0.567106
vt 0.740957 0.742464
vt 0.725249 0.741436
vt 0.743540 0.795380
vt 0.912152 0.448625
vt 0.739234 0.418523
vt 0.722753 0.417110
vt 0.723137 0.399857
vt 0.740004 0.401914
vt 0.741345 0.754051
vt 0.725774 0.806842
vt 0.727961 0.792164
vt 0.744250 0.387493
vt 0.721976 0.385823
vt 0.721201 0.372304
vt 0.746308 0.372300
vt 0.723145 0.454834
vt 0.738210 0.457407
vt 0.796618 0.166160
vt 0.796875 0.162426
vt 0.779365 0.162429
vt 0.963166 0.632218
vt 0.962912 0.652947
vt 0.464603 0.218858
vt 0.485166 0.217677
vt 0.531513 0.082969
vt 0.530743 0.041254
vt 0.532928 0.107559
vt 0.543742 0.110006
vt 0.543227 0.117216
vt 0.531511 0.113997
vt 0.493142 0.400479
vt 0.482835 0.402559
vt 0.482335 0.383274
vt 0.492679 0.382617
vt 0.836107 0.754680
vt 0.835079 0.767427
vt 0.802890 0.764986
vt 0.960487 0.787622
vt 0.955465 0.786850
vt 0.955203 0.758783
vt 0.960868 0.758781
vt 0.950182 0.758912
vt 0.950057 0.786465
vt 0.879062 0.442836
vt 0.884208 0.415411
vt 0.833149 0.780174
vt 0.802506 0.778505
vt 0.369688 0.259655
vt 0.440776 0.258978
vt 0.446337 0.363614
vt 0.372446 0.366047
vt 0.745790 0.350927
vt 0.722357 0.354665
vt 0.464049 0.207475
vt 0.484602 0.205906
vt 0.958171 0.798695
vt 0.953021 0.797537
vt 0.955340 0.810283
vt 0.950063 0.823932
vt 0.944655 0.820327
vt 0.949803 0.807967
vt 0.947613 0.796508
vt 0.938861 0.816723
vt 0.944395 0.805521
vt 0.938473 0.802818
vt 0.330009 0.592636
vt 0.378247 0.589832
vt 0.379475 0.637203
vt 0.328558 0.636580
vt 0.779488 0.967259
vt 0.831993 0.791762
vt 0.828775 0.799616
vt 0.801479 0.797947
vt 0.801865 0.791895
vt 0.829033 0.803736
vt 0.801737 0.802710
vt 0.439002 0.230530
vt 0.368957 0.231439
vt 0.368699 0.221473
vt 0.438720 0.219658
vt 0.451196 0.006409
vt 0.363153 0.007525
vt 0.363080 0.004678
vt 0.452134 0.002629
vt 0.494517 0.428548
vt 0.484763 0.426988
vt 0.228088 0.481640
vt 0.231436 0.486790
vt 0.537309 0.032371
vt 0.529842 0.032757
vt 0.868975 0.991837
vt 0.866787 0.994927
vt 0.859190 0.989908
vt 0.862923 0.986302
vt 0.529456 0.022071
vt 0.529714 0.028122
vt 0.523276 0.028508
vt 0.521860 0.023358
vt 0.855327 0.986432
vt 0.859961 0.983470
vt 0.517225 0.029152
vt 0.516324 0.024645
vt 0.850047 0.983213
vt 0.515037 0.017564
vt 0.511689 0.020396
vt 0.509115 0.016534
vt 0.514393 0.012543
vt 0.510916 0.028893
vt 0.505252 0.027477
vt 0.505767 0.023228
vt 0.511689 0.024902
vt 0.519415 0.010869
vt 0.520058 0.015376
vt 0.834983 0.983731
vt 0.822623 0.984119
vt 0.504865 0.031597
vt 0.510530 0.032112
vt 0.517997 0.032628
vt 0.517610 0.040610
vt 0.524306 0.032499
vt 0.524177 0.040482
vt 0.523273 0.083998
vt 0.481134 0.361934
vt 0.491890 0.362174
vt 0.493787 0.465350
vt 0.483377 0.468469
vt 0.484274 0.448112
vt 0.494084 0.446821
vt 0.780005 0.979104
vt 0.758761 0.977820
vt 0.747817 0.974345
vt 0.721678 0.960187
vt 0.725281 0.946796
vt 0.506663 0.105240
vt 0.495204 0.108973
vt 0.505246 0.117472
vt 0.494174 0.121076
vt 0.502283 0.146311
vt 0.490438 0.151589
vt 0.511170 0.102280
vt 0.511169 0.116699
vt 0.509365 0.140775
vt 0.514517 0.101894
vt 0.513358 0.116571
vt 0.512841 0.138587
vt 0.516577 0.102280
vt 0.515031 0.116957
vt 0.516704 0.137170
vt 0.523916 0.105113
vt 0.523529 0.113224
vt 0.523785 0.134853
vt 0.531639 0.133695
vt 0.538855 0.027350
vt 0.540658 0.021042
vt 0.447566 0.451006
vt 0.447344 0.427440
vt 0.446760 0.404919
vt 0.446377 0.385112
vt 0.301427 0.434330
vt 0.374073 0.428821
vt 0.374664 0.451600
vt 0.301719 0.455563
vt 0.274531 0.011247
vt 0.367900 0.190669
vt 0.298532 0.192726
vt 0.373476 0.405782
vt 0.372946 0.385332
vt 0.574390 0.004821
vt 0.666831 0.001479
vt 0.666831 0.004054
vt 0.573746 0.008169
vt 0.480563 0.005129
vt 0.481375 0.001482
vt 0.573231 0.018211
vt 0.572844 0.024648
vt 0.572586 0.029927
vt 0.544256 0.136142
vt 0.568976 0.121724
vt 0.568846 0.140650
vt 0.273394 0.007391
vt 0.666959 0.022723
vt 0.666959 0.015384
vt 0.760816 0.016033
vt 0.761331 0.022599
vt 0.667215 0.036885
vt 0.668111 0.126751
vt 0.668239 0.145290
vt 0.368430 0.211119
vt 0.437529 0.208680
vt 0.463068 0.189627
vt 0.485135 0.191516
vt 0.436893 0.189140
vt 0.942843 0.759943
vt 0.144519 0.241903
vt 0.149289 0.405806
vt 0.149932 0.396794
vt 0.184954 0.438895
vt 0.151350 0.454733
vt 0.150835 0.445334
vt 0.891214 0.765616
vt 0.860057 0.766393
vt 0.738722 0.437064
vt 0.723400 0.434749
vt 0.858515 0.788539
vt 0.859157 0.778883
vt 0.938467 0.769085
vt 0.496160 0.002264
vt 0.496125 0.005892
vt 0.222036 0.440696
vt 0.222165 0.447392
vt 0.022081 0.461432
vt 0.008047 0.463106
vt 0.007917 0.434652
vt 0.020664 0.432978
vt 0.725380 0.752895
vt 0.302637 0.476003
vt 0.856457 0.798582
vt 0.603967 0.440089
vt 0.038435 0.505079
vt 0.052983 0.486023
vt 0.062382 0.482546
vt 0.063155 0.496195
vt 0.234913 0.491811
vt 0.191910 0.534173
vt 0.166547 0.581813
vt 0.163199 0.558894
vt 0.193198 0.542799
vt 0.040883 0.568684
vt 0.054530 0.552589
vt 0.064187 0.548468
vt 0.065088 0.564048
vt 0.144904 0.193877
vt 0.143230 0.184478
vt 0.222037 0.469151
vt 0.223067 0.479323
vt 0.225641 0.459108
vt 0.226414 0.454344
vt 0.228514 0.624408
vt 0.518655 0.575313
vt 0.238518 0.495416
vt 0.038939 0.166714
vt 0.036360 0.041307
vt 0.867236 0.566440
vt 0.837943 0.976649
vt 0.061085 0.200318
vt 0.056709 0.245897
vt 0.033147 0.250404
vt 0.037395 0.205855
vt 0.013062 0.249890
vt 0.012289 0.221692
vt 0.125972 0.020189
vt 0.241479 0.497219
vt 0.194872 0.550653
vt 0.227185 0.410568
vt 0.184310 0.416106
vt 0.234782 0.433615
vt 0.235039 0.419323
vt 0.230660 0.373615
vt 0.150448 0.439154
vt 0.127790 0.519239
vt 0.130624 0.550011
vt 0.103844 0.581686
vt 0.097920 0.548854
vt 0.061096 0.517954
vt 0.039852 0.536366
vt 0.132555 0.561342
vt 0.107707 0.587866
vt 0.098435 0.533532
vt 0.099208 0.539841
vt 0.066119 0.570614
vt 0.135002 0.568552
vt 0.109896 0.592501
vt 0.830077 0.104358
vt 0.822867 0.103328
vt 0.821066 0.082213
vt 0.829048 0.082986
vt 0.139895 0.578208
vt 0.114016 0.599711
vt 0.233171 0.699149
vt 0.271625 0.708643
vt 0.281309 0.792448
vt 0.237643 0.786716
vt 0.236454 0.388937
vt 0.241733 0.388937
vt 0.240189 0.418937
vt 0.260140 0.235555
vt 0.259468 0.264584
vt 0.251283 0.263631
vt 0.252746 0.235099
vt 0.026723 0.665507
vt 0.008312 0.677096
vt 0.010370 0.617096
vt 0.028524 0.612847
vt 0.234525 0.451898
vt 0.239417 0.434129
vt 0.238517 0.452412
vt 0.041399 0.607954
vt 0.024531 0.576538
vt 0.050798 0.607696
vt 0.054275 0.619927
vt 0.043847 0.654563
vt 0.237870 0.358422
vt 0.237355 0.372971
vt 0.111703 0.740826
vt 0.108873 0.822198
vt 0.076170 0.828122
vt 0.070889 0.755891
vt 0.146849 0.614131
vt 0.130884 0.617221
vt 0.766604 0.113238
vt 0.763902 0.079635
vt 0.231775 0.785184
vt 0.251425 0.878704
vt 0.244750 0.876028
vt 0.129211 0.651985
vt 0.137322 0.651984
vt 0.129729 0.740825
vt 0.123162 0.740825
vt 0.158566 0.616062
vt 0.146335 0.654559
vt 0.572038 0.172302
vt 0.573068 0.182602
vt 0.553499 0.169598
vt 0.276889 0.886722
vt 0.115563 0.659710
vt 0.052475 0.717008
vt 0.072431 0.689969
vt 0.057884 0.766192
vt 0.095342 0.457052
vt 0.096373 0.471473
vt 0.233624 0.466447
vt 0.889358 0.410904
vt 0.551825 0.163934
vt 0.529553 0.168053
vt 0.527622 0.162904
vt 0.328352 0.718570
vt 0.325164 0.795456
vt 0.126760 0.513188
vt 0.610919 0.253282
vt 0.571523 0.252123
vt 0.126631 0.506750
vt 0.825446 0.037409
vt 0.831883 0.040370
vt 0.841537 0.083888
vt 0.063024 0.443019
vt 0.037918 0.456925
vt 0.039591 0.431689
vt 0.063024 0.426152
vt 0.097147 0.519498
vt 0.125343 0.495291
vt 0.602164 0.170500
vt 0.604353 0.173976
vt 0.571652 0.166895
vt 0.237616 0.468121
vt 0.095987 0.497610
vt 0.124055 0.469025
vt 0.248300 0.389838
vt 0.246884 0.418421
vt 0.048612 0.685978
vt 0.029299 0.700786
vt 0.096373 0.484090
vt 0.123797 0.457438
vt 0.242505 0.356877
vt 0.242892 0.373229
vt 0.022852 0.408385
vt 0.008818 0.409287
vt 0.071772 0.192206
vt 0.070871 0.201347
vt 0.063017 0.191691
vt 0.123153 0.449970
vt 0.245598 0.435417
vt 0.122638 0.437996
vt 0.094183 0.438512
vt 0.121993 0.420356
vt 0.093539 0.426151
vt 0.122894 0.408897
vt 0.095856 0.411859
vt 0.122765 0.401172
vt 0.094439 0.398855
vt 0.120576 0.389198
vt 0.066248 0.580271
vt 0.066893 0.610785
vt 0.243667 0.454730
vt 0.174530 0.587091
vt 0.220538 0.656476
vt 0.222508 0.697482
vt 0.218482 0.697069
vt 0.270189 0.663219
vt 0.232981 0.478550
vt 0.243667 0.470824
vt 0.243668 0.480095
vt 0.237101 0.479065
vt 0.259657 0.501725
vt 0.257480 0.492716
vt 0.268529 0.494242
vt 0.274312 0.502511
vt 0.286908 0.493766
vt 0.302138 0.506712
vt 0.276134 0.512825
vt 0.299787 0.515968
vt 0.264295 0.510801
vt 0.269625 0.511569
vt 0.264065 0.506921
vt 0.269395 0.507690
vt 0.246114 0.486532
vt 0.244955 0.490266
vt 0.240964 0.488464
vt 0.236715 0.486146
vt 0.233754 0.482799
vt 0.320172 0.887672
vt 0.327151 0.672234
vt 0.336261 0.519038
vt 0.335590 0.528122
vt 0.069199 0.245381
vt 0.337536 0.508255
vt 0.113637 0.834687
vt 0.107328 0.838550
vt 0.104753 0.835460
vt 0.106427 0.831726
vt 0.082994 0.851169
vt 0.064067 0.852070
vt 0.063424 0.849495
vt 0.081063 0.848079
vt 0.613108 0.174619
vt 0.611562 0.169083
vt 0.611176 0.215688
vt 0.612335 0.204617
vt 0.620060 0.205904
vt 0.616584 0.217877
vt 0.134750 0.741211
vt 0.124195 0.828378
vt 0.120203 0.826061
vt 0.617613 0.252509
vt 0.625853 0.250964
vt 0.060849 0.846277
vt 0.042308 0.845891
vt 0.042565 0.842028
vt 0.039977 0.409029
vt 0.604353 0.181829
vt 0.118659 0.838807
vt 0.116084 0.836489
vt 0.622506 0.170113
vt 0.623021 0.163805
vt 0.109260 0.841382
vt 0.115568 0.823357
vt 0.613880 0.180413
vt 0.622506 0.177838
vt 0.227875 0.784638
vt 0.239748 0.872920
vt 0.796607 0.037794
vt 0.795188 0.080538
vt 0.762489 0.036375
vt 0.060848 0.836105
vt 0.044496 0.830827
vt 0.058917 0.828509
vt 0.817721 0.037151
vt 0.813213 0.081440
vt 0.811026 0.037151
vt 0.024282 0.830441
vt 0.025183 0.827866
vt 0.044625 0.836878
vt 0.077587 0.844216
vt 0.111062 0.843829
vt 0.549379 0.177065
vt 0.537406 0.177451
vt 0.559164 0.254955
vt 0.551439 0.257402
vt 0.041664 0.850140
vt 0.506894 0.165221
vt 0.504061 0.155308
vt 0.072029 0.187313
vt 0.063016 0.186412
vt 0.575900 0.207449
vt 0.578861 0.219293
vt 0.583754 0.227018
vt 0.532514 0.186721
vt 0.507538 0.182859
vt 0.503031 0.215174
vt 0.535604 0.318426
vt 0.538050 0.380352
vt 0.499942 0.261650
vt 0.039970 0.192336
vt 0.015764 0.193495
vt 0.038038 0.181649
vt 0.011514 0.169161
vt 0.013960 0.148560
vt 0.076942 0.839452
vt 0.077200 0.834817
vt 0.023767 0.824518
vt 0.060720 0.839582
vt 0.249201 0.371812
vt 0.250359 0.354302
vt 0.251159 0.223872
vt 0.260369 0.224410
vt 0.804460 0.038052
vt 0.804715 0.080667
vt 0.803555 0.105515
vt 0.805100 0.112210
vt 0.793126 0.115428
vt 0.792483 0.108218
vt 0.261971 0.196264
vt 0.239966 0.011884
vt 0.253980 0.412635
vt 0.253776 0.394767
vt 0.263698 0.392826
vt 0.262907 0.412274
vt 0.083231 0.203278
vt 0.088640 0.244866
vt 0.247522 0.210226
vt 0.247780 0.239196
vt 0.241857 0.239196
vt 0.242243 0.210870
vt 0.236321 0.239067
vt 0.236706 0.211385
vt 0.150319 0.428210
vt 0.119283 0.205337
vt 0.118125 0.241903
vt 0.297215 0.371753
vt 0.298406 0.262798
vt 0.065212 0.407869
vt 0.251760 0.212071
vt 0.261368 0.212987
vt 0.239925 0.200183
vt 0.244689 0.199024
vt 0.242500 0.187308
vt 0.236448 0.189626
vt 0.237220 0.173660
vt 0.234260 0.201085
vt 0.230783 0.192072
vt 0.008292 0.049935
vt 0.083617 0.193751
vt 0.119926 0.197226
vt 0.119411 0.191947
vt 0.083617 0.189115
vt 0.298700 0.234167
vt 0.298936 0.223282
vt 0.254582 0.440854
vt 0.264163 0.440736
vt 0.797379 0.029168
vt 0.804847 0.029426
vt 0.157645 0.005252
vt 0.148246 0.006540
vt 0.155714 0.002034
vt 0.804976 0.018482
vt 0.812701 0.019512
vt 0.811542 0.024662
vt 0.804976 0.024533
vt 0.144126 0.010403
vt 0.817980 0.019641
vt 0.817336 0.024792
vt 0.528556 0.009067
vt 0.529199 0.012801
vt 0.804977 0.009083
vt 0.814247 0.011530
vt 0.820169 0.007797
vt 0.818753 0.012946
vt 0.814375 0.006638
vt 0.130864 0.014652
vt 0.127002 0.013880
vt 0.543491 0.011128
vt 0.544006 0.007781
vt 0.110650 0.012335
vt 0.123010 0.013108
vt 0.830210 0.027496
vt 0.824545 0.028010
vt 0.816692 0.028911
vt 0.810641 0.028911
vt 0.254365 0.377526
vt 0.263017 0.376525
vt 0.254871 0.476982
vt 0.254630 0.457691
vt 0.264639 0.459115
vt 0.265348 0.476452
vt 0.046659 0.018131
vt 0.067904 0.017101
vt 0.035458 0.021608
vt 0.007132 0.034742
vt 0.841664 0.106547
vt 0.843080 0.118650
vt 0.831750 0.115301
vt 0.845395 0.150193
vt 0.834967 0.144142
vt 0.823768 0.113241
vt 0.824668 0.135901
vt 0.812825 0.103198
vt 0.813339 0.111309
vt 0.813338 0.131651
vt 0.805614 0.131007
vt 0.796607 0.024275
vt 0.795835 0.017966
vt 0.300160 0.410402
vt 0.298866 0.390490
vt 0.759401 0.002515
vt 0.760044 0.005991
vt 0.239610 0.008137
vt 0.761717 0.027878
vt 0.791966 0.134483
vt 0.767119 0.120190
vt 0.767375 0.138988
vt 0.298913 0.212403
vt 0.250482 0.197727
vt 0.229768 0.013184
vt 0.229415 0.009567
vt 0.053369 0.467096
vt 0.063798 0.461431
vt 0.010631 0.739541
vt 0.028656 0.733747
vt 0.531663 0.617457
vt 0.602679 0.197922
vt 0.068953 0.632287
vt 0.070885 0.657008
vt 0.062899 0.530443
vt 0.005480 0.718555
vt 0.022470 0.517569
vt 0.007663 0.519629
vt 0.053242 0.539456
vt 0.024659 0.543577
vt 0.007536 0.581818
vt 0.005475 0.549758
vt 0.729167 0.265438
vt 0.667087 0.028645
vt 0.794549 0.004834
vt 0.794548 0.008310
vt 0.805363 0.005350
vt 0.842837 0.982185
vt 0.838974 0.982958
vt 0.824417 0.024148
vt 0.824160 0.019384
vt 0.829310 0.018870
vt 0.829824 0.023247
vt 0.139362 0.014523
vt 0.823001 0.014749
vt 0.826091 0.010629
vt 0.552083 0.447299
vt 0.541912 0.445110
vt 0.541268 0.428502
vt 0.552598 0.432751
vt 0.538179 0.187236
vt 0.023767 0.833531
vt 0.023510 0.838295
vt 0.722062 0.944607
vt 0.722298 0.806070
vt 0.003013 0.050450
vt 0.001596 0.036030
vt 0.724483 0.783667
vt 0.722420 0.762423
vt 0.724613 0.791649
vt 0.719534 0.418011
vt 0.719789 0.399986
vt 0.004827 0.410189
vt 0.009071 0.249375
vt 0.721901 0.741308
vt 0.721642 0.728561
vt 0.009969 0.149977
vt 0.020290 0.826064
vt 0.018616 0.821943
vt 0.722032 0.752509
vt 0.727103 0.231448
vt 0.738167 0.176727
vt 0.522240 0.141548
vt 0.516317 0.141805
vt 0.720181 0.435393
vt 0.720702 0.478396
vt 0.719926 0.454963
vt 0.721104 0.578436
vt 0.739324 0.166427
vt 0.739838 0.161019
vt 0.509236 0.145410
vt 0.502283 0.150559
vt 0.791451 0.140920
vt 0.765701 0.145682
vt 0.014367 0.814219
vt 0.007156 0.784734
vt 0.814883 0.138733
vt 0.805742 0.138217
vt 0.008168 0.221821
vt 0.011644 0.194139
vt 0.006769 0.739670
vt 0.001618 0.718555
vt 0.007523 0.170320
vt 0.719547 0.500928
vt 0.844108 0.155729
vt 0.832907 0.148647
vt 0.501358 0.183760
vt 0.500457 0.165993
vt 0.006378 0.616195
vt 0.003545 0.580916
vt 0.004055 0.434909
vt 0.667853 0.151599
vt 0.719940 0.542257
vt 0.017716 0.837394
vt 0.018231 0.832373
vt 0.001483 0.549372
vt 0.003671 0.519114
vt 0.504705 0.468027
vt 0.505992 0.462490
vt 0.530866 0.140519
vt 0.018874 0.829025
vt 0.720070 0.553716
vt 0.569876 0.147216
vt 0.544642 0.142966
vt 0.004185 0.462849
vt 0.512455 0.143093
vt 0.507538 0.453865
vt 0.502130 0.426442
vt 0.720973 0.566591
vt 0.718330 0.957741
vt 0.726854 0.290932
vt 0.725949 0.265310
vt 0.495564 0.378035
vt 0.823509 0.142853
vt 0.004320 0.675551
vt 0.724799 0.322605
vt 0.497109 0.216075
vt 0.719139 0.354666
vt 0.493118 0.320229
vt 0.497495 0.155952
vt 0.718111 0.372562
vt 0.739193 0.155225
vt 0.494277 0.262423
vt 0.490567 0.155837
vt 0.718886 0.386338
vt 0.691707 0.158320
vt 0.691923 0.157025
vt 0.700990 0.156809
vt 0.700774 0.158104
vt 0.719102 0.760643
vt 0.718665 0.764328
vt 0.709560 0.764319
vt 0.710214 0.760635
vt 0.609697 0.736728
vt 0.609697 0.735005
vt 0.618530 0.735220
vt 0.618745 0.736728
vt 0.694513 0.387375
vt 0.694081 0.383273
vt 0.702933 0.383273
vt 0.703364 0.387375
vt 0.717795 0.766495
vt 0.708690 0.766486
vt 0.609482 0.733497
vt 0.618530 0.733497
vt 0.718355 0.858848
vt 0.719002 0.862534
vt 0.709897 0.862525
vt 0.709250 0.858839
vt 0.717578 0.767579
vt 0.708473 0.767570
vt 0.316988 0.967113
vt 0.315478 0.967113
vt 0.315261 0.958055
vt 0.316770 0.958270
vt 0.717274 0.856029
vt 0.708169 0.856020
vt 0.717360 0.768880
vt 0.708255 0.768871
vt 0.319360 0.967328
vt 0.319358 0.958270
vt 0.717060 0.853427
vt 0.707955 0.853418
vt 0.717358 0.770397
vt 0.708253 0.770388
vt 0.327125 0.968189
vt 0.327123 0.959131
vt 0.717279 0.851043
vt 0.708174 0.851034
vt 0.717356 0.772782
vt 0.708251 0.772773
vt 0.340928 0.969049
vt 0.340710 0.959991
vt 0.717500 0.847141
vt 0.708395 0.846915
vt 0.717786 0.776468
vt 0.708681 0.776459
vt 0.357104 0.969045
vt 0.357102 0.959987
vt 0.717941 0.839771
vt 0.709052 0.839762
vt 0.718212 0.783622
vt 0.709107 0.783613
vt 0.605604 0.713893
vt 0.605819 0.703767
vt 0.632748 0.704198
vt 0.625639 0.714108
vt 0.696025 0.347436
vt 0.696888 0.340527
vt 0.716102 0.340312
vt 0.715238 0.347220
vt 0.719052 0.811589
vt 0.710164 0.811580
vt 0.606681 0.696228
vt 0.633610 0.696658
vt 0.696025 0.332540
vt 0.706387 0.332324
vt 0.607543 0.553398
vt 0.607758 0.551028
vt 0.624777 0.551028
vt 0.624777 0.553398
vt 0.606681 0.687179
vt 0.635118 0.687395
vt 0.696025 0.353265
vt 0.715238 0.353049
vt 0.607543 0.559861
vt 0.616375 0.559861
vt 0.605604 0.677701
vt 0.624346 0.677916
vt 0.696240 0.324768
vt 0.705308 0.324552
vt 0.607974 0.546720
vt 0.626501 0.546720
vt 0.605819 0.672530
vt 0.614867 0.672315
vt 0.607543 0.566108
vt 0.607543 0.562877
vt 0.616591 0.562662
vt 0.616591 0.565893
vt 0.606250 0.668437
vt 0.615298 0.668437
vt 0.689764 0.169330
vt 0.690627 0.160695
vt 0.699695 0.160479
vt 0.698831 0.169114
vt 0.606897 0.506435
vt 0.619391 0.506435
vt 0.606681 0.664559
vt 0.615729 0.664559
vt 0.694081 0.278352
vt 0.703149 0.277921
vt 0.609051 0.730481
vt 0.617883 0.730481
vt 0.606466 0.659389
vt 0.615514 0.659389
vt 0.373495 0.968826
vt 0.373492 0.959767
vt 0.607543 0.569771
vt 0.616591 0.569771
vt 0.606681 0.654434
vt 0.615729 0.654434
vt 0.693434 0.271012
vt 0.693434 0.263024
vt 0.702285 0.262809
vt 0.702501 0.270797
vt 0.606681 0.648833
vt 0.615729 0.648618
vt 0.692786 0.246833
vt 0.691707 0.238198
vt 0.700774 0.237982
vt 0.701853 0.246617
vt 0.691707 0.229130
vt 0.691923 0.218768
vt 0.700774 0.218552
vt 0.700774 0.228914
vt 0.606897 0.641939
vt 0.606681 0.635476
vt 0.615729 0.635476
vt 0.615945 0.641939
vt 0.691923 0.156161
vt 0.700990 0.155945
vt 0.606897 0.623628
vt 0.615945 0.623628
vt 0.690412 0.201713
vt 0.716318 0.201065
vt 0.606897 0.620181
vt 0.615945 0.620181
vt 0.688685 0.189192
vt 0.716318 0.188544
vt 0.403042 0.967093
vt 0.400238 0.966878
vt 0.400236 0.957820
vt 0.403039 0.958035
vt 0.607328 0.616519
vt 0.616160 0.616519
vt 0.395493 0.966879
vt 0.386435 0.967744
vt 0.386432 0.958686
vt 0.395491 0.958037
vt 0.607328 0.613072
vt 0.616375 0.613072
vt 0.691923 0.155082
vt 0.692139 0.153570
vt 0.701206 0.153355
vt 0.700990 0.154866
vt 0.689332 0.182931
vt 0.712000 0.176238
vt 0.606250 0.502557
vt 0.615083 0.502341
vt 0.644211 0.511184
vt 0.643447 0.562923
vt 0.640161 0.563515
vt 0.640997 0.510280
vt 0.646846 0.513234
vt 0.646607 0.561846
vt 0.649966 0.514425
vt 0.649917 0.561402
vt 0.653191 0.513563
vt 0.653196 0.562033
vt 0.637843 0.511377
vt 0.636867 0.562970
vt 0.633744 0.561788
vt 0.635141 0.513339
vt 0.051813 0.952835
vt 0.052754 0.950024
vt 0.075079 0.951912
vt 0.074787 0.955064
vt 0.049899 0.958548
vt 0.050623 0.955642
vt 0.074731 0.958932
vt 0.074269 0.962075
vt 0.110664 0.958325
vt 0.110677 0.961534
vt 0.110653 0.955168
vt 0.110639 0.952014
vt 0.074736 0.968339
vt 0.110699 0.968600
vt 0.110725 0.971953
vt 0.075142 0.971598
vt 0.074380 0.965250
vt 0.110685 0.965038
vt 0.154693 0.958393
vt 0.154687 0.961634
vt 0.154584 0.954883
vt 0.154449 0.951567
vt 0.154582 0.967787
vt 0.154662 0.970936
vt 0.154619 0.964709
vt 0.205246 0.709432
vt 0.204934 0.757680
vt 0.202118 0.759475
vt 0.201908 0.709373
vt 0.208187 0.711014
vt 0.207979 0.756311
vt 0.192634 0.712407
vt 0.192999 0.756602
vt 0.189695 0.756121
vt 0.189695 0.710823
vt 0.195973 0.712434
vt 0.195770 0.758464
vt 0.198927 0.710878
vt 0.198802 0.759863
vt 0.049749 0.965097
vt 0.050177 0.961896
vt 0.051743 0.971413
vt 0.052876 0.974479
vt 0.050385 0.968382
vt 0.643076 0.911875
vt 0.710314 0.911905
vt 0.711056 0.915161
vt 0.643196 0.915212
vt 0.643083 0.908536
vt 0.709079 0.908803
vt 0.643224 0.925224
vt 0.708598 0.924823
vt 0.709117 0.928122
vt 0.643122 0.928562
vt 0.643337 0.921887
vt 0.709333 0.921566
vt 0.643327 0.918548
vt 0.710566 0.918463
vt 0.953028 0.849996
vt 0.953674 0.873244
vt 0.950342 0.872677
vt 0.950203 0.848560
vt 0.639930 0.924996
vt 0.570669 0.924999
vt 0.571114 0.921689
vt 0.640456 0.921699
vt 0.639076 0.928224
vt 0.569804 0.928224
vt 0.638753 0.911851
vt 0.569389 0.911842
vt 0.569808 0.908530
vt 0.639080 0.908528
vt 0.639278 0.915148
vt 0.569832 0.915151
vt 0.640130 0.918376
vt 0.570695 0.918377
vt 0.956915 0.873730
vt 0.956824 0.971168
vt 0.953500 0.971186
vt 0.960044 0.873662
vt 0.960321 0.971138
vt 0.943765 0.873167
vt 0.943828 0.971126
vt 0.940504 0.971132
vt 0.940504 0.873662
vt 0.947077 0.872662
vt 0.947004 0.971143
vt 0.950175 0.971172
vt 0.238614 0.152616
vt 0.239209 0.129720
vt 0.242253 0.152622
vt 0.655079 0.817229
vt 0.658297 0.816340
vt 0.658305 0.828841
vt 0.655074 0.829031
vt 0.639476 0.816121
vt 0.642432 0.814569
vt 0.642322 0.827673
vt 0.639241 0.828619
vt 0.648914 0.814847
vt 0.651825 0.816481
vt 0.651905 0.828297
vt 0.648775 0.827368
vt 0.645707 0.813917
vt 0.645587 0.826979
vt 0.214877 0.554273
vt 0.215198 0.567478
vt 0.212077 0.566672
vt 0.211845 0.552875
vt 0.199428 0.554886
vt 0.199362 0.567812
vt 0.195725 0.567882
vt 0.196095 0.554679
vt 0.208741 0.551645
vt 0.208951 0.565883
vt 0.205626 0.566135
vt 0.205415 0.551940
vt 0.202552 0.567086
vt 0.202478 0.553527
vt 0.886747 0.374248
vt 0.889924 0.396709
vt 0.886752 0.397350
vt 0.087541 0.882888
vt 0.091887 0.882888
vt 0.091887 0.928305
vt 0.087541 0.928305
vt 0.049125 0.882888
vt 0.049125 0.928305
vt 0.042128 0.928305
vt 0.042128 0.882888
vt 0.001477 0.877344
vt 0.001477 0.870347
vt 0.014734 0.870347
vt 0.014734 0.877344
vt 0.062495 0.928305
vt 0.058150 0.928305
vt 0.058150 0.882888
vt 0.062495 0.882888
vt 0.071520 0.882888
vt 0.071520 0.928305
vt 0.066282 0.928305
vt 0.066282 0.882888
vt 0.054363 0.882888
vt 0.054363 0.928305
vt 0.078517 0.928305
vt 0.078517 0.882888
vt 0.083755 0.882888
vt 0.083754 0.928305
vt 0.100911 0.882888
vt 0.100911 0.928305
vt 0.095674 0.928305
vt 0.095674 0.882888
vt 0.005932 0.863173
vt 0.010278 0.863173
vt 0.013429 0.865274
vt 0.002782 0.865274
vt 0.002782 0.882416
vt 0.013429 0.882416
vt 0.010278 0.884517
vt 0.005932 0.884517
vt 0.864874 0.169088
vt 0.869220 0.169088
vt 0.872370 0.171189
vt 0.861723 0.171189
vt 0.873675 0.176262
vt 0.860419 0.176262
vt 0.861723 0.188332
vt 0.872370 0.188332
vt 0.869220 0.190433
vt 0.864874 0.190433
vt 0.860419 0.183259
vt 0.873675 0.183259
vt 0.046895 0.977598
vt 0.046895 0.981943
vt 0.001479 0.981943
vt 0.001479 0.977598
vt 0.046895 0.939181
vt 0.001479 0.939181
vt 0.001479 0.932184
vt 0.046895 0.932184
vt 0.651448 0.844884
vt 0.644451 0.844884
vt 0.644451 0.831627
vt 0.651448 0.831627
vt 0.001479 0.952551
vt 0.001479 0.948206
vt 0.046895 0.948206
vt 0.046895 0.952551
vt 0.046895 0.961576
vt 0.001479 0.961576
vt 0.001479 0.956338
vt 0.046895 0.956338
vt 0.046895 0.944419
vt 0.001479 0.944419
vt 0.001479 0.968573
vt 0.046895 0.968573
vt 0.046895 0.973811
vt 0.001479 0.973811
vt 0.046895 0.990968
vt 0.001479 0.990968
vt 0.001479 0.985730
vt 0.046895 0.985730
vt 0.637277 0.840428
vt 0.637277 0.836083
vt 0.639378 0.832932
vt 0.639378 0.843579
vt 0.656520 0.843579
vt 0.656520 0.832932
vt 0.658622 0.836083
vt 0.658622 0.840429
vt 0.029877 0.900635
vt 0.034223 0.900635
vt 0.037373 0.902736
vt 0.026727 0.902736
vt 0.038678 0.907809
vt 0.025422 0.907809
vt 0.026727 0.919878
vt 0.037373 0.919878
vt 0.034223 0.921980
vt 0.029877 0.921980
vt 0.025422 0.914806
vt 0.038678 0.914806
vt 0.956336 0.850275
vt 0.959409 0.849022
vt 0.944093 0.847679
vt 0.941097 0.849091
vt 0.947243 0.847425
vt 0.188170 0.062478
vt 0.186500 0.059586
vt 0.186843 0.059586
vt 0.188341 0.062181
vt 0.193179 0.059586
vt 0.191509 0.062478
vt 0.191338 0.062181
vt 0.192836 0.059586
vt 0.191509 0.056694
vt 0.191338 0.056991
vt 0.188170 0.056694
vt 0.188341 0.056991
vt 0.216590 0.663225
vt 0.216590 0.666221
vt 0.207185 0.666221
vt 0.207185 0.663225
vt 0.216590 0.654239
vt 0.216590 0.657234
vt 0.207185 0.657234
vt 0.207185 0.654239
vt 0.216590 0.648248
vt 0.216590 0.651243
vt 0.207185 0.651243
vt 0.207185 0.648248
vt 0.216590 0.660230
vt 0.207185 0.660230
vt 0.954346 0.414165
vt 0.927905 0.413333
vt 0.930156 0.396315
vt 0.954357 0.396496
vt 0.949831 0.441350
vt 0.920326 0.441570
vt 0.923789 0.430317
vt 0.951547 0.430037
vt 0.957732 0.360392
vt 0.955218 0.376707
vt 0.930994 0.375732
vt 0.927844 0.359086
vt 0.957438 0.347064
vt 0.925732 0.347647
vt 0.922792 0.334077
vt 0.955323 0.335551
vt 0.115456 0.904014
vt 0.104090 0.904108
vt 0.103855 0.882978
vt 0.113834 0.882893
vt 0.137260 0.874961
vt 0.187831 0.875301
vt 0.187803 0.879500
vt 0.137304 0.879161
vt 0.935403 0.315010
vt 0.917522 0.315533
vt 0.496533 0.497494
vt 0.496533 0.477352
vt 0.645348 0.477352
vt 0.645348 0.497494
vt 0.050607 0.977563
vt 0.202952 0.977544
vt 0.202952 0.983549
vt 0.050608 0.983090
vt 0.199197 0.883242
vt 0.249697 0.882903
vt 0.249725 0.887102
vt 0.199153 0.887442
vt 0.941424 0.317842
vt 0.946950 0.317762
vt 0.084924 0.944957
vt 0.165294 0.942065
vt 0.172187 0.948313
vt 0.085613 0.948313
vt 0.224572 0.122273
vt 0.224572 0.133883
vt 0.221292 0.132895
vt 0.221292 0.123260
vt 0.641846 0.584155
vt 0.646638 0.582619
vt 0.661145 0.617332
vt 0.563695 0.963518
vt 0.563695 0.953884
vt 0.650270 0.953884
vt 0.650270 0.963519
vt 0.012338 0.917426
vt 0.006663 0.916295
vt 0.028459 0.884193
vt 0.039194 0.881763
vt 0.875907 0.985620
vt 0.878282 0.979544
vt 0.963163 0.982264
vt 0.962482 0.985621
vt 0.559734 0.947447
vt 0.520589 0.949781
vt 0.506380 0.923423
vt 0.556708 0.918447
vt 0.224477 0.801783
vt 0.212459 0.843402
vt 0.206921 0.845416
vt 0.205355 0.812466
vt 0.182843 0.717730
vt 0.144715 0.717730
vt 0.149558 0.698889
vt 0.178000 0.698889
vt 0.006831 0.853845
vt 0.001530 0.814945
vt 0.008173 0.802207
vt 0.014991 0.852245
vt 0.662028 0.734341
vt 0.652393 0.734341
vt 0.652393 0.725141
vt 0.662028 0.725141
vt 0.638235 0.575696
vt 0.645361 0.569603
vt 0.008278 0.926541
vt 0.002147 0.924310
vt 0.153659 0.655416
vt 0.173899 0.655416
vt 0.169312 0.688083
vt 0.158247 0.688083
vt 0.208966 0.799882
vt 0.225518 0.790465
vt 0.704996 0.244230
vt 0.714638 0.245499
vt 0.714638 0.269732
vt 0.705413 0.268927
vt 0.921654 0.305413
vt 0.978355 0.293719
vt 0.961521 0.311794
vt 0.926852 0.311794
vt 0.675272 0.583758
vt 0.684170 0.591317
vt 0.687365 0.627631
vt 0.659736 0.628845
vt 0.690321 0.607168
vt 0.158475 0.883258
vt 0.158486 0.909019
vt 0.027508 0.872677
vt 0.038304 0.870994
vt 0.492689 0.502330
vt 0.502324 0.502330
vt 0.502324 0.513886
vt 0.492689 0.513886
vt 0.654415 0.657848
vt 0.665280 0.653204
vt 0.708523 0.662043
vt 0.718158 0.662043
vt 0.718158 0.690010
vt 0.708523 0.690010
vt 0.169287 0.898234
vt 0.169281 0.883254
vt 0.225486 0.851356
vt 0.218049 0.853688
vt 0.153708 0.642325
vt 0.173850 0.642325
vt 0.957223 0.153314
vt 0.978355 0.153314
vt 0.954612 0.238199
vt 0.366297 0.954362
vt 0.359686 0.948373
vt 0.512029 0.947971
vt 0.513877 0.954362
vt 0.943001 0.238199
vt 0.564253 0.908529
vt 0.557385 0.915414
vt 0.417496 0.927460
vt 0.415437 0.908529
vt 0.922110 0.157832
vt 0.939998 0.157832
vt 0.662028 0.773142
vt 0.652393 0.773142
vt 0.663107 0.577027
vt 0.639914 0.648717
vt 0.646804 0.658198
vt 0.679525 0.642971
vt 0.644555 0.692178
vt 0.637969 0.688070
vt 0.981309 0.271618
vt 0.990944 0.271618
vt 0.990944 0.310876
vt 0.981309 0.310876
vt 0.594461 0.718651
vt 0.594462 0.709731
vt 0.602501 0.711493
vt 0.602503 0.720399
vt 0.506056 0.542910
vt 0.506056 0.508242
vt 0.513386 0.502583
vt 0.513386 0.547969
vt 0.656411 0.564924
vt 0.662780 0.559714
vt 0.685233 0.557167
vt 0.711391 0.571102
vt 0.893834 0.947361
vt 0.916665 0.942406
vt 0.916665 0.976338
vt 0.887121 0.977547
vt 0.947284 0.447892
vt 0.917726 0.448703
vt 0.178269 0.670998
vt 0.178143 0.653329
vt 0.202342 0.652990
vt 0.204704 0.669992
vt 0.182962 0.698152
vt 0.181172 0.686851
vt 0.208931 0.686949
vt 0.212468 0.698179
vt 0.174531 0.617248
vt 0.204411 0.615746
vt 0.201369 0.632413
vt 0.177151 0.633546
vt 0.174739 0.603919
vt 0.206448 0.604293
vt 0.176778 0.592392
vt 0.209299 0.590705
vt 0.053563 0.858389
vt 0.051940 0.879510
vt 0.041962 0.879425
vt 0.042197 0.858295
vt 0.196339 0.571378
vt 0.215262 0.572870
vt 0.560176 0.957825
vt 0.558345 0.963353
vt 0.406002 0.963830
vt 0.406002 0.957825
vt 0.186689 0.756756
vt 0.140869 0.756756
vt 0.184938 0.574504
vt 0.190742 0.574975
vt 0.622790 0.980543
vt 0.622103 0.983899
vt 0.535528 0.983899
vt 0.537903 0.977582
vt 0.860179 0.250220
vt 0.856899 0.249232
vt 0.856899 0.239597
vt 0.860179 0.238610
vt 0.713453 0.646494
vt 0.694317 0.679731
vt 0.708637 0.645006
vt 0.205912 0.973596
vt 0.292487 0.973596
vt 0.292487 0.983231
vt 0.205912 0.983231
vt 0.696429 0.856302
vt 0.669576 0.820638
vt 0.680310 0.823069
vt 0.702104 0.855172
vt 0.295961 0.991542
vt 0.209386 0.991542
vt 0.208704 0.988185
vt 0.293586 0.985466
vt 0.982314 0.980311
vt 0.963195 0.969624
vt 0.964768 0.936675
vt 0.970305 0.938689
vt 0.693779 0.791122
vt 0.700601 0.741084
vt 0.707243 0.753823
vt 0.701940 0.792722
vt 0.642553 0.873038
vt 0.651754 0.873038
vt 0.651754 0.882672
vt 0.642553 0.882672
vt 0.710637 0.636441
vt 0.717121 0.638128
vt 0.706620 0.863187
vt 0.700489 0.865418
vt 0.966803 0.982208
vt 0.983353 0.991629
vt 0.662780 0.460517
vt 0.662780 0.514328
vt 0.219879 0.066553
vt 0.220296 0.041856
vt 0.229520 0.041050
vt 0.229520 0.065284
vt 0.629127 0.159678
vt 0.634345 0.153314
vt 0.669013 0.153424
vt 0.685791 0.171552
vt 0.680113 0.646160
vt 0.671223 0.653742
vt 0.668097 0.690090
vt 0.665099 0.669617
vt 0.695750 0.691250
vt 0.096592 0.853384
vt 0.096582 0.879145
vt 0.670466 0.809869
vt 0.681262 0.811552
vt 0.603752 0.882672
vt 0.592196 0.882672
vt 0.592196 0.873038
vt 0.603752 0.873038
vt 0.701132 0.720264
vt 0.690249 0.715638
vt 0.564229 0.882672
vt 0.564229 0.873038
vt 0.107393 0.864169
vt 0.107388 0.879149
vt 0.111309 0.851193
vt 0.132723 0.827742
vt 0.129695 0.856742
vt 0.110364 0.858929
vt 0.975898 0.928405
vt 0.983335 0.930738
vt 0.664214 0.311889
vt 0.661872 0.226996
vt 0.685346 0.311956
vt 0.305692 0.969741
vt 0.159942 0.970131
vt 0.158110 0.963735
vt 0.312287 0.963735
vt 0.650262 0.226959
vt 0.504594 0.945327
vt 0.355780 0.945327
vt 0.357839 0.926396
vt 0.497725 0.938442
vt 0.629121 0.305427
vt 0.646989 0.311835
vt 0.692257 0.639439
vt 0.715626 0.711097
vt 0.708750 0.720599
vt 0.675974 0.705426
vt 0.717651 0.750476
vt 0.710255 0.754342
vt 0.524970 0.882672
vt 0.524970 0.873038
vt 0.636475 0.697673
vt 0.644516 0.695925
vt 0.644514 0.704831
vt 0.636475 0.706593
vt 0.228289 0.113260
vt 0.235618 0.108200
vt 0.235618 0.153585
vt 0.228289 0.147927
vt 0.656411 0.409921
vt 0.711391 0.403743
vt 0.685233 0.417678
vt 0.662780 0.415131
vt 0.685233 0.426124
vt 0.685233 0.435206
vt 0.599078 0.845970
vt 0.570935 0.845970
vt 0.570935 0.840702
vt 0.599078 0.840702
vt 0.215114 0.705295
vt 0.185552 0.704678
vt 0.685233 0.539640
vt 0.685233 0.548721
vt 0.608655 0.840702
vt 0.608655 0.845970
vt 0.720318 0.180028
vt 0.722529 0.178915
vt 0.721679 0.201825
vt 0.719239 0.201872
vt 0.210718 0.538627
vt 0.212385 0.539390
vt 0.212295 0.542766
vt 0.210592 0.543332
vt 0.212967 0.545684
vt 0.214381 0.544421
vt 0.220341 0.547329
vt 0.217758 0.549662
vt 0.631407 0.991787
vt 0.635035 0.970323
vt 0.664878 0.962221
vt 0.665037 0.991789
vt 0.221319 0.565886
vt 0.218721 0.565672
vt 0.219746 0.552718
vt 0.222642 0.549799
vt 0.716141 0.209850
vt 0.713942 0.209850
vt 0.220244 0.077445
vt 0.224204 0.077789
vt 0.222806 0.093869
vt 0.220262 0.094515
vt 0.644459 0.609051
vt 0.645640 0.611122
vt 0.632238 0.610225
vt 0.633698 0.608330
vt 0.214975 0.069448
vt 0.216907 0.069448
vt 0.710210 0.169127
vt 0.710842 0.166866
vt 0.719371 0.173468
vt 0.717208 0.174545
vt 0.221585 0.098157
vt 0.223815 0.097091
vt 0.227328 0.102716
vt 0.225268 0.103457
vt 0.628824 0.604343
vt 0.627364 0.605986
vt 0.627799 0.581419
vt 0.629184 0.581419
vt 0.625724 0.840702
vt 0.630526 0.845978
vt 0.630775 0.543654
vt 0.630775 0.571798
vt 0.629390 0.571798
vt 0.629390 0.543654
vt 0.222443 0.576911
vt 0.222443 0.605054
vt 0.219892 0.605054
vt 0.219892 0.576911
vt 0.214975 0.041305
vt 0.216907 0.041305
vt 0.713942 0.237993
vt 0.716141 0.237993
vt 0.628496 0.837994
vt 0.634305 0.840934
vt 0.226360 0.105744
vt 0.228493 0.105110
vt 0.228362 0.108484
vt 0.226291 0.107525
vt 0.707878 0.167980
vt 0.708404 0.165760
vt 0.648526 0.609099
vt 0.646972 0.608125
vt 0.634337 0.832084
vt 0.630179 0.831764
vt 0.631596 0.829662
vt 0.633377 0.829668
vt 0.561359 0.845970
vt 0.561359 0.840702
vt 0.720318 0.267815
vt 0.719239 0.245970
vt 0.721679 0.246018
vt 0.722529 0.268928
vt 0.210718 0.643338
vt 0.210592 0.638633
vt 0.212295 0.639199
vt 0.212385 0.642575
vt 0.212967 0.636282
vt 0.217758 0.632304
vt 0.220341 0.634636
vt 0.214381 0.637544
vt 0.221319 0.616080
vt 0.222642 0.632166
vt 0.219746 0.629248
vt 0.218721 0.616293
vt 0.220244 0.033308
vt 0.220262 0.016238
vt 0.222806 0.016884
vt 0.224204 0.032964
vt 0.644459 0.506402
vt 0.633698 0.507122
vt 0.632238 0.505228
vt 0.645640 0.504331
vt 0.710210 0.278716
vt 0.717208 0.273298
vt 0.719371 0.274375
vt 0.710842 0.280978
vt 0.221585 0.012596
vt 0.225268 0.007296
vt 0.227328 0.008037
vt 0.223815 0.013663
vt 0.628824 0.511110
vt 0.629184 0.534034
vt 0.627799 0.534034
vt 0.627365 0.509467
vt 0.539488 0.845978
vt 0.544289 0.840702
vt 0.535708 0.840934
vt 0.541517 0.837994
vt 0.226360 0.005009
vt 0.226291 0.003229
vt 0.228362 0.002269
vt 0.228493 0.005644
vt 0.708404 0.282083
vt 0.707878 0.279863
vt 0.648526 0.506353
vt 0.646972 0.507327
vt 0.535677 0.832084
vt 0.536636 0.829668
vt 0.538418 0.829662
vt 0.539834 0.831763
vt 0.627439 0.468835
vt 0.627439 0.404295
vt 0.655883 0.413655
vt 0.655883 0.459475
vt 0.578120 0.941898
vt 0.579065 0.949635
vt 0.985873 0.099547
vt 0.957197 0.095381
vt 0.955728 0.084804
vt 0.988290 0.086117
vt 0.694520 0.747807
vt 0.694904 0.761473
vt 0.692477 0.770728
vt 0.691067 0.733564
vt 0.958713 0.003629
vt 0.987160 0.007264
vt 0.989047 0.020579
vt 0.956786 0.020215
vt 0.984349 0.110255
vt 0.970620 0.112640
vt 0.969808 0.107964
vt 0.955728 0.049623
vt 0.989925 0.049476
vt 0.990009 0.063172
vt 0.955939 0.063292
vt 0.685821 0.780686
vt 0.682478 0.721536
vt 0.989506 0.073065
vt 0.956436 0.072847
vt 0.989621 0.034768
vt 0.955887 0.034968
vt 0.677318 0.787145
vt 0.667735 0.713696
vt 0.889710 0.372328
vt 0.918304 0.374521
vt 0.918304 0.422514
vt 0.904728 0.423635
vt 0.711391 0.557167
vt 0.848331 0.113093
vt 0.952765 0.113094
vt 0.952765 0.137194
vt 0.848331 0.137194
vt 0.898721 0.420800
vt 0.896064 0.415401
vt 0.926007 0.394401
vt 0.921260 0.394401
vt 0.921260 0.368243
vt 0.926007 0.368243
vt 0.991131 0.162318
vt 0.991131 0.223570
vt 0.982050 0.223570
vt 0.982050 0.162119
vt 0.364393 0.921614
vt 0.365467 0.911869
vt 0.413352 0.917148
vt 0.412277 0.926893
vt 0.658674 0.794668
vt 0.670575 0.775000
vt 0.662769 0.789019
vt 0.665945 0.815192
vt 0.661233 0.815764
vt 0.991131 0.246559
vt 0.982050 0.246559
vt 0.303311 0.914880
vt 0.283774 0.926995
vt 0.282419 0.916842
vt 0.304226 0.906582
vt 0.991131 0.267809
vt 0.982050 0.267809
vt 0.262652 0.924666
vt 0.263742 0.914783
vt 0.961483 0.109409
vt 0.658770 0.666413
vt 0.661242 0.666144
vt 0.663955 0.714107
vt 0.991131 0.114342
vt 0.982050 0.113943
vt 0.304220 0.900720
vt 0.199786 0.900720
vt 0.199786 0.890776
vt 0.304220 0.890776
vt 0.686125 0.400354
vt 0.686333 0.391908
vt 0.712491 0.391908
vt 0.712491 0.400354
vt 0.848331 0.155984
vt 0.952765 0.155984
vt 0.411611 0.902557
vt 0.307179 0.902557
vt 0.307179 0.892752
vt 0.411611 0.892753
vt 0.848331 0.003450
vt 0.952765 0.003450
vt 0.952765 0.051624
vt 0.848331 0.051624
vt 0.593141 0.551618
vt 0.602222 0.551618
vt 0.602222 0.572869
vt 0.593141 0.572869
vt 0.571068 0.702976
vt 0.573485 0.716406
vt 0.540923 0.717719
vt 0.542391 0.707143
vt 0.620330 0.743854
vt 0.623783 0.729611
vt 0.622373 0.766774
vt 0.619945 0.757520
vt 0.543908 0.798895
vt 0.541981 0.782308
vt 0.574242 0.781944
vt 0.572355 0.795260
vt 0.569544 0.692269
vt 0.555002 0.694560
vt 0.555815 0.689883
vt 0.540923 0.752901
vt 0.541134 0.739231
vt 0.575204 0.739352
vt 0.575120 0.753048
vt 0.632372 0.717583
vt 0.629029 0.776732
vt 0.541631 0.729677
vt 0.574701 0.729458
vt 0.541082 0.767556
vt 0.574816 0.767756
vt 0.647115 0.709743
vt 0.637533 0.783191
vt 0.689335 0.634503
vt 0.704353 0.583196
vt 0.717929 0.584317
vt 0.717929 0.632310
vt 0.711391 0.417678
vt 0.695689 0.591430
vt 0.698346 0.586031
vt 0.657899 0.230215
vt 0.657899 0.256373
vt 0.653153 0.256373
vt 0.653153 0.230215
vt 0.602222 0.657109
vt 0.593141 0.657308
vt 0.593141 0.595857
vt 0.602222 0.595857
vt 0.098836 0.941334
vt 0.050951 0.946610
vt 0.049877 0.936864
vt 0.097763 0.931589
vt 0.656177 0.790715
vt 0.652081 0.785065
vt 0.644275 0.771047
vt 0.653618 0.811810
vt 0.648907 0.811239
vt 0.159918 0.934604
vt 0.159004 0.926306
vt 0.180811 0.936568
vt 0.179454 0.946721
vt 0.206567 0.059217
vt 0.206567 0.050770
vt 0.211314 0.050770
vt 0.211314 0.059217
vt 0.199488 0.934510
vt 0.200577 0.944394
vt 0.546678 0.693114
vt 0.656079 0.662459
vt 0.650895 0.710153
vt 0.653607 0.662190
vt 0.602222 0.705085
vt 0.593141 0.705483
vt 0.106051 0.001479
vt 0.132417 0.001479
vt 0.132417 0.009926
vt 0.106259 0.009926
vt 0.686794 0.155280
vt 0.686794 0.160026
vt 0.678348 0.160026
vt 0.678348 0.155280
vt 0.183050 0.832720
vt 0.168840 0.859078
vt 0.918643 0.257538
vt 0.918643 0.237054
vt 0.918663 0.237042
vt 0.918663 0.257527
vt 0.656410 0.570930
vt 0.656411 0.403916
vt 0.217276 0.084295
vt 0.217276 0.086602
vt 0.215496 0.086602
vt 0.215496 0.084295
vt 0.994085 0.166317
vt 0.994085 0.161194
vt 0.995865 0.161194
vt 0.995865 0.166317
vt 0.994085 0.295279
vt 0.995865 0.295279
vt 0.485530 0.993987
vt 0.614492 0.993313
vt 0.614250 0.995608
vt 0.485289 0.996282
vt 0.135555 0.997071
vt 0.006599 0.997071
vt 0.006599 0.995290
vt 0.135555 0.995290
vt 0.856389 0.996284
vt 0.727427 0.995607
vt 0.727185 0.993312
vt 0.856148 0.993990
vt 0.199199 0.082658
vt 0.197418 0.082658
vt 0.197418 0.080350
vt 0.199199 0.080350
vt 0.619587 0.993850
vt 0.619345 0.996144
vt 0.001476 0.997071
vt 0.001476 0.995290
vt 0.722332 0.996143
vt 0.722091 0.993849
vt 0.924623 0.456508
vt 0.924623 0.453027
vt 0.926004 0.453027
vt 0.926004 0.456508
vt 0.203984 0.003874
vt 0.203295 0.002677
vt 0.203987 0.001482
vt 0.205365 0.003876
vt 0.927385 0.453027
vt 0.927385 0.456508
vt 0.206057 0.002681
vt 0.205368 0.001484
vt 0.928766 0.453027
vt 0.928766 0.456508
vt 0.137964 0.010577
vt 0.137268 0.011770
vt 0.135898 0.009372
vt 0.137279 0.009378
vt 0.930147 0.453027
vt 0.930147 0.456508
vt 0.135887 0.011764
vt 0.135202 0.010565
vt 0.931528 0.453027
vt 0.931528 0.456508
vt 0.923242 0.456508
vt 0.923242 0.453027
vt 0.261654 0.959594
vt 0.261434 0.930366
vt 0.276982 0.930232
vt 0.277264 0.959459
vt 0.954957 0.470755
vt 0.935161 0.470755
vt 0.935161 0.455101
vt 0.954957 0.455101
vt 0.937303 0.908414
vt 0.919839 0.908546
vt 0.919705 0.892931
vt 0.937169 0.892762
vt 0.688599 0.504875
vt 0.688651 0.500564
vt 0.713438 0.500803
vt 0.713385 0.505234
vt 0.937371 0.929926
vt 0.919907 0.929904
vt 0.919905 0.927033
vt 0.937370 0.926997
vt 0.235239 0.001536
vt 0.251810 0.001664
vt 0.251792 0.004282
vt 0.235216 0.004155
vt 0.919856 0.911417
vt 0.937321 0.911343
vt 0.937335 0.945579
vt 0.919870 0.945521
vt 0.221846 0.959610
vt 0.206236 0.959489
vt 0.206495 0.930261
vt 0.222043 0.930382
vt 0.240356 0.930432
vt 0.240319 0.959661
vt 0.224709 0.959624
vt 0.224808 0.930396
vt 0.295455 0.980865
vt 0.357733 0.980557
vt 0.357741 0.981854
vt 0.295464 0.982316
vt 0.295464 0.973610
vt 0.357741 0.974073
vt 0.357733 0.975370
vt 0.295455 0.975061
vt 0.357727 0.976667
vt 0.295449 0.976513
vt 0.295449 0.979415
vt 0.357727 0.979260
vt 0.357726 0.977963
vt 0.295447 0.977963
vt 0.336860 0.940701
vt 0.334864 0.938786
vt 0.342658 0.929547
vt 0.345769 0.932532
vt 0.302994 0.937081
vt 0.300806 0.938772
vt 0.292820 0.929700
vt 0.296231 0.927063
vt 0.343627 0.954698
vt 0.355562 0.952788
vt 0.292583 0.951967
vt 0.292029 0.954676
vt 0.280057 0.953018
vt 0.280920 0.948794
vt 0.317838 0.932453
vt 0.317711 0.920367
vt 0.320599 0.932601
vt 0.322016 0.920598
vt 0.688695 0.451256
vt 0.688651 0.446944
vt 0.713438 0.446630
vt 0.713483 0.451061
vt 0.688202 0.527370
vt 0.712985 0.527886
vt 0.688295 0.424449
vt 0.688202 0.420138
vt 0.712983 0.419547
vt 0.713078 0.423977
vt 0.688801 0.473754
vt 0.713589 0.473717
vt 0.688797 0.478066
vt 0.713585 0.478148
vt 0.697024 0.992666
vt 0.693891 0.989532
vt 0.693891 0.966876
vt 0.697024 0.963743
vt 0.952885 0.472826
vt 0.937232 0.472826
vt 0.937232 0.453030
vt 0.952885 0.453030
vt 0.203374 0.959458
vt 0.203730 0.930232
vt 0.243121 0.930431
vt 0.243182 0.959659
vt 0.258669 0.930382
vt 0.258792 0.959610
vt 0.937320 0.948508
vt 0.919856 0.948391
vt 0.937199 0.964161
vt 0.919735 0.964007
vt 0.958914 0.136677
vt 0.974530 0.136678
vt 0.975010 0.137837
vt 0.958434 0.137836
vt 0.974530 0.117001
vt 0.958914 0.117001
vt 0.958434 0.115842
vt 0.975010 0.115842
vt 0.956883 0.134647
vt 0.955725 0.135127
vt 0.976560 0.119032
vt 0.977719 0.118552
vt 0.706979 0.552725
vt 0.709002 0.550700
vt 0.710161 0.551180
vt 0.707459 0.553883
vt 0.691367 0.533064
vt 0.689343 0.535089
vt 0.688184 0.534609
vt 0.690887 0.531906
vt 0.706979 0.533065
vt 0.707459 0.531906
vt 0.689343 0.550700
vt 0.691367 0.552725
vt 0.690887 0.553883
vt 0.688184 0.551180
vt 0.937168 0.967090
vt 0.919704 0.966878
vt 0.296418 0.001641
vt 0.312988 0.001497
vt 0.313013 0.004115
vt 0.296437 0.004259
vt 0.292606 0.004282
vt 0.276030 0.004336
vt 0.276024 0.001717
vt 0.292595 0.001664
vt 0.272203 0.001719
vt 0.272199 0.004338
vt 0.255623 0.004301
vt 0.255632 0.001683
vt 0.231417 0.001497
vt 0.231386 0.004115
vt 0.956883 0.119031
vt 0.955725 0.118551
vt 0.709003 0.535089
vt 0.710161 0.534609
vt 0.976560 0.134648
vt 0.977719 0.135127
vt 0.719680 0.963743
vt 0.719680 0.992666
vt 0.722813 0.966876
vt 0.722813 0.989532
vt 0.633930 0.397791
vt 0.668107 0.397791
vt 0.681308 0.385384
vt 0.976718 0.146940
vt 0.955730 0.146940
vt 0.955730 0.141475
vt 0.976718 0.141475
vt 0.951069 0.159228
vt 0.951069 0.229007
vt 0.945604 0.229007
vt 0.945605 0.159228
vt 0.665984 0.932190
vt 0.665984 0.950190
vt 0.582131 0.950190
vt 0.582131 0.932190
vt 0.372325 0.985684
vt 0.372325 0.980220
vt 0.387631 0.980220
vt 0.633930 0.319764
vt 0.629202 0.315319
vt 0.629202 0.402235
vt 0.669951 0.402453
vt 0.686036 0.387335
vt 0.686036 0.315006
vt 0.681308 0.319764
vt 0.225581 0.539792
vt 0.243581 0.557233
vt 0.231046 0.578025
vt 0.225582 0.578025
vt 0.425650 0.985684
vt 0.408209 0.967685
vt 0.243581 0.539792
vt 0.425650 0.967685
vt 0.641838 0.592047
vt 0.641838 0.598033
vt 0.632071 0.598033
vt 0.632071 0.585387
vt 0.206031 0.623602
vt 0.215798 0.616942
vt 0.215798 0.629249
vt 0.206031 0.629249
vt 0.972565 0.305146
vt 0.972895 0.305146
vt 0.972895 0.310794
vt 0.972565 0.311133
vt 0.518218 0.567308
vt 0.518218 0.557541
vt 0.523600 0.557541
vt 0.523600 0.567308
vt 0.865089 0.207360
vt 0.864760 0.207021
vt 0.864760 0.194715
vt 0.865089 0.194715
vt 0.550428 0.149700
vt 0.550428 0.149371
vt 0.562248 0.149371
vt 0.562248 0.149700
vt 0.528364 0.596597
vt 0.528364 0.591063
vt 0.538132 0.591063
vt 0.538132 0.603257
vt 0.886410 0.174962
vt 0.876643 0.181622
vt 0.876642 0.169089
vt 0.886410 0.169089
vt 0.977618 0.305259
vt 0.977948 0.305259
vt 0.977948 0.311133
vt 0.977618 0.310794
vt 0.135374 0.006197
vt 0.135374 0.001475
vt 0.145142 0.001475
vt 0.145142 0.006197
vt 0.955731 0.102650
vt 0.956060 0.102311
vt 0.956060 0.114841
vt 0.955731 0.114841
vt 0.918014 0.222321
vt 0.918344 0.222321
vt 0.918344 0.234146
vt 0.918014 0.234146
vt 0.588379 0.558997
vt 0.578824 0.559066
vt 0.578916 0.552409
vt 0.589052 0.553400
vt 0.859782 0.159226
vt 0.893294 0.159490
vt 0.890681 0.164694
vt 0.863263 0.164706
vt 0.591357 0.546357
vt 0.579599 0.546430
vt 0.588563 0.588565
vt 0.581089 0.588612
vt 0.246879 0.535701
vt 0.217510 0.535694
vt 0.217660 0.528483
vt 0.244851 0.529026
vt 0.533437 0.587093
vt 0.531322 0.586820
vt 0.537283 0.558051
vt 0.852891 0.161953
vt 0.858454 0.166319
vt 0.857068 0.168660
vt 0.849562 0.166503
vt 0.578961 0.588623
vt 0.581138 0.601812
vt 0.579030 0.601823
vt 0.586093 0.503375
vt 0.603881 0.515272
vt 0.589134 0.708778
vt 0.589818 0.714682
vt 0.579769 0.715620
vt 0.579577 0.708822
vt 0.188586 0.863083
vt 0.193472 0.858808
vt 0.219773 0.866554
vt 0.220812 0.872283
vt 0.592098 0.721799
vt 0.580345 0.721452
vt 0.180922 0.853250
vt 0.183821 0.844282
vt 0.190502 0.847516
vt 0.188643 0.853267
vt 0.589090 0.699354
vt 0.579536 0.699398
vt 0.182307 0.859030
vt 0.189313 0.855904
vt 0.215987 0.121847
vt 0.186696 0.028786
vt 0.192705 0.025749
vt 0.223068 0.119552
vt 0.603895 0.753168
vt 0.585834 0.764647
vt 0.201795 0.914948
vt 0.104817 0.925606
vt 0.104103 0.919034
vt 0.200843 0.906158
vt 0.528488 0.556836
vt 0.528594 0.551708
vt 0.537995 0.552154
vt 0.253627 0.526144
vt 0.248833 0.522791
vt 0.248747 0.495376
vt 0.253177 0.492702
vt 0.527393 0.544761
vt 0.538134 0.546614
vt 0.250911 0.422095
vt 0.250602 0.449293
vt 0.249505 0.449278
vt 0.249814 0.422082
vt 0.251040 0.532702
vt 0.247200 0.527613
vt 0.524849 0.585979
vt 0.547465 0.149526
vt 0.534263 0.149510
vt 0.534249 0.147395
vt 0.547450 0.147393
vt 0.519533 0.512252
vt 0.538134 0.503215
vt 0.210954 0.914010
vt 0.209922 0.905189
vt 0.216046 0.904590
vt 0.216566 0.914164
vt 0.191131 0.010752
vt 0.223292 0.001661
vt 0.221991 0.006669
vt 0.195697 0.014399
vt 0.222638 0.915636
vt 0.221463 0.904793
vt 0.183882 0.020020
vt 0.190857 0.020010
vt 0.186716 0.015173
vt 0.191548 0.017353
vt 0.997411 0.609416
vt 0.997251 0.510819
vt 0.998347 0.510817
vt 0.998508 0.609410
vt 0.103874 0.916931
vt 0.264734 0.907537
vt 0.254580 0.925466
vt 0.250578 0.452014
vt 0.250639 0.457086
vt 0.249542 0.457110
vt 0.249482 0.452018
vt 0.250960 0.484503
vt 0.249864 0.484524
vt 0.503525 0.017729
vt 0.498761 0.038593
vt 0.497873 0.038053
vt 0.502439 0.017883
vt 0.808409 0.141486
vt 0.815862 0.142036
vt 0.814961 0.143121
vt 0.808449 0.142675
vt 0.997417 0.502586
vt 0.998177 0.503377
vt 0.250970 0.413860
vt 0.249987 0.414871
vt 0.588613 0.601774
vt 0.857800 0.195850
vt 0.849568 0.196071
vt 0.183565 0.040820
vt 0.183566 0.033345
vt 0.184645 0.033544
vt 0.184436 0.040153
vt 0.795220 0.142029
vt 0.795257 0.143125
vt 0.499164 0.013872
vt 0.498395 0.014654
vt 0.997394 0.623254
vt 0.997423 0.618181
vt 0.998520 0.618185
vt 0.998490 0.623278
vt 0.997420 0.615461
vt 0.998517 0.615440
vt 0.997260 0.650671
vt 0.998357 0.650684
vt 0.688512 0.268041
vt 0.688513 0.246641
vt 0.689538 0.247032
vt 0.689465 0.267636
vt 0.220827 0.753695
vt 0.212991 0.751162
vt 0.497094 0.053003
vt 0.497093 0.058826
vt 0.495998 0.058882
vt 0.496259 0.053714
vt 0.919181 0.352990
vt 0.915036 0.371066
vt 0.908197 0.367081
vt 0.905687 0.349596
vt 0.895255 0.359703
vt 0.880615 0.348952
vt 0.874975 0.340748
vt 0.903912 0.339577
vt 0.864261 0.291098
vt 0.902734 0.291403
vt 0.903077 0.322047
vt 0.866962 0.320709
vt 0.914328 0.322584
vt 0.914151 0.340858
vt 0.915061 0.292458
vt 0.902192 0.265535
vt 0.915878 0.265554
vt 0.862609 0.265474
vt 0.919181 0.178047
vt 0.905785 0.181599
vt 0.907971 0.164147
vt 0.914740 0.160052
vt 0.895179 0.171777
vt 0.881051 0.183202
vt 0.904078 0.191562
vt 0.875221 0.190253
vt 0.864339 0.239857
vt 0.867134 0.210256
vt 0.903222 0.209039
vt 0.902807 0.239670
vt 0.914475 0.208516
vt 0.914286 0.190237
vt 0.915138 0.238647
vt 0.721566 0.282463
vt 0.718477 0.283214
vt 0.719056 0.279270
vt 0.720624 0.278353
vt 0.716093 0.280969
vt 0.712742 0.283312
vt 0.718076 0.285396
vt 0.711460 0.285108
vt 0.709013 0.296432
vt 0.709627 0.289650
vt 0.717888 0.289348
vt 0.717803 0.296362
vt 0.720435 0.289225
vt 0.720394 0.285124
vt 0.720584 0.296119
vt 0.720758 0.302283
vt 0.717675 0.302287
vt 0.708637 0.302301
vt 0.721566 0.322120
vt 0.720555 0.326211
vt 0.719005 0.325271
vt 0.718502 0.321329
vt 0.716083 0.323518
vt 0.712848 0.320998
vt 0.718115 0.319158
vt 0.711519 0.319479
vt 0.709031 0.308168
vt 0.717820 0.308211
vt 0.717922 0.315222
vt 0.709667 0.314949
vt 0.720469 0.315343
vt 0.720425 0.319444
vt 0.720602 0.308447
vt 0.494287 0.886839
vt 0.506204 0.886839
vt 0.506204 0.887354
vt 0.494287 0.887354
vt 0.458325 0.886839
vt 0.466567 0.886839
vt 0.466567 0.887354
vt 0.458325 0.887354
vt 0.480539 0.886839
vt 0.480539 0.887354
vt 0.471839 0.886839
vt 0.471839 0.887354
vt 0.518120 0.886839
vt 0.518120 0.887354
vt 0.545437 0.886839
vt 0.553687 0.886839
vt 0.553687 0.887354
vt 0.545437 0.887354
vt 0.531869 0.886839
vt 0.531869 0.887354
vt 0.540567 0.886839
vt 0.540567 0.887354
vt 0.138511 0.995288
vt 0.292085 0.995288
vt 0.292085 0.996587
vt 0.138511 0.996587
vt 0.986318 0.939867
vt 0.986318 0.786272
vt 0.992414 0.786272
vt 0.992414 0.939867
vt 0.295046 0.995284
vt 0.448628 0.995284
vt 0.448628 0.996583
vt 0.295046 0.996583
vt 0.003992 0.263528
vt 0.001483 0.263528
vt 0.001482 0.109929
vt 0.003992 0.109929
vt 0.452741 0.989376
vt 0.452741 0.991886
vt 0.299150 0.991886
vt 0.299150 0.989376
vt 0.995370 0.973386
vt 0.995370 0.819791
vt 0.996669 0.819791
vt 0.996669 0.973386
vt 0.995371 0.815633
vt 0.995371 0.662045
vt 0.996670 0.662045
vt 0.996670 0.815633
vt 0.994081 0.157050
vt 0.994082 0.003453
vt 0.996591 0.003453
vt 0.996591 0.157050
vt 0.994290 0.504302
vt 0.994290 0.657901
vt 0.990792 0.657901
vt 0.990792 0.504302
vt 0.049851 0.987396
vt 0.203450 0.987396
vt 0.203450 0.990895
vt 0.049851 0.990895
vt 0.455694 0.989370
vt 0.609291 0.989370
vt 0.609291 0.991880
vt 0.455694 0.991880
vt 0.518099 0.890781
vt 0.671695 0.890781
vt 0.671695 0.896877
vt 0.518099 0.896877
vt 0.907506 0.434961
vt 0.906939 0.431200
vt 0.917628 0.431531
vt 0.917677 0.434785
vt 0.417378 0.896414
vt 0.414489 0.890781
vt 0.514911 0.890781
vt 0.417405 0.901431
vt 0.513604 0.899905
vt 0.902963 0.427396
vt 0.918986 0.427396
vt 0.948797 0.486765
vt 0.948975 0.476577
vt 0.952244 0.476647
vt 0.952096 0.488150
vt 0.099237 0.007117
vt 0.073718 0.005643
vt 0.073728 0.001484
vt 0.102126 0.001484
vt 0.099208 0.012134
vt 0.073705 0.011721
vt 0.956376 0.475285
vt 0.956376 0.491161
vt 0.001704 0.001474
vt 0.003010 0.010598
vt 0.839050 0.050859
vt 0.845063 0.050788
vt 0.843202 0.065884
vt 0.839042 0.059687
vt 0.957385 0.321015
vt 0.956926 0.320997
vt 0.956903 0.315311
vt 0.957282 0.315002
vt 0.515953 0.145420
vt 0.525201 0.145427
vt 0.531380 0.149404
vt 0.515830 0.151105
vt 0.175015 0.025144
vt 0.176234 0.027275
vt 0.171345 0.027266
vt 0.172571 0.025140
vt 0.502676 0.445021
vt 0.502646 0.460231
vt 0.497209 0.460321
vt 0.497209 0.439495
vt 0.967878 0.001486
vt 0.968297 0.001939
vt 0.959047 0.001939
vt 0.959048 0.001479
vt 0.719976 0.209013
vt 0.725527 0.208638
vt 0.724382 0.229127
vt 0.719973 0.222551
vt 0.952220 0.320981
vt 0.951802 0.320941
vt 0.951844 0.315000
vt 0.952198 0.315418
vt 0.516349 0.552520
vt 0.516347 0.538596
vt 0.521260 0.532150
vt 0.522274 0.552952
vt 0.190894 0.068484
vt 0.190894 0.066030
vt 0.193014 0.064813
vt 0.195134 0.066050
vt 0.537096 0.001483
vt 0.541907 0.006203
vt 0.521385 0.006203
vt 0.521452 0.001498
vt 0.507169 0.151336
vt 0.512388 0.151336
vt 0.512388 0.153794
vt 0.507169 0.153794
vt 0.854945 0.203084
vt 0.854789 0.198811
vt 0.856025 0.198850
vt 0.856153 0.202849
vt 0.038240 0.017782
vt 0.033021 0.017782
vt 0.033005 0.015283
vt 0.038224 0.015283
vt 0.857198 0.198836
vt 0.857318 0.203250
vt 0.499362 0.042890
vt 0.499362 0.048109
vt 0.496863 0.048126
vt 0.496863 0.042906
vt 0.842998 0.161203
vt 0.848218 0.161203
vt 0.848218 0.163660
vt 0.842998 0.163660
vt 0.858239 0.198757
vt 0.858356 0.203843
vt 0.001511 0.029080
vt 0.006730 0.029080
vt 0.006713 0.031579
vt 0.001494 0.031579
vt 0.859571 0.198669
vt 0.859496 0.204072
vt 0.860772 0.198663
vt 0.860639 0.203703
vt 0.235594 0.102568
vt 0.230375 0.102568
vt 0.230391 0.100070
vt 0.235610 0.100070
vt 0.861813 0.198731
vt 0.861729 0.203076
vt 0.488336 0.224448
vt 0.492762 0.224448
vt 0.492762 0.226534
vt 0.488336 0.226534
vt 0.492762 0.228655
vt 0.488335 0.228655
vt 0.492762 0.230776
vt 0.488335 0.230776
vt 0.492762 0.232862
vt 0.488335 0.232862
vt 0.492762 0.234983
vt 0.488335 0.234983
vt 0.488335 0.222327
vt 0.492762 0.222327
vt 0.860663 0.235262
vt 0.861836 0.235125
vt 0.859448 0.235505
vt 0.858225 0.235598
vt 0.856986 0.235438
vt 0.855807 0.235184
vt 0.854627 0.235068
vt 0.658347 0.302371
vt 0.658451 0.261193
vt 0.659694 0.260623
vt 0.659623 0.302880
vt 0.231321 0.586668
vt 0.225412 0.586668
vt 0.225413 0.585294
vt 0.231322 0.585294
vt 0.231322 0.589393
vt 0.225413 0.589393
vt 0.225412 0.588019
vt 0.231321 0.588019
vt 0.231324 0.582569
vt 0.225414 0.582569
vt 0.225413 0.581196
vt 0.231322 0.581196
vt 0.225414 0.583920
vt 0.231324 0.583920
vt 0.709507 0.376127
vt 0.714871 0.376127
vt 0.714871 0.378581
vt 0.709507 0.378581
vt 0.655779 0.303120
vt 0.655814 0.260863
vt 0.657106 0.261314
vt 0.657002 0.302493
vt 0.653157 0.303505
vt 0.653227 0.260170
vt 0.654572 0.260290
vt 0.654502 0.303626
vt 0.651935 0.302877
vt 0.651935 0.260620
vt 0.171444 0.638922
vt 0.170093 0.638922
vt 0.170093 0.614725
vt 0.171444 0.614725
vt 0.495871 0.188198
vt 0.495871 0.166293
vt 0.497194 0.166635
vt 0.497194 0.188540
vt 0.492088 0.187444
vt 0.492088 0.165539
vt 0.493411 0.165197
vt 0.493411 0.187102
vt 0.489628 0.188540
vt 0.489628 0.166635
vt 0.490926 0.166258
vt 0.490926 0.188163
vt 0.494708 0.187479
vt 0.494708 0.165574
vt 0.168726 0.638922
vt 0.167359 0.638922
vt 0.167359 0.614725
vt 0.168726 0.614725
vt 0.166009 0.638922
vt 0.164642 0.638922
vt 0.164642 0.614725
vt 0.166009 0.614725
vt 0.163275 0.638922
vt 0.163275 0.614725
vt 0.714871 0.381035
vt 0.709507 0.381035
vt 0.714871 0.383479
vt 0.709507 0.383479
vt 0.714871 0.385934
vt 0.709507 0.385934
vt 0.714871 0.388388
vt 0.709507 0.388388
vt 0.186098 0.008373
vt 0.186098 0.005420
vt 0.187272 0.005420
vt 0.187272 0.007672
vt 0.183572 0.007672
vt 0.183572 0.005420
vt 0.184747 0.005420
vt 0.184747 0.008373
vt 0.189798 0.006972
vt 0.189798 0.005420
vt 0.190973 0.005420
vt 0.190973 0.007672
vt 0.188447 0.005420
vt 0.188447 0.006972
vt 0.195133 0.068504
vt 0.193013 0.069721
vt 0.175008 0.029401
vt 0.172563 0.029396
vt 0.215933 0.080100
vt 0.213847 0.080100
vt 0.212804 0.078252
vt 0.216975 0.078252
vt 0.193575 0.074309
vt 0.194621 0.072464
vt 0.196707 0.072467
vt 0.197747 0.074316
vt 0.196701 0.076162
vt 0.194615 0.076158
vt 0.213847 0.076405
vt 0.215933 0.076405
vt 0.202570 0.019573
vt 0.208093 0.015845
vt 0.211465 0.020735
vt 0.206114 0.023291
vt 0.213969 0.025940
vt 0.208406 0.027124
vt 0.214838 0.031446
vt 0.209358 0.031446
vt 0.213969 0.036953
vt 0.208406 0.035768
vt 0.211465 0.042158
vt 0.206114 0.039602
vt 0.208093 0.047048
vt 0.202570 0.043319
vt 0.200248 0.023704
vt 0.202456 0.025710
vt 0.203882 0.028404
vt 0.204308 0.031446
vt 0.203882 0.034488
vt 0.202456 0.037183
vt 0.200248 0.039189
vt 0.619317 0.663664
vt 0.619318 0.613409
vt 0.622050 0.613243
vt 0.622050 0.663499
vt 0.624779 0.612914
vt 0.624778 0.663169
vt 0.627511 0.612748
vt 0.627511 0.663004
vt 0.630244 0.612914
vt 0.630243 0.663169
vt 0.632972 0.613243
vt 0.632972 0.663499
vt 0.635705 0.613409
vt 0.635705 0.663664
vt 0.698352 0.806076
vt 0.695870 0.807752
vt 0.693572 0.805575
vt 0.695310 0.802433
vt 0.699893 0.809685
vt 0.697230 0.810384
vt 0.700275 0.813389
vt 0.697321 0.813380
vt 0.699872 0.817076
vt 0.697214 0.816372
vt 0.698362 0.820616
vt 0.695846 0.819015
vt 0.695504 0.824433
vt 0.693596 0.821308
vt 0.701487 0.827702
vt 0.703912 0.823264
vt 0.705507 0.818417
vt 0.706227 0.813422
vt 0.705579 0.808418
vt 0.704068 0.803521
vt 0.701474 0.798692
vt 0.525588 0.967679
vt 0.525588 0.973337
vt 0.519139 0.973337
vt 0.519139 0.967679
vt 0.512682 0.973337
vt 0.512682 0.967679
vt 0.506211 0.973337
vt 0.506211 0.967679
vt 0.499731 0.973337
vt 0.499731 0.967679
vt 0.493250 0.973337
vt 0.493250 0.967679
vt 0.486779 0.973337
vt 0.486779 0.967679
vt 0.480322 0.973337
vt 0.480322 0.967679
vt 0.473873 0.973337
vt 0.473873 0.967679
vt 0.467425 0.973337
vt 0.467425 0.967679
vt 0.460967 0.973337
vt 0.460967 0.967679
vt 0.454496 0.973337
vt 0.454496 0.967679
vt 0.448016 0.973337
vt 0.448016 0.967679
vt 0.441535 0.973337
vt 0.441535 0.967679
vt 0.435065 0.973337
vt 0.435065 0.967679
vt 0.683642 0.894477
vt 0.681150 0.888519
vt 0.697434 0.885297
vt 0.428607 0.973337
vt 0.428607 0.967679
vt 0.532036 0.967679
vt 0.532036 0.973337
vt 0.688459 0.964604
vt 0.681978 0.964609
vt 0.685241 0.948398
vt 0.694224 0.901506
vt 0.688232 0.899038
vt 0.668956 0.945185
vt 0.671444 0.939226
vt 0.694486 0.934650
vt 0.699062 0.939207
vt 0.699038 0.957570
vt 0.694449 0.962133
vt 0.671419 0.957589
vt 0.668947 0.951634
vt 0.682022 0.932191
vt 0.688502 0.932187
vt 0.701534 0.945162
vt 0.701526 0.951611
vt 0.675995 0.962145
vt 0.676032 0.934663
vt 0.681139 0.882071
vt 0.683607 0.876114
vt 0.706634 0.871557
vt 0.711226 0.876118
vt 0.706687 0.899040
vt 0.700705 0.901507
vt 0.694163 0.869088
vt 0.700643 0.869089
vt 0.713729 0.888524
vt 0.711260 0.894481
vt 0.688181 0.871555
vt 0.713717 0.882076
vt 0.845002 0.099855
vt 0.844593 0.100235
vt 0.844584 0.086306
vt 0.845004 0.086313
vt 0.620067 0.563929
vt 0.625311 0.563929
vt 0.625311 0.566426
vt 0.620067 0.566426
vt 0.625310 0.568922
vt 0.620067 0.568922
vt 0.625310 0.571367
vt 0.620067 0.571367
vt 0.625311 0.573863
vt 0.620067 0.573863
vt 0.625311 0.576359
vt 0.620067 0.576359
vt 0.620067 0.561485
vt 0.625311 0.561485
vt 0.200790 0.003667
vt 0.199564 0.005842
vt 0.197120 0.005837
vt 0.199572 0.001488
vt 0.212860 0.013306
vt 0.215304 0.013315
vt 0.216518 0.015496
vt 0.215288 0.017668
vt 0.212843 0.017659
vt 0.211629 0.015478
vt 0.195901 0.003659
vt 0.197127 0.001484
vt 0.708911 0.163243
vt 0.708911 0.153315
vt 0.721285 0.153315
vt 0.721285 0.163243
vt 0.601691 0.535848
vt 0.603959 0.535848
vt 0.603959 0.548222
vt 0.594031 0.548222
vt 0.972282 0.121763
vt 0.972282 0.134137
vt 0.959908 0.134137
vt 0.959908 0.121763
vt 0.163872 0.005135
vt 0.170807 0.001475
vt 0.170807 0.020783
vt 0.163872 0.011743
vt 0.703688 0.546145
vt 0.692294 0.546145
vt 0.692294 0.537818
vt 0.703688 0.537818
vt 0.234073 0.511367
vt 0.241007 0.502327
vt 0.241007 0.521636
vt 0.234073 0.517975
vt 0.680454 0.582933
vt 0.680454 0.575281
vt 0.695295 0.575281
vt 0.695295 0.582933
vt 0.684285 0.588067
vt 0.691464 0.588067
vt 0.650191 0.307112
vt 0.660213 0.307112
vt 0.660213 0.308170
vt 0.650191 0.308170
vt 0.660213 0.309229
vt 0.650191 0.309229
vt 0.660213 0.310287
vt 0.650191 0.310287
vt 0.660213 0.311345
vt 0.650191 0.311345
vt 0.660213 0.312403
vt 0.650191 0.312403
vt 0.660213 0.313462
vt 0.650191 0.313462
vt 0.161515 0.002391
vt 0.160986 0.003308
vt 0.159927 0.003308
vt 0.159398 0.002391
vt 0.159927 0.001475
vt 0.160986 0.001475
vt 0.174909 0.034864
vt 0.174377 0.033950
vt 0.176493 0.033942
vt 0.175967 0.034860
vt 0.175960 0.033027
vt 0.174902 0.033031
vt 0.245670 0.502327
vt 0.245670 0.521636
vt 0.175470 0.001475
vt 0.175470 0.020783
vt 0.230445 0.829651
vt 0.230442 0.843600
vt 0.219870 0.843600
vt 0.219870 0.829652
vt 0.843089 0.005425
vt 0.835301 0.019174
vt 0.832391 0.019129
vt 0.832517 0.005470
vt 0.557163 0.004387
vt 0.556270 0.004387
vt 0.557163 0.001477
vt 0.843089 0.049122
vt 0.838031 0.049075
vt 0.704483 0.932188
vt 0.718431 0.932188
vt 0.718431 0.945847
vt 0.704483 0.945847
vt 0.889490 0.360076
vt 0.889490 0.365438
vt 0.881672 0.375724
vt 0.882555 0.356415
vt 0.622767 0.674188
vt 0.622767 0.667958
vt 0.635687 0.667958
vt 0.635687 0.674188
vt 0.508145 0.013077
vt 0.502783 0.013077
vt 0.499122 0.006142
vt 0.518431 0.005260
vt 0.602420 0.759853
vt 0.617260 0.759853
vt 0.617260 0.767505
vt 0.602420 0.767505
vt 0.606250 0.754718
vt 0.613430 0.754718
vt 0.499122 0.001480
vt 0.518431 0.001480
vt 0.877892 0.375724
vt 0.877892 0.356415
vt 0.990222 0.006536
vt 0.990222 0.001479
vt 0.991115 0.001479
vt 0.991115 0.006536
vt 0.180611 0.002434
vt 0.180611 0.045343
vt 0.179718 0.045343
vt 0.179718 0.001649
vt 0.974465 0.001479
vt 0.986838 0.001479
vt 0.986838 0.003747
vt 0.974465 0.003747
vt 0.844299 0.078337
vt 0.844299 0.070495
vt 0.845347 0.070495
vt 0.845347 0.078337
vt 0.021708 0.021890
vt 0.021708 0.015282
vt 0.022756 0.016528
vt 0.022757 0.021890
vt 0.030034 0.015282
vt 0.028986 0.016528
vt 0.183565 0.053186
vt 0.183565 0.044860
vt 0.184448 0.045908
vt 0.184448 0.052138
vt 0.227138 0.039622
vt 0.227138 0.031780
vt 0.228186 0.031780
vt 0.228186 0.039622
vt 0.030034 0.021890
vt 0.028986 0.021890
vt 0.001483 0.103085
vt 0.001483 0.088244
vt 0.002596 0.088244
vt 0.002596 0.103085
vt 0.704390 0.160964
vt 0.704390 0.153311
vt 0.705503 0.153311
vt 0.705503 0.160964
vt 0.200017 0.029080
vt 0.200017 0.035486
vt 0.198903 0.035486
vt 0.198903 0.029080
vt 0.896313 0.161195
vt 0.903494 0.161195
vt 0.903494 0.162308
vt 0.896313 0.162308
vt 0.196829 0.019229
vt 0.196829 0.025635
vt 0.195715 0.025635
vt 0.195715 0.019229
vt 0.211503 0.062607
vt 0.211503 0.070260
vt 0.210389 0.070260
vt 0.210389 0.062607
vt 0.227138 0.027117
vt 0.228186 0.027117
vt 0.188229 0.053186
vt 0.188229 0.052138
vt 0.188229 0.044860
vt 0.188229 0.045908
vt 0.844299 0.083001
vt 0.845347 0.083001
vt 0.560117 0.002370
vt 0.560117 0.001477
vt 0.590144 0.001477
vt 0.590144 0.002370
vt 0.543215 0.004387
vt 0.543215 0.001477
vt 0.730523 0.194309
vt 0.725466 0.194357
vt 0.725466 0.151444
vt 0.733248 0.164407
vt 0.192983 0.002434
vt 0.193665 0.001499
vt 0.193665 0.002434
vt 0.041180 0.015944
vt 0.041180 0.015282
vt 0.041862 0.015944
vt 0.054237 0.015944
vt 0.054237 0.015282
vt 0.607647 0.002165
vt 0.593096 0.002165
vt 0.593096 0.001483
vt 0.607647 0.001483
vt 0.242726 0.169276
vt 0.239815 0.169295
vt 0.239815 0.168633
vt 0.733242 0.163746
vt 0.232155 0.156260
vt 0.232155 0.155325
vt 0.242726 0.155617
vt 0.735393 0.151351
vt 0.735510 0.163725
vt 0.703922 0.223150
vt 0.710152 0.223150
vt 0.710152 0.225943
vt 0.703922 0.225943
vt 0.710152 0.228735
vt 0.703922 0.228735
vt 0.710152 0.231528
vt 0.703922 0.231528
vt 0.710152 0.234320
vt 0.703922 0.234320
vt 0.710152 0.237113
vt 0.703922 0.237113
vt 0.703922 0.220358
vt 0.710152 0.220358
vt 0.548771 0.819179
vt 0.565377 0.819179
vt 0.565377 0.823348
vt 0.548771 0.823348
vt 0.565377 0.827516
vt 0.548771 0.827516
vt 0.565377 0.831685
vt 0.548771 0.831685
vt 0.548771 0.806674
vt 0.565377 0.806674
vt 0.565377 0.810843
vt 0.548771 0.810843
vt 0.565377 0.815011
vt 0.548771 0.815011
vt 0.663029 0.873034
vt 0.662987 0.887021
vt 0.654711 0.887170
vt 0.654711 0.873198
vt 0.648334 0.628876
vt 0.638673 0.628702
vt 0.638667 0.614745
vt 0.648309 0.614906
vt 0.625829 0.167302
vt 0.626159 0.167343
vt 0.626159 0.181325
vt 0.625829 0.181284
vt 0.008016 0.194706
vt 0.007686 0.194677
vt 0.007003 0.185058
vt 0.007365 0.186454
vt 0.489656 0.248016
vt 0.490124 0.247970
vt 0.490772 0.255531
vt 0.490441 0.255564
vt 0.490320 0.239723
vt 0.490805 0.238332
vt 0.007363 0.202266
vt 0.007031 0.202237
vt 0.655923 0.628875
vt 0.655897 0.614893
vt 0.670618 0.873062
vt 0.670575 0.887044
vt 0.661722 0.839760
vt 0.672754 0.839358
vt 0.672842 0.847758
vt 0.660352 0.847758
vt 0.010359 0.024744
vt 0.001476 0.025865
vt 0.001476 0.013361
vt 0.011050 0.013725
vt 0.626130 0.226069
vt 0.625805 0.226141
vt 0.625805 0.214914
vt 0.626130 0.214843
vt 0.783146 0.002208
vt 0.783235 0.001745
vt 0.792813 0.001517
vt 0.791541 0.001904
vt 0.989648 0.099473
vt 0.990116 0.099424
vt 0.990804 0.106982
vt 0.990474 0.107016
vt 0.990290 0.091384
vt 0.990844 0.090500
vt 0.775489 0.001844
vt 0.775552 0.001517
vt 0.017934 0.025207
vt 0.018731 0.014009
vt 0.661440 0.832177
vt 0.672657 0.831693
vt 0.546897 0.973243
vt 0.541002 0.973243
vt 0.541002 0.967681
vt 0.546897 0.967681
vt 0.435120 0.977539
vt 0.435120 0.982708
vt 0.428602 0.982708
vt 0.428602 0.977539
vt 0.441526 0.977539
vt 0.441526 0.982708
vt 0.732975 0.987402
vt 0.732975 0.989092
vt 0.725764 0.989092
vt 0.725764 0.987402
vt 0.740298 0.987402
vt 0.740298 0.989092
vt 0.001480 0.267679
vt 0.002244 0.267679
vt 0.002244 0.274994
vt 0.001480 0.274994
vt 0.002244 0.281982
vt 0.001480 0.281982
vt 0.408219 0.001481
vt 0.408219 0.002141
vt 0.402276 0.002141
vt 0.402276 0.001481
vt 0.396665 0.002141
vt 0.396665 0.001481
vt 0.534995 0.973243
vt 0.534995 0.967681
vt 0.493249 0.193386
vt 0.493249 0.194825
vt 0.488213 0.194346
vt 0.493489 0.191708
vt 0.488452 0.190988
vt 0.608183 0.163170
vt 0.608183 0.164725
vt 0.604295 0.164725
vt 0.604295 0.163170
vt 0.626143 0.784520
vt 0.622433 0.784628
vt 0.621535 0.783391
vt 0.625359 0.781821
vt 0.631203 0.783626
vt 0.629627 0.785198
vt 0.626598 0.779124
vt 0.606224 0.804735
vt 0.617368 0.791031
vt 0.619726 0.793394
vt 0.621192 0.789574
vt 0.619056 0.789571
vt 0.619396 0.786874
vt 0.620632 0.787212
vt 0.622880 0.788001
vt 0.624452 0.789352
vt 0.614334 0.789117
vt 0.615348 0.787431
vt 0.616475 0.785184
vt 0.621532 0.786763
vt 0.619967 0.778330
vt 0.621206 0.775858
vt 0.157325 0.816322
vt 0.156925 0.823532
vt 0.152919 0.815520
vt 0.150516 0.820728
vt 0.144507 0.818725
vt 0.151718 0.815120
vt 0.154522 0.812716
vt 0.154121 0.813918
vt 0.148513 0.812716
vt 0.153720 0.815119
vt 0.163335 0.792285
vt 0.153320 0.812317
vt 0.150115 0.809912
vt 0.688653 0.234609
vt 0.688653 0.236830
vt 0.688653 0.235634
vt 0.688653 0.238197
vt 0.688653 0.233584
vt 0.688653 0.232388
vt 0.688653 0.229484
vt 0.688653 0.240418
vt 0.624005 0.786766
vt 0.625802 0.788342
vt 0.628052 0.786545
vt 0.622432 0.785527
vt 0.618277 0.781589
vt 0.610575 0.158700
vt 0.610575 0.153316
vt 0.616856 0.153316
vt 0.616856 0.158700
vt 0.621189 0.900640
vt 0.628134 0.900640
vt 0.628134 0.905456
vt 0.621189 0.905457
vt 0.614132 0.900640
vt 0.614132 0.905456
vt 0.690742 0.381212
vt 0.690742 0.388299
vt 0.688998 0.388299
vt 0.688998 0.381212
vt 0.690742 0.374125
vt 0.688998 0.374125
vt 0.997780 0.422531
vt 0.997780 0.414744
vt 0.998488 0.414744
vt 0.998488 0.422531
vt 0.997780 0.407192
vt 0.998488 0.407192
vt 0.990785 0.775460
vt 0.990785 0.768264
vt 0.991322 0.768264
vt 0.991322 0.775460
vt 0.990785 0.761282
vt 0.991322 0.761282
vt 0.623025 0.153316
vt 0.623025 0.158700
vt 0.227219 0.070848
vt 0.232592 0.072063
vt 0.227465 0.072801
vt 0.226973 0.069139
vt 0.232100 0.068646
vt 0.834781 0.003358
vt 0.831261 0.003358
vt 0.831261 0.001481
vt 0.834781 0.001481
vt 0.611424 0.777085
vt 0.614011 0.775963
vt 0.614794 0.780011
vt 0.613332 0.780010
vt 0.609068 0.772473
vt 0.615362 0.773604
vt 0.608841 0.774497
vt 0.607816 0.787199
vt 0.611300 0.787877
vt 0.610068 0.783829
vt 0.612430 0.783044
vt 0.613328 0.783719
vt 0.611303 0.785516
vt 0.608385 0.781017
vt 0.610408 0.781468
vt 0.612206 0.781920
vt 0.142904 0.805505
vt 0.144907 0.809511
vt 0.136495 0.808709
vt 0.139700 0.813117
vt 0.145308 0.810313
vt 0.146910 0.807509
vt 0.145709 0.807107
vt 0.145307 0.808310
vt 0.148112 0.807909
vt 0.688653 0.223334
vt 0.688653 0.221797
vt 0.688653 0.220430
vt 0.688653 0.226239
vt 0.688653 0.225384
vt 0.688653 0.224188
vt 0.688653 0.218380
vt 0.610747 0.779894
vt 0.608611 0.779330
vt 0.608726 0.776520
vt 0.612882 0.780571
vt 0.604518 0.158700
vt 0.604518 0.153316
vt 0.607187 0.900640
vt 0.607187 0.905456
vt 0.600243 0.905457
vt 0.600243 0.900640
vt 0.690742 0.367257
vt 0.688998 0.367257
vt 0.688998 0.360170
vt 0.690742 0.360170
vt 0.997780 0.391735
vt 0.998488 0.391735
vt 0.998488 0.399405
vt 0.997780 0.399405
vt 0.990785 0.747105
vt 0.991322 0.747105
vt 0.991322 0.754086
vt 0.990785 0.754086
vt 0.598236 0.158700
vt 0.598236 0.153316
vt 0.227467 0.074266
vt 0.227957 0.075731
vt 0.232839 0.075238
vt 0.827741 0.003358
vt 0.827741 0.001481
vt 0.606028 0.776517
vt 0.603553 0.779100
vt 0.602091 0.778874
vt 0.603669 0.775053
vt 0.602660 0.772467
vt 0.604331 0.787195
vt 0.606134 0.783375
vt 0.604671 0.784947
vt 0.602987 0.782810
vt 0.603886 0.782361
vt 0.606136 0.781126
vt 0.600958 0.787979
vt 0.600398 0.786067
vt 0.599613 0.783705
vt 0.604337 0.781237
vt 0.597260 0.776283
vt 0.596475 0.773809
vt 0.139700 0.801098
vt 0.134091 0.803902
vt 0.131687 0.797092
vt 0.139300 0.800297
vt 0.142504 0.800698
vt 0.141702 0.801099
vt 0.138498 0.796692
vt 0.140902 0.801500
vt 0.142904 0.799496
vt 0.142103 0.795891
vt 0.624643 0.194025
vt 0.624643 0.192821
vt 0.626047 0.192821
vt 0.626047 0.194025
vt 0.624643 0.191216
vt 0.626047 0.191216
vt 0.624643 0.197636
vt 0.624643 0.196232
vt 0.626047 0.196232
vt 0.626047 0.197636
vt 0.624643 0.195229
vt 0.626047 0.195229
vt 0.624643 0.200846
vt 0.626047 0.200846
vt 0.624643 0.188808
vt 0.626047 0.188808
vt 0.606138 0.779553
vt 0.603889 0.779775
vt 0.598493 0.779882
vt 0.585897 0.158700
vt 0.585898 0.153315
vt 0.591954 0.153315
vt 0.591954 0.158700
vt 0.593298 0.900640
vt 0.593298 0.905457
vt 0.586353 0.900640
vt 0.586353 0.905457
vt 0.690742 0.353083
vt 0.688998 0.353083
vt 0.690742 0.346106
vt 0.688998 0.346106
vt 0.997780 0.383948
vt 0.998488 0.383948
vt 0.997780 0.376278
vt 0.998488 0.376278
vt 0.990785 0.739909
vt 0.991322 0.739909
vt 0.990785 0.732928
vt 0.991322 0.732928
vt 0.227958 0.077196
vt 0.232843 0.078900
vt 0.228204 0.079149
vt 0.824690 0.003358
vt 0.824690 0.001481
vt 0.590285 0.781560
vt 0.591524 0.778863
vt 0.595006 0.781227
vt 0.593994 0.782238
vt 0.585565 0.779869
vt 0.590740 0.776164
vt 0.586800 0.781556
vt 0.594884 0.791233
vt 0.597809 0.789325
vt 0.594326 0.787297
vt 0.595228 0.785050
vt 0.596464 0.784714
vt 0.596236 0.787749
vt 0.590954 0.786507
vt 0.592754 0.785272
vt 0.594441 0.784375
vt 0.139699 0.787077
vt 0.137697 0.791083
vt 0.132489 0.784673
vt 0.131687 0.791083
vt 0.138097 0.791884
vt 0.140901 0.791483
vt 0.140501 0.790683
vt 0.138497 0.790683
vt 0.141302 0.792284
vt 0.624643 0.207667
vt 0.626047 0.207667
vt 0.626047 0.209072
vt 0.624643 0.209072
vt 0.626047 0.210476
vt 0.624643 0.210476
vt 0.624643 0.204056
vt 0.626047 0.204056
vt 0.626047 0.205461
vt 0.624643 0.205461
vt 0.626047 0.206464
vt 0.624643 0.206464
vt 0.626047 0.212884
vt 0.624643 0.212884
vt 0.591856 0.783922
vt 0.589944 0.785270
vt 0.588147 0.783131
vt 0.593881 0.783025
vt 0.579616 0.158700
vt 0.579616 0.153316
vt 0.579408 0.900640
vt 0.579408 0.905457
vt 0.572463 0.905457
vt 0.572463 0.900640
vt 0.690742 0.338910
vt 0.688997 0.338910
vt 0.688997 0.331933
vt 0.690742 0.331933
vt 0.997780 0.360822
vt 0.998488 0.360822
vt 0.998488 0.368491
vt 0.997780 0.368491
vt 0.990785 0.718751
vt 0.991322 0.718751
vt 0.991322 0.725947
vt 0.990785 0.725947
vt 0.573671 0.158700
vt 0.573671 0.153316
vt 0.228206 0.080614
vt 0.228207 0.082323
vt 0.233091 0.082318
vt 0.821170 0.003358
vt 0.821170 0.001481
vt 0.586121 0.785041
vt 0.586230 0.788526
vt 0.585105 0.789424
vt 0.583423 0.785600
vt 0.580838 0.784361
vt 0.592520 0.793703
vt 0.591175 0.789767
vt 0.591173 0.791903
vt 0.588476 0.791676
vt 0.588814 0.790440
vt 0.589603 0.787967
vt 0.590719 0.796624
vt 0.588921 0.795611
vt 0.586786 0.794597
vt 0.588365 0.789427
vt 0.579932 0.790992
vt 0.577461 0.789641
vt 0.139699 0.781068
vt 0.134491 0.778664
vt 0.138097 0.773857
vt 0.140902 0.779465
vt 0.143706 0.783071
vt 0.142504 0.782671
vt 0.142505 0.776662
vt 0.140500 0.782671
vt 0.144107 0.781869
vt 0.146110 0.779867
vt 0.714349 0.537662
vt 0.714349 0.536126
vt 0.715693 0.536126
vt 0.715693 0.537662
vt 0.714349 0.534782
vt 0.715693 0.534782
vt 0.714349 0.541118
vt 0.714349 0.539774
vt 0.715693 0.539774
vt 0.715693 0.541118
vt 0.714349 0.538430
vt 0.715693 0.538430
vt 0.714349 0.544766
vt 0.715693 0.544766
vt 0.714349 0.531902
vt 0.715693 0.531902
vt 0.588368 0.786954
vt 0.587130 0.788639
vt 0.583191 0.792570
vt 0.561220 0.158700
vt 0.561220 0.153316
vt 0.567390 0.153316
vt 0.567390 0.158700
vt 0.565518 0.900640
vt 0.565518 0.905457
vt 0.558461 0.900640
vt 0.558461 0.905456
vt 0.690742 0.324955
vt 0.688997 0.324955
vt 0.690742 0.317868
vt 0.688997 0.317868
vt 0.997780 0.353152
vt 0.998488 0.353152
vt 0.997780 0.345483
vt 0.998488 0.345483
vt 0.990785 0.711770
vt 0.991322 0.711770
vt 0.990785 0.704466
vt 0.991322 0.704466
vt 0.228209 0.083788
vt 0.232850 0.085493
vt 0.228211 0.085498
vt 0.817415 0.003358
vt 0.817415 0.001481
vt 0.578687 0.799535
vt 0.577565 0.796836
vt 0.581613 0.796053
vt 0.581612 0.797514
vt 0.573963 0.801779
vt 0.575206 0.795484
vt 0.576211 0.801893
vt 0.588688 0.803143
vt 0.589479 0.799658
vt 0.585543 0.800778
vt 0.584534 0.798642
vt 0.585434 0.797518
vt 0.587118 0.799656
vt 0.582618 0.802574
vt 0.583070 0.800439
vt 0.583522 0.798753
vt 0.150516 0.770651
vt 0.145709 0.773055
vt 0.146510 0.764644
vt 0.141703 0.769050
vt 0.145309 0.774257
vt 0.147712 0.775060
vt 0.147312 0.774258
vt 0.146911 0.773456
vt 0.147312 0.776260
vt 0.714349 0.551678
vt 0.715693 0.551678
vt 0.715693 0.553022
vt 0.714349 0.553022
vt 0.715693 0.554366
vt 0.714349 0.554366
vt 0.714349 0.548030
vt 0.715693 0.548030
vt 0.715693 0.549374
vt 0.714349 0.549374
vt 0.715693 0.550526
vt 0.714349 0.550526
vt 0.715693 0.557054
vt 0.714349 0.557054
vt 0.581497 0.800213
vt 0.580820 0.802348
vt 0.578122 0.802120
vt 0.582061 0.798077
vt 0.555051 0.158700
vt 0.555051 0.153316
vt 0.551628 0.900640
vt 0.551628 0.905456
vt 0.544571 0.905456
vt 0.544571 0.900640
vt 0.690742 0.310891
vt 0.688997 0.310891
vt 0.688997 0.303804
vt 0.690742 0.303804
vt 0.997780 0.330026
vt 0.998488 0.330026
vt 0.998488 0.337695
vt 0.997780 0.337695
vt 0.990785 0.690396
vt 0.991322 0.690396
vt 0.991322 0.697485
vt 0.990785 0.697485
vt 0.548770 0.158700
vt 0.548770 0.153316
vt 0.227968 0.086963
vt 0.227970 0.088672
vt 0.232854 0.088911
vt 0.814365 0.003358
vt 0.814365 0.001481
vt 0.578119 0.804931
vt 0.580815 0.807407
vt 0.580589 0.808868
vt 0.576543 0.807290
vt 0.573956 0.808299
vt 0.588797 0.806627
vt 0.585089 0.804825
vt 0.586437 0.806288
vt 0.584412 0.808085
vt 0.583738 0.806847
vt 0.582616 0.804710
vt 0.589581 0.810001
vt 0.587557 0.810674
vt 0.585308 0.811233
vt 0.582839 0.806621
vt 0.577885 0.813587
vt 0.575299 0.814371
vt 0.154122 0.767848
vt 0.151317 0.762240
vt 0.158528 0.760638
vt 0.154923 0.767448
vt 0.154923 0.771454
vt 0.154523 0.770653
vt 0.159330 0.766245
vt 0.153721 0.769049
vt 0.155724 0.771054
vt 0.160131 0.769851
vt 0.917664 0.198168
vt 0.917664 0.196652
vt 0.918965 0.196652
vt 0.918965 0.198168
vt 0.917664 0.195352
vt 0.918965 0.195352
vt 0.917664 0.202069
vt 0.917664 0.200769
vt 0.918965 0.200769
vt 0.918965 0.202069
vt 0.917664 0.199252
vt 0.918965 0.199252
vt 0.917664 0.205319
vt 0.918965 0.205319
vt 0.917664 0.192751
vt 0.918965 0.192751
vt 0.580930 0.804821
vt 0.581378 0.806845
vt 0.581372 0.812466
vt 0.536431 0.158700
vt 0.536431 0.153316
vt 0.542600 0.153316
vt 0.542600 0.158700
vt 0.537738 0.900640
vt 0.537738 0.905456
vt 0.530681 0.900640
vt 0.530681 0.905456
vt 0.690742 0.296717
vt 0.688997 0.296717
vt 0.690742 0.289631
vt 0.688997 0.289631
vt 0.997780 0.322238
vt 0.998488 0.322238
vt 0.997780 0.314687
vt 0.998488 0.314687
vt 0.990785 0.683308
vt 0.991322 0.683308
vt 0.990785 0.676219
vt 0.991322 0.676219
vt 0.227727 0.090381
vt 0.232613 0.092330
vt 0.227729 0.092091
vt 0.810845 0.003358
vt 0.810845 0.001481
vt 0.583050 0.820562
vt 0.580465 0.819435
vt 0.582717 0.815840
vt 0.583728 0.816965
vt 0.581359 0.825282
vt 0.577766 0.820332
vt 0.583046 0.824272
vt 0.592722 0.815850
vt 0.590814 0.813038
vt 0.588787 0.816633
vt 0.586427 0.815619
vt 0.586316 0.814495
vt 0.589126 0.814610
vt 0.587997 0.820005
vt 0.586762 0.818092
vt 0.585864 0.816517
vt 0.168543 0.768650
vt 0.164538 0.766647
vt 0.170546 0.760637
vt 0.164538 0.760637
vt 0.162535 0.766647
vt 0.163736 0.769050
vt 0.164537 0.768649
vt 0.162934 0.769450
vt 0.917664 0.212903
vt 0.918965 0.212903
vt 0.918965 0.214420
vt 0.917664 0.214420
vt 0.918965 0.215720
vt 0.917664 0.215720
vt 0.917664 0.209219
vt 0.918965 0.209219
vt 0.918965 0.210520
vt 0.917664 0.210520
vt 0.918965 0.211820
vt 0.917664 0.211820
vt 0.918965 0.218754
vt 0.917664 0.218754
vt 0.585524 0.819103
vt 0.586759 0.820903
vt 0.584621 0.822699
vt 0.584627 0.817078
vt 0.530374 0.158700
vt 0.530374 0.153316
vt 0.523848 0.900640
vt 0.523848 0.905456
vt 0.516679 0.905456
vt 0.516679 0.900640
vt 0.690742 0.282762
vt 0.688997 0.282762
vt 0.688997 0.275566
vt 0.690742 0.275566
vt 0.997780 0.299230
vt 0.998488 0.299230
vt 0.998488 0.306899
vt 0.997780 0.306899
vt 0.990785 0.662042
vt 0.991322 0.662042
vt 0.991322 0.669238
vt 0.990785 0.669238
vt 0.524093 0.158700
vt 0.524093 0.153316
vt 0.227243 0.093800
vt 0.227000 0.095266
vt 0.232128 0.095505
vt 0.807559 0.003358
vt 0.807559 0.001481
vt 0.586418 0.824725
vt 0.590015 0.824729
vt 0.591026 0.825853
vt 0.587202 0.827536
vt 0.585850 0.830008
vt 0.595193 0.818438
vt 0.591369 0.819783
vt 0.593506 0.819786
vt 0.593053 0.822483
vt 0.591817 0.822145
vt 0.589682 0.821356
vt 0.598114 0.820352
vt 0.597213 0.822038
vt 0.596087 0.824285
vt 0.590917 0.822593
vt 0.592482 0.831026
vt 0.591130 0.833498
vt 0.174552 0.768648
vt 0.176555 0.762640
vt 0.182164 0.765845
vt 0.175754 0.769050
vt 0.172950 0.771454
vt 0.173350 0.770252
vt 0.178558 0.770653
vt 0.173751 0.769049
vt 0.174152 0.771854
vt 0.176154 0.773856
vt 0.657279 0.537921
vt 0.657279 0.539417
vt 0.656156 0.539417
vt 0.656156 0.537921
vt 0.657279 0.541288
vt 0.656156 0.541288
vt 0.657279 0.533431
vt 0.657279 0.534927
vt 0.656156 0.534927
vt 0.656156 0.533431
vt 0.657279 0.536424
vt 0.656156 0.536424
vt 0.657279 0.529315
vt 0.656156 0.529315
vt 0.657279 0.544282
vt 0.656156 0.544282
vt 0.588444 0.822591
vt 0.590129 0.823829
vt 0.594172 0.827768
vt 0.618753 0.973243
vt 0.618753 0.967681
vt 0.624760 0.967681
vt 0.624760 0.973242
vt 0.525926 0.977539
vt 0.532444 0.977539
vt 0.532444 0.982709
vt 0.525926 0.982709
vt 0.519520 0.977539
vt 0.519520 0.982709
vt 0.834708 0.987402
vt 0.842144 0.987402
vt 0.842144 0.989092
vt 0.834708 0.989092
vt 0.827498 0.987402
vt 0.827498 0.989092
vt 0.001480 0.381889
vt 0.001480 0.374791
vt 0.002244 0.374791
vt 0.002244 0.381889
vt 0.001480 0.367585
vt 0.002244 0.367585
vt 0.315952 0.001481
vt 0.321729 0.001481
vt 0.321729 0.002141
vt 0.315952 0.002141
vt 0.327506 0.001481
vt 0.327506 0.002141
vt 0.630767 0.967681
vt 0.630767 0.973242
vt 0.493249 0.215450
vt 0.488213 0.214491
vt 0.493249 0.214012
vt 0.493489 0.217129
vt 0.488452 0.217849
vt 0.575273 0.163170
vt 0.579678 0.163170
vt 0.579678 0.164725
vt 0.575273 0.164725
vt 0.601025 0.832384
vt 0.598438 0.833393
vt 0.597655 0.829345
vt 0.599117 0.829347
vt 0.603381 0.836996
vt 0.596974 0.835752
vt 0.603608 0.834748
vt 0.604632 0.822270
vt 0.601260 0.821592
vt 0.602381 0.825416
vt 0.600019 0.826425
vt 0.599120 0.825637
vt 0.601146 0.823841
vt 0.604064 0.828453
vt 0.602041 0.827889
vt 0.600243 0.827437
vt 0.184166 0.779867
vt 0.181763 0.775060
vt 0.190976 0.775460
vt 0.186970 0.769450
vt 0.181362 0.774258
vt 0.180561 0.776662
vt 0.181763 0.777063
vt 0.182163 0.775861
vt 0.179359 0.776261
vt 0.657279 0.520896
vt 0.656156 0.520896
vt 0.656156 0.518838
vt 0.657279 0.518838
vt 0.656156 0.517154
vt 0.657279 0.517154
vt 0.657279 0.525012
vt 0.656156 0.525012
vt 0.656156 0.523328
vt 0.657279 0.523328
vt 0.656156 0.522205
vt 0.657279 0.522205
vt 0.656156 0.514161
vt 0.657279 0.514161
vt 0.601702 0.829462
vt 0.603837 0.830026
vt 0.603722 0.832837
vt 0.599567 0.828897
vt 0.612636 0.973243
vt 0.612636 0.967681
vt 0.513001 0.977539
vt 0.513001 0.982708
vt 0.506483 0.982708
vt 0.506483 0.977539
vt 0.820288 0.987402
vt 0.820288 0.989092
vt 0.812965 0.989092
vt 0.812965 0.987402
vt 0.001480 0.353281
vt 0.002244 0.353281
vt 0.002244 0.360488
vt 0.001480 0.360488
vt 0.339060 0.001481
vt 0.339060 0.002141
vt 0.333283 0.002141
vt 0.333283 0.001481
vt 0.606852 0.973243
vt 0.606852 0.967681
vt 0.493009 0.212333
vt 0.493009 0.210894
vt 0.487973 0.211134
vt 0.583825 0.163170
vt 0.583825 0.164725
vt 0.606420 0.832840
vt 0.608896 0.830144
vt 0.610357 0.830370
vt 0.608779 0.834303
vt 0.609789 0.837002
vt 0.608117 0.822162
vt 0.606315 0.825869
vt 0.607778 0.824522
vt 0.609462 0.826547
vt 0.608562 0.827221
vt 0.606312 0.828455
vt 0.611491 0.821378
vt 0.612051 0.823402
vt 0.612835 0.825764
vt 0.608111 0.828119
vt 0.615189 0.833073
vt 0.615861 0.835660
vt 0.186971 0.783472
vt 0.193380 0.780267
vt 0.195384 0.786276
vt 0.188173 0.783872
vt 0.184567 0.784673
vt 0.185368 0.784273
vt 0.188974 0.787478
vt 0.185369 0.788280
vt 0.577371 0.470775
vt 0.575734 0.470775
vt 0.575734 0.472048
vt 0.577371 0.472048
vt 0.574098 0.470775
vt 0.574098 0.472048
vt 0.581008 0.470775
vt 0.579553 0.470775
vt 0.579553 0.472048
vt 0.581008 0.472048
vt 0.578281 0.470775
vt 0.578281 0.472048
vt 0.584828 0.470775
vt 0.584828 0.472048
vt 0.571370 0.470775
vt 0.571370 0.472048
vt 0.606311 0.829916
vt 0.608559 0.829469
vt 0.613956 0.829475
vt 0.594727 0.973243
vt 0.594727 0.967681
vt 0.600733 0.967681
vt 0.600733 0.973243
vt 0.499965 0.977539
vt 0.499965 0.982708
vt 0.493447 0.977539
vt 0.493447 0.982708
vt 0.805754 0.987402
vt 0.805754 0.989092
vt 0.798318 0.987402
vt 0.798318 0.989092
vt 0.001480 0.346293
vt 0.002244 0.346293
vt 0.001480 0.338978
vt 0.002244 0.338978
vt 0.344837 0.001481
vt 0.344837 0.002141
vt 0.350449 0.001481
vt 0.350449 0.002141
vt 0.492769 0.209215
vt 0.487733 0.208016
vt 0.492769 0.207776
vt 0.587711 0.163170
vt 0.587711 0.164725
vt 0.622164 0.827909
vt 0.620924 0.830494
vt 0.617442 0.828354
vt 0.618455 0.827231
vt 0.626996 0.829488
vt 0.621709 0.833192
vt 0.625649 0.827913
vt 0.617565 0.818237
vt 0.614640 0.820257
vt 0.618123 0.822172
vt 0.617221 0.824531
vt 0.615984 0.824643
vt 0.616212 0.821833
vt 0.621495 0.823074
vt 0.619694 0.824310
vt 0.618007 0.824982
vt 0.187773 0.797092
vt 0.188573 0.792687
vt 0.194582 0.798695
vt 0.195784 0.793087
vt 0.188974 0.791485
vt 0.186169 0.791885
vt 0.186571 0.792686
vt 0.185769 0.791083
vt 0.592102 0.470775
vt 0.592102 0.472048
vt 0.593738 0.472048
vt 0.593738 0.470775
vt 0.595193 0.472048
vt 0.595193 0.470775
vt 0.588465 0.470775
vt 0.588465 0.472048
vt 0.589738 0.472048
vt 0.589738 0.470775
vt 0.591011 0.472048
vt 0.591011 0.470775
vt 0.597921 0.472048
vt 0.597921 0.470775
vt 0.620593 0.825322
vt 0.622505 0.824312
vt 0.624301 0.826337
vt 0.618568 0.826331
vt 0.588943 0.973243
vt 0.588943 0.967681
vt 0.487153 0.977539
vt 0.487153 0.982708
vt 0.480523 0.982708
vt 0.480523 0.977539
vt 0.791221 0.987402
vt 0.791221 0.989092
vt 0.783898 0.989092
vt 0.783898 0.987402
vt 0.001480 0.324784
vt 0.002244 0.324784
vt 0.002244 0.331990
vt 0.001480 0.331990
vt 0.362003 0.001481
vt 0.362003 0.002141
vt 0.356226 0.002141
vt 0.356226 0.001481
vt 0.582825 0.973243
vt 0.582825 0.967681
vt 0.492769 0.206097
vt 0.492769 0.204658
vt 0.487733 0.204658
vt 0.592116 0.163170
vt 0.592116 0.164725
vt 0.626327 0.824541
vt 0.626218 0.820831
vt 0.627343 0.820045
vt 0.629026 0.823757
vt 0.631610 0.824996
vt 0.619928 0.815653
vt 0.621273 0.819589
vt 0.621275 0.817566
vt 0.624085 0.817906
vt 0.623634 0.819142
vt 0.622845 0.821277
vt 0.621954 0.812845
vt 0.623527 0.813858
vt 0.625775 0.814985
vt 0.624083 0.820042
vt 0.632516 0.818477
vt 0.634988 0.819828
vt 0.186570 0.802701
vt 0.192980 0.805505
vt 0.189375 0.810312
vt 0.186170 0.803903
vt 0.183766 0.801099
vt 0.184968 0.801499
vt 0.184567 0.806707
vt 0.186170 0.801900
vt 0.183364 0.802300
vt 0.181363 0.804303
vt 0.922938 0.413645
vt 0.922938 0.414844
vt 0.921260 0.414844
vt 0.921260 0.413645
vt 0.922938 0.415803
vt 0.921260 0.415803
vt 0.922938 0.410768
vt 0.922938 0.411727
vt 0.921260 0.411727
vt 0.921260 0.410768
vt 0.922938 0.412686
vt 0.921260 0.412686
vt 0.922938 0.408130
vt 0.921260 0.408130
vt 0.922938 0.417961
vt 0.921260 0.417961
vt 0.624081 0.822515
vt 0.625319 0.820718
vt 0.629258 0.816787
vt 0.570923 0.973243
vt 0.570923 0.967681
vt 0.576930 0.967681
vt 0.576930 0.973243
vt 0.474004 0.977539
vt 0.474004 0.982708
vt 0.467486 0.977539
vt 0.467486 0.982708
vt 0.776575 0.987402
vt 0.776575 0.989092
vt 0.769365 0.987402
vt 0.769365 0.989092
vt 0.001480 0.317687
vt 0.002244 0.317687
vt 0.001480 0.310589
vt 0.002244 0.310589
vt 0.367780 0.001481
vt 0.367780 0.002141
vt 0.373722 0.001481
vt 0.373722 0.002141
vt 0.492769 0.202740
vt 0.487733 0.200821
vt 0.492769 0.201061
vt 0.596004 0.163170
vt 0.596004 0.164725
vt 0.633761 0.810046
vt 0.634883 0.812633
vt 0.630835 0.813528
vt 0.630837 0.811842
vt 0.638485 0.807691
vt 0.637355 0.813985
vt 0.636350 0.807463
vt 0.623760 0.806327
vt 0.623082 0.809698
vt 0.627018 0.808578
vt 0.627915 0.810940
vt 0.627127 0.811838
vt 0.625443 0.809813
vt 0.630055 0.806895
vt 0.629490 0.809030
vt 0.629039 0.810828
vt 0.176154 0.813918
vt 0.181763 0.811113
vt 0.179760 0.819125
vt 0.185769 0.815119
vt 0.182164 0.809912
vt 0.179359 0.808310
vt 0.178157 0.809912
vt 0.180562 0.810713
vt 0.179760 0.807108
vt 0.922938 0.402136
vt 0.921260 0.402136
vt 0.921260 0.400937
vt 0.922938 0.400937
vt 0.921260 0.399738
vt 0.922938 0.399738
vt 0.922938 0.405253
vt 0.921260 0.405253
vt 0.921260 0.404054
vt 0.922938 0.404054
vt 0.921260 0.403095
vt 0.922938 0.403095
vt 0.921260 0.397820
vt 0.922938 0.397820
vt 0.631064 0.809369
vt 0.631628 0.807009
vt 0.634439 0.807237
vt 0.630387 0.811280
vt 0.564917 0.973243
vt 0.564917 0.967681
vt 0.460968 0.977539
vt 0.460968 0.982708
vt 0.454674 0.982708
vt 0.454674 0.977539
vt 0.762154 0.987402
vt 0.762154 0.989092
vt 0.754831 0.989092
vt 0.754831 0.987402
vt 0.001480 0.296286
vt 0.002244 0.296286
vt 0.002244 0.303383
vt 0.001480 0.303383
vt 0.385110 0.001481
vt 0.385110 0.002141
vt 0.379499 0.002141
vt 0.379499 0.001481
vt 0.558910 0.973243
vt 0.558910 0.967681
vt 0.492769 0.199862
vt 0.493009 0.198183
vt 0.487973 0.197703
vt 0.599891 0.163170
vt 0.599891 0.164725
vt 0.634441 0.804539
vt 0.631746 0.801950
vt 0.631972 0.800602
vt 0.635906 0.802067
vt 0.638492 0.801395
vt 0.623763 0.802841
vt 0.627472 0.804644
vt 0.626124 0.803181
vt 0.628149 0.801497
vt 0.628710 0.802622
vt 0.629832 0.804646
vt 0.622980 0.799468
vt 0.624892 0.798908
vt 0.627141 0.798123
vt 0.629722 0.802848
vt 0.634675 0.795995
vt 0.637262 0.795099
vt 0.172548 0.816722
vt 0.174952 0.821529
vt 0.168943 0.823532
vt 0.171748 0.813117
vt 0.168143 0.817924
vt 0.172949 0.815520
vt 0.170546 0.812717
vt 0.166941 0.813517
vt 0.956296 0.427770
vt 0.956296 0.426054
vt 0.957440 0.426054
vt 0.957440 0.427770
vt 0.956296 0.424529
vt 0.957440 0.424529
vt 0.956296 0.432155
vt 0.956296 0.430630
vt 0.957440 0.430630
vt 0.957440 0.432155
vt 0.956296 0.429105
vt 0.957440 0.429105
vt 0.956296 0.436159
vt 0.957440 0.436159
vt 0.956296 0.421479
vt 0.957440 0.421479
vt 0.631519 0.804648
vt 0.631184 0.802624
vt 0.631189 0.797003
vt 0.553015 0.967681
vt 0.553015 0.973243
vt 0.448044 0.977539
vt 0.448044 0.982708
vt 0.747508 0.987402
vt 0.747508 0.989092
vt 0.001480 0.289189
vt 0.002244 0.289189
vt 0.390887 0.001481
vt 0.390887 0.002141
vt 0.493009 0.196504
vt 0.629511 0.788795
vt 0.632096 0.790034
vt 0.629844 0.793517
vt 0.628833 0.792504
vt 0.631540 0.783963
vt 0.634907 0.789250
vt 0.621747 0.796319
vt 0.623774 0.792611
vt 0.626134 0.793626
vt 0.626245 0.794975
vt 0.623435 0.794747
vt 0.625686 0.791264
vt 0.626697 0.792727
vt 0.158929 0.815520
vt 0.162935 0.817523
vt 0.162935 0.823532
vt 0.164537 0.818726
vt 0.163335 0.814318
vt 0.162533 0.814719
vt 0.162535 0.816722
vt 0.164136 0.813918
vt 0.956296 0.444738
vt 0.957440 0.444738
vt 0.957440 0.446263
vt 0.956296 0.446263
vt 0.957440 0.448170
vt 0.956296 0.448170
vt 0.956296 0.440544
vt 0.957440 0.440544
vt 0.957440 0.441687
vt 0.956296 0.441687
vt 0.957440 0.443213
vt 0.956296 0.443213
vt 0.957440 0.451029
vt 0.956296 0.451029
vt 0.627036 0.790479
vt 0.628046 0.792391
vt 0.611082 0.855595
vt 0.601416 0.855595
vt 0.601416 0.851347
vt 0.611082 0.851347
vt 0.591964 0.855595
vt 0.591964 0.851347
vt 0.582298 0.855595
vt 0.582298 0.851347
vt 0.572739 0.855595
vt 0.572739 0.851347
vt 0.563181 0.855595
vt 0.563181 0.851347
vt 0.553622 0.855595
vt 0.553622 0.851347
vt 0.543956 0.855595
vt 0.543956 0.851347
vt 0.534398 0.855595
vt 0.534398 0.851347
vt 0.978693 0.924511
vt 0.978693 0.915886
vt 0.983365 0.915886
vt 0.983365 0.924511
vt 0.978693 0.907141
vt 0.983365 0.907141
vt 0.978693 0.898516
vt 0.983365 0.898516
vt 0.978693 0.889890
vt 0.983365 0.889890
vt 0.978693 0.881385
vt 0.983365 0.881385
vt 0.978693 0.872640
vt 0.983365 0.872640
vt 0.978693 0.864015
vt 0.983365 0.864015
vt 0.978693 0.855389
vt 0.983365 0.855389
vt 0.978693 0.846764
vt 0.983365 0.846764
vt 0.978693 0.838019
vt 0.983365 0.838019
vt 0.978693 0.829394
vt 0.983365 0.829394
vt 0.978693 0.820889
vt 0.983365 0.820889
vt 0.978693 0.812263
vt 0.983365 0.812263
vt 0.978693 0.803518
vt 0.983365 0.803518
vt 0.978693 0.794893
vt 0.983365 0.794893
vt 0.978693 0.786268
vt 0.983365 0.786268
vt 0.687553 0.855595
vt 0.677994 0.855595
vt 0.677994 0.851347
vt 0.687553 0.851347
vt 0.668329 0.855595
vt 0.668329 0.851347
vt 0.658983 0.855595
vt 0.658983 0.851347
vt 0.649318 0.855595
vt 0.649318 0.851347
vt 0.639759 0.855595
vt 0.639759 0.851347
vt 0.630093 0.855595
vt 0.630093 0.851347
vt 0.620534 0.855595
vt 0.620534 0.851347
vt 0.611082 0.869296
vt 0.601416 0.869296
vt 0.601416 0.865048
vt 0.611082 0.865048
vt 0.591964 0.869296
vt 0.591964 0.865048
vt 0.582298 0.869296
vt 0.582298 0.865048
vt 0.572739 0.869296
vt 0.572739 0.865048
vt 0.563181 0.869296
vt 0.563181 0.865048
vt 0.553622 0.869296
vt 0.553622 0.865048
vt 0.543956 0.869296
vt 0.543956 0.865048
vt 0.534398 0.869296
vt 0.534398 0.865048
vt 0.963480 0.924511
vt 0.963480 0.915886
vt 0.968031 0.915886
vt 0.968032 0.924511
vt 0.963480 0.907141
vt 0.968031 0.907141
vt 0.963480 0.898516
vt 0.968032 0.898516
vt 0.963480 0.889890
vt 0.968031 0.889890
vt 0.963480 0.881385
vt 0.968032 0.881385
vt 0.963480 0.872640
vt 0.968031 0.872640
vt 0.963480 0.864015
vt 0.968031 0.864015
vt 0.963480 0.855389
vt 0.968032 0.855389
vt 0.963480 0.846764
vt 0.968031 0.846764
vt 0.963480 0.838019
vt 0.968031 0.838019
vt 0.963480 0.829394
vt 0.968031 0.829394
vt 0.963480 0.820888
vt 0.968031 0.820889
vt 0.963480 0.812263
vt 0.968032 0.812263
vt 0.963479 0.803518
vt 0.968031 0.803518
vt 0.963479 0.794893
vt 0.968031 0.794893
vt 0.963479 0.786268
vt 0.968031 0.786268
vt 0.687553 0.869296
vt 0.677994 0.869296
vt 0.677994 0.865048
vt 0.687553 0.865048
vt 0.668329 0.869296
vt 0.668329 0.865048
vt 0.658983 0.869296
vt 0.658983 0.865048
vt 0.649318 0.869296
vt 0.649318 0.865048
vt 0.639759 0.869296
vt 0.639759 0.865048
vt 0.630093 0.869296
vt 0.630093 0.865048
vt 0.620534 0.869296
vt 0.620534 0.865048
vt 0.554560 0.594222
vt 0.562828 0.594222
vt 0.562828 0.605775
vt 0.554560 0.605775
vt 0.562828 0.617222
vt 0.554560 0.617222
vt 0.562828 0.628776
vt 0.554560 0.628776
vt 0.562828 0.640223
vt 0.554560 0.640223
vt 0.562828 0.651670
vt 0.554560 0.651670
vt 0.562828 0.663330
vt 0.554560 0.663330
vt 0.562828 0.674777
vt 0.554560 0.674777
vt 0.562828 0.686224
vt 0.554560 0.686224
vt 0.973653 0.315003
vt 0.981839 0.315004
vt 0.981839 0.326572
vt 0.973653 0.326572
vt 0.981839 0.338141
vt 0.973653 0.338141
vt 0.981839 0.349600
vt 0.973653 0.349600
vt 0.981839 0.361168
vt 0.973653 0.361168
vt 0.981839 0.372846
vt 0.973653 0.372846
vt 0.981839 0.384415
vt 0.973653 0.384415
vt 0.981839 0.395983
vt 0.973653 0.395983
vt 0.981839 0.407443
vt 0.973653 0.407443
vt 0.981839 0.419011
vt 0.973653 0.419011
vt 0.981839 0.430689
vt 0.973653 0.430689
vt 0.981839 0.442257
vt 0.973653 0.442257
vt 0.981839 0.453717
vt 0.973653 0.453717
vt 0.981839 0.465285
vt 0.973653 0.465285
vt 0.981839 0.476963
vt 0.973653 0.476963
vt 0.981839 0.488531
vt 0.973653 0.488531
vt 0.981839 0.499882
vt 0.973653 0.499882
vt 0.554560 0.502325
vt 0.562828 0.502325
vt 0.562828 0.513773
vt 0.554560 0.513773
vt 0.562828 0.525326
vt 0.554560 0.525326
vt 0.562828 0.536879
vt 0.554560 0.536879
vt 0.562828 0.548326
vt 0.554560 0.548326
vt 0.562828 0.559774
vt 0.554560 0.559774
vt 0.562828 0.571327
vt 0.554560 0.571327
vt 0.562828 0.582775
vt 0.554560 0.582775
vt 0.568763 0.594222
vt 0.568763 0.605775
vt 0.568763 0.617222
vt 0.568763 0.628776
vt 0.568763 0.640223
vt 0.568763 0.651670
vt 0.568763 0.663330
vt 0.568763 0.674777
vt 0.568763 0.686224
vt 0.988059 0.315003
vt 0.988059 0.326572
vt 0.988059 0.338141
vt 0.988059 0.349600
vt 0.988059 0.361168
vt 0.988059 0.372846
vt 0.988059 0.384415
vt 0.988059 0.395983
vt 0.988059 0.407443
vt 0.988059 0.419011
vt 0.988059 0.430689
vt 0.988059 0.442257
vt 0.988059 0.453717
vt 0.988059 0.465285
vt 0.988059 0.476963
vt 0.988059 0.488531
vt 0.988059 0.499882
vt 0.568763 0.502325
vt 0.568763 0.513773
vt 0.568763 0.525326
vt 0.568763 0.536879
vt 0.568764 0.548326
vt 0.568764 0.559774
vt 0.568763 0.571327
vt 0.568763 0.582775
vt 0.575865 0.594222
vt 0.575865 0.605775
vt 0.575865 0.617222
vt 0.575865 0.628776
vt 0.575865 0.640223
vt 0.575865 0.651670
vt 0.575865 0.663330
vt 0.575865 0.674777
vt 0.575865 0.686224
vt 0.994826 0.315004
vt 0.994826 0.326572
vt 0.994826 0.338141
vt 0.994826 0.349600
vt 0.994826 0.361168
vt 0.994826 0.372846
vt 0.994826 0.384415
vt 0.994826 0.395983
vt 0.994826 0.407443
vt 0.994826 0.419011
vt 0.994826 0.430689
vt 0.994826 0.442257
vt 0.994826 0.453717
vt 0.994826 0.465285
vt 0.994826 0.476963
vt 0.994826 0.488531
vt 0.994826 0.499882
vt 0.575865 0.502325
vt 0.575865 0.513773
vt 0.575865 0.525326
vt 0.575865 0.536879
vt 0.575865 0.548326
vt 0.575865 0.559774
vt 0.575865 0.571327
vt 0.575865 0.582775
vt 0.983135 0.572845
vt 0.987831 0.572845
vt 0.987831 0.581414
vt 0.983135 0.581414
vt 0.987831 0.590101
vt 0.983135 0.590101
vt 0.987831 0.598670
vt 0.983135 0.598670
vt 0.987831 0.607238
vt 0.983135 0.607238
vt 0.987831 0.615807
vt 0.983135 0.615807
vt 0.987831 0.624376
vt 0.983135 0.624376
vt 0.987831 0.632945
vt 0.983135 0.632945
vt 0.987831 0.641514
vt 0.983135 0.641514
vt 0.983096 0.646272
vt 0.987821 0.646272
vt 0.987821 0.654778
vt 0.983096 0.654778
vt 0.987821 0.663284
vt 0.983096 0.663284
vt 0.987821 0.671909
vt 0.983096 0.671909
vt 0.987821 0.680415
vt 0.983096 0.680415
vt 0.987821 0.688921
vt 0.983096 0.688921
vt 0.987821 0.697309
vt 0.983096 0.697309
vt 0.987821 0.705934
vt 0.983096 0.705934
vt 0.987821 0.714440
vt 0.983096 0.714440
vt 0.987821 0.722828
vt 0.983096 0.722828
vt 0.987821 0.731334
vt 0.983096 0.731335
vt 0.987821 0.740077
vt 0.983096 0.740077
vt 0.987821 0.748465
vt 0.983096 0.748465
vt 0.987821 0.756972
vt 0.983096 0.756972
vt 0.987821 0.765478
vt 0.983096 0.765478
vt 0.987821 0.774102
vt 0.983096 0.774102
vt 0.987821 0.782609
vt 0.983096 0.782609
vt 0.983136 0.504294
vt 0.987831 0.504294
vt 0.987831 0.512863
vt 0.983136 0.512863
vt 0.987831 0.521315
vt 0.983135 0.521315
vt 0.987831 0.530001
vt 0.983135 0.530001
vt 0.987831 0.538570
vt 0.983135 0.538570
vt 0.987831 0.547139
vt 0.983135 0.547139
vt 0.987831 0.555708
vt 0.983135 0.555708
vt 0.987831 0.564159
vt 0.983135 0.564159
vt 0.966115 0.572845
vt 0.972923 0.572845
vt 0.972923 0.581414
vt 0.966115 0.581414
vt 0.972923 0.590101
vt 0.966115 0.590101
vt 0.972923 0.598670
vt 0.966115 0.598669
vt 0.972923 0.607238
vt 0.966115 0.607238
vt 0.972923 0.615807
vt 0.966115 0.615807
vt 0.972923 0.624376
vt 0.966115 0.624376
vt 0.972923 0.632945
vt 0.966115 0.632945
vt 0.972923 0.641514
vt 0.966115 0.641514
vt 0.965965 0.646272
vt 0.972817 0.646272
vt 0.972817 0.654778
vt 0.965965 0.654778
vt 0.972817 0.663284
vt 0.965965 0.663284
vt 0.972817 0.671909
vt 0.965965 0.671909
vt 0.972817 0.680415
vt 0.965965 0.680415
vt 0.972817 0.688921
vt 0.965965 0.688921
vt 0.972817 0.697309
vt 0.965965 0.697309
vt 0.972817 0.705934
vt 0.965965 0.705934
vt 0.972817 0.714440
vt 0.965965 0.714440
vt 0.972817 0.722828
vt 0.965965 0.722828
vt 0.972817 0.731335
vt 0.965965 0.731334
vt 0.972817 0.740077
vt 0.965965 0.740077
vt 0.972817 0.748465
vt 0.965965 0.748465
vt 0.972817 0.756972
vt 0.965965 0.756972
vt 0.972817 0.765478
vt 0.965965 0.765478
vt 0.972817 0.774102
vt 0.965965 0.774102
vt 0.972817 0.782609
vt 0.965965 0.782609
vt 0.966115 0.504294
vt 0.972923 0.504294
vt 0.972923 0.512863
vt 0.966115 0.512863
vt 0.972923 0.521315
vt 0.966115 0.521315
vt 0.972923 0.530001
vt 0.966115 0.530001
vt 0.972923 0.538570
vt 0.966115 0.538570
vt 0.972923 0.547139
vt 0.966115 0.547139
vt 0.972923 0.555708
vt 0.966115 0.555708
vt 0.972923 0.564159
vt 0.966115 0.564159
vt 0.548306 0.605775
vt 0.548306 0.594222
vt 0.548306 0.617222
vt 0.548306 0.628776
vt 0.548306 0.640223
vt 0.548306 0.651670
vt 0.548306 0.663330
vt 0.548306 0.674777
vt 0.548306 0.686224
vt 0.967542 0.326572
vt 0.967542 0.315004
vt 0.967542 0.338141
vt 0.967542 0.349600
vt 0.967542 0.361168
vt 0.967542 0.372846
vt 0.967542 0.384415
vt 0.967542 0.395983
vt 0.967542 0.407443
vt 0.967542 0.419011
vt 0.967542 0.430689
vt 0.967542 0.442257
vt 0.967542 0.453717
vt 0.967542 0.465285
vt 0.967542 0.476963
vt 0.967541 0.488531
vt 0.967542 0.499882
vt 0.548307 0.513773
vt 0.548307 0.502325
vt 0.548307 0.525326
vt 0.548307 0.536879
vt 0.548307 0.548326
vt 0.548307 0.559774
vt 0.548307 0.571327
vt 0.548307 0.582775
vt 0.541523 0.605775
vt 0.541523 0.594222
vt 0.541523 0.617222
vt 0.541523 0.628776
vt 0.541523 0.640223
vt 0.541523 0.651670
vt 0.541523 0.663330
vt 0.541523 0.674777
vt 0.541523 0.686224
vt 0.960666 0.326572
vt 0.960666 0.315004
vt 0.960666 0.338141
vt 0.960666 0.349600
vt 0.960666 0.361168
vt 0.960666 0.372846
vt 0.960666 0.384415
vt 0.960666 0.395983
vt 0.960666 0.407443
vt 0.960666 0.419011
vt 0.960666 0.430689
vt 0.960666 0.442257
vt 0.960666 0.453717
vt 0.960666 0.465285
vt 0.960666 0.476963
vt 0.960666 0.488531
vt 0.960666 0.499882
vt 0.541523 0.513772
vt 0.541523 0.502325
vt 0.541523 0.525326
vt 0.541523 0.536879
vt 0.541523 0.548326
vt 0.541523 0.559774
vt 0.541523 0.571327
vt 0.541523 0.582775
s 1
usemtl covered_car
f 18/1/1 15/2/2 83/3/3 42/4/4
f 431/5/5 430/6/6 970/7/7 969/8/8
f 7/9/9 918/10/10 917/11/11 4/12/12
f 11/13/13 8/14/14 161/15/15 41/16/16
f 977/17/17 475/18/18 460/19/19 976/20/20
f 11/13/13 920/21/21 919/22/22 8/14/14
f 453/23/23 972/24/24 971/25/25 428/26/26
f 26/27/27 91/28/28 90/29/29 1/30/30
f 438/31/31 435/32/32 967/33/33 966/34/34
f 450/35/35 959/36/36 958/37/37 457/38/38
f 30/39/39 23/40/40 79/41/41 77/42/42
f 4/12/12 3/43/43 38/44/44 39/45/45
f 3/43/43 916/46/46 915/47/47 1/30/30
f 4/12/12 917/11/11 916/46/46 3/43/43
f 7/9/9 4/12/12 39/45/45 98/48/48
f 7/9/9 98/48/48 161/15/15 8/14/14
f 626/49/49 598/50/50 621/51/51 601/52/52
f 8/14/14 919/22/22 918/10/10 7/9/9
f 1/30/30 915/47/47 914/53/53 26/27/27
f 658/54/54 667/55/55 666/56/56 665/57/57
f 11/13/13 41/16/16 40/58/58 12/59/59
f 670/60/60 690/61/61 689/62/62 768/63/63
f 12/59/59 921/64/64 920/21/21 11/13/13
f 27/65/65 36/66/66 93/67/67 92/68/68
f 258/69/69 389/70/70 391/71/71 260/72/72
f 297/73/73 283/74/74 282/75/75 286/76/76
f 32/77/77 982/78/78 981/79/79 121/80/80
f 22/81/81 926/82/82 925/83/83 19/84/84
f 756/85/85 647/86/86 956/87/87 955/88/88
f 15/2/2 923/89/89 922/90/90 44/91/91
f 644/92/92 647/86/86 756/85/85 754/93/93
f 418/94/94 929/95/95 928/96/96 30/39/39
f 672/97/97 668/98/98 669/99/99 683/100/100
f 442/101/101 470/102/102 510/103/103 471/104/104
f 753/105/105 754/93/93 756/85/85 755/106/106
f 279/107/107 280/108/108 281/109/109 271/110/110
f 98/48/48 39/45/45 38/44/44 90/29/29
f 509/111/111 446/112/112 449/113/113 469/114/114
f 472/115/115 520/116/116 521/117/117 458/118/118
f 161/15/15 84/119/119 40/58/58 41/16/16
f 42/4/4 83/3/3 81/120/120 43/121/121
f 3/43/43 1/30/30 90/29/29 38/44/44
f 664/122/122 663/123/123 656/124/124 657/125/125
f 30/39/39 928/96/96 927/126/126 23/40/40
f 474/127/127 459/128/128 978/129/129 977/17/17
f 457/38/38 782/130/130 781/131/131 504/132/132
f 281/109/109 935/133/133 934/134/134 390/135/135
f 6/136/136 62/137/137 49/138/138 5/139/139
f 819/140/140 221/141/141 220/142/142 820/143/143
f 5/139/139 49/138/138 51/144/144 2/145/145
f 863/146/146 205/147/147 207/148/148 862/149/149
f 2/145/145 51/144/144 53/150/150 28/151/151
f 305/152/152 326/153/153 322/154/154 303/155/155
f 28/151/151 53/150/150 55/156/156 29/157/157
f 88/158/158 149/159/159 147/160/160 89/161/161
f 70/162/162 54/163/163 52/164/164 68/165/165
f 356/166/166 254/167/167 414/168/168 413/169/169
f 827/170/170 213/171/171 212/172/172 828/173/173
f 74/174/174 59/175/175 58/176/176 72/177/177
f 824/178/178 216/179/179 215/180/180 825/181/181
f 823/182/182 217/183/183 216/179/179 824/178/178
f 79/41/41 66/184/184 64/185/185 77/42/42
f 159/186/186 163/187/187 164/188/188 160/189/189
f 161/15/15 74/174/174 72/177/177 84/119/119
f 821/190/190 219/191/191 218/192/192 822/193/193
f 29/157/157 55/156/156 56/194/194 35/195/195
f 370/196/196 377/197/197 378/198/198 371/199/199
f 87/200/200 151/201/201 149/159/159 88/158/158
f 61/202/202 157/203/203 155/204/204 85/205/205
f 85/205/205 155/204/204 153/206/206 86/207/207
f 172/208/208 176/209/209 187/210/210 186/211/211
f 149/159/159 150/212/212 148/213/213 147/160/160
f 57/214/214 159/186/186 157/203/203 61/202/202
f 205/147/147 185/215/215 163/187/187 60/216/216
f 420/217/217 818/218/218 819/140/140 82/219/219
f 98/48/48 116/220/220 74/174/174 161/15/15
f 308/221/221 841/222/222 284/223/223 307/224/224
f 179/225/225 127/226/226 183/227/227 180/228/228
f 89/161/161 147/160/160 145/229/229 123/230/230
f 55/156/156 57/214/214 61/202/202 56/194/194
f 35/195/195 56/194/194 61/202/202 85/205/205
f 83/3/3 70/162/162 68/165/165 81/120/120
f 6/136/136 9/231/231 63/232/232 62/137/137
f 191/233/233 192/234/234 195/235/235 194/236/236
f 9/231/231 10/237/237 65/238/238 63/232/232
f 314/239/239 310/240/240 298/241/241 299/242/242
f 830/243/243 210/244/244 209/245/245 831/246/246
f 10/237/237 13/247/247 67/248/248 65/238/238
f 171/249/249 175/250/250 176/209/209 172/208/208
f 116/220/220 99/251/251 59/175/175 74/174/174
f 826/252/252 214/253/253 213/171/171 827/170/170
f 13/247/247 14/254/254 69/255/255 67/248/248
f 434/256/256 968/257/257 967/33/33 435/32/32
f 54/163/163 248/258/258 249/259/259 52/164/164
f 832/260/260 208/261/261 207/148/148 833/262/262
f 14/254/254 16/263/263 71/264/264 69/255/255
f 66/184/184 50/265/265 246/266/266 64/185/185
f 817/267/267 265/268/268 421/269/269 818/218/218
f 814/270/270 397/271/271 266/272/272 815/273/273
f 16/263/263 17/274/274 73/275/275 71/264/264
f 58/176/176 247/276/276 248/258/258 54/163/163
f 831/246/246 209/245/245 208/261/261 832/260/260
f 17/274/274 20/277/277 75/278/278 73/275/275
f 72/177/177 58/176/176 54/163/163 70/162/162
f 822/193/193 218/192/192 217/183/183 823/182/182
f 20/277/277 21/279/279 76/280/280 75/278/278
f 81/120/120 68/165/165 66/184/184 79/41/41
f 817/267/267 816/281/281 405/282/282 265/268/268
f 21/279/279 24/283/283 78/284/284 76/280/280
f 820/143/143 220/142/142 219/191/191 821/190/190
f 24/283/283 25/285/285 80/286/286 78/284/284
f 25/285/285 37/287/287 82/219/219 80/286/286
f 84/119/119 72/177/177 70/162/162 83/3/3
f 828/173/173 212/172/172 211/288/288 829/289/289
f 59/175/175 168/290/290 247/276/276 58/176/176
f 35/195/195 85/205/205 86/207/207 46/291/291
f 46/292/291 86/293/207 87/200/200 33/294/292
f 33/294/292 87/200/200 88/158/158 48/295/293
f 222/296/294 182/297/295 240/298/296 864/299/297
f 48/295/293 88/158/158 89/161/161 34/300/298
f 84/119/119 44/91/91 12/59/59 40/58/58
f 98/48/48 90/29/29 117/301/299 116/220/220
f 99/251/251 103/302/300 104/303/301 100/304/302
f 104/305/301 106/306/303 101/307/304 100/308/302
f 101/307/304 106/306/303 107/309/305 102/310/306
f 110/311/307 96/312/308 97/313/309 111/314/310
f 96/312/308 110/311/307 109/315/311 95/316/312
f 95/316/312 109/315/311 108/317/313 94/318/314
f 104/303/301 113/319/315 108/320/313 112/321/316
f 106/306/303 110/311/307 111/314/310 107/309/305
f 108/317/313 109/315/311 105/322/317 112/323/316
f 94/324/314 108/320/313 113/319/315 93/67/67
f 105/322/317 109/315/311 110/311/307 106/306/303
f 92/68/68 93/67/67 113/319/315 114/325/318
f 114/325/318 113/319/315 104/303/301 103/302/300
f 91/28/28 92/68/68 114/325/318 115/326/319
f 116/220/220 117/301/299 103/302/300 99/251/251
f 90/29/29 91/28/28 115/326/319 117/301/299
f 115/326/319 114/325/318 103/302/300 117/301/299
f 409/327/320 258/69/69 260/72/72 408/328/321
f 141/329/322 145/229/229 146/330/323 142/331/324
f 123/230/230 145/229/229 141/329/322 140/332/325
f 89/161/161 123/230/230 122/333/326 34/300/298
f 97/313/309 120/334/327 119/335/328 111/314/310
f 474/127/127 522/336/329 523/337/330 459/128/128
f 99/251/251 100/304/302 168/290/290 59/175/175
f 111/314/310 119/335/328 118/338/331 107/309/305
f 125/339/332 166/340/333 245/341/334 169/342/335
f 178/343/336 133/344/337 127/345/226 179/346/225
f 123/230/230 140/332/325 138/347/338 122/333/326
f 135/348/339 132/349/340 171/249/249 172/208/208
f 189/350/341 139/351/342 148/352/213 425/353/343
f 120/334/327 130/354/344 128/355/345 119/335/328
f 154/356/346 156/357/347 129/358/348 132/359/340
f 142/360/324 146/361/323 143/362/349 144/363/350
f 177/364/351 181/365/352 133/344/337 178/343/336
f 165/366/353 164/188/188 163/187/187 185/215/215
f 137/367/354 135/348/339 172/208/208 186/211/211
f 132/359/340 129/358/348 170/368/355 171/369/249
f 146/361/323 148/352/213 139/351/342 143/362/349
f 152/370/356 154/371/346 132/349/340 135/348/339
f 129/358/348 125/339/332 169/342/335 170/368/355
f 119/335/328 128/355/345 126/372/357 118/338/331
f 156/357/347 158/373/358 125/339/332 129/358/348
f 150/374/212 152/370/356 135/348/339 137/367/354
f 107/309/305 118/338/331 344/375/359 102/310/306
f 147/160/160 148/213/213 146/330/323 145/229/229
f 151/201/201 152/376/356 150/212/212 149/159/159
f 153/377/206 154/378/346 152/376/356 151/201/201
f 155/204/204 156/357/347 154/356/346 153/206/206
f 273/379/360 369/380/361 370/196/196 363/381/362
f 68/165/165 52/164/164 50/265/265 66/184/184
f 157/203/203 158/373/358 156/357/347 155/204/204
f 118/338/331 126/372/357 350/382/363 344/375/359
f 241/383/364 165/366/353 240/298/296 167/384/365
f 815/273/273 266/272/272 405/282/282 816/281/281
f 303/155/155 322/154/154 318/385/366 306/386/367
f 136/387/368 181/365/352 162/388/369 167/384/365
f 173/389/370 177/364/351 178/343/336 174/390/371
f 174/390/371 178/343/336 179/346/225 175/391/250
f 175/250/250 179/225/225 180/228/228 176/209/209
f 176/209/209 180/228/228 188/392/372 187/210/210
f 180/228/228 183/227/227 197/393/373 188/392/372
f 133/344/337 131/394/374 124/395/375 127/345/226
f 181/365/352 136/387/368 131/394/374 133/344/337
f 127/226/226 124/396/375 184/397/376 183/227/227
f 183/227/227 184/397/376 198/398/377 197/393/373
f 224/399/378 284/223/223 396/400/379 206/401/380
f 187/210/210 188/392/372 190/402/381 426/403/382
f 139/351/342 189/350/341 191/233/233 143/362/349
f 192/234/234 424/404/383 423/405/384 193/406/385
f 143/362/349 191/233/233 194/236/236 144/363/350
f 31/407/386 984/408/387 983/409/388 47/410/389
f 192/234/234 193/406/385 196/411/390 195/235/235
f 196/411/390 193/406/385 899/412/391 900/413/392
f 197/393/373 198/398/377 200/414/393 199/415/394
f 614/416/395 612/417/396 910/418/397 911/419/398
f 199/415/394 200/414/393 202/420/399 201/421/400
f 604/422/401 606/423/402 907/424/403 906/425/404
f 201/421/400 202/420/399 204/426/405 203/427/406
f 159/186/186 160/189/189 158/373/358 157/203/203
f 847/428/407 422/429/408 239/430/409 848/431/410
f 861/432/411 226/433/412 225/434/413 862/149/149
f 852/435/414 235/436/415 234/437/416 853/438/417
f 843/439/418 398/440/419 267/441/420 844/442/421
f 850/443/422 237/444/423 236/445/424 851/446/425
f 849/447/426 238/448/427 237/444/423 850/443/422
f 848/431/410 239/430/409 238/448/427 849/447/426
f 847/428/407 846/449/428 272/450/429 422/429/408
f 843/439/418 397/271/271 396/400/379 842/451/430
f 45/452/431 94/324/314 93/67/67 36/66/66
f 856/453/432 231/454/433 230/455/434 857/456/435
f 845/457/436 846/449/428 265/268/268 405/282/282
f 841/222/222 285/458/437 399/459/438 842/451/430
f 858/460/439 229/461/440 228/462/441 859/463/442
f 857/456/435 230/455/434 229/461/440 858/460/439
f 853/438/417 234/437/416 233/464/443 854/465/444
f 245/341/334 166/340/333 243/466/445 244/467/446
f 240/298/296 182/297/295 136/387/368 167/384/365
f 167/384/365 162/388/369 242/468/447 241/383/364
f 242/468/447 244/467/446 243/466/445 241/383/364
f 166/340/333 125/339/332 158/373/358 160/189/189
f 244/467/446 242/468/447 177/364/351 173/389/370
f 177/364/351 242/468/447 162/388/369 181/365/352
f 424/404/383 192/234/234 191/233/233 189/350/341
f 165/366/353 241/383/364 243/466/445 164/188/188
f 52/164/164 249/259/259 250/469/448 50/265/265
f 50/265/265 250/469/448 251/470/449 246/266/266
f 356/166/166 381/471/450 383/472/451 254/167/167
f 273/379/360 363/381/362 334/473/452 302/474/453
f 112/323/316 105/322/317 106/306/303 104/305/301
f 335/475/454 364/476/455 365/477/456 336/478/457
f 249/479/259 341/480/458 342/481/459 250/482/448
f 419/483/460 261/484/461 263/485/462 420/217/217
f 254/486/167 255/487/463 415/488/464 414/489/168
f 334/473/452 363/381/362 364/476/455 335/475/454
f 416/490/465 415/488/464 255/487/463 256/491/466
f 27/65/65 913/492/467 986/493/468 36/66/66
f 644/92/92 781/131/131 782/130/130 647/86/86
f 261/484/461 407/494/469 406/495/470 263/485/462
f 411/496/471 412/497/472 349/498/473 355/499/474
f 423/405/384 424/404/383 189/350/341 425/353/343
f 829/289/289 211/288/288 210/244/244 830/243/243
f 860/500/475 227/501/476 226/433/412 861/432/411
f 381/471/450 380/502/477 382/503/478 383/472/451
f 254/486/167 383/504/451 385/505/479 255/487/463
f 382/506/478 268/507/480 269/508/481 384/509/482
f 255/487/463 385/505/479 387/510/483 256/491/466
f 384/509/482 269/508/481 270/511/484 386/512/485
f 256/491/466 387/510/483 389/70/70 258/69/69
f 386/512/485 270/511/484 271/110/110 388/513/486
f 547/514/487 134/515/488 980/516/489 979/517/490
f 304/518/491 224/399/378 283/74/74 297/73/73
f 262/519/492 393/520/493 395/521/494 264/522/495
f 392/523/496 282/75/75 283/74/74 394/524/497
f 169/342/335 173/389/370 174/390/371 170/368/355
f 60/216/216 163/187/187 159/186/186 57/214/214
f 814/270/270 395/521/494 394/524/497 206/401/380
f 851/446/425 236/445/424 235/436/415 852/435/414
f 859/463/442 228/462/441 227/501/476 860/500/475
f 357/525/498 358/526/499 403/527/500 400/528/501
f 164/188/188 243/466/445 166/340/333 160/189/189
f 360/529/502 362/530/503 876/531/504 875/532/505
f 248/533/258 340/534/506 341/480/458 249/479/259
f 428/26/26 516/535/507 517/536/508 453/23/23
f 274/537/509 273/379/360 302/474/453 288/538/510
f 276/539/511 873/540/512 872/541/513 277/542/514
f 890/543/515 941/544/516 940/545/517 891/546/518
f 277/542/514 872/541/513 871/547/519 278/548/520
f 891/546/518 940/545/517 939/549/521 892/550/522
f 278/548/520 871/547/519 870/551/523 279/107/107
f 291/552/524 882/553/525 870/554/523 871/555/519
f 938/556/526 937/557/527 295/558/528 293/559/529
f 882/553/525 293/559/529 295/558/528 870/554/523
f 872/560/513 289/561/530 291/552/524 871/555/519
f 286/76/76 296/562/531 298/563/241 297/73/73
f 170/368/355 174/390/371 175/391/250 171/369/249
f 296/564/531 294/565/532 299/242/242 298/241/241
f 306/386/367 318/385/366 314/239/239 299/242/242
f 294/565/532 292/566/533 300/567/534 299/242/242
f 292/566/533 290/568/535 301/569/536 300/567/534
f 290/568/535 288/538/510 302/474/453 301/569/536
f 301/569/536 330/570/537 326/153/153 305/152/152
f 250/482/448 342/481/459 343/571/538 251/572/449
f 168/573/290 338/574/539 339/575/540 247/576/276
f 247/576/276 339/575/540 340/534/506 248/533/258
f 276/539/511 277/542/514 269/508/481 268/507/480
f 299/242/242 300/567/534 303/155/155 306/386/367
f 300/567/534 301/569/536 305/152/152 303/155/155
f 57/214/214 55/156/156 60/216/216
f 271/110/110 281/109/109 390/135/135 388/513/486
f 304/518/491 310/577/240 311/578/541 307/224/224
f 307/224/224 311/578/541 312/579/542 308/221/221
f 308/221/221 312/579/542 313/580/543 309/581/544
f 310/240/240 314/239/239 315/582/545 311/583/541
f 311/583/541 315/582/545 316/584/546 312/585/542
f 312/585/542 316/584/546 317/586/547 313/587/543
f 314/239/239 318/385/366 319/588/548 315/582/545
f 315/582/545 319/588/548 320/589/549 316/584/546
f 316/584/546 320/589/549 321/590/550 317/586/547
f 318/385/366 322/154/154 323/591/551 319/588/548
f 319/588/548 323/591/551 324/592/552 320/589/549
f 320/589/549 324/592/552 325/593/553 321/590/550
f 322/154/154 326/153/153 327/594/554 323/591/551
f 323/591/551 327/594/554 328/595/555 324/592/552
f 324/592/552 328/595/555 329/596/556 325/593/553
f 326/153/153 330/570/537 331/597/557 327/594/554
f 327/594/554 331/597/557 332/598/558 328/595/555
f 328/595/555 332/598/558 333/599/559 329/596/556
f 330/570/537 334/473/452 335/475/454 331/597/557
f 331/597/557 335/475/454 336/478/457 332/598/558
f 332/598/558 336/478/457 337/600/560 333/599/559
f 942/601/561 941/544/516 890/543/515 889/602/562
f 100/308/302 101/307/304 338/574/539 168/573/290
f 101/307/304 102/310/306 344/375/359 338/574/539
f 338/574/539 344/375/359 345/603/563 339/575/540
f 339/575/540 345/603/563 346/604/564 340/534/506
f 340/534/506 346/604/564 347/605/565 341/480/458
f 341/480/458 347/605/565 348/606/566 342/481/459
f 342/481/459 348/606/566 349/498/473 343/571/538
f 721/607/567 725/608/568 351/609/569 720/610/570
f 732/611/571 362/530/503 361/612/572 731/613/573
f 347/605/565 353/614/574 354/615/575 348/606/566
f 348/606/566 354/615/575 355/499/474 349/498/473
f 875/616/505 876/617/504 374/618/576 367/619/577
f 356/166/166 357/525/498 400/528/501 381/471/450
f 357/525/498 412/497/472 411/496/471 358/526/499
f 252/620/578 360/529/502 875/532/505 874/621/579
f 889/602/562 888/622/580 943/623/581 942/601/561
f 274/537/509 368/624/582 369/380/361 273/379/360
f 336/478/457 365/477/456 366/625/583 337/600/560
f 363/381/362 370/196/196 371/199/199 364/476/455
f 364/476/455 371/199/199 372/626/584 365/477/456
f 365/477/456 372/626/584 373/627/585 366/625/583
f 876/531/504 362/530/503 732/611/571 877/628/586
f 944/629/587 887/630/588 886/631/589 945/632/590
f 370/196/196 369/380/361 376/633/591 377/197/197
f 371/199/199 378/198/198 744/634/592 372/626/584
f 372/626/584 744/634/592 379/635/593 373/627/585
f 767/636/594 401/637/595 400/528/501 403/527/500
f 401/637/595 380/502/477 381/471/450 400/528/501
f 253/638/596 268/639/480 382/503/478 380/502/477
f 385/505/479 383/504/451 382/506/478 384/509/482
f 387/510/483 385/505/479 384/509/482 386/512/485
f 389/70/70 387/510/483 386/512/485 388/513/486
f 395/521/494 393/520/493 392/523/496 394/524/497
f 80/286/286 820/143/143 821/190/190 78/284/284
f 401/637/595 767/636/594 361/612/572 359/640/597
f 380/502/477 401/637/595 359/640/597 253/638/596
f 173/389/370 169/342/335 245/341/334 244/467/446
f 302/474/453 334/473/452 330/570/537 301/569/536
f 417/641/598 418/94/94 30/39/39 77/42/42
f 956/87/87 647/86/86 782/130/130 957/642/599
f 446/112/112 961/643/600 960/644/601 449/113/113
f 439/645/602 965/646/603 964/647/604 471/104/104
f 298/563/241 310/577/240 304/518/491 297/73/73
f 259/648/605 930/649/606 929/95/95 418/94/94
f 134/515/488 121/80/80 981/79/79 980/516/489
f 855/650/607 232/651/608 231/454/433 856/453/432
f 407/494/469 262/519/492 264/522/495 406/495/470
f 260/72/72 932/652/609 931/653/610 408/328/321
f 409/327/320 257/654/611 417/641/598 258/69/69
f 258/69/69 417/641/598 416/490/465 256/491/466
f 874/621/579 873/655/512 276/656/511 252/620/578
f 86/293/207 153/377/206 151/201/201 87/200/200
f 825/181/181 215/180/180 214/253/253 826/252/252
f 439/645/602 467/657/612 468/658/613 438/31/31
f 869/659/614 868/660/615 775/661/616 619/662/617
f 863/146/146 864/299/297 185/215/215 205/147/147
f 845/457/436 844/442/421 267/441/420 404/663/618
f 720/610/570 351/609/569 350/382/363 719/664/619
f 349/498/473 412/497/472 413/169/169 343/571/538
f 343/571/538 413/169/169 414/168/168 251/572/449
f 251/470/449 414/489/168 415/488/464 246/266/266
f 246/266/266 415/488/464 416/490/465 64/185/185
f 64/185/185 416/490/465 417/641/598 77/42/42
f 44/91/91 84/119/119 83/3/3 15/2/2
f 933/665/620 391/71/71 390/135/135 934/134/134
f 37/287/287 419/483/460 420/217/217 82/219/219
f 818/218/218 421/269/269 221/141/141 819/140/140
f 854/465/444 233/464/443 232/651/608 855/650/607
f 357/525/498 356/166/166 413/169/169 412/497/472
f 150/374/212 137/367/354 425/353/343 148/352/213
f 426/403/382 423/405/384 425/353/343 427/666/621
f 187/210/210 426/403/382 427/666/621 186/211/211
f 186/211/211 427/666/621 425/353/343 137/367/354
f 423/405/384 426/403/382 190/402/381 193/406/385
f 812/667/622 645/668/623 802/669/624 801/670/625
f 130/354/344 120/334/327 121/80/80 134/515/488
f 284/223/223 224/399/378 304/518/491 307/224/224
f 431/5/5 969/8/8 968/257/257 434/256/256
f 453/23/23 517/536/508 518/671/626 454/672/627
f 974/673/628 973/674/629 454/672/627 463/675/630
f 771/676/631 646/677/632 798/678/633 797/679/634
f 27/65/65 92/68/68 91/28/28 26/27/27
f 955/88/88 954/680/635 755/106/106 756/85/85
f 755/106/106 954/680/635 953/681/636 667/55/55
f 841/222/222 308/221/221 309/581/544 285/458/437
f 430/6/6 431/5/5 466/682/637 465/683/638
f 430/6/6 428/26/26 971/25/25 970/7/7
f 259/648/605 408/328/321 931/653/610 930/649/606
f 431/5/5 434/256/256 524/684/639 466/682/637
f 435/32/32 578/685/640 524/684/639 434/256/256
f 43/121/121 81/120/120 22/81/81 19/84/84
f 458/118/118 976/20/20 975/686/641 472/115/115
f 44/91/91 922/90/90 921/64/64 12/59/59
f 435/32/32 438/31/31 468/658/613 578/685/640
f 31/407/386 95/316/312 94/318/314 45/687/431
f 449/113/113 960/644/601 959/36/36 450/35/35
f 438/31/31 966/34/34 965/646/603 439/645/602
f 463/675/630 454/672/627 518/671/626 519/688/642
f 389/70/70 388/513/486 390/135/135 391/71/71
f 768/63/63 689/62/62 683/100/100 669/99/99
f 790/689/643 691/690/644 690/61/61 670/60/60
f 18/1/1 924/691/645 923/89/89 15/2/2
f 19/84/84 925/83/83 924/691/645 18/1/1
f 657/125/125 658/54/54 665/57/57 664/122/122
f 936/692/646 935/133/133 281/109/109 280/108/108
f 257/654/611 409/327/320 408/328/321 259/648/605
f 653/693/647 651/694/648 649/695/649 728/696/650
f 728/696/650 649/695/649 648/697/651 654/698/652
f 666/56/56 667/55/55 953/681/636 952/699/653
f 519/688/642 520/700/116 472/701/115 463/675/630
f 26/27/27 914/53/53 913/492/467 27/65/65
f 446/112/112 509/111/111 865/702/654 445/703/655
f 753/105/105 755/106/106 667/55/55 658/54/54
f 18/1/1 42/4/4 43/121/121 19/84/84
f 524/684/639 516/535/507 465/683/638 466/682/637
f 22/81/81 81/120/120 79/41/41 23/40/40
f 578/685/640 468/658/613 467/657/612 510/103/103
f 470/102/102 865/702/654 509/111/111 469/114/114
f 499/704/656 510/103/103 470/102/102 497/705/657
f 450/35/35 506/706/658 469/114/114 449/113/113
f 32/77/77 121/80/80 120/334/327 97/313/309
f 547/514/487 979/517/490 978/129/129 459/128/128
f 471/104/104 964/647/604 963/707/659 442/101/101
f 433/708/660 432/709/661 476/710/662 489/711/663
f 800/712/664 774/713/665 812/667/622 801/670/625
f 432/709/661 429/714/666 478/715/667 476/710/662
f 492/716/668 490/717/669 796/718/670 797/679/634
f 429/714/666 455/719/671 480/720/672 478/715/667
f 698/721/673 702/722/674 701/723/675 697/724/676
f 455/719/671 456/725/677 482/726/678 480/720/672
f 514/727/679 515/728/680 564/729/681 566/730/682
f 497/705/657 495/731/683 479/732/684 481/733/685
f 729/734/686 777/735/687 778/736/688 640/737/689
f 840/738/690 837/739/691 835/740/692 838/741/693
f 501/742/694 499/704/656 485/743/695 486/744/696
f 809/745/697 838/741/693 867/746/698 771/676/631
f 770/747/699 769/748/700 808/749/701 809/745/697
f 506/706/658 504/132/132 491/750/702 493/751/703
f 576/752/704 577/753/705 581/754/706 580/755/707
f 578/685/640 510/103/103 499/704/656 501/742/694
f 456/725/677 462/756/708 483/757/709 482/726/678
f 741/758/710 378/198/198 377/197/197 740/759/711
f 568/760/712 566/730/682 567/761/713 569/762/714
f 488/763/715 511/764/716 572/765/717 574/766/718
f 473/767/719 512/768/720 511/764/716 462/756/708
f 593/769/721 603/770/722 604/422/401 896/771/723
f 566/730/682 564/729/681 565/772/724 567/761/713
f 484/773/725 488/763/715 574/766/718 576/752/704
f 617/774/726 487/775/727 580/755/707 623/776/728
f 502/777/729 500/778/730 801/670/625 802/669/624
f 524/684/639 578/685/640 501/742/694 542/779/731
f 45/452/431 36/66/66 986/493/468 985/780/732
f 596/781/733 896/771/723 599/782/734 552/783/735
f 515/728/680 549/784/736 562/785/737 564/729/681
f 482/726/678 483/757/709 488/763/715 484/773/725
f 462/756/708 511/764/716 488/763/715 483/757/709
f 497/705/657 470/102/102 469/114/114 495/731/683
f 433/708/660 489/711/663 490/717/669 436/786/738
f 607/787/739 194/236/236 195/235/235 608/788/740
f 436/786/738 490/717/669 492/716/668 437/789/741
f 697/724/676 685/790/742 684/791/743 693/792/744
f 804/793/745 810/794/746 643/795/747 805/796/748
f 437/789/741 492/716/668 494/797/749 440/798/750
f 588/799/751 589/800/752 593/769/721 592/801/753
f 542/779/731 501/742/694 486/744/696 525/802/754
f 428/26/26 430/6/6 465/683/638 516/535/507
f 440/798/750 494/797/749 496/803/755 441/804/756
f 457/38/38 958/37/37 957/642/599 782/130/130
f 481/733/685 479/732/684 635/805/757 634/806/758
f 808/749/701 807/807/759 618/808/760 840/738/690
f 441/804/756 496/803/755 498/809/761 443/810/762
f 493/751/703 491/750/702 632/811/763 477/812/764
f 649/695/649 620/813/765 625/814/766 648/697/651
f 352/815/767 726/816/768 653/693/647 762/817/769
f 443/810/762 498/809/761 500/778/730 444/818/770
f 485/743/695 481/733/685 634/806/758 633/819/771
f 444/818/770 500/778/730 502/777/729 447/820/772
f 499/704/656 497/705/657 481/733/685 485/743/695
f 447/820/772 502/777/729 503/821/773 448/822/774
f 469/114/114 506/706/658 493/751/703 495/731/683
f 448/822/774 503/821/773 505/823/775 451/824/776
f 451/824/776 505/823/775 507/825/777 452/826/778
f 452/826/778 507/825/777 508/827/779 464/828/780
f 795/829/781 794/830/782 769/748/700 770/747/699
f 486/744/696 485/743/695 633/819/771 585/831/783
f 472/701/115 975/832/641 974/673/628 463/675/630
f 473/833/719 460/19/19 513/834/784 512/835/720
f 513/834/784 514/727/679 566/730/682 568/760/712
f 625/814/766 620/813/765 619/662/617 775/661/616
f 475/18/18 461/836/785 515/728/680 514/727/679
f 510/103/103 467/657/612 439/645/602 471/104/104
f 524/684/639 542/779/731 543/837/786 516/535/507
f 525/802/754 526/838/787 530/839/788 529/840/789
f 530/841/788 526/842/787 527/843/790 532/844/791
f 527/843/790 528/845/792 533/846/793 532/844/791
f 536/847/794 537/848/795 523/337/330 522/336/329
f 458/118/118 521/117/117 522/336/329 474/127/127
f 521/117/117 520/116/116 534/849/796 535/850/797
f 538/851/798 530/841/788 532/844/791 531/852/799
f 532/844/791 533/846/793 537/848/795 536/847/794
f 534/849/796 538/851/798 531/852/799 535/850/797
f 538/853/798 534/854/796 539/855/800 530/839/788
f 521/117/117 535/850/797 536/847/794 522/336/329
f 518/671/626 540/856/801 539/855/800 519/688/642
f 540/856/801 529/840/789 530/839/788 539/855/800
f 517/536/508 541/857/802 540/856/801 518/671/626
f 542/779/731 525/802/754 529/840/789 543/837/786
f 516/535/507 543/837/786 541/857/802 517/536/508
f 541/857/802 543/837/786 529/840/789 540/856/801
f 417/641/598 257/654/611 259/648/605 418/94/94
f 141/329/322 142/331/324 563/858/803 562/785/737
f 549/784/736 140/332/325 141/329/322 562/785/737
f 515/728/680 461/836/785 548/859/804 549/784/736
f 523/337/330 537/848/795 545/860/805 546/861/806
f 726/816/768 773/862/807 651/694/648 653/693/647
f 525/802/754 486/744/696 585/831/783 526/838/787
f 537/848/795 533/846/793 544/863/808 545/860/805
f 551/864/809 586/865/810 631/866/811 583/867/812
f 592/868/753 596/869/733 595/870/813 591/871/814
f 549/784/736 548/859/804 138/347/338 140/332/325
f 557/872/815 589/800/752 588/799/751 555/873/816
f 605/874/817 787/875/818 565/876/724 560/877/819
f 546/861/806 545/860/805 128/355/345 130/354/344
f 570/878/820 571/879/821 573/880/822 572/765/717
f 142/360/324 144/363/350 561/881/823 563/882/803
f 594/883/824 595/870/813 556/884/825 597/885/826
f 651/694/648 813/886/827 620/813/765 649/695/649
f 589/800/752 602/887/828 603/770/722 593/769/721
f 571/879/821 555/888/816 553/889/829 573/880/822
f 563/882/803 561/881/823 560/877/819 565/876/724
f 569/890/714 557/872/815 555/873/816 571/891/821
f 553/889/829 587/892/830 586/865/810 551/864/809
f 545/860/805 544/863/808 126/372/357 128/355/345
f 573/880/822 553/889/829 551/864/809 575/893/831
f 589/800/752 557/872/815 559/894/832 602/887/828
f 533/846/793 528/845/792 719/664/619 544/863/808
f 564/729/681 562/785/737 563/858/803 565/772/724
f 559/894/832 557/872/815 569/890/714 567/895/713
f 570/896/820 568/760/712 569/762/714 571/897/821
f 511/764/716 512/768/720 570/878/820 572/765/717
f 659/898/833 733/899/834 740/759/711 739/900/835
f 495/731/683 493/751/703 477/812/764 479/732/684
f 574/766/718 572/765/717 573/880/822 575/893/831
f 544/863/808 719/664/619 350/382/363 126/372/357
f 627/901/836 584/902/837 626/49/49 582/903/838
f 686/904/839 701/723/675 705/905/840 687/906/841
f 597/885/826 987/907/842 558/908/843 579/909/844
f 590/910/845 591/871/814 595/870/813 594/883/824
f 587/892/830 588/911/751 592/868/753 591/871/814
f 592/801/753 593/769/721 896/771/723 596/781/733
f 896/771/723 905/912/846 912/913/847 599/782/734
f 606/423/402 609/914/848 908/915/849 907/424/403
f 596/869/733 552/916/735 556/884/825 595/870/813
f 552/783/735 599/782/734 600/917/850 550/918/851
f 974/673/628 975/832/641 473/767/719 462/756/708
f 768/63/63 402/919/852 761/920/853 670/60/60
f 603/770/722 788/921/854 606/423/402 604/422/401
f 560/877/819 561/881/823 607/787/739 605/874/817
f 608/788/740 609/914/848 785/922/855 786/923/856
f 561/881/823 144/363/350 194/236/236 607/787/739
f 608/788/740 195/235/235 196/411/390 609/914/848
f 599/782/734 610/924/857 611/925/858 600/917/850
f 610/924/857 612/417/396 613/926/859 611/925/858
f 201/421/400 203/427/406 904/927/860 903/928/861
f 612/417/396 614/416/395 615/929/862 613/926/859
f 896/771/723 604/422/401 906/425/404 905/912/846
f 614/416/395 203/427/406 204/426/405 615/929/862
f 576/752/704 574/766/718 575/893/831 577/753/705
f 727/930/863 728/696/650 654/698/652 763/931/864
f 727/930/863 791/932/865 761/920/853 762/817/769
f 582/903/838 626/49/49 601/52/52 623/776/728
f 790/689/643 791/932/865 764/933/866 671/934/867
f 631/866/811 630/935/868 629/936/869 583/867/812
f 626/49/49 584/902/837 988/937/870 598/50/50
f 584/902/837 627/901/836 628/938/871 579/909/844
f 628/938/871 627/901/836 629/936/869 630/935/868
f 583/867/812 577/753/705 575/893/831 551/864/809
f 630/935/868 590/910/845 594/883/824 628/938/871
f 594/883/824 597/885/826 579/909/844 628/938/871
f 786/923/856 605/874/817 607/787/739 608/788/740
f 582/903/838 581/754/706 629/936/869 627/901/836
f 479/732/684 477/812/764 636/939/872 635/805/757
f 477/812/764 632/811/763 637/940/873 636/939/872
f 729/734/686 640/737/689 748/941/874 746/942/875
f 659/898/833 688/943/876 709/944/877 733/899/834
f 531/852/799 532/844/791 536/847/794 535/850/797
f 710/945/878 711/946/879 735/947/880 734/948/881
f 639/949/882 638/950/883 732/611/571 731/613/573
f 635/951/757 636/952/872 717/953/884 716/954/885
f 652/955/886 784/956/887 773/862/807 726/816/768
f 640/957/689 778/958/688 779/959/888 641/960/889
f 709/944/877 710/945/878 734/948/881 733/899/834
f 780/961/890 642/962/891 641/960/889 779/959/888
f 445/703/655 962/963/892 961/643/600 446/112/112
f 652/955/886 650/964/893 783/965/894 784/956/887
f 724/966/895 776/967/896 411/496/471 355/499/474
f 785/922/855 787/875/818 605/874/817 786/923/856
f 643/795/747 813/886/827 806/968/897 805/796/748
f 746/942/875 748/941/874 747/969/898 745/970/899
f 640/957/689 641/960/889 750/971/900 748/972/874
f 747/973/898 749/974/901 656/124/124 655/975/902
f 641/960/889 642/962/891 752/976/903 750/971/900
f 749/974/901 751/977/904 657/125/125 656/124/124
f 642/962/891 644/92/92 754/93/93 752/976/903
f 751/977/904 753/105/105 658/54/54 657/125/125
f 671/934/867 692/978/905 691/690/644 790/689/643
f 650/964/893 652/955/886 760/979/906 758/980/907
f 757/981/908 759/982/909 669/99/99 668/98/98
f 586/865/810 587/892/830 591/871/814 590/910/845
f 487/775/727 484/773/725 576/752/704 580/755/707
f 352/815/767 402/919/852 759/982/909 760/979/906
f 730/983/910 765/984/911 403/527/500 358/526/499
f 762/817/769 761/920/853 402/919/852 352/815/767
f 581/754/706 577/753/705 583/867/812 629/936/869
f 450/35/35 457/38/38 504/132/132 506/706/658
f 269/508/481 277/542/514 278/548/520 270/511/484
f 634/985/758 635/951/757 716/954/885 715/986/912
f 660/987/913 674/988/914 688/943/876 659/898/833
f 662/989/915 663/123/123 880/990/916 879/991/917
f 884/992/918 883/993/919 948/994/920 947/995/921
f 663/123/123 664/122/122 881/996/922 880/990/916
f 883/993/919 679/997/923 949/998/924 948/994/920
f 873/999/512 287/1000/925 289/561/530 872/560/513
f 673/1001/926 675/1002/927 883/993/919 884/992/918
f 881/1003/922 677/1004/928 675/1002/927 880/1005/916
f 681/1006/929 666/56/56 952/699/653 951/1007/930
f 275/1008/931 287/1000/925 873/999/512 874/1009/579
f 672/97/97 683/100/100 684/1010/743 682/1011/932
f 555/888/816 588/911/751 587/892/830 553/889/829
f 682/1012/932 684/791/743 685/790/742 680/1013/933
f 686/904/839 685/790/742 697/724/676 701/723/675
f 680/1013/933 685/790/742 686/904/839 678/1014/934
f 678/1014/934 686/904/839 687/906/841 676/1015/935
f 360/529/502 252/620/578 253/638/596 359/640/597
f 676/1015/935 687/906/841 688/943/876 674/988/914
f 636/952/872 637/1016/873 718/1017/936 717/953/884
f 585/1018/783 633/1019/771 714/1020/937 713/1021/938
f 655/975/902 656/124/124 663/123/123 662/989/915
f 633/1019/771 634/985/758 715/986/912 714/1020/937
f 484/773/725 487/775/727 482/726/678
f 442/101/101 445/703/655 865/702/654 470/102/102
f 689/62/62 690/61/61 694/1022/939 693/1023/744
f 690/61/61 691/690/644 695/1024/940 694/1022/939
f 691/690/644 692/978/905 696/1025/941 695/1024/940
f 693/792/744 694/1026/939 698/721/673 697/724/676
f 694/1026/939 695/1027/940 699/1028/942 698/721/673
f 695/1027/940 696/1029/941 700/1030/943 699/1028/942
f 699/1028/942 703/1031/944 702/722/674 698/721/673
f 700/1030/943 704/1032/945 703/1031/944 699/1028/942
f 702/722/674 706/1033/946 705/905/840 701/723/675
f 703/1031/944 707/1034/947 706/1033/946 702/722/674
f 704/1032/945 708/1035/948 707/1034/947 703/1031/944
f 705/905/840 706/1033/946 710/945/878 709/944/877
f 706/1033/946 707/1034/947 711/946/879 710/945/878
f 707/1034/947 708/1035/948 712/1036/949 711/946/879
f 946/1037/950 885/1038/951 884/992/918 947/995/921
f 526/842/787 585/1018/783 713/1021/938 527/843/790
f 527/843/790 713/1021/938 719/664/619 528/845/792
f 713/1021/938 714/1020/937 720/610/570 719/664/619
f 714/1020/937 715/986/912 721/607/567 720/610/570
f 715/986/912 716/954/885 722/1039/952 721/607/567
f 716/954/885 717/953/884 723/1040/953 722/1039/952
f 717/953/884 718/1017/936 724/966/895 723/1040/953
f 722/1039/952 353/614/574 725/608/568 721/607/567
f 346/604/564 725/608/568 353/614/574 347/605/565
f 723/1040/953 354/615/575 353/614/574 722/1039/952
f 724/966/895 355/499/474 354/615/575 723/1040/953
f 877/1041/586 737/1042/954 374/618/576 876/617/504
f 729/734/686 746/942/875 765/984/911 730/983/910
f 776/967/896 730/983/910 358/526/499 411/496/471
f 638/950/883 878/1043/955 877/628/586 732/611/571
f 885/1038/951 946/1037/950 945/632/590 886/631/589
f 660/987/913 659/898/833 739/900/835 738/1044/956
f 711/946/879 712/1036/949 736/1045/957 735/947/880
f 733/899/834 734/948/881 741/758/710 740/759/711
f 734/948/881 735/947/880 742/1046/958 741/758/710
f 735/947/880 736/1045/957 743/1047/959 742/1046/958
f 886/631/589 887/630/588 374/618/576 737/1042/954
f 739/900/835 740/759/711 377/197/197 376/633/591
f 742/1046/958 744/634/592 378/198/198 741/758/710
f 743/1047/959 379/635/593 744/634/592 742/1046/958
f 767/636/594 403/527/500 765/984/911 766/1048/960
f 360/529/502 359/640/597 361/612/572 362/530/503
f 766/1048/960 765/984/911 746/942/875 745/970/899
f 639/949/882 745/970/899 747/969/898 655/1049/902
f 750/971/900 749/974/901 747/973/898 748/972/874
f 752/976/903 751/977/904 749/974/901 750/971/900
f 754/93/93 753/105/105 751/977/904 752/976/903
f 760/979/906 759/982/909 757/981/908 758/980/907
f 796/718/670 795/829/781 770/747/699 809/745/697
f 731/613/573 361/612/572 767/636/594 766/1048/960
f 745/970/899 639/949/882 731/613/573 766/1048/960
f 590/910/845 630/935/868 631/866/811 586/865/810
f 252/620/578 276/656/511 268/639/480 253/638/596
f 760/979/906 652/955/886 726/816/768 352/815/767
f 688/943/876 687/906/841 705/905/840 709/944/877
f 47/410/389 96/312/308 95/316/312 31/407/386
f 442/101/101 963/707/659 962/963/892 445/703/655
f 23/40/40 927/126/126 926/82/82 22/81/81
f 454/672/627 973/674/629 972/24/24 453/23/23
f 684/1010/743 683/100/100 689/62/62 693/1023/744
f 47/410/389 983/409/388 982/78/78 32/77/77
f 391/71/71 933/665/620 932/652/609 260/72/72
f 620/813/765 813/886/827 643/795/747 619/662/617
f 644/92/92 642/962/891 780/961/890 781/131/131
f 878/1043/955 638/950/883 662/1050/915 879/1051/917
f 512/835/720 513/834/784 568/760/712 570/896/820
f 802/669/624 645/668/623 811/1052/961 803/1053/962
f 670/60/60 761/920/853 791/932/865 790/689/643
f 520/700/116 519/688/642 539/855/800 534/854/796
f 669/99/99 759/982/909 402/919/852 768/63/63
f 32/77/77 97/313/309 96/312/308 47/410/389
f 622/1054/963 616/1055/964 601/52/52 621/51/51
f 345/603/563 351/609/569 725/608/568 346/604/564
f 724/966/895 718/1017/936 777/735/687 776/967/896
f 718/1017/936 637/1016/873 778/736/688 777/735/687
f 637/940/873 632/811/763 779/959/888 778/958/688
f 632/811/763 491/750/702 780/961/890 779/959/888
f 491/750/702 504/132/132 781/131/131 780/961/890
f 546/861/806 130/354/344 134/515/488 547/514/487
f 45/687/431 985/1056/732 984/408/387 31/407/386
f 464/828/780 508/827/779 784/956/887 783/965/894
f 730/983/910 776/967/896 777/735/687 729/734/686
f 567/895/713 565/876/724 787/875/818 559/894/832
f 788/921/854 789/1057/965 787/875/818 785/922/855
f 603/770/722 602/887/828 789/1057/965 788/921/854
f 602/887/828 559/894/832 787/875/818 789/1057/965
f 785/922/855 609/914/848 606/423/402 788/921/854
f 762/817/769 653/693/647 728/696/650 727/930/863
f 763/931/864 764/933/866 791/932/865 727/930/863
f 784/956/887 508/827/779 806/968/897 773/862/807
f 617/774/726 616/1055/964 618/808/760 807/807/759
f 490/717/669 489/711/663 795/829/781 796/718/670
f 505/823/775 503/821/773 803/1053/962 804/793/745
f 508/827/779 507/825/777 805/796/748 806/968/897
f 476/710/662 478/715/667 793/1058/966 794/830/782
f 797/679/634 796/718/670 809/745/697 771/676/631
f 503/821/773 502/777/729 802/669/624 803/1053/962
f 489/711/663 476/710/662 794/830/782 795/829/781
f 482/726/678 487/775/727 792/1059/967 480/720/672
f 496/803/755 494/797/749 798/678/633 799/1060/968
f 498/809/761 496/803/755 799/1060/968 800/712/664
f 507/825/777 505/823/775 804/793/745 805/796/748
f 494/797/749 492/716/668 797/679/634 798/678/633
f 478/715/667 480/720/672 792/1059/967 793/1058/966
f 500/778/730 498/809/761 800/712/664 801/670/625
f 616/1055/964 622/1054/963 624/1061/969 618/808/760
f 836/1062/970 410/1063/971 868/660/615 869/659/614
f 798/678/633 646/677/632 772/1064/972 799/1060/968
f 794/830/782 793/1058/966 808/749/701 769/748/700
f 811/1052/961 810/794/746 804/793/745 803/1053/962
f 581/754/706 582/903/838 623/776/728 580/755/707
f 487/775/727 617/774/726 807/807/759 792/1059/967
f 646/677/632 771/676/631 774/713/665 772/1064/972
f 616/1055/964 617/774/726 623/776/728 601/52/52
f 867/746/698 839/1065/973 774/713/665 771/676/631
f 772/1064/972 774/713/665 800/712/664 799/1060/968
f 793/1058/966 792/1059/967 807/807/759 808/749/701
f 773/862/807 806/968/897 813/886/827 651/694/648
f 833/262/262 60/216/216 55/156/156 53/150/150
f 67/248/248 827/170/170 828/173/173 65/238/238
f 51/144/144 832/260/260 833/262/262 53/150/150
f 207/148/148 205/147/147 60/216/216 833/262/262
f 73/275/275 824/178/178 825/181/181 71/264/264
f 75/278/278 823/182/182 824/178/178 73/275/275
f 63/232/232 829/289/289 830/243/243 62/137/137
f 264/522/495 815/273/273 816/281/281 406/495/470
f 263/485/462 817/267/267 818/218/218 420/217/217
f 65/238/238 828/173/173 829/289/289 63/232/232
f 395/521/494 814/270/270 815/273/273 264/522/495
f 397/271/271 814/270/270 206/401/380 396/400/379
f 78/284/284 821/190/190 822/193/193 76/280/280
f 49/138/138 831/246/246 832/260/260 51/144/144
f 82/219/219 819/140/140 820/143/143 80/286/286
f 76/280/280 822/193/193 823/182/182 75/278/278
f 62/137/137 830/243/243 831/246/246 49/138/138
f 263/485/462 406/495/470 816/281/281 817/267/267
f 69/255/255 826/252/252 827/170/170 67/248/248
f 283/74/74 224/399/378 206/401/380 394/524/497
f 71/264/264 825/181/181 826/252/252 69/255/255
f 867/746/698 866/1066/974 834/1067/975 839/1065/973
f 410/1063/971 836/1062/970 839/1065/973 834/1067/975
f 837/739/691 840/738/690 618/808/760 624/1061/969
f 212/172/172 857/456/435 858/460/439 211/288/288
f 459/128/128 523/337/330 546/861/806 547/514/487
f 210/244/244 859/463/442 860/500/475 209/245/245
f 216/179/179 853/438/417 854/465/444 215/180/180
f 223/1068/976 863/146/146 862/149/149 225/434/413
f 421/269/269 847/428/407 848/431/410 221/141/141
f 208/261/261 861/432/411 862/149/149 207/148/148
f 217/183/183 852/435/414 853/438/417 216/179/179
f 397/271/271 843/439/418 844/442/421 266/272/272
f 219/191/191 850/443/422 851/446/425 218/192/192
f 220/142/142 849/447/426 850/443/422 219/191/191
f 221/141/141 848/431/410 849/447/426 220/142/142
f 421/269/269 265/268/268 846/449/428 847/428/407
f 215/180/180 854/465/444 855/650/607 214/253/253
f 398/440/419 843/439/418 842/451/430 399/459/438
f 213/171/171 856/453/432 857/456/435 212/172/172
f 209/245/245 860/500/475 861/432/411 208/261/261
f 223/1068/976 222/296/294 864/299/297 863/146/146
f 404/663/618 272/450/429 846/449/428 845/457/436
f 405/282/282 266/272/272 844/442/421 845/457/436
f 214/253/253 855/650/607 856/453/432 213/171/171
f 284/223/223 841/222/222 842/451/430 396/400/379
f 211/288/288 858/460/439 859/463/442 210/244/244
f 218/192/192 851/446/425 852/435/414 217/183/183
f 240/298/296 165/366/353 185/215/215 864/299/297
f 808/749/701 840/738/690 838/741/693 809/745/697
f 645/668/623 812/667/622 810/794/746 811/1052/961
f 838/741/693 835/740/692 866/1066/974 867/746/698
f 774/713/665 839/1065/973 836/1062/970 812/667/622
f 812/667/622 836/1062/970 869/659/614 810/794/746
f 810/794/746 869/659/614 619/662/617 643/795/747
f 638/950/883 639/949/882 655/1049/902 662/1050/915
f 270/511/484 278/548/520 279/107/107 271/110/110
f 874/1009/579 875/616/505 367/619/577 275/1008/931
f 943/623/581 944/629/587 375/1069/977 368/624/582
f 945/632/590 738/1044/956 375/1069/977 944/629/587
f 878/1070/955 661/1071/978 737/1042/954 877/1041/586
f 661/1071/978 878/1070/955 879/1072/917 673/1001/926
f 879/1072/917 880/1005/916 675/1002/927 673/1001/926
f 295/1073/528 937/1074/527 936/692/646 280/108/108
f 279/107/107 870/551/523 295/1073/528 280/108/108
f 885/1038/951 661/1071/978 673/1001/926 884/992/918
f 661/1071/978 885/1038/951 886/631/589 737/1042/954
f 367/619/577 374/618/576 887/630/588 888/622/580
f 887/630/588 944/629/587 943/623/581 888/622/580
f 275/1008/931 367/619/577 888/622/580 889/602/562
f 889/602/562 890/543/515 287/1000/925 275/1008/931
f 287/1000/925 890/543/515 891/546/518 289/561/530
f 289/561/530 891/546/518 892/550/522 291/552/524
f 291/552/524 892/550/522 293/559/529 882/553/525
f 892/550/522 939/549/521 938/556/526 293/559/529
f 950/1075/979 893/1076/980 681/1077/929 951/1078/930
f 893/1076/980 950/1075/979 949/998/924 679/997/923
f 665/57/57 894/1079/981 881/996/922 664/122/122
f 895/1080/982 677/1004/928 881/1003/922 894/1081/981
f 681/1077/929 893/1076/980 895/1080/982 894/1081/981
f 665/57/57 666/56/56 681/1006/929 894/1079/981
f 679/997/923 883/993/919 675/1002/927 677/1004/928
f 677/1004/928 895/1080/982 893/1076/980 679/997/923
f 898/1082/983 901/1083/984 902/1084/985 897/1085/986
f 897/1085/986 902/1084/985 903/928/861 899/412/391
f 899/412/391 903/928/861 904/927/860 900/413/392
f 905/912/846 906/425/404 909/1086/987 912/913/847
f 906/425/404 907/424/403 910/418/397 909/1086/987
f 907/424/403 908/915/849 911/419/398 910/418/397
f 908/915/849 900/413/392 904/927/860 911/419/398
f 199/415/394 201/421/400 903/928/861 902/1084/985
f 188/392/372 197/393/373 901/1083/984 898/1082/983
f 609/914/848 196/411/390 900/413/392 908/915/849
f 193/406/385 190/402/381 897/1085/986 899/412/391
f 203/427/406 614/416/395 911/419/398 904/927/860
f 612/417/396 610/924/857 909/1086/987 910/418/397
f 190/402/381 188/392/372 898/1082/983 897/1085/986
f 197/393/373 199/415/394 902/1084/985 901/1083/984
f 610/924/857 599/782/734 912/913/847 909/1086/987
f 914/53/53 28/151/151 29/157/157 913/492/467
f 915/47/47 2/145/145 28/151/151 914/53/53
f 916/46/46 5/139/139 2/145/145 915/47/47
f 917/11/11 6/136/136 5/139/139 916/46/46
f 918/10/10 9/231/231 6/136/136 917/11/11
f 919/22/22 10/237/237 9/231/231 918/10/10
f 920/21/21 13/247/247 10/237/237 919/22/22
f 921/64/64 14/254/254 13/247/247 920/21/21
f 922/90/90 16/263/263 14/254/254 921/64/64
f 923/89/89 17/274/274 16/263/263 922/90/90
f 924/691/645 20/277/277 17/274/274 923/89/89
f 925/83/83 21/279/279 20/277/277 924/691/645
f 926/82/82 24/283/283 21/279/279 925/83/83
f 927/126/126 25/285/285 24/283/283 926/82/82
f 928/96/96 37/287/287 25/285/285 927/126/126
f 929/95/95 419/483/460 37/287/287 928/96/96
f 930/649/606 261/484/461 419/483/460 929/95/95
f 930/649/606 931/653/610 407/494/469 261/484/461
f 932/652/609 262/519/492 407/494/469 931/653/610
f 933/665/620 393/520/493 262/519/492 932/652/609
f 393/520/493 933/665/620 934/134/134 392/523/496
f 935/133/133 282/75/75 392/523/496 934/134/134
f 286/76/76 282/75/75 935/133/133 936/692/646
f 937/1074/527 296/562/531 286/76/76 936/692/646
f 294/565/532 296/564/531 937/557/527 938/556/526
f 939/549/521 292/566/533 294/565/532 938/556/526
f 940/545/517 290/568/535 292/566/533 939/549/521
f 941/544/516 288/538/510 290/568/535 940/545/517
f 274/537/509 288/538/510 941/544/516 942/601/561
f 942/601/561 943/623/581 368/624/582 274/537/509
f 368/624/582 375/1069/977 376/633/591 369/380/361
f 739/900/835 376/633/591 375/1069/977 738/1044/956
f 946/1037/950 660/987/913 738/1044/956 945/632/590
f 660/987/913 946/1037/950 947/995/921 674/988/914
f 947/995/921 948/994/920 676/1015/935 674/988/914
f 948/994/920 949/998/924 678/1014/934 676/1015/935
f 950/1075/979 680/1013/933 678/1014/934 949/998/924
f 680/1013/933 950/1075/979 951/1078/930 682/1012/932
f 951/1007/930 952/699/653 672/97/97 682/1011/932
f 952/699/653 953/681/636 668/98/98 672/97/97
f 954/680/635 757/981/908 668/98/98 953/681/636
f 758/980/907 757/981/908 954/680/635 955/88/88
f 955/88/88 956/87/87 650/964/893 758/980/907
f 650/964/893 956/87/87 957/642/599 783/965/894
f 958/37/37 464/828/780 783/965/894 957/642/599
f 959/36/36 452/826/778 464/828/780 958/37/37
f 960/644/601 451/824/776 452/826/778 959/36/36
f 961/643/600 448/822/774 451/824/776 960/644/601
f 962/963/892 447/820/772 448/822/774 961/643/600
f 963/707/659 444/818/770 447/820/772 962/963/892
f 964/647/604 443/810/762 444/818/770 963/707/659
f 965/646/603 441/804/756 443/810/762 964/647/604
f 966/34/34 440/798/750 441/804/756 965/646/603
f 966/34/34 967/33/33 437/789/741 440/798/750
f 968/257/257 436/786/738 437/789/741 967/33/33
f 969/8/8 433/708/660 436/786/738 968/257/257
f 969/8/8 970/7/7 432/709/661 433/708/660
f 970/7/7 971/25/25 429/714/666 432/709/661
f 972/24/24 455/719/671 429/714/666 971/25/25
f 973/674/629 456/725/677 455/719/671 972/24/24
f 462/756/708 456/725/677 973/674/629 974/673/628
f 976/20/20 458/118/118 474/127/127 977/17/17
f 976/20/20 460/19/19 473/833/719 975/686/641
f 460/19/19 475/18/18 514/727/679 513/834/784
f 977/17/17 978/129/129 461/836/785 475/18/18
f 979/517/490 548/859/804 461/836/785 978/129/129
f 979/517/490 980/516/489 138/347/338 548/859/804
f 980/516/489 981/79/79 122/333/326 138/347/338
f 982/78/78 34/300/298 122/333/326 981/79/79
f 983/409/388 48/295/293 34/300/298 982/78/78
f 984/408/387 33/294/292 48/295/293 983/409/388
f 985/1056/732 46/292/291 33/294/292 984/408/387
f 985/780/732 986/493/468 35/195/195 46/291/291
f 913/492/467 29/157/157 35/195/195 986/493/468
f 344/375/359 350/382/363 351/609/569 345/603/563
f 988/937/870 584/902/837 579/909/844 558/908/843
f 987/907/842 597/885/826 556/884/825 554/1087/988
f 556/884/825 552/916/735 550/1088/851 554/1087/988
f 285/458/437 309/581/544 1018/1089/989 1017/1090/990
f 696/1025/941 692/978/905 1049/1091/991 1050/1092/992
f 267/441/420 398/440/419 1029/1093/993 1015/1094/994
f 398/440/419 399/459/438 1030/1095/995 1029/1093/993
f 230/455/434 231/454/433 1006/1096/996 1005/1097/997
f 648/697/651 625/814/766 1045/1098/998 1046/1099/999
f 422/429/408 272/450/429 1016/1100/1000 1033/1101/1001
f 399/459/438 285/458/437 1017/1090/990 1030/1095/995
f 692/978/905 671/934/867 1048/1102/1002 1049/1091/991
f 988/937/870 558/908/843 1036/1103/1003 1066/1104/1004
f 404/663/618 267/441/420 1015/1094/994 1031/1105/1005
f 182/297/295 222/296/294 998/1106/1006 992/1107/1007
f 329/596/556 333/599/559 1024/1108/1008 1023/1109/1009
f 231/454/433 232/651/608 1007/1110/1010 1006/1096/996
f 233/464/443 234/437/416 1009/1111/1011 1008/1112/1012
f 239/430/409 422/429/408 1033/1101/1001 1014/1113/1013
f 131/394/374 136/387/368 991/1114/1014 990/1115/1015
f 317/586/547 321/590/550 1021/1116/1016 1020/1117/1017
f 743/1047/959 736/1045/957 1055/1118/1018 1056/1119/1019
f 232/651/608 233/464/443 1008/1112/1012 1007/1110/1010
f 621/51/51 598/50/50 1037/1120/1020 1042/1121/1021
f 712/1036/949 708/1035/948 1053/1122/1022 1054/1123/1023
f 763/931/864 654/698/652 1047/1124/1024 1057/1125/1025
f 624/1061/969 622/1054/963 1043/1126/1026 1044/1127/1027
f 671/934/867 764/933/866 1058/1128/1028 1048/1102/1002
f 272/450/429 404/663/618 1031/1105/1005 1016/1100/1000
f 234/437/416 235/436/415 1010/1129/1029 1009/1111/1011
f 700/1030/943 696/1029/941 1050/1130/992 1051/1131/1030
f 764/933/866 763/931/864 1057/1125/1025 1058/1128/1028
f 600/917/850 611/925/858 1039/1132/1031 1038/1133/1032
f 866/1066/974 835/740/692 1061/1134/1033 1063/1135/1034
f 625/814/766 775/661/616 1059/1136/1035 1045/1098/998
f 136/387/368 182/297/295 992/1107/1007 991/1114/1014
f 379/635/593 743/1047/959 1056/1119/1019 1028/1137/1036
f 235/436/415 236/445/424 1011/1138/1037 1010/1129/1029
f 554/1087/988 550/1088/851 1034/1139/1038 1035/1140/1039
f 410/1063/971 834/1067/975 1060/1141/1040 1032/1142/1041
f 736/1045/957 712/1036/949 1054/1123/1023 1055/1118/1018
f 184/397/376 124/396/375 989/1143/1042 993/1144/1043
f 333/599/559 337/600/560 1025/1145/1044 1024/1108/1008
f 987/907/842 554/1087/988 1035/1140/1039 1065/1146/1045
f 236/445/424 237/444/423 1012/1147/1046 1011/1138/1037
f 834/1067/975 866/1066/974 1063/1135/1034 1060/1141/1040
f 366/625/583 373/627/585 1027/1148/1047 1026/1149/1048
f 775/661/616 868/660/615 1064/1150/1049 1059/1136/1035
f 321/590/550 325/593/553 1022/1151/1050 1021/1116/1016
f 200/414/393 198/398/377 994/1152/1051 995/1153/1052
f 198/398/377 184/397/376 993/1144/1043 994/1152/1051
f 237/444/423 238/448/427 1013/1154/1053 1012/1147/1046
f 337/600/560 366/625/583 1026/1149/1048 1025/1145/1044
f 309/581/544 313/580/543 1019/1155/1054 1018/1089/989
f 223/1068/976 225/434/413 1000/1156/1055 999/1157/1056
f 238/448/427 239/430/409 1014/1113/1013 1013/1154/1053
f 202/420/399 200/414/393 995/1153/1052 996/1158/1057
f 704/1032/945 700/1030/943 1051/1131/1030 1052/1159/1058
f 868/660/615 410/1063/971 1032/1142/1041 1064/1150/1049
f 835/740/692 837/739/691 1062/1160/1059 1061/1134/1033
f 225/434/413 226/433/412 1001/1161/1060 1000/1156/1055
f 611/925/858 613/926/859 1040/1162/1061 1039/1132/1031
f 598/50/50 988/937/870 1066/1104/1004 1037/1120/1020
f 226/433/412 227/501/476 1002/1163/1062 1001/1161/1060
f 654/698/652 648/697/651 1046/1099/999 1047/1124/1024
f 837/739/691 624/1061/969 1044/1127/1027 1062/1160/1059
f 204/426/405 202/420/399 996/1158/1057 997/1164/1063
f 325/593/553 329/596/556 1023/1109/1009 1022/1151/1050
f 550/918/851 600/917/850 1038/1133/1032 1034/1165/1038
f 227/501/476 228/462/441 1003/1166/1064 1002/1163/1062
f 558/908/843 987/907/842 1065/1146/1045 1036/1103/1003
f 124/395/375 131/394/374 990/1115/1015 989/1167/1042
f 222/296/294 223/1068/976 999/1157/1056 998/1106/1006
f 613/926/859 615/929/862 1041/1168/1065 1040/1162/1061
f 622/1054/963 621/51/51 1042/1121/1021 1043/1126/1026
f 313/587/543 317/586/547 1020/1117/1017 1019/1169/1054
f 615/929/862 204/426/405 997/1164/1063 1041/1168/1065
f 228/462/441 229/461/440 1004/1170/1066 1003/1166/1064
f 373/627/585 379/635/593 1028/1137/1036 1027/1148/1047
f 708/1035/948 704/1032/945 1052/1159/1058 1053/1122/1022
f 229/461/440 230/455/434 1005/1097/997 1004/1170/1066
f 1066/1171/1004 1036/1172/1003 1114/1173/1067 1144/1174/1068
f 1019/1175/1054 1020/1176/1017 1098/1177/1069 1097/1178/1070
f 989/1179/1042 990/1180/1015 1068/1181/1071 1067/1182/1072
f 1050/1183/992 1049/1184/991 1127/1185/1073 1128/1186/1074
f 1020/1176/1017 1021/1187/1016 1099/1188/1075 1098/1177/1069
f 990/1180/1015 991/1189/1014 1069/1190/1076 1068/1181/1071
f 1051/1191/1030 1050/1192/992 1128/1193/1074 1129/1194/1077
f 1021/1187/1016 1022/1195/1050 1100/1196/1078 1099/1188/1075
f 993/1197/1043 989/1198/1042 1067/1199/1072 1071/1200/1079
f 1052/1201/1058 1051/1191/1030 1129/1194/1077 1130/1202/1080
f 1022/1195/1050 1023/1203/1009 1101/1204/1081 1100/1196/1078
f 994/1205/1051 993/1197/1043 1071/1200/1079 1072/1206/1082
f 1053/1207/1022 1052/1201/1058 1130/1202/1080 1131/1208/1083
f 1023/1203/1009 1024/1209/1008 1102/1210/1084 1101/1204/1081
f 995/1211/1052 994/1205/1051 1072/1206/1082 1073/1212/1085
f 1054/1213/1023 1053/1207/1022 1131/1208/1083 1132/1214/1086
f 1024/1209/1008 1025/1215/1044 1103/1216/1087 1102/1210/1084
f 996/1217/1057 995/1211/1052 1073/1212/1085 1074/1218/1088
f 1055/1219/1018 1054/1213/1023 1132/1214/1086 1133/1220/1089
f 1025/1215/1044 1026/1221/1048 1104/1222/1090 1103/1216/1087
f 997/1223/1063 996/1217/1057 1074/1218/1088 1075/1224/1091
f 1056/1225/1019 1055/1219/1018 1133/1220/1089 1134/1226/1092
f 1026/1221/1048 1027/1227/1047 1105/1228/1093 1104/1222/1090
f 998/1229/1006 999/1230/1056 1077/1231/1094 1076/1232/1095
f 1058/1233/1028 1057/1234/1025 1135/1235/1096 1136/1236/1097
f 1027/1227/1047 1028/1237/1036 1106/1238/1098 1105/1228/1093
f 999/1230/1056 1000/1239/1055 1078/1240/1099 1077/1231/1094
f 1057/1234/1025 1047/1241/1024 1125/1242/1100 1135/1235/1096
f 1029/1243/993 1030/1244/995 1108/1245/1101 1107/1246/1102
f 1000/1239/1055 1001/1247/1060 1079/1248/1103 1078/1240/1099
f 1048/1249/1002 1058/1233/1028 1136/1236/1097 1126/1250/1104
f 1015/1251/994 1029/1243/993 1107/1246/1102 1093/1252/1105
f 1001/1247/1060 1002/1253/1062 1080/1254/1106 1079/1248/1103
f 1047/1241/1024 1046/1255/999 1124/1256/1107 1125/1242/1100
f 1030/1244/995 1017/1257/990 1095/1258/1108 1108/1245/1101
f 1002/1253/1062 1003/1259/1064 1081/1260/1109 1080/1254/1106
f 1049/1184/991 1048/1249/1002 1126/1250/1104 1127/1185/1073
f 1016/1261/1000 1031/1262/1005 1109/1263/1110 1094/1264/1111
f 1003/1259/1064 1004/1265/1066 1082/1266/1112 1081/1260/1109
f 1042/1267/1021 1037/1268/1020 1115/1269/1113 1120/1270/1114
f 1017/1257/990 1018/1271/989 1096/1272/1115 1095/1258/1108
f 1004/1265/1066 1005/1273/997 1083/1274/1116 1082/1266/1112
f 1046/1255/999 1045/1275/998 1123/1276/1117 1124/1256/1107
f 992/1277/1007 998/1229/1006 1076/1232/1095 1070/1278/1118
f 1005/1273/997 1006/1279/996 1084/1280/1119 1083/1274/1116
f 1041/1281/1065 997/1223/1063 1075/1224/1091 1119/1282/1120
f 1033/1283/1001 1016/1261/1000 1094/1264/1111 1111/1284/1121
f 1006/1279/996 1007/1285/1010 1085/1286/1122 1084/1280/1119
f 1028/1237/1036 1056/1225/1019 1134/1226/1092 1106/1238/1098
f 1059/1287/1035 1064/1288/1049 1142/1289/1123 1137/1290/1124
f 1007/1285/1010 1008/1291/1012 1086/1292/1125 1085/1286/1122
f 1032/1293/1041 1060/1294/1040 1138/1295/1126 1110/1296/1127
f 1063/1297/1034 1061/1298/1033 1139/1299/1128 1141/1300/1129
f 1009/1301/1011 1010/1302/1029 1088/1303/1130 1087/1304/1131
f 1060/1294/1040 1063/1297/1034 1141/1300/1129 1138/1295/1126
f 1036/1172/1003 1065/1305/1045 1143/1306/1132 1114/1173/1067
f 1010/1302/1029 1011/1307/1037 1089/1308/1133 1088/1303/1130
f 1061/1298/1033 1062/1309/1059 1140/1310/1134 1139/1299/1128
f 1037/1268/1020 1066/1171/1004 1144/1174/1068 1115/1269/1113
f 1011/1307/1037 1012/1311/1046 1090/1312/1135 1089/1308/1133
f 1062/1309/1059 1044/1313/1027 1122/1314/1136 1140/1310/1134
f 1034/1315/1038 1038/1316/1032 1116/1317/1137 1112/1318/1138
f 1012/1311/1046 1013/1319/1053 1091/1320/1139 1090/1312/1135
f 1064/1288/1049 1032/1293/1041 1110/1296/1127 1142/1289/1123
f 1039/1321/1031 1040/1322/1061 1118/1323/1140 1117/1324/1141
f 1013/1319/1053 1014/1325/1013 1092/1326/1142 1091/1320/1139
f 1035/1327/1039 1034/1328/1038 1112/1329/1138 1113/1330/1143
f 1040/1322/1061 1041/1281/1065 1119/1282/1120 1118/1323/1140
f 991/1189/1014 992/1277/1007 1070/1278/1118 1069/1190/1076
f 1038/1316/1032 1039/1321/1031 1117/1324/1141 1116/1317/1137
f 1043/1331/1026 1042/1267/1021 1120/1270/1114 1121/1332/1144
f 1031/1262/1005 1015/1251/994 1093/1252/1105 1109/1263/1110
f 1065/1305/1045 1035/1327/1039 1113/1330/1143 1143/1306/1132
f 1044/1313/1027 1043/1331/1026 1121/1332/1144 1122/1314/1136
f 1014/1325/1013 1033/1283/1001 1111/1284/1121 1092/1326/1142
f 1045/1275/998 1059/1287/1035 1137/1290/1124 1123/1276/1117
f 1018/1271/989 1019/1333/1054 1097/1334/1070 1096/1272/1115
f 1008/1291/1012 1009/1301/1011 1087/1304/1131 1086/1292/1125
f 1145/1335/1145 1151/1336/1146 1156/1337/1147 1150/1338/1148
f 1146/1339/1149 1152/1340/1150 1151/1336/1146 1145/1335/1145
f 1147/1341/1151 1153/1342/1152 1152/1340/1150 1146/1339/1149
f 1148/1343/1153 1154/1344/1154 1153/1342/1152 1147/1341/1151
f 1149/1345/1155 1155/1346/1156 1154/1347/1154 1148/1348/1153
f 1150/1338/1148 1156/1337/1147 1155/1346/1156 1149/1345/1155
f 1213/1349/1157 1215/1350/1158 1211/1351/1159 1212/1352/1160
f 1217/1353/1161 1216/1354/1162 1157/1355/1163 1210/1356/1164
f 1157/1355/1163 1159/1357/1165 1164/1358/1166 1210/1356/1164
f 1212/1352/1160 1160/1359/1167 1159/1357/1165 1157/1355/1163
f 1211/1351/1159 1161/1360/1168 1160/1359/1167 1212/1352/1160
f 1183/1361/1169 1162/1362/1170 1161/1363/1168 1211/1364/1159
f 1158/1365/1171 1163/1366/1172 1162/1362/1170 1183/1361/1169
f 1210/1356/1164 1164/1358/1166 1163/1366/1172 1158/1365/1171
f 1159/1357/1165 1165/1367/1173 1170/1368/1174 1164/1358/1166
f 1160/1359/1167 1166/1369/1175 1165/1367/1173 1159/1357/1165
f 1161/1360/1168 1167/1370/1176 1166/1369/1175 1160/1359/1167
f 1162/1362/1170 1168/1371/1177 1167/1372/1176 1161/1363/1168
f 1163/1366/1172 1169/1373/1178 1168/1371/1177 1162/1362/1170
f 1164/1358/1166 1170/1368/1174 1169/1373/1178 1163/1366/1172
f 1171/1374/1179 1177/1375/1180 1182/1376/1181 1176/1377/1182
f 1172/1378/1183 1178/1379/1184 1177/1375/1180 1171/1374/1179
f 1173/1380/1185 1179/1381/1186 1178/1382/1184 1172/1383/1183
f 1174/1384/1187 1180/1385/1188 1179/1381/1186 1173/1380/1185
f 1175/1386/1189 1181/1387/1190 1180/1385/1188 1174/1384/1187
f 1176/1377/1182 1182/1376/1181 1181/1387/1190 1175/1386/1189
f 1210/1356/1164 1208/1388/1191 1214/1389/1192
f 1218/1390/1193 1183/1361/1169 1211/1364/1159 1219/1391/1194
f 1220/1392/1195 1158/1365/1171 1183/1361/1169 1218/1390/1193
f 1184/1393/1196 1190/1394/1197 1195/1395/1198 1189/1396/1199
f 1185/1397/1200 1191/1398/1201 1190/1394/1197 1184/1393/1196
f 1186/1399/1202 1192/1400/1203 1191/1401/1201 1185/1402/1200
f 1187/1403/1204 1193/1404/1205 1192/1400/1203 1186/1399/1202
f 1188/1405/1206 1194/1406/1207 1193/1404/1205 1187/1403/1204
f 1189/1396/1199 1195/1395/1198 1194/1406/1207 1188/1405/1206
f 1201/1407/1208 1273/1408/1209 1269/1409/1210 1200/1410/1211
f 1190/1411/1197 1196/1412/1212 1201/1413/1208 1195/1414/1198
f 1191/1415/1201 1197/1416/1213 1196/1412/1212 1190/1411/1197
f 1192/1417/1203 1198/1418/1214 1197/1419/1213 1191/1420/1201
f 1193/1421/1205 1199/1422/1215 1198/1418/1214 1192/1417/1203
f 1194/1423/1207 1200/1424/1211 1199/1422/1215 1193/1421/1205
f 1274/1425/1216 6931/1426/1217 6932/1427/1218 1273/1408/1209
f 1272/1428/1219 6933/1429/1220 6931/1426/1217 1274/1425/1216
f 1271/1430/1221 6934/1431/1222 6933/1432/1220 1272/1433/1219
f 1270/1434/1223 6935/1435/1224 6934/1431/1222 1271/1430/1221
f 1269/1409/1210 6936/1436/1225 6935/1435/1224 1270/1434/1223
f 1273/1408/1209 6932/1427/1218 6936/1436/1225 1269/1409/1210
f 1208/1388/1191 1210/1356/1164 1158/1365/1171 1220/1392/1195
f 1216/1354/1162 1213/1349/1157 1212/1352/1160 1157/1355/1163
f 1219/1437/1194 1211/1438/1159 1209/1439/1226
f 1153/1440/1152 1154/1441/1154 1209/1442/1226 1215/1443/1158
f 1154/1444/1154 1155/1445/1156 1214/1446/1192 1209/1447/1226
f 1151/1448/1146 1152/1449/1150 1213/1450/1157 1216/1451/1162
f 1155/1445/1156 1156/1452/1147 1217/1453/1161 1214/1446/1192
f 1156/1452/1147 1151/1448/1146 1216/1451/1162 1217/1453/1161
f 1152/1449/1150 1153/1440/1152 1215/1443/1158 1213/1450/1157
f 1214/1389/1192 1217/1353/1161 1210/1356/1164
f 1178/1454/1184 1209/1455/1226 1214/1456/1192 1177/1457/1180
f 1179/1458/1186 1219/1459/1194 1209/1460/1226 1178/1461/1184
f 1182/1462/1181 1208/1463/1191 1220/1464/1195 1181/1465/1190
f 1181/1465/1190 1220/1464/1195 1218/1466/1193 1180/1467/1188
f 1180/1467/1188 1218/1466/1193 1219/1459/1194 1179/1458/1186
f 1177/1457/1180 1214/1456/1192 1208/1463/1191 1182/1462/1181
f 1211/1468/1159 1215/1469/1158 1209/1470/1226
f 6954/1471/1227 6959/1472/1228 6960/1473/1228 6953/1474/1227
f 6945/1475/1229 6944/1476/1229 6957/1477/1230 6956/1478/1230
f 1228/1479/1231 1221/1480/1231 1225/1481/1231 1230/1482/1231
f 6942/1483/1232 6947/1484/1233 6948/1485/1233 6941/1486/1232
f 6938/1487/1234 6939/1488/1234 6940/1489/1235 6937/1490/1235
f 6937/1490/1235 6940/1489/1235 6942/1483/1232 6941/1486/1232
f 6944/1476/1229 6945/1475/1229 6946/1491/1236 6943/1492/1236
f 6943/1492/1236 6946/1491/1236 6948/1485/1233 6947/1484/1233
f 6950/1493/1237 6951/1494/1237 6952/1495/1238 6949/1496/1238
f 6949/1496/1238 6952/1495/1238 6954/1471/1227 6953/1474/1227
f 6956/1497/1230 6957/1498/1230 6958/1499/1239 6955/1500/1239
f 6955/1500/1239 6958/1499/1239 6960/1473/1228 6959/1472/1228
f 6939/1488/1234 6938/1487/1234 6951/1494/1237 6950/1493/1237
f 1222/1501/1231 1224/1502/1231 1226/1503/1231 1223/1504/1231
f 1223/1504/1231 1226/1503/1231 1225/1481/1231 1221/1480/1231
f 1229/1505/1231 1232/1506/1231 1231/1507/1231 1227/1508/1231
f 1228/1479/1231 1230/1482/1231 1232/1506/1231 1229/1505/1231
f 1240/1509/1240 1242/1510/1240 1244/1511/1240 1241/1512/1240
f 1241/1512/1240 1244/1511/1240 1243/1513/1240 1239/1514/1240
f 1235/1515/1240 1238/1516/1240 1237/1517/1240 1233/1518/1240
f 1234/1519/1240 1236/1520/1240 1238/1516/1240 1235/1515/1240
f 1239/1514/1240 1243/1513/1240 1236/1520/1240 1234/1519/1240
f 6978/1521/1227 6983/1522/1228 6984/1523/1228 6977/1524/1227
f 6969/1525/1229 6968/1526/1229 6981/1527/1230 6980/1528/1230
f 1252/1529/1231 1245/1530/1231 1249/1531/1231 1254/1532/1231
f 6966/1533/1232 6971/1534/1233 6972/1535/1233 6965/1536/1232
f 6962/1537/1234 6963/1538/1234 6964/1539/1235 6961/1540/1235
f 6961/1540/1235 6964/1539/1235 6966/1533/1232 6965/1536/1232
f 6968/1526/1229 6969/1525/1229 6970/1541/1236 6967/1542/1236
f 6967/1542/1236 6970/1541/1236 6972/1535/1233 6971/1534/1233
f 6974/1543/1237 6975/1544/1237 6976/1545/1238 6973/1546/1238
f 6973/1546/1238 6976/1545/1238 6978/1521/1227 6977/1524/1227
f 6980/1547/1230 6981/1548/1230 6982/1549/1239 6979/1550/1239
f 6979/1550/1239 6982/1549/1239 6984/1523/1228 6983/1522/1228
f 6963/1538/1234 6962/1537/1234 6975/1544/1237 6974/1543/1237
f 1246/1551/1231 1248/1552/1231 1250/1553/1231 1247/1554/1231
f 1247/1554/1231 1250/1553/1231 1249/1531/1231 1245/1530/1231
f 1253/1555/1231 1256/1556/1231 1255/1557/1231 1251/1558/1231
f 1252/1529/1231 1254/1532/1231 1256/1556/1231 1253/1555/1231
f 1264/1559/1240 1266/1560/1240 1268/1561/1240 1265/1562/1240
f 1265/1562/1240 1268/1561/1240 1267/1563/1240 1263/1564/1240
f 1259/1565/1240 1262/1566/1240 1261/1567/1240 1257/1568/1240
f 1258/1569/1240 1260/1570/1240 1262/1566/1240 1259/1565/1240
f 1263/1564/1240 1267/1563/1240 1260/1570/1240 1258/1569/1240
f 1196/1571/1212 1274/1425/1216 1273/1408/1209 1201/1407/1208
f 1197/1572/1213 1272/1428/1219 1274/1425/1216 1196/1571/1212
f 1198/1573/1214 1271/1430/1221 1272/1433/1219 1197/1574/1213
f 1199/1575/1215 1270/1434/1223 1271/1430/1221 1198/1573/1214
f 1200/1410/1211 1269/1409/1210 1270/1434/1223 1199/1575/1215
f 1195/1414/1198 1201/1413/1208 1200/1424/1211 1194/1423/1207
f 1207/1576/1240 1202/1577/1240 6985/1578/1240 6986/1579/1240
f 1205/1580/1240 1206/1581/1240 6990/1582/1240 6989/1583/1240
f 1204/1584/1240 1205/1580/1240 6989/1583/1240 6988/1585/1240
f 1203/1586/1240 1204/1584/1240 6988/1585/1240 6987/1587/1240
f 1202/1577/1240 1203/1586/1240 6987/1587/1240 6985/1578/1240
f 1206/1581/1240 1207/1576/1240 6986/1579/1240 6990/1582/1240
f 1275/1588/1241 1276/1589/1242 1282/1590/1242 1281/1591/1241
f 1278/1592/1243 1279/1593/1244 1285/1594/1244 1284/1595/1243
f 1276/1596/1242 1277/1597/1245 1283/1598/1245 1282/1599/1242
f 1280/1600/1246 1275/1588/1241 1281/1591/1241 1286/1601/1246
f 1279/1593/1244 1280/1600/1246 1286/1601/1246 1285/1594/1244
f 1277/1597/1245 1278/1592/1243 1284/1595/1243 1283/1598/1245
f 1293/1602/1247 6997/1603/1248 6998/1604/1249 1292/1605/1250
f 1291/1606/1251 6993/1607/1252 6994/1608/1253 1295/1609/1254
f 1294/1610/1255 1290/1611/1256 6995/1612/1257 6996/1613/1258
f 6994/1608/1253 6997/1603/1248 1293/1602/1247 1295/1609/1254
f 1289/1614/1259 1294/1610/1255 6996/1613/1258 1342/1615/1260
f 1342/1615/1260 7046/1616/1261 1353/1617/1262 1289/1614/1259
f 1290/1611/1256 1292/1605/1250 6998/1604/1249 6995/1612/1257
f 7034/1618/1263 7003/1619/1264 1315/1620/1265 7044/1621/1266
f 7111/1622/1267 7121/1623/1268 7126/1624/1268 1401/1625/1269
f 7011/1626/1270 7046/1616/1261 7031/1627/1271
s 0
f 1322/1628/1272 7104/1629/1272 7075/1630/1272 7006/1631/1272
f 7008/1632/1268 1348/1633/1268 1580/1634/1268 7038/1635/1268
s 1
f 1333/1636/1273 7054/1637/1268 7052/1638/1268 7042/1639/1274
f 1353/1617/1262 7046/1616/1261 1324/1640/1275 1325/1641/1276
f 7013/1642/1277 7030/1643/1278 1318/1644/1279 7017/1645/1277
f 7015/1646/1280 7012/1647/1280 7016/1648/1280 7018/1649/1280
f 1319/1650/1281 1341/1651/1282 1302/1652/1283
f 7026/1653/1284 7029/1654/1284 7019/1655/1285 1306/1656/1285
f 1301/1657/1286 1317/1658/1287 1303/1659/1288 1312/1660/1289
f 1316/1661/1290 7033/1662/1291 1305/1663/1292 1307/1664/1292
f 1403/1665/1293 7118/1666/1294 7120/1667/1294 1402/1668/1295
f 1320/1669/1296 7037/1670/1297 7023/1671/1298 7036/1672/1299
f 1335/1673/1268 7112/1674/1268 1404/1675/1268 1336/1676/1268
f 7048/1677/1300 1343/1678/1301 1345/1679/1301 7045/1680/1302
f 7027/1681/1303 7028/1682/1303 7029/1683/1284 7026/1684/1284
f 1341/1651/1282 1319/1650/1281 1318/1685/1279 7030/1686/1278
f 1317/1658/1287 1301/1657/1286 7033/1687/1291 1316/1688/1290
f 7105/1689/1304 1323/1690/1304 1287/1691/1305 1354/1692/1305
f 7035/1693/1306 1321/1694/1307 1320/1669/1296 7036/1672/1299
f 1326/1695/1308 1339/1696/1309 7004/1697/1310 7039/1698/1310
f 6999/1699/1311 7002/1700/1312 7040/1701/1313 7000/1702/1313
f 7047/1703/1314 1329/1704/1315 1302/1652/1283
f 1302/1652/1283 1341/1651/1282 7047/1703/1314
f 1300/1705/1316 1331/1706/1317 1302/1652/1283 1297/1707/1318
f 7044/1621/1266 7025/1708/1319 1311/1709/1320 7034/1618/1263
f 1312/1660/1289 1303/1659/1288 7020/1710/1321 7024/1711/1322
f 7021/1712/1323 7032/1713/1323 6991/1714/1324 1332/1715/1324
f 7024/1711/1322 7020/1710/1321 7048/1677/1300 7045/1680/1302
f 1296/1716/1325 1331/1706/1317 1298/1717/1326
f 1332/1718/1324 6991/1719/1324 6992/1720/1324 1310/1721/1324
f 7041/1722/1327 1337/1723/1328 1333/1636/1273 7042/1639/1274
f 7023/1671/1298 7037/1670/1297 1338/1724/1329 7022/1725/1330
f 1323/1690/1304 7105/1689/1304 7104/1726/1331 1322/1727/1331
f 1311/1709/1320 7025/1708/1319 1337/1723/1328 7041/1722/1327
f 1315/1728/1265 7003/1729/1264 7002/1700/1312 7014/1730/1312
f 1340/1731/1332 7007/1732/1333 7009/1733/1334 7010/1734/1334
f 7014/1730/1312 7002/1700/1312 6999/1699/1311 1304/1735/1312
f 1339/1736/1309 1326/1737/1308 1321/1738/1307 7035/1739/1306
f 1288/1740/1268 1313/1741/1268 1304/1735/1312 6999/1699/1311
f 7028/1682/1303 7027/1681/1303 7032/1742/1323 7021/1743/1323
f 7030/1686/1278 1330/1744/1335 7047/1703/1314 1341/1651/1282
f 1329/1704/1315 1297/1707/1318 1302/1652/1283
f 1309/1745/1336 1296/1716/1325 7056/1746/1337
f 1298/1717/1326 1331/1706/1317 1300/1705/1316 1299/1747/1338
f 1309/1745/1336 7056/1746/1337 1578/1748/1339 1314/1749/1339
f 1310/1750/1324 6992/1751/1324 7053/1752/1268 7055/1753/1268
f 1309/1745/1336 1331/1706/1317 1296/1716/1325
f 7011/1626/1270 1324/1640/1275 7046/1616/1261
f 7007/1754/1333 1340/1755/1332 7001/1756/1340 7058/1757/1340
f 1347/1758/1341 1327/1759/1341 7005/1760/1341 7059/1761/1341
s 0
f 1348/1762/1268 1349/1763/1268 7188/1764/1268 7193/1765/1268
s 1
f 1352/1766/1342 7270/1767/1342 7057/1768/1342 7265/1769/1342
f 6993/1607/1252 1291/1606/1251 1577/1770/1343 1308/1771/1343
f 1360/1772/1344 1359/1773/1345 7067/1774/1346 7066/1775/1347
f 1358/1776/1348 1362/1777/1349 7063/1778/1350 7062/1779/1351
f 1361/1780/1352 7065/1781/1353 7064/1782/1354 1357/1783/1355
f 7063/1778/1350 1362/1777/1349 1360/1772/1344 7066/1775/1347
f 1356/1784/1356 1410/1785/1357 7065/1781/1353 1361/1780/1352
f 1410/1785/1357 1356/1784/1356 1420/1786/1358 7115/1787/1359
f 1357/1783/1355 7064/1782/1354 7067/1774/1346 1359/1773/1345
f 7103/1788/1360 7113/1789/1361 1382/1790/1362 7072/1791/1363
f 7080/1792/1364 7100/1793/1365 7115/1787/1359
s 0
f 7077/1794/1268 7107/1795/1268 1581/1796/1268 1416/1797/1268
s 1
f 7050/1798/1268 7119/1799/1268 7112/1674/1268 1335/1673/1268
f 1420/1786/1358 1392/1800/1366 1391/1801/1367 7115/1787/1359
f 7082/1802/1368 7086/1803/1368 1385/1804/1369 7099/1805/1370
f 7084/1806/1280 7087/1807/1280 7085/1808/1280 7081/1809/1280
f 1386/1810/1371 1369/1811/1372 1409/1812/1373
f 7095/1813/1284 1373/1814/1285 7088/1815/1285 7098/1816/1284
f 1368/1817/1374 1379/1818/1375 1370/1819/1376 1384/1820/1377
f 1383/1821/1378 1374/1822/1379 1372/1823/1379 7102/1824/1380
f 1387/1825/1381 1390/1826/1382 7092/1827/1383 7106/1828/1384
f 7114/1829/1385 1413/1830/1386 1411/1831/1386 7117/1832/1387
f 7096/1833/1303 7095/1834/1284 7098/1835/1284 7097/1836/1303
f 1409/1812/1373 7099/1837/1370 1385/1838/1369 1386/1810/1371
f 1384/1820/1377 1383/1839/1378 7102/1840/1380 1368/1817/1374
f 1389/1841/1388 1390/1826/1382 1387/1825/1381 1388/1842/1389
s 0
f 7006/1631/1268 7075/1630/1268 7073/1843/1268 1328/1844/1268
s 1
f 1393/1845/1390 7108/1846/1391 7074/1847/1391 1407/1848/1392
f 7068/1849/1393 7069/1850/1313 7109/1851/1313 7071/1852/1394
f 7116/1853/1395 1369/1811/1372 1396/1854/1396
f 1369/1811/1372 7116/1853/1395 1409/1812/1373
f 1367/1855/1397 1364/1856/1398 1369/1811/1372 1399/1857/1399
f 7113/1789/1361 7103/1788/1360 1378/1858/1400 7094/1859/1401
f 1379/1818/1375 7093/1860/1402 7089/1861/1403 1370/1819/1376
f 7090/1862/1323 1400/1863/1324 7060/1864/1324 7101/1865/1323
f 7093/1860/1402 7114/1829/1385 7117/1832/1387 7089/1861/1403
f 1363/1866/1404 1365/1867/1405 1399/1857/1399
f 1400/1863/1324 1377/1868/1324 7061/1869/1324 7060/1864/1324
f 7110/1870/1406 7111/1622/1267 1401/1625/1269 1405/1871/1407
f 1338/1872/1329 1334/1873/1408 7043/1874/1409 7022/1875/1330
f 7092/1827/1383 7091/1876/1410 1406/1877/1411 7106/1828/1384
f 1378/1858/1400 7110/1870/1406 1405/1871/1407 7094/1859/1401
f 1382/1878/1362 7083/1879/1394 7071/1852/1394 7072/1880/1363
f 1408/1881/1412 7079/1882/1413 7078/1883/1413 7076/1884/1414
f 7083/1879/1394 1371/1885/1394 7068/1849/1393 7071/1852/1394
f 1407/1886/1392 1389/1887/1388 1388/1888/1389 1393/1889/1390
f 1355/1890/1268 7068/1849/1393 1371/1885/1394 1380/1891/1268
f 7097/1836/1303 7090/1862/1323 7101/1865/1323 7096/1833/1303
f 7099/1837/1370 1409/1812/1373 7116/1853/1395 1398/1892/1415
f 1396/1854/1396 1369/1811/1372 1364/1856/1398
f 1376/1893/1416 7123/1894/1417 1363/1866/1404
f 1365/1867/1405 1366/1895/1418 1367/1855/1397 1399/1857/1399
f 1376/1893/1416 7122/1896/1419 7125/1897/1419 7123/1894/1417
f 1377/1868/1324 7127/1898/1268 1381/1899/1268 7061/1869/1324
f 1376/1893/1416 1363/1866/1404 1399/1857/1399
f 7080/1792/1364 7115/1787/1359 1391/1801/1367
f 7076/1900/1414 7128/1901/1420 7070/1902/1420 1408/1903/1412
f 1415/1904/1341 7129/1905/1341 1395/1906/1341 1394/1907/1341
s 0
f 1416/1908/1268 7236/1909/1268 7231/1910/1268 1417/1911/1268
s 1
f 7073/1843/1268 1417/1911/1268 7253/1912/1268 7263/1913/1268
f 7137/1914/1421 7154/1915/1422 7155/1916/1422 7131/1917/1421
f 7062/1779/1351 7124/1918/1423 1576/1919/1423 1358/1776/1348
f 1336/1676/1268 1404/1675/1268 1354/1692/1305 1287/1691/1305
f 7253/1912/1268 1417/1911/1268 7231/1910/1268
f 1328/1844/1268 7268/1920/1268 7211/1921/1268 1349/1763/1268
f 7131/1917/1421 7130/1922/1424 7136/1923/1424 7137/1914/1421
f 1433/1924/1425 1442/1925/1426 7134/1926/1427 1421/1927/1428
f 1455/1928/1429 1454/1929/1430 1451/1930/1431 1450/1931/1432
f 1449/1932/1433 1452/1933/1434 1439/1934/1435 1438/1935/1436
f 1397/1936/1437 1419/1937/1437 7266/1938/1437 1375/1939/1437
f 1424/1940/1438 1423/1941/1439 1437/1942/1440 1440/1943/1441
f 1421/1927/1428 7134/1926/1427 1430/1944/1442 1432/1945/1443
f 1422/1946/1444 7132/1947/1445 7145/1948/1446 1436/1949/1447
f 1453/1950/1448 1456/1951/1449 1443/1952/1450 7142/1953/1451
f 1431/1954/1452 1429/1955/1453 7132/1947/1445 1422/1946/1444
f 7151/1956/1454 7152/1957/1455 1441/1958/1456 1434/1959/1457
f 1435/1960/1458 7144/1961/1459 7149/1962/1460 7146/1963/1461
f 7143/1964/1462 1444/1965/1463 1426/1966/1464 1425/1967/1465
f 7136/1923/1424 7130/1922/1424 7139/1968/1466 7140/1969/1467
f 7156/1970/1468 7135/1971/1469 1428/1972/1470 1464/1973/1471
f 7133/1974/1472 7157/1975/1473 1463/1976/1474 1427/1977/1475
f 1425/1967/1465 1426/1966/1464 1428/1972/1470 7135/1971/1469
f 7133/1974/1472 1427/1977/1475 1423/1941/1439 1424/1940/1438
f 1431/1954/1452 1467/1978/1476 1465/1979/1477 1429/1955/1453
f 1468/1980/1478 1432/1945/1443 1430/1944/1442 1466/1981/1479
f 7139/1968/1466 7138/1982/1480 7141/1983/1481 7140/1969/1467
f 1443/1952/1450 1444/1965/1463 7143/1964/1462 7142/1953/1451
f 7145/1948/1446 7144/1961/1459 1435/1960/1458 1436/1949/1447
f 1439/1934/1435 1440/1943/1441 1437/1942/1440 1438/1935/1436
f 1441/1958/1456 1442/1925/1426 1433/1924/1425 1434/1959/1457
f 7147/1984/1482 7148/1985/1483 7153/1986/1484 7150/1987/1485
f 7147/1984/1482 7146/1963/1461 7149/1962/1460 7148/1985/1483
f 7151/1956/1454 7150/1988/1485 7153/1989/1484 7152/1957/1455
f 1449/1932/1433 1450/1931/1432 1451/1930/1431 1452/1933/1434
f 1455/1990/1429 1456/1951/1449 1453/1950/1448 1454/1991/1430
f 1447/1992/1268 1446/1993/1268 1445/1994/1268 1448/1995/1268
f 7155/1916/1422 7154/1915/1422 7161/1996/1486 7158/1997/1486
f 1469/1998/1487 1457/1999/1488 7160/2000/1489 1478/2001/1490
f 1491/2002/1491 1486/2003/1492 1487/2004/1493 1490/2005/1494
f 1485/2006/1495 1474/2007/1496 1475/2008/1497 1488/2009/1498
f 1460/2010/1499 1476/2011/1500 1473/2012/1501 1459/2013/1502
f 1457/1999/1488 1468/1980/1478 1466/1981/1479 7160/2000/1489
f 1458/2014/1503 1472/2015/1504 7169/2016/1505 7159/2017/1506
f 1489/2018/1507 7166/2019/1508 1479/2020/1509 1492/2021/1510
f 1467/1978/1476 1458/2014/1503 7159/2017/1506 1465/1979/1477
f 7175/2022/1511 1470/2023/1512 1477/2024/1513 7176/2025/1514
f 1471/2026/1515 7170/2027/1516 7173/2028/1517 7168/2029/1518
f 7167/2030/1519 1461/2031/1520 1462/2032/1521 1480/2033/1522
f 7161/1996/1486 7164/2034/1523 7163/2035/1524 7158/1997/1486
f 1461/2031/1520 7156/1970/1468 1464/1973/1471 1462/2032/1521
f 7157/1975/1473 1460/2010/1499 1459/2013/1502 1463/1976/1474
f 7163/2035/1524 7164/2034/1523 7165/2036/1525 7162/2037/1526
f 1479/2020/1509 7166/2019/1508 7167/2030/1519 1480/2033/1522
f 7169/2016/1505 1472/2015/1504 1471/2026/1515 7168/2029/1518
f 1475/2008/1497 1474/2007/1496 1473/2012/1501 1476/2011/1500
f 1477/2024/1513 1470/2023/1512 1469/1998/1487 1478/2001/1490
f 7171/2038/1527 7174/2039/1528 7177/2040/1529 7172/2041/1530
f 7171/2038/1527 7172/2041/1530 7173/2028/1517 7170/2027/1516
f 7175/2022/1511 7176/2025/1514 7177/2042/1529 7174/2043/1528
f 1485/2006/1495 1488/2009/1498 1487/2004/1493 1486/2003/1492
f 1491/2044/1491 1490/2045/1494 1489/2018/1507 1492/2021/1510
f 1483/2046/1268 1484/2047/1268 1481/2048/1268 1482/2049/1268
f 7051/2050/1531 1414/2051/1531 1412/2052/1531 7049/2053/1531
f 1403/1665/1293 1402/1668/1295 1406/2054/1411 7091/2055/1410
f 1494/2056/1532 7205/2057/1533 1505/2058/1534 1498/2059/1535
f 7178/2060/1536 7179/2061/1536 7180/2062/1537 7183/2063/1538
f 7190/2064/1539 7192/2065/1539 1499/2066/1540 1506/2067/1541
f 1508/2068/1542 7186/2069/1240 7184/2070/1543
f 1502/2071/1544 1495/2072/1545 1496/2073/1546 1503/2074/1547
f 7180/2062/1537 7181/2075/1548 7182/2076/1549 7183/2063/1538
f 1503/2074/1547 1496/2073/1546 1497/2077/1550 1504/2078/1551
f 1506/2067/1541 1499/2066/1540 1500/2079/1552 1507/2080/1553
f 1507/2080/1553 1500/2079/1552 1495/2072/1545 1502/2071/1544
f 7182/2076/1549 7181/2075/1548 1518/2081/1554 7191/2082/1555
f 1498/2059/1535 1505/2058/1534 1504/2078/1551 1497/2077/1550
f 1501/2083/1556 1511/2084/1557 1521/2085/1557 1351/2086/1558
f 7193/1765/1268 7188/1764/1268 7187/2087/1268
f 1560/2088/1559 1519/2089/1559 1525/2090/1560 1566/2091/1560
f 1501/2083/1556 1351/2086/1558 1513/2092/1561 1512/2093/1561
f 7185/2094/1124 1510/2095/1124 7189/2096/1124 7218/2097/1124
f 1532/2098/1268 7220/2099/1562 7208/2100/1562 1531/2101/1268
f 7197/2102/1124 7199/2103/1124 7200/2104/1124 7195/2105/1124
f 1522/2106/1536 1516/2107/1563 7203/2108/1564
f 7203/2108/1564 7213/2109/1536 7210/2110/1536 1522/2106/1536
f 7220/2099/1562 7215/2111/1562 7209/2112/1562 7208/2100/1562
f 1515/2113/1124 1523/2114/1124 7206/2115/1124 7207/2116/1124
f 7215/2111/1562 1526/2117/1268 7269/2118/1268 7209/2112/1562
f 1523/2114/1124 7267/2119/1124 7216/2120/1124 7206/2115/1124
f 7204/2121/1565 7205/2057/1533 7184/2070/1543
f 1494/2056/1532 1508/2068/1542 7184/2070/1543 7205/2057/1533
f 1515/2113/1124 7207/2116/1124 7199/2103/1124 7197/2102/1124
f 1517/2122/1536 7202/2123/1536 7191/2082/1555 7198/2124/1566
f 7196/2125/1268 1532/2098/1268 1531/2101/1268 7194/2126/1268
f 1579/2127/1240 7264/2128/1240 7259/2129/1240 7217/2130/1240
f 1524/2131/1268 1530/2132/1268 7219/2133/1268 7214/2134/1268
f 1518/2081/1554 7203/2108/1564 1516/2107/1563
f 7258/2135/1268 1566/2091/1560 1525/2090/1560 1528/2136/1268
f 7191/2082/1555 1518/2081/1554 1516/2107/1563 7198/2124/1566
f 1555/2137/1231 1514/2138/1231 7201/2139/1231 7244/2140/1231
f 7243/2141/1268 1520/2142/1268 1533/2143/1567 7242/2144/1567
f 7263/2145/1268 7253/2146/1268 7257/2147/1562 7252/2148/1562
f 1534/2149/1568 1538/2150/1569 1545/2151/1570 7248/2152/1571
f 7221/2153/1124 7226/2154/1572 7223/2155/1573 7222/2156/1124
f 7233/2157/1574 1546/2158/1575 1539/2159/1576 7235/2160/1574
f 1548/2161/1577 7227/2162/1578 7229/2163/1240
f 1542/2164/1579 1543/2165/1580 1536/2166/1581 1535/2167/1582
f 7223/2155/1573 7226/2154/1572 7225/2168/1583 7224/2169/1584
f 1543/2165/1580 1544/2170/1585 1537/2171/1586 1536/2166/1581
f 1546/2158/1575 1547/2172/1587 1540/2173/1588 1539/2159/1576
f 1547/2172/1587 1542/2164/1579 1535/2167/1582 1540/2173/1588
f 7225/2168/1583 7234/2174/1589 1559/2175/1590 7224/2169/1584
f 1538/2150/1569 1537/2171/1586 1544/2170/1585 1545/2151/1570
f 1541/2176/1591 1552/2177/1592 7245/2178/1593 1551/2179/1593
f 7236/1909/1268 7230/2180/1268 7231/1910/1268
f 1541/2176/1591 1553/2181/1594 1554/2182/1594 1552/2177/1592
f 7228/2183/1536 7260/2184/1536 7232/2185/1536 1550/2186/1536
f 1573/2187/1268 1572/2188/1268 7251/2189/1562 7262/2190/1562
f 7240/2191/1536 7238/2192/1536 1561/2193/1536 1574/2194/1536
f 1563/2195/1124 7246/2196/1595 1557/2197/1596
f 7246/2196/1595 1563/2195/1124 7254/2198/1124 7255/2199/1124
f 7262/2190/1562 7251/2189/1562 7252/2148/1562 7257/2147/1562
f 1556/2200/1536 7250/2201/1536 7249/2202/1536 1564/2203/1536
f 1527/2204/1240 1529/2205/1240 1509/2206/1240 7212/2207/1240
f 1564/2203/1536 7249/2202/1536 1569/2208/1536 1575/2209/1536
f 7247/2210/1597 7227/2162/1578 7248/2152/1571
f 1534/2149/1568 7248/2152/1571 7227/2162/1578 1548/2161/1577
f 1556/2200/1536 7240/2191/1536 1574/2194/1536 7250/2201/1536
f 1558/2211/1124 7241/2212/1598 7234/2174/1589 1562/2213/1124
f 7239/2214/1268 7237/2215/1268 1572/2188/1268 1573/2187/1268
f 1565/2216/1268 7256/2217/1268 7261/2218/1268 1571/2219/1268
f 1559/2175/1590 1557/2197/1596 7246/2196/1595
f 7234/2174/1589 7241/2212/1598 1557/2197/1596 1559/2175/1590
f 1568/2220/1240 1567/2221/1240 1549/2222/1240 1570/2223/1240
f 7242/2144/1567 1533/2143/1567 1519/2089/1559 1560/2088/1559
f 1334/1873/1408 1346/2224/1599 1344/2225/1599 7043/1874/1409
f 1349/1763/1268 7211/1921/1268 7188/1764/1268
s 0
f 7268/1920/1268 1328/1844/1268 7073/1843/1268 7263/1913/1268
f 7075/2226/1600 7006/2227/1600 1582/2228/1600 1583/2229/1600
f 1580/2230/1268 1348/1762/1268 7193/1765/1268
f 1416/1908/1268 1581/2231/1268 7236/1909/1268
f 7273/2232/1536 7271/2233/1536 7275/2234/1536 7277/2235/1536
f 1591/2236/1600 7290/2237/1600 7286/2238/1600 1589/2239/1600
f 7278/2240/1601 1591/2236/1601 1589/2239/1601 7274/2241/1601
f 1585/2242/1231 7279/2243/1231 7281/2244/1231 7272/2245/1231
f 1584/2246/1602 1588/2247/1602 1590/2248/1602 7276/2249/1602
f 1586/2250/1240 7282/2251/1240 7280/2252/1240 1587/2253/1240
f 7285/2254/1124 7289/2255/1124 7287/2256/1124 7283/2257/1124
f 7279/2243/1231 1593/2258/1231 7284/2259/1231 7281/2244/1231
f 1588/2247/1268 1592/2260/1268 7288/2261/1268 1590/2248/1268
f 7282/2251/1240 1594/2262/1240 1595/2263/1240 7280/2252/1240
s 1
f 7291/2264/1603 7294/2265/1603 7293/2266/1604 7292/2267/1604
f 7297/2268/1231 7299/2269/1231 7301/2270/1231 7295/2271/1231
f 7292/2267/1604 7293/2266/1604 7296/2272/1268 1600/2273/1268
f 1598/2274/1231 7295/2271/1231 7301/2270/1231 1596/2275/1231
f 1600/2273/1268 7296/2272/1268 7298/2276/1605 1602/2277/1605
f 1597/2278/1240 7302/2279/1240 1601/2280/1240 1599/2281/1240
f 1602/2277/1605 7298/2276/1605 7300/2282/1606 1604/2283/1606
f 1605/2284/1240 1603/2285/1240 1601/2280/1240 7302/2279/1240
f 1604/2283/1606 7300/2282/1606 1607/2286/1600 1606/2287/1600
f 1606/2288/1600 1607/2289/1600 7294/2265/1603 7291/2264/1603
f 7339/2290/1607 1614/2291/1608 1611/2292/1609 7340/2293/1610
f 1620/2294/1611 1623/2295/1612 1618/2296/1613 1617/2297/1614
f 1623/2298/1612 7342/2299/1608 1663/2300/1609 1618/2301/1613
f 7319/2302/1615 7318/2303/1616 1649/2304/1617 1648/2305/1618
f 1620/2306/1611 7348/2307/1619 7344/2308/1620 1621/2309/1621
f 7303/2310/1622 7304/2311/1623 7328/2312/1624 7331/2313/1625
f 7344/2308/1620 7343/2314/1626 1622/2315/1627 1621/2309/1621
f 7348/2307/1619 1620/2306/1611 1617/2316/1614 7349/2317/1628
f 7336/2318/1624 7335/2319/1625 1610/2320/1622 1609/2321/1623
f 1613/2322/1619 1675/2323/1629 1666/2324/1630 1608/2325/1628
f 1632/2326/1631 1626/2327/1631 1625/2328/1632 1635/2329/1632
f 1635/2330/1632 1625/2331/1632 1624/2332/1633 1634/2333/1633
f 1634/2333/1633 1624/2332/1633 1629/2334/1634 1631/2335/1634
f 1633/2336/1635 1627/2337/1635 1626/2327/1631 1632/2326/1631
f 1631/2335/1634 1629/2334/1634 1628/2338/1636 1630/2339/1636
f 1630/2339/1636 1628/2338/1636 1627/2337/1635 1633/2336/1635
f 7308/2340/1637 7307/2341/1638 1636/2342/1639 1637/2343/1640
f 7310/2344/1641 7309/2345/1642 7320/2346/1643 7321/2347/1644
f 7316/2348/1645 7308/2340/1637 1637/2343/1640 7322/2349/1646
f 7317/2350/1647 7316/2351/1645 7322/2352/1646 7323/2353/1648
f 7305/2354/1649 7310/2344/1641 7321/2347/1644 7324/2355/1650
f 7309/2345/1642 7317/2350/1647 7323/2353/1648 7320/2346/1643
f 7307/2341/1638 7306/2356/1651 7325/2357/1652 1636/2342/1639
f 7306/2356/1651 7305/2354/1649 7324/2355/1650 7325/2357/1652
f 1642/2358/1653 1641/2359/1654 1647/2360/1655 1646/2361/1656
f 1643/2362/1657 7319/2302/1615 1648/2305/1618 1645/2363/1658
f 1640/2364/1659 1643/2365/1657 1645/2366/1658 1644/2367/1660
f 1638/2368/1661 1642/2358/1653 1646/2361/1656 1651/2369/1662
f 1641/2359/1654 1640/2364/1659 1644/2367/1660 1647/2360/1655
f 7318/2303/1616 1639/2370/1663 1650/2371/1664 1649/2304/1617
f 1639/2370/1663 1638/2368/1661 1651/2369/1662 1650/2371/1664
f 1646/2372/1656 1647/2373/1655 1644/2374/1660 1645/2375/1658
f 1623/2295/1612 1620/2294/1611 1621/2376/1621 1622/2377/1627
f 1617/2297/1614 1618/2296/1613 1619/2378/1665 1616/2379/1666
f 7340/2380/1610 1611/2381/1609 1610/2320/1622 7335/2319/1625
f 1608/2325/1628 1666/2324/1630 7336/2318/1624 1609/2321/1623
f 7342/2299/1608 1623/2298/1612 1622/2315/1627 7343/2314/1626
f 1675/2323/1629 1613/2322/1619 1612/2382/1620 1673/2383/1667
f 1612/2382/1620 1615/2384/1626 7346/2385/1668 1673/2383/1667
f 7349/2317/1628 1617/2316/1614 1616/2386/1666 7337/2387/1623
f 1616/2386/1666 1619/2388/1665 7338/2389/1622 7337/2387/1623
f 1614/2291/1608 7339/2290/1607 7346/2385/1668 1615/2384/1626
f 1674/2390/1669 1667/2391/1670 7327/2392/1670 7326/2393/1669
f 7341/2394/1671 1670/2395/1672 1655/2396/1672 1652/2397/1671
f 1672/2398/1673 1674/2390/1669 7326/2393/1669 1678/2399/1673
f 1660/2400/1674 7341/2394/1671 1652/2397/1671 1659/2401/1674
f 7347/2402/1675 7345/2403/1676 1679/2404/1676 7311/2405/1675
f 1662/2406/1677 1661/2407/1678 1658/2408/1678 1653/2409/1677
f 1671/2410/1679 1662/2406/1677 1653/2409/1677 1654/2411/1679
f 1664/2412/1680 7350/2413/1681 7315/2414/1681 1657/2415/1680
f 1618/2416/1613 1663/2417/1609 7338/2389/1622 1619/2388/1665
f 7314/2418/1608 7334/2419/1609 7333/2420/1610 7332/2421/1607
f 7329/2422/1668 7330/2423/1667 7312/2424/1620 7313/2425/1626
f 1681/2426/1619 7312/2424/1620 7330/2423/1667 1680/2427/1629
f 7332/2421/1607 7329/2422/1668 7313/2425/1626 7314/2418/1608
f 1683/2428/1630 7328/2312/1624 7304/2311/1623 1682/2429/1628
f 7334/2430/1609 7303/2310/1622 7331/2313/1625 7333/2431/1610
f 1680/2427/1629 1683/2428/1630 1682/2429/1628 1681/2426/1619
f 1670/2395/1672 1669/2432/1682 1677/2433/1682 1655/2396/1672
f 7350/2413/1681 7347/2402/1675 7311/2405/1675 7315/2414/1681
f 1661/2407/1678 1664/2412/1680 1657/2415/1680 1658/2408/1678
f 1668/2434/1683 1671/2410/1679 1654/2411/1679 1676/2435/1683
f 1669/2432/1682 1672/2398/1673 1678/2399/1673 1677/2433/1682
f 1665/2436/1684 1660/2400/1674 1659/2401/1674 1656/2437/1684
f 1667/2391/1670 1665/2436/1684 1656/2437/1684 7327/2392/1670
f 7345/2403/1676 1668/2434/1683 1676/2435/1683 1679/2404/1676
f 1645/2375/1658 1648/2438/1618 1651/2439/1662 1646/2372/1656
f 1651/2439/1662 1648/2438/1618 1649/2440/1617 1650/2441/1664
f 1689/2442/1685 1695/2443/1686 1693/2444/1687
f 7362/2445/1688 7365/2446/1688 7356/2447/1688 7358/2448/1688
f 7359/2449/1231 1694/2450/1231 1688/2451/1231 1686/2452/1231
f 7361/2453/1240 7352/2454/1240 7353/2455/1240 7363/2456/1240
f 1692/2457/1689 7364/2458/1690 1697/2459/1691
f 1700/2460/1692 1691/2461/1693 7351/2462/1694 1689/2442/1685
f 1695/2443/1686 7357/2463/1695 7355/2464/1696 1693/2444/1687
f 7360/2465/1697 1698/2466/1698 1693/2444/1687 7355/2464/1696
f 1690/2467/1699 1699/2468/1700 1687/2469/1701 1696/2470/1701
f 1691/2461/1693 1700/2460/1692 1698/2466/1698 7360/2465/1697
f 7354/2471/1702 1697/2459/1691 1701/2472/1703
f 1690/2467/1699 1684/2473/1704 1699/2468/1700
f 7357/2463/1695 1695/2443/1686 1689/2442/1685 7351/2462/1694
f 7354/2471/1702 1701/2472/1703 1685/2474/1705
f 7354/2471/1702 1692/2457/1689 1697/2459/1691
f 1700/2460/1692 1689/2442/1685 1693/2444/1687 1698/2466/1698
s 0
f 1702/2475/1240 1703/2476/1240 1705/2477/1240 1704/2478/1240
f 1707/2479/1231 1709/2480/1231 1708/2481/1231 1706/2482/1231
f 1702/2483/1268 1707/2484/1268 1706/2485/1268 1703/2486/1268
f 1705/2487/1124 1703/2488/1124 1714/2489/1124 1716/2490/1124
f 1705/2491/1600 1708/2492/1600 1709/2493/1600 1704/2494/1600
f 1704/2495/1706 1709/2496/1706 1707/2497/1706 1702/2498/1706
f 1710/2499/1240 1711/2500/1240 1713/2501/1240 1712/2502/1240
f 1715/2503/1231 1717/2504/1231 1716/2505/1231 1714/2506/1231
f 1710/2507/1268 1715/2508/1268 1714/2509/1268 1711/2510/1268
f 1708/2511/1536 1713/2512/1536 1711/2513/1536 1706/2514/1536
f 1713/2515/1600 1716/2516/1600 1717/2517/1600 1712/2518/1600
f 1712/2519/1706 1717/2520/1706 1715/2521/1706 1710/2522/1706
f 1703/2486/1268 1706/2485/1268 1711/2510/1268 1714/2509/1268
s 1
f 1718/2523/1707 1720/2524/1708 1719/2525/1709 7382/2526/1710
f 1735/2527/1711 7373/2528/1712 7369/2529/1712 7367/2530/1713
f 7384/2531/1714 7382/2526/1710 1719/2525/1709 1725/2532/1715
f 1718/2523/1707 7375/2533/1716 7374/2534/1717 1720/2524/1708
f 7413/2535/1718 7408/2536/1719 7412/2537/1719 7400/2538/1720
f 1764/2539/1721 7406/2540/1722 1755/2541/1723
f 1733/2542/1724 7366/2543/1725 7368/2544/1726 7381/2545/1727
f 1735/2527/1711 7367/2530/1713 7366/2543/1725 1733/2542/1724
f 1729/2546/1728 7374/2534/1717 7383/2547/1729 1730/2548/1730
f 1725/2532/1715 7371/2549/1731 7372/2550/1731 7384/2531/1714
f 1738/2551/1732 7396/2552/1733 1740/2553/1734 1741/2554/1735
f 1752/2555/1736 7388/2556/1737 7391/2557/1738 7395/2558/1738
f 7397/2559/1739 1748/2560/1740 1740/2553/1734 7396/2552/1733
f 7386/2561/1741 7385/2562/1742 7389/2563/1743 7390/2564/1744
f 1739/2565/1745 1738/2551/1732 1741/2554/1735 1742/2566/1746
f 1750/2567/1747 7386/2561/1741 7390/2564/1744 7387/2568/1748
f 1752/2555/1736 1750/2567/1747 7387/2568/1748 7388/2556/1737
f 7410/2569/1749 7417/2570/1750 7421/2571/1751 7409/2572/1749
f 1748/2560/1740 7397/2559/1739 7394/2573/1752 7393/2574/1752
f 1774/2575/1753 7411/2576/1754 7415/2577/1755 1777/2578/1756
f 1753/2579/1757 7414/2580/1758 1754/2581/1759 1755/2541/1723
f 1770/2582/1760 7399/2583/1761 7401/2584/1762 7405/2585/1762
f 7416/2586/1763 1760/2587/1764 1754/2581/1759 7414/2580/1758
f 7380/2588/1765 1723/2589/1766 1758/2590/1767 1767/2591/1768
f 1768/2592/1769 7413/2535/1718 7400/2538/1720 7398/2593/1770
f 1770/2582/1760 1768/2592/1769 7398/2593/1770 7399/2583/1761
f 1729/2546/1728 1720/2524/1708 7374/2534/1717
f 1755/2541/1723 7406/2540/1722 7407/2594/1771 1753/2579/1757
f 1764/2595/1721 1765/2596/1772 7415/2597/1755 7406/2598/1722
f 1760/2587/1764 7416/2586/1763 7404/2599/1773 7403/2600/1773
f 1773/2601/1774 1776/2602/1775 1775/2603/1776 7428/2604/1777
f 1787/2605/1778 7427/2606/1779 7423/2607/1779 7420/2608/1780
f 7429/2609/1781 7428/2604/1777 1775/2603/1776 1783/2610/1782
f 7418/2611/1783 7422/2612/1784 7421/2571/1751 7417/2570/1750
f 1774/2575/1753 1777/2578/1756 1776/2602/1775 1773/2601/1774
f 1785/2613/1785 7419/2614/1786 7422/2612/1784 7418/2611/1783
f 1787/2605/1778 7420/2608/1780 7419/2614/1786 1785/2613/1785
f 1746/2615/1787 7377/2616/1788 1766/2617/1789 1781/2618/1790
f 1765/2619/1772 1777/2578/1756 7415/2577/1755
f 1783/2610/1782 7425/2620/1791 7426/2621/1791 7429/2609/1781
f 1721/2622/1792 1722/2623/1793 1757/2624/1794 1756/2625/1795
f 1742/2566/1746 1730/2548/1730 7383/2547/1729
f 1723/2589/1766 1721/2622/1792 1756/2625/1795 1758/2590/1767
f 1722/2623/1793 7370/2626/1796 7402/2627/1796 1757/2624/1794
f 1734/2628/1797 1726/2629/1798 1761/2630/1798 1769/2631/1799
f 1736/2632/1800 7376/2633/1124 1762/2634/1124 1771/2635/1801
f 7377/2616/1788 7378/2636/1536 1763/2637/1536 1766/2617/1789
f 7376/2638/1124 7380/2588/1765 1767/2591/1768 1762/2639/1124
f 1739/2565/1745 1742/2566/1746 7383/2547/1729 7379/2640/1802
f 7368/2544/1726 1732/2641/1803 1727/2642/1803 7381/2545/1727
f 7378/2643/1536 1737/2644/1804 1772/2645/1805 1763/2646/1536
f 1737/2647/1804 1736/2632/1800 1771/2635/1801 1772/2648/1805
f 1724/2649/1806 1734/2628/1797 1769/2631/1799 1759/2650/1806
f 1744/2651/1807 1743/2652/1808 1778/2653/1809 1779/2654/1810
f 1745/2655/1811 1746/2615/1787 1781/2618/1790 1780/2656/1812
f 1743/2652/1808 1745/2655/1811 1780/2656/1812 1778/2653/1809
f 7392/2657/1813 1744/2651/1807 1779/2654/1810 7424/2658/1813
f 1749/2659/1814 1751/2660/1815 1786/2661/1816 1784/2662/1814
f 1731/2663/1817 7389/2563/1743 7385/2562/1742 1728/2664/1817
f 1751/2665/1815 1747/2666/1818 1782/2667/1818 1786/2668/1816
f 7432/2669/1819 7433/2670/1820 1795/2671/1821 1791/2672/1822
f 1802/2673/1823 1788/2674/1824 1791/2672/1822 1795/2671/1821
f 1788/2674/1824 1799/2675/1825 1790/2676/1826 1791/2672/1822
f 1797/2677/1827 1789/2678/1828 1803/2679/1829 1800/2680/1830
f 1800/2680/1830 1803/2679/1829 1790/2676/1826 1799/2675/1825
f 7434/2681/1831 7435/2682/1832 1790/2676/1826 1803/2679/1829
f 7431/2683/1833 1789/2678/1828 1793/2684/1834 7430/2685/1835
f 1798/2686/1836 1793/2684/1834 1789/2678/1828 1797/2677/1827
f 1803/2679/1829 1789/2678/1828 7431/2683/1833 7434/2681/1831
f 1790/2676/1826 7435/2682/1832 7432/2669/1819 1791/2672/1822
f 7437/2687/1837 1809/2688/1838 1811/2689/1839 7438/2690/1840
f 1817/2691/1841 1811/2689/1839 1809/2688/1838 1806/2692/1842
f 1808/2693/1843 1814/2694/1844 1806/2692/1842 1809/2688/1838
f 1813/2695/1845 1815/2696/1846 1818/2697/1847 1807/2698/1848
f 1815/2696/1846 1814/2694/1844 1808/2693/1843 1818/2697/1847
f 7439/2699/1849 1818/2697/1847 1808/2693/1843 7440/2700/1850
f 7436/2701/1851 7430/2685/1835 1793/2684/1834 1807/2698/1848
f 1798/2686/1836 1813/2695/1845 1807/2698/1848 1793/2684/1834
f 1818/2697/1847 7439/2699/1849 7436/2701/1851 1807/2698/1848
f 1808/2693/1843 1809/2688/1838 7437/2687/1837 7440/2700/1850
f 7443/2702/1852 1824/2703/1853 1828/2704/1854 7444/2705/1855
f 1835/2706/1856 1828/2704/1854 1824/2703/1853 1821/2707/1857
f 1821/2707/1857 1824/2703/1853 1823/2708/1858 1832/2709/1859
f 1830/2710/1860 1833/2711/1861 1836/2712/1862 1822/2713/1863
f 1833/2711/1861 1832/2709/1859 1823/2708/1858 1836/2712/1862
f 7445/2714/1864 1836/2712/1862 1823/2708/1858 7446/2715/1865
f 7442/2716/1866 7441/2717/1867 1826/2718/1868 1822/2713/1863
f 1831/2719/1869 1830/2710/1860 1822/2713/1863 1826/2718/1868
f 1836/2712/1862 7445/2714/1864 7442/2716/1866 1822/2713/1863
f 1823/2708/1858 1824/2703/1853 7443/2702/1852 7446/2715/1865
f 7448/2720/1870 7449/2721/1871 1844/2722/1872 1842/2723/1873
f 1850/2724/1874 1839/2725/1875 1842/2723/1873 1844/2722/1872
f 1841/2726/1876 1842/2723/1873 1839/2725/1875 1847/2727/1877
f 1846/2728/1878 1840/2729/1879 1851/2730/1880 1848/2731/1881
f 1848/2731/1881 1851/2730/1880 1841/2726/1876 1847/2727/1877
f 7450/2732/1882 7451/2733/1883 1841/2726/1876 1851/2730/1880
f 7447/2734/1884 1840/2729/1879 1826/2718/1868 7441/2717/1867
f 1831/2719/1869 1826/2718/1868 1840/2729/1879 1846/2728/1878
f 1851/2730/1880 1840/2729/1879 7447/2734/1884 7450/2732/1882
f 1841/2726/1876 7451/2733/1883 7448/2720/1870 1842/2723/1873
f 1801/2735/1885 1792/2736/1886 1825/2737/1886 1834/2738/1887
f 1796/2739/1888 1794/2740/1889 1827/2741/1890 1829/2742/1888
f 1804/2743/1891 1801/2735/1885 1834/2738/1887 1837/2744/1892
f 1794/2740/1889 1805/2745/1893 1838/2746/1894 1827/2741/1890
f 1805/2745/1893 1804/2743/1891 1837/2744/1892 1838/2746/1894
f 1792/2736/1886 1816/2747/1895 1849/2748/1896 1825/2737/1886
f 1810/2749/1897 1812/2750/1898 1845/2751/1898 1843/2752/1899
f 1816/2747/1895 1819/2753/1900 1852/2754/1901 1849/2748/1896
f 1820/2755/1902 1810/2749/1897 1843/2752/1899 1853/2756/1903
f 1819/2753/1900 1820/2755/1902 1853/2756/1903 1852/2754/1901
f 1854/2757/1268 7464/2758/1268 7470/2759/1268 7458/2760/1268
f 7455/2761/1240 7466/2762/1240 7467/2763/1240 7454/2764/1240
f 7456/2765/1268 7468/2766/1268 1868/2767/1268 1856/2768/1268
f 1870/2769/1240 1874/2770/1240 1862/2771/1240 1858/2772/1240
f 1872/2773/1231 1876/2774/1231 1864/2775/1231 1860/2776/1231
f 7457/2777/1600 7469/2778/1600 1867/2779/1600 1855/2780/1600
f 1857/2781/1600 1869/2782/1600 7471/2783/1600 7459/2784/1600
f 1863/2785/1231 1875/2786/1231 1871/2787/1231 1859/2788/1231
f 7462/2789/1600 7474/2790/1600 7475/2791/1600 7463/2792/1600
f 7460/2793/1268 7472/2794/1268 7473/2795/1268 7461/2796/1268
f 1865/2797/1240 1877/2798/1240 1873/2799/1240 1861/2800/1240
f 1866/2801/1231 7452/2802/1231 7453/2803/1231 7465/2804/1231
f 1884/2805/1904 1885/2806/1905 1882/2807/1906 1881/2808/1904
f 1878/2809/1907 1879/2810/1908 1888/2811/1909
f 1880/2812/1910 1878/2809/1907 1888/2811/1909 1887/2813/1910
f 1882/2807/1906 1885/2806/1905 1886/2814/1911 1883/2815/1911
f 1895/2816/1912 1892/2817/1912 1893/2818/1913 1896/2819/1914
f 1889/2820/1915 1902/2821/1916 1901/2822/1917 1890/2823/1917
f 1891/2824/1918 1900/2825/1919 1902/2821/1916 1889/2820/1915
f 1893/2818/1913 1894/2826/1920 1897/2827/1920 1896/2819/1914
f 1901/2822/1917 1902/2821/1916 1899/2828/1921
f 1902/2821/1916 1900/2825/1919 1898/2829/1922 1899/2828/1921
s 0
f 1903/2830/1923 1904/2831/1923 1906/2832/1923 1905/2833/1923
f 1903/2834/1268 1908/2835/1268 1907/2836/1268 1904/2837/1268
f 1908/2838/1924 1910/2839/1924 1909/2840/1924 1907/2841/1924
s 1
f 7494/2842/1925 2001/2843/1925 7498/2844/1925 7496/2845/1925
s 0
f 1906/2846/1926 1904/2847/1926 1915/2848/1926 1917/2849/1926
f 1905/2850/1927 1910/2851/1927 1908/2852/1927 1903/2853/1927
f 1911/2854/1928 1912/2855/1928 1914/2856/1928 1913/2857/1928
f 1911/2858/1268 1916/2859/1268 1915/2860/1268 1912/2861/1268
f 1916/2862/1929 1918/2863/1929 1917/2864/1929 1915/2865/1929
s 1
f 7492/2866/1930 7491/2867/1930 7499/2868/1930 7497/2869/1930
s 0
f 1909/2870/1931 1914/2871/1931 1912/2872/1931 1907/2873/1931
s 1
f 1919/2874/1932 1942/2875/1932 1941/2876/1933 1933/2877/1933
f 1955/2878/1934 1922/2879/1935 1924/2880/1936 1956/2881/1937
f 1933/2882/1933 1941/2883/1933 1940/2884/1268 1934/2885/1268
f 1956/2881/1937 1924/2880/1936 1926/2886/1938 1957/2887/1939
f 1934/2888/1268 1940/2889/1268 1939/2890/1940 1935/2891/1940
f 1935/2892/1940 1939/2893/1940 1937/2894/1941 1936/2895/1941
f 1957/2887/1939 1926/2886/1938 1928/2896/1942 1958/2897/1943
f 1936/2898/1941 1937/2899/1941 1938/2900/1600 1920/2901/1600
f 1958/2897/1943 1928/2896/1942 1930/2902/1944 1959/2903/1945
f 1959/2903/1945 1930/2902/1944 1932/2904/1946 1960/2905/1947
f 1920/2906/1600 1938/2907/1600 1942/2908/1932 1919/2909/1932
f 1960/2905/1947 1932/2904/1946 1922/2910/1935 1955/2911/1934
s 0
f 1904/2837/1268 1907/2836/1268 1912/2861/1268 1915/2860/1268
s 1
f 7487/2912/1948 7477/2913/1948 7478/2914/1949 7485/2915/1949
f 7485/2915/1949 7478/2914/1949 7482/2916/1268 7483/2917/1268
f 7483/2917/1268 7482/2916/1268 7484/2918/1950 7481/2919/1950
f 7481/2919/1950 7484/2918/1950 7486/2920/1951 7480/2921/1951
f 7480/2921/1951 7486/2920/1951 7476/2922/1600 7479/2923/1600
f 7479/2924/1600 7476/2925/1600 7477/2913/1948 7487/2912/1948
f 1931/2926/1952 1960/2905/1947 1955/2911/1934 1921/2927/1953
f 1929/2928/1954 1959/2903/1945 1960/2905/1947 1931/2926/1952
f 1927/2929/1955 1958/2897/1943 1959/2903/1945 1929/2928/1954
f 1925/2930/1956 1957/2887/1939 1958/2897/1943 1927/2929/1955
f 1923/2931/1957 1956/2881/1937 1957/2887/1939 1925/2930/1956
f 1921/2932/1953 1955/2878/1934 1956/2881/1937 1923/2931/1957
f 1972/2933/1958 1978/2934/1959 1973/2935/1960 1967/2936/1961
f 1965/2937/1962 1969/2938/1963 1970/2939/1964 1964/2940/1965
f 1962/2941/1966 1967/2942/1961 1968/2943/1967 1966/2944/1968
f 1961/2945/1969 1972/2946/1958 1967/2947/1961 1962/2948/1966
f 1964/2940/1965 1970/2939/1964 1971/2949/1970 1963/2950/1971
f 1966/2944/1968 1968/2943/1967 1969/2938/1963 1965/2937/1962
f 1963/2950/1971 1971/2949/1970 1972/2946/1958 1961/2945/1969
f 1991/2951/1972 2002/2952/1972 7490/2953/1973 1993/2954/1973
f 1970/2955/1964 1976/2956/1974 1977/2957/1975 1971/2958/1970
f 1968/2959/1967 1974/2960/1976 1975/2961/1977 1969/2962/1963
f 1971/2958/1970 1977/2957/1975 1978/2934/1959 1972/2933/1958
f 1969/2962/1963 1975/2961/1977 1976/2956/1974 1970/2955/1964
f 1967/2963/1961 1973/2964/1960 1974/2960/1976 1968/2959/1967
f 2049/2965/1978 2046/2966/1979 1987/2967/1980 1989/2968/1981
f 1979/2969/1982 1985/2970/1983 1989/2971/1981 1980/2972/1984
f 1982/2973/1985 1988/2974/1986 1990/2975/1987 1983/2976/1988
f 1980/2977/1984 1989/2978/1981 1987/2979/1980 1981/2980/1989
f 1981/2980/1989 1987/2979/1980 1988/2974/1986 1982/2973/1985
f 1984/2981/1990 1986/2982/1991 1985/2970/1983 1979/2969/1982
f 2045/2983/1268 2050/2984/1992 1990/2985/1987 1988/2986/1986
f 2047/2987/1993 2048/2988/1600 1985/2989/1983 1986/2990/1991
f 1983/2976/1988 1990/2975/1987 1986/2982/1991 1984/2981/1990
f 2048/2988/1600 2049/2991/1978 1989/2992/1981 1985/2989/1983
f 2046/2966/1979 2045/2983/1268 1988/2986/1986 1987/2967/1980
f 1993/2954/1973 7490/2953/1973 2000/2993/1994 7495/2994/1994
f 7495/2994/1994 2000/2993/1994 1999/2995/1995 7493/2996/1995
f 7493/2996/1995 1999/2995/1995 1997/2997/1996 1996/2998/1996
f 1996/2998/1996 1997/2997/1996 1998/2999/1997 1992/3000/1997
f 1975/3001/1977 2005/3002/1998 2006/3003/1268 1976/3004/1974
f 1973/3005/1960 2003/3006/1600 2004/3007/1999 1974/3008/1976
f 1978/3009/1959 2008/3010/2000 2003/3011/1600 1973/3012/1960
f 1976/3004/1974 2006/3003/1268 2007/3013/2001 1977/3014/1975
f 1974/3008/1976 2004/3007/1999 2005/3002/1998 1975/3001/1977
f 1977/3014/1975 2007/3013/2001 2008/3010/2000 1978/3009/1959
f 1994/3015/1930 1995/3016/1930 7492/2866/1930 7497/2869/1930
f 2001/2843/1925 7489/3017/1925 7488/3018/1925 7498/2844/1925
f 1949/3019/2002 1951/3020/2002 1952/3021/2002 1950/3022/2002
f 1946/3023/2003 1947/3024/2003 1948/3025/2003 1944/3026/2003
f 1943/3027/2003 1945/3028/2003 1946/3023/2003 1944/3026/2003
f 1952/3021/2002 1953/3029/2002 1954/3030/2002 1950/3022/2002
f 2026/3031/2004 2010/3032/2005 2012/3033/2006 2021/3034/2007
f 2021/3034/2007 2012/3033/2006 2014/3035/2008 2022/3036/2009
f 2022/3036/2009 2014/3035/2008 2016/3037/2010 2023/3038/2011
f 2023/3038/2011 2016/3037/2010 2018/3039/2012 2024/3040/2013
f 2024/3040/2013 2018/3039/2012 2020/3041/2014 2025/3042/2015
f 2025/3042/2015 2020/3041/2014 2010/3043/2005 2026/3044/2004
f 7500/3045/2016 2026/3031/2004 2021/3034/2007 7501/3046/2017
f 7501/3046/2017 2021/3034/2007 2022/3036/2009 7502/3047/2018
f 7502/3047/2018 2022/3036/2009 2023/3038/2011 7503/3048/2019
f 7503/3048/2019 2023/3038/2011 2024/3040/2013 7504/3049/2020
f 7504/3049/2020 2024/3040/2013 2025/3042/2015 7505/3050/2021
f 7505/3050/2021 2025/3042/2015 2026/3044/2004 7500/3051/2016
f 7507/3052/2022 2032/3053/2022 2031/3054/2023 7511/3055/2024
f 7511/3055/2024 2031/3054/2023 2030/3056/2025 7510/3057/2026
f 7510/3057/2026 2030/3056/2025 2029/3058/2027 7509/3059/2027
f 7509/3059/2027 2029/3058/2027 2028/3060/2028 7508/3061/2029
f 7508/3061/2029 2028/3060/2028 2027/3062/2030 7506/3063/2031
f 7506/3063/2031 2027/3062/2030 2032/3064/2022 7507/3065/2022
f 2043/3066/2032 2037/3067/2033 2038/3068/2034 2044/3069/2035
f 2042/3070/2036 2036/3071/2037 2037/3067/2033 2043/3066/2032
f 2041/3072/2038 2035/3073/2039 2036/3071/2037 2042/3070/2036
f 2040/3074/2040 2034/3075/2041 2035/3073/2039 2041/3072/2038
f 2039/3076/2042 2033/3077/2043 2034/3075/2041 2040/3074/2040
f 2044/3078/2035 2038/3079/2034 2033/3077/2043 2039/3076/2042
f 2009/3080/1600 2044/3078/2035 2039/3076/2042 2011/3081/2044
f 2011/3081/2044 2039/3076/2042 2040/3074/2040 2013/3082/2045
f 2013/3082/2045 2040/3074/2040 2041/3072/2038 2015/3083/1268
f 2015/3083/1268 2041/3072/2038 2042/3070/2036 2017/3084/2046
f 2017/3084/2046 2042/3070/2036 2043/3066/2032 2019/3085/2047
f 2019/3085/2047 2043/3066/2032 2044/3069/2035 2009/3086/1600
f 2050/2984/1992 2047/2987/1993 1986/2990/1991 1990/2985/1987
f 7512/3087/1600 7515/3088/1600 7514/3089/2048 7513/3090/2048
f 7513/3090/2048 7514/3089/2048 7517/3091/2049 7516/3092/2049
f 7516/3092/2049 7517/3091/2049 7519/3093/2050 7518/3094/2050
f 7518/3094/2050 7519/3093/2050 7521/3095/1240 7520/3096/1240
f 7520/3096/1240 7521/3095/1240 7523/3097/2051 7522/3098/2051
f 7522/3098/2051 7523/3097/2051 7525/3099/2052 7524/3100/2052
f 7524/3100/2052 7525/3099/2052 7527/3101/2053 7526/3102/2053
f 7526/3102/2053 7527/3101/2053 7529/3103/1268 7528/3104/1268
f 7528/3104/1268 7529/3103/1268 7531/3105/2054 7530/3106/2054
f 7530/3106/2054 7531/3105/2054 7533/3107/2055 7532/3108/2055
f 7532/3108/2055 7533/3107/2055 7535/3109/2056 7534/3110/2056
f 7534/3110/2056 7535/3109/2056 7537/3111/1231 7536/3112/1231
f 7536/3112/1231 7537/3111/1231 7539/3113/2057 7538/3114/2057
f 7538/3114/2057 7539/3113/2057 7541/3115/2058 7540/3116/2058
f 2056/3117/1536 2054/3118/1536 2084/3119/1536
f 7540/3116/2058 7541/3115/2058 7543/3120/2059 7542/3121/2059
f 7542/3122/2059 7543/3123/2059 7515/3088/1600 7512/3087/1600
f 2059/3124/1124 2061/3125/1124 2083/3126/1124
f 2060/3127/1536 2058/3128/1536 2084/3119/1536
f 2069/3129/1124 2071/3130/1124 2083/3126/1124
f 2079/3131/1124 2081/3132/1124 2083/3126/1124
f 2055/3133/1124 2057/3134/1124 2083/3126/1124
f 2065/3135/1124 2067/3136/1124 2083/3126/1124
f 2075/3137/1124 2077/3138/1124 2083/3126/1124
f 2051/3139/1124 2053/3140/1124 2083/3126/1124
f 2061/3125/1124 2063/3141/1124 2083/3126/1124
f 2071/3130/1124 2073/3142/1124 2083/3126/1124
f 2081/3132/1124 2051/3139/1124 2083/3126/1124
f 2057/3134/1124 2059/3124/1124 2083/3126/1124
f 2067/3136/1124 2069/3129/1124 2083/3126/1124
f 2077/3138/1124 2079/3131/1124 2083/3126/1124
f 2053/3140/1124 2055/3133/1124 2083/3126/1124
f 2063/3141/1124 2065/3135/1124 2083/3126/1124
f 2073/3142/1124 2075/3137/1124 2083/3126/1124
f 2052/3143/1536 2082/3144/1536 2084/3119/1536
f 2074/3145/1536 2072/3146/1536 2084/3119/1536
f 2064/3147/1536 2062/3148/1536 2084/3119/1536
f 2078/3149/1536 2076/3150/1536 2084/3119/1536
f 2054/3118/1536 2052/3143/1536 2084/3119/1536
f 2068/3151/1536 2066/3152/1536 2084/3119/1536
f 2058/3128/1536 2056/3117/1536 2084/3119/1536
f 2082/3144/1536 2080/3153/1536 2084/3119/1536
f 2072/3146/1536 2070/3154/1536 2084/3119/1536
f 2062/3148/1536 2060/3127/1536 2084/3119/1536
f 2076/3150/1536 2074/3145/1536 2084/3119/1536
f 2066/3152/1536 2064/3147/1536 2084/3119/1536
f 2070/3154/1536 2068/3151/1536 2084/3119/1536
f 2080/3153/1536 2078/3149/1536 2084/3119/1536
s 0
f 1913/3155/2060 1918/3156/2060 1916/3157/2060 1911/3158/2060
s 1
f 7555/3159/2061 7545/3160/2061 7546/3161/2062 7553/3162/2062
f 7553/3162/2062 7546/3161/2062 7550/3163/2063 7551/3164/2063
f 7551/3164/2063 7550/3163/2063 7552/3165/2064 7549/3166/2064
f 7549/3166/2064 7552/3165/2064 7554/3167/2065 7548/3168/2065
f 7548/3168/2065 7554/3167/2065 7544/3169/2066 7547/3170/2066
f 7547/3171/2066 7544/3172/2066 7545/3160/2061 7555/3159/2061
f 2091/3173/2067 2093/3174/2067 2094/3175/2067 2092/3176/2067
f 2088/3177/2068 2089/3178/2068 2090/3179/2068 2086/3180/2068
f 2085/3181/2068 2087/3182/2068 2088/3177/2068 2086/3180/2068
f 2094/3175/2067 2095/3183/2067 2096/3184/2067 2092/3176/2067
s 0
f 2097/2830/2069 2099/2833/2069 2100/2832/2069 2098/2831/2069
f 2097/2834/1268 2098/2837/1268 2101/2836/1268 2102/2835/1268
f 2102/2838/2070 2101/2841/2070 2103/2840/2070 2104/2839/2070
s 1
f 7574/2842/2071 7576/2845/2071 7578/2844/2071 2195/2843/2071
s 0
f 2100/2846/2072 2111/2849/2072 2109/2848/2072 2098/2847/2072
f 2099/2850/2073 2097/2853/2073 2102/2852/2073 2104/2851/2073
f 2105/2854/2074 2107/2857/2074 2108/2856/2074 2106/2855/2074
f 2105/2858/1268 2106/2861/1268 2109/2860/1268 2110/2859/1268
f 2110/2862/2075 2109/2865/2075 2111/2864/2075 2112/2863/2075
s 1
f 7572/2866/2076 7577/2869/2076 7579/2868/2076 7571/2867/2076
s 0
f 2103/2870/2077 2101/2873/2077 2106/2872/2077 2108/2871/2077
s 1
f 2113/2874/2078 2127/2877/2079 2135/2876/2079 2136/2875/2078
f 2149/2878/2080 2150/2881/2081 2118/2880/2082 2116/2879/2083
f 2127/2882/2079 2128/2885/1268 2134/2884/1268 2135/2883/2079
f 2150/2881/2081 2151/2887/2084 2120/2886/2085 2118/2880/2082
f 2128/2888/1268 2129/2891/2086 2133/2890/2086 2134/2889/1268
f 2129/2892/2086 2130/2895/2087 2131/2894/2087 2133/2893/2086
f 2151/2887/2084 2152/2897/2088 2122/2896/2089 2120/2886/2085
f 2130/2898/2087 2114/2901/1600 2132/2900/1600 2131/2899/2087
f 2152/2897/2088 2153/2903/2090 2124/2902/2091 2122/2896/2089
f 2153/2903/2090 2154/2905/2092 2126/2904/2093 2124/2902/2091
f 2114/2906/1600 2113/2909/2078 2136/2908/2078 2132/2907/1600
f 2154/2905/2092 2149/2911/2080 2116/2910/2083 2126/2904/2093
s 0
f 2098/2837/1268 2109/2860/1268 2106/2861/1268 2101/2836/1268
s 1
f 7567/2912/2094 7565/2915/2095 7558/2914/2095 7557/2913/2094
f 7565/2915/2095 7563/2917/1268 7562/2916/1268 7558/2914/2095
f 7563/2917/1268 7561/2919/2096 7564/2918/2096 7562/2916/1268
f 7561/2919/2096 7560/2921/2097 7566/2920/2097 7564/2918/2096
f 7560/2921/2097 7559/2923/1600 7556/2922/1600 7566/2920/2097
f 7559/2924/1600 7567/2912/2094 7557/2913/2094 7556/2925/1600
f 2125/2926/2098 2115/2927/2099 2149/2911/2080 2154/2905/2092
f 2123/2928/2100 2125/2926/2098 2154/2905/2092 2153/2903/2090
f 2121/2929/2101 2123/2928/2100 2153/2903/2090 2152/2897/2088
f 2119/2930/2102 2121/2929/2101 2152/2897/2088 2151/2887/2084
f 2117/2931/2103 2119/2930/2102 2151/2887/2084 2150/2881/2081
f 2115/2932/2099 2117/2931/2103 2150/2881/2081 2149/2878/2080
f 2166/2933/2104 2161/2936/2105 2167/2935/2106 2172/2934/2107
f 2159/2937/2108 2158/2940/2109 2164/2939/2110 2163/2938/2111
f 2156/2941/2112 2160/2944/2113 2162/2943/2114 2161/2942/2105
f 2155/2945/2115 2156/2948/2112 2161/2947/2105 2166/2946/2104
f 2158/2940/2109 2157/2950/2116 2165/2949/2117 2164/2939/2110
f 2160/2944/2113 2159/2937/2108 2163/2938/2111 2162/2943/2114
f 2157/2950/2116 2155/2945/2115 2166/2946/2104 2165/2949/2117
f 2185/2951/2118 2187/2954/2119 7570/2953/2119 2196/2952/2118
f 2164/2955/2110 2165/2958/2117 2171/2957/2120 2170/2956/2121
f 2162/2959/2114 2163/2962/2111 2169/2961/2122 2168/2960/2123
f 2165/2958/2117 2166/2933/2104 2172/2934/2107 2171/2957/2120
f 2163/2962/2111 2164/2955/2110 2170/2956/2121 2169/2961/2122
f 2161/2963/2105 2162/2959/2114 2168/2960/2123 2167/2964/2106
f 2049/2965/1978 2183/2968/2124 2181/2967/2125 2046/2966/1979
f 2173/2969/2126 2174/2972/2127 2183/2971/2124 2179/2970/2128
f 2176/2973/2129 2177/2976/2130 2184/2975/2131 2182/2974/2132
f 2174/2977/2127 2175/2980/2133 2181/2979/2125 2183/2978/2124
f 2175/2980/2133 2176/2973/2129 2182/2974/2132 2181/2979/2125
f 2178/2981/2134 2173/2969/2126 2179/2970/2128 2180/2982/2135
f 2045/2983/1268 2182/2986/2132 2184/2985/2131 2050/2984/1992
f 2047/2987/1993 2180/2990/2135 2179/2989/2128 2048/2988/1600
f 2177/2976/2130 2178/2981/2134 2180/2982/2135 2184/2975/2131
f 2048/2988/1600 2179/2989/2128 2183/2992/2124 2049/2991/1978
f 2046/2966/1979 2181/2967/2125 2182/2986/2132 2045/2983/1268
f 2187/2954/2119 7575/2994/1994 2194/2993/1994 7570/2953/2119
f 7575/2994/1994 7573/2996/2136 2193/2995/2136 2194/2993/1994
f 7573/2996/2136 2190/2998/2137 2191/2997/2137 2193/2995/2136
f 2190/2998/2137 2186/3000/2138 2192/2999/2138 2191/2997/2137
f 2169/3001/2122 2170/3004/2121 2200/3003/1268 2199/3002/1998
f 2167/3005/2106 2168/3008/2123 2198/3007/1999 2197/3006/1600
f 2172/3009/2107 2167/3012/2106 2197/3011/1600 2202/3010/2000
f 2170/3004/2121 2171/3014/2120 2201/3013/2001 2200/3003/1268
f 2168/3008/2123 2169/3001/2122 2199/3002/1998 2198/3007/1999
f 2171/3014/2120 2172/3009/2107 2202/3010/2000 2201/3013/2001
f 2188/3015/2076 7577/2869/2076 7572/2866/2076 2189/3016/2076
f 2195/2843/2071 7578/2844/2071 7568/3018/2071 7569/3017/2071
f 2143/3019/2139 2144/3022/2139 2146/3021/2139 2145/3020/2139
f 2140/3023/2140 2138/3026/2140 2142/3025/2140 2141/3024/2140
f 2137/3027/2140 2138/3026/2140 2140/3023/2140 2139/3028/2140
f 2146/3021/2139 2144/3022/2139 2148/3030/2139 2147/3029/2139
f 2220/3031/2141 2215/3034/2142 2206/3033/2143 2204/3032/2144
f 2215/3034/2142 2216/3036/2145 2208/3035/2146 2206/3033/2143
f 2216/3036/2145 2217/3038/2147 2210/3037/2148 2208/3035/2146
f 2217/3038/2147 2218/3040/2149 2212/3039/2150 2210/3037/2148
f 2218/3040/2149 2219/3042/2151 2214/3041/2152 2212/3039/2150
f 2219/3042/2151 2220/3044/2141 2204/3043/2144 2214/3041/2152
f 7580/3045/2153 7581/3046/2154 2215/3034/2142 2220/3031/2141
f 7581/3046/2154 7582/3047/2155 2216/3036/2145 2215/3034/2142
f 7582/3047/2155 7583/3048/2156 2217/3038/2147 2216/3036/2145
f 7583/3048/2156 7584/3049/2157 2218/3040/2149 2217/3038/2147
f 7584/3049/2157 7585/3050/2158 2219/3042/2151 2218/3040/2149
f 7585/3050/2158 7580/3051/2153 2220/3044/2141 2219/3042/2151
f 7587/3052/2159 7591/3055/2160 2225/3054/2161 2226/3053/2159
f 7591/3055/2160 7590/3057/2162 2224/3056/2163 2225/3054/2161
f 7590/3057/2162 7589/3059/2164 2223/3058/2164 2224/3056/2163
f 7589/3059/2164 7588/3061/2165 2222/3060/2166 2223/3058/2164
f 7588/3061/2165 7586/3063/2167 2221/3062/2168 2222/3060/2166
f 7586/3063/2167 7587/3065/2159 2226/3064/2159 2221/3062/2168
f 2237/3066/2169 2238/3069/2170 2232/3068/2171 2231/3067/2172
f 2236/3070/2173 2237/3066/2169 2231/3067/2172 2230/3071/2174
f 2235/3072/2175 2236/3070/2173 2230/3071/2174 2229/3073/2176
f 2234/3074/2177 2235/3072/2175 2229/3073/2176 2228/3075/2178
f 2233/3076/2179 2234/3074/2177 2228/3075/2178 2227/3077/2180
f 2238/3078/2170 2233/3076/2179 2227/3077/2180 2232/3079/2171
f 2203/3080/1600 2205/3081/2044 2233/3076/2179 2238/3078/2170
f 2205/3081/2044 2207/3082/2045 2234/3074/2177 2233/3076/2179
f 2207/3082/2045 2209/3083/1268 2235/3072/2175 2234/3074/2177
f 2209/3083/1268 2211/3084/2046 2236/3070/2173 2235/3072/2175
f 2211/3084/2046 2213/3085/2047 2237/3066/2169 2236/3070/2173
f 2213/3085/2047 2203/3086/1600 2238/3069/2170 2237/3066/2169
f 2050/2984/1992 2184/2985/2131 2180/2990/2135 2047/2987/1993
f 7592/3087/1600 7593/3090/2048 7594/3089/2048 7595/3088/1600
f 7593/3090/2048 7596/3092/2049 7597/3091/2049 7594/3089/2048
f 7596/3092/2049 7598/3094/2050 7599/3093/2050 7597/3091/2049
f 7598/3094/2050 7600/3096/1240 7601/3095/1240 7599/3093/2050
f 7600/3096/1240 7602/3098/2051 7603/3097/2051 7601/3095/1240
f 7602/3098/2051 7604/3100/2052 7605/3099/2052 7603/3097/2051
f 7604/3100/2052 7606/3102/2053 7607/3101/2053 7605/3099/2052
f 7606/3102/2053 7608/3104/1268 7609/3103/1268 7607/3101/2053
f 7608/3104/1268 7610/3106/2054 7611/3105/2054 7609/3103/1268
f 7610/3106/2054 7612/3108/2055 7613/3107/2055 7611/3105/2054
f 7612/3108/2055 7614/3110/2056 7615/3109/2056 7613/3107/2055
f 7614/3110/2056 7616/3112/1231 7617/3111/1231 7615/3109/2056
f 7616/3112/1231 7618/3114/2057 7619/3113/2057 7617/3111/1231
f 7618/3114/2057 7620/3116/2058 7621/3115/2058 7619/3113/2057
f 2244/3117/1124 2272/3119/1124 2242/3118/1124
f 7620/3116/2058 7622/3121/2059 7623/3120/2059 7621/3115/2058
f 7622/3122/2059 7592/3087/1600 7595/3088/1600 7623/3123/2059
f 2247/3124/1536 2271/3126/1536 2249/3125/1536
f 2248/3127/1124 2272/3119/1124 2246/3128/1124
f 2257/3129/1536 2271/3126/1536 2259/3130/1536
f 2267/3131/1536 2271/3126/1536 2269/3132/1536
f 2243/3133/1536 2271/3126/1536 2245/3134/1536
f 2253/3135/1536 2271/3126/1536 2255/3136/1536
f 2263/3137/1536 2271/3126/1536 2265/3138/1536
f 2239/3139/1536 2271/3126/1536 2241/3140/1536
f 2249/3125/1536 2271/3126/1536 2251/3141/1536
f 2259/3130/1536 2271/3126/1536 2261/3142/1536
f 2269/3132/1536 2271/3126/1536 2239/3139/1536
f 2245/3134/1536 2271/3126/1536 2247/3124/1536
f 2255/3136/1536 2271/3126/1536 2257/3129/1536
f 2265/3138/1536 2271/3126/1536 2267/3131/1536
f 2241/3140/1536 2271/3126/1536 2243/3133/1536
f 2251/3141/1536 2271/3126/1536 2253/3135/1536
f 2261/3142/1536 2271/3126/1536 2263/3137/1536
f 2240/3143/1124 2272/3119/1124 2270/3144/1124
f 2262/3145/1124 2272/3119/1124 2260/3146/1124
f 2252/3147/1124 2272/3119/1124 2250/3148/1124
f 2266/3149/1124 2272/3119/1124 2264/3150/1124
f 2242/3118/1124 2272/3119/1124 2240/3143/1124
f 2256/3151/1124 2272/3119/1124 2254/3152/1124
f 2246/3128/1124 2272/3119/1124 2244/3117/1124
f 2270/3144/1124 2272/3119/1124 2268/3153/1124
f 2260/3146/1124 2272/3119/1124 2258/3154/1124
f 2250/3148/1124 2272/3119/1124 2248/3127/1124
f 2264/3150/1124 2272/3119/1124 2262/3145/1124
f 2254/3152/1124 2272/3119/1124 2252/3147/1124
f 2258/3154/1124 2272/3119/1124 2256/3151/1124
f 2268/3153/1124 2272/3119/1124 2266/3149/1124
s 0
f 2107/3155/2181 2105/3158/2181 2110/3157/2181 2112/3156/2181
s 1
f 7635/3159/2182 7633/3162/2062 7626/3161/2062 7625/3160/2182
f 7633/3162/2062 7631/3164/2183 7630/3163/2183 7626/3161/2062
f 7631/3164/2183 7629/3166/2184 7632/3165/2184 7630/3163/2183
f 7629/3166/2184 7628/3168/2065 7634/3167/2065 7632/3165/2184
f 7628/3168/2065 7627/3170/2185 7624/3169/2185 7634/3167/2065
f 7627/3171/2185 7635/3159/2182 7625/3160/2182 7624/3172/2185
f 2279/3173/2186 2280/3176/2186 2282/3175/2186 2281/3174/2186
f 2276/3177/2187 2274/3180/2187 2278/3179/2187 2277/3178/2187
f 2273/3181/2187 2274/3180/2187 2276/3177/2187 2275/3182/2187
f 2282/3175/2186 2280/3176/2186 2284/3184/2186 2283/3183/2186
s 0
f 7638/3185/1231 7641/3186/1231 7643/3187/1231 7636/3188/1231
f 7649/3189/1536 7648/3190/1536 7642/3191/1536 7639/3192/1536
f 7645/3193/1600 7644/3194/1600 2286/3195/1600 7647/3196/1600
f 7657/3197/1536 7656/3198/1536 7659/3199/1536 7661/3200/1536
f 7662/3201/2188 7660/3202/2188 7663/3203/2188 7665/3204/2188
f 7666/3205/1124 7664/3206/1124 7667/3207/1124 7668/3208/1124
f 7680/3209/1600 7672/3210/1600 7670/3211/1600 7674/3212/1600
f 7678/3213/1600 7680/3209/1600 7674/3212/1600 7676/3214/1600
s 1
f 7682/3215/1600 7685/3216/1600 7684/3217/2044 7683/3218/2044
f 7683/3218/2044 7684/3217/2044 7687/3219/2045 7686/3220/2045
f 7686/3220/2045 7687/3219/2045 7689/3221/1268 7688/3222/1268
f 7688/3222/1268 7689/3221/1268 7691/3223/2046 7690/3224/2046
f 7690/3224/2046 7691/3223/2046 7693/3225/2047 7692/3226/2047
f 7692/3226/2047 7693/3225/2047 7685/3227/1600 7682/3228/1600
f 2308/3229/1124 2310/3230/1124 2312/3231/1124 2314/3232/1124
f 2314/3232/1124 2316/3233/1124 2318/3234/1124 2308/3229/1124
f 2311/3235/1536 2309/3236/1536 2315/3237/1536 2313/3238/1536
f 2317/3239/1536 2315/3237/1536 2309/3236/1536 2319/3240/1536
s 0
f 7667/3207/1124 7664/3206/1124 7695/3241/1124 7694/3242/1124
f 7659/3199/1536 7656/3198/1536 7697/3243/1536 7696/3244/1536
f 7700/3245/2189 7698/3246/2189 7704/3247/2189 7702/3248/2189
f 7699/3249/1536 7752/3250/1536 7706/3251/1536 7705/3252/1536
f 7751/3253/2190 7749/3254/2190 2330/3255/2190
f 7699/3249/1536 7716/3256/1536 7714/3257/1536 7752/3250/1536
f 7707/3258/1268 7708/3259/1268 7703/3260/1268 2327/3261/1268
f 7719/3262/1124 7723/3263/1124 7721/3264/1124 7718/3265/1124
f 7724/3266/2191 7727/3267/2191 7725/3268/2191 7722/3269/2191
f 7728/3270/1536 7730/3271/1536 7729/3272/1536 7726/3273/1536
f 7742/3274/1268 7736/3275/1268 7732/3276/1268 7734/3277/1268
f 7740/3278/1268 7738/3279/1268 7736/3275/1268 7742/3274/1268
f 7729/3272/1536 7744/3280/1536 7745/3281/1536 7726/3273/1536
f 7721/3264/1124 7746/3282/1124 7747/3283/1124 7718/3265/1124
f 7654/3284/1231 7652/3285/1231 7715/3286/1231 7717/3287/1231
f 7637/3288/2192 7655/3289/2192 2331/3290/2192 2326/3291/2192
f 7646/3292/1240 2290/3293/1240 7650/3294/1240 7753/3295/1240
f 2294/3296/2193 7658/3297/2193 7720/3298/2193 2333/3299/2193
f 2295/3300/1268 2297/3301/1268 2336/3302/1268 2334/3303/1268
f 2297/3301/1268 2299/3304/1268 2338/3305/1268 2336/3302/1268
f 2298/3306/1231 2296/3307/1231 2335/3308/1231 2337/3309/1231
f 7669/3310/2193 2300/3311/2193 2339/3312/2193 7731/3313/2193
f 2299/3304/1268 2301/3314/1268 2340/3315/1268 2338/3305/1268
f 7671/3316/1124 7673/3317/1124 7735/3318/1124 7733/3319/1124
f 7675/3320/1231 2303/3321/1231 2342/3322/1231 7737/3323/1231
f 7677/3324/2194 2306/3325/2194 2345/3326/2194 7739/3327/2194
f 7679/3328/1536 2307/3329/1536 2346/3330/1536 7741/3331/1536
f 7681/3332/2195 2304/3333/2195 2343/3334/2195 7743/3335/2195
f 2302/3336/1240 2305/3337/1240 2344/3338/1240 2341/3339/1240
f 2300/3311/1240 2323/3340/1240 2350/3341/1240 2339/3312/1240
f 2322/3342/1231 2298/3306/1231 2337/3309/1231 2349/3343/1231
f 2296/3307/1231 2321/3344/1231 2348/3345/1231 2335/3308/1231
f 2320/3346/1240 2294/3296/1240 2333/3299/1240 2347/3347/1240
f 2332/3348/2196 7653/3349/2196 7750/3350/2196 2352/3351/2196
f 2330/3255/2190 7749/3254/2190 7710/3352/2190 7709/3353/2190
f 2293/3354/1124 2292/3355/1124 2287/3356/1124 7748/3357/1124
f 7640/3358/1600 7637/3288/1600 2326/3291/1600 7701/3359/1600
f 7701/3359/1600 7755/3360/1600 7640/3358/1600
f 7712/3361/1600 7711/3362/1600 7651/3363/1600
f 7754/3364/1600 7651/3363/1600 7711/3362/1600 2351/3365/1600
f 2289/3366/2197 2285/3367/2197 7756/3368/2197 2355/3369/2197
f 2329/3370/1124 2328/3371/1124 7713/3372/1124
f 7748/3357/1124 2287/3356/1124 2353/3373/1124
f 2354/3374/1124 2324/3375/1124 2325/3376/1124
f 2325/3376/1124 2329/3370/1124 7713/3372/1124 2354/3374/1124
f 2353/3373/1124 2287/3356/1124 2288/3377/1124 2291/3378/1124
s 1
f 2356/3379/2198 2357/3380/2198 2359/3381/1240 2358/3382/1240
f 2358/3382/1240 2359/3381/1240 2361/3383/2199 2360/3384/2199
f 2360/3384/2199 2361/3383/2199 2363/3385/1994 2362/3386/1994
f 2362/3386/1994 2363/3385/1994 2365/3387/1231 2364/3388/1231
f 2364/3388/1231 2365/3387/1231 2367/3389/2200 2366/3390/2200
f 2366/3391/2200 2367/3392/2200 2357/3380/2198 2356/3379/2198
s 0
f 7759/3185/1231 7757/3188/1231 7764/3187/1231 7762/3186/1231
f 7770/3189/1124 7760/3192/1124 7763/3191/1124 7769/3190/1124
f 7766/3193/1600 7768/3196/1600 2369/3195/1600 7765/3194/1600
f 7778/3197/1124 7782/3200/1124 7780/3199/1124 7777/3198/1124
f 7783/3201/2188 7786/3204/2188 7784/3203/2188 7781/3202/2188
f 7787/3205/1536 7789/3208/1536 7788/3207/1536 7785/3206/1536
f 7801/3209/1600 7795/3212/1600 7791/3211/1600 7793/3210/1600
f 7799/3213/1600 7797/3214/1600 7795/3212/1600 7801/3209/1600
s 1
f 7803/3215/1600 7804/3218/2044 7805/3217/2044 7806/3216/1600
f 7804/3218/2044 7807/3220/2045 7808/3219/2045 7805/3217/2044
f 7807/3220/2045 7809/3222/1268 7810/3221/1268 7808/3219/2045
f 7809/3222/1268 7811/3224/2046 7812/3223/2046 7810/3221/1268
f 7811/3224/2046 7813/3226/2047 7814/3225/2047 7812/3223/2046
f 7813/3226/2047 7803/3228/1600 7806/3227/1600 7814/3225/2047
f 2391/3229/1536 2397/3232/1536 2395/3231/1536 2393/3230/1536
f 2397/3232/1536 2391/3229/1536 2401/3234/1536 2399/3233/1536
f 2394/3235/1124 2396/3238/1124 2398/3237/1124 2392/3236/1124
f 2400/3239/1124 2402/3240/1124 2392/3236/1124 2398/3237/1124
s 0
f 7788/3207/1536 7815/3242/1536 7816/3241/1536 7785/3206/1536
f 7780/3199/1124 7817/3244/1124 7818/3243/1124 7777/3198/1124
f 7821/3245/2201 7823/3248/2201 7825/3247/2201 7819/3246/2201
f 7820/3249/1124 7826/3252/1124 7827/3251/1124 7873/3250/1124
f 7872/3253/2190 2413/3255/2190 7870/3254/2190
f 7820/3249/1124 7873/3250/1124 7835/3257/1124 7837/3256/1124
f 7828/3258/1268 2410/3261/1268 7824/3260/1268 7829/3259/1268
f 7840/3262/1536 7839/3265/1536 7842/3264/1536 7844/3263/1536
f 7845/3266/2191 7843/3269/2191 7846/3268/2191 7848/3267/2191
f 7849/3270/1124 7847/3273/1124 7850/3272/1124 7851/3271/1124
f 7863/3274/1268 7855/3277/1268 7853/3276/1268 7857/3275/1268
f 7861/3278/1268 7863/3274/1268 7857/3275/1268 7859/3279/1268
f 7850/3272/1124 7847/3273/1124 7866/3281/1124 7865/3280/1124
f 7842/3264/1536 7839/3265/1536 7868/3283/1536 7867/3282/1536
f 7775/3284/1231 7838/3287/1231 7836/3286/1231 7773/3285/1231
f 7758/3288/2202 2409/3291/2202 2414/3290/2202 7776/3289/2202
f 7767/3292/1240 7874/3295/1240 7771/3294/1240 2373/3293/1240
f 2377/3296/2193 2416/3299/2193 7841/3298/2193 7779/3297/2193
f 2378/3300/1268 2417/3303/1268 2419/3302/1268 2380/3301/1268
f 2380/3301/1268 2419/3302/1268 2421/3305/1268 2382/3304/1268
f 2381/3306/1231 2420/3309/1231 2418/3308/1231 2379/3307/1231
f 7790/3310/2193 7852/3313/2193 2422/3312/2193 2383/3311/2193
f 2382/3304/1268 2421/3305/1268 2423/3315/1268 2384/3314/1268
f 7792/3316/1536 7854/3319/1536 7856/3318/1536 7794/3317/1536
f 7796/3320/1231 7858/3323/1231 2425/3322/1231 2386/3321/1231
f 7798/3324/2203 7860/3327/2203 2428/3326/2203 2389/3325/2203
f 7800/3328/1124 7862/3331/1124 2429/3330/1124 2390/3329/1124
f 7802/3332/2204 7864/3335/2204 2426/3334/2204 2387/3333/2204
f 2385/3336/1240 2424/3339/1240 2427/3338/1240 2388/3337/1240
f 2383/3311/1240 2422/3312/1240 2433/3341/1240 2406/3340/1240
f 2405/3342/1231 2432/3343/1231 2420/3309/1231 2381/3306/1231
f 2379/3307/1231 2418/3308/1231 2431/3345/1231 2404/3344/1231
f 2403/3346/1240 2430/3347/1240 2416/3299/1240 2377/3296/1240
f 2415/3348/2196 2435/3351/2196 7871/3350/2196 7774/3349/2196
f 2413/3255/2190 7830/3353/2190 7831/3352/2190 7870/3254/2190
f 2376/3354/1536 7869/3357/1536 2370/3356/1536 2375/3355/1536
f 7761/3358/1600 7822/3359/1600 2409/3291/1600 7758/3288/1600
f 7822/3359/1600 7761/3358/1600 7876/3360/1600
f 7833/3361/1600 7772/3363/1600 7832/3362/1600
f 7875/3364/1600 2434/3365/1600 7832/3362/1600 7772/3363/1600
f 2372/3366/2197 2438/3369/2197 7877/3368/2197 2368/3367/2197
f 2412/3370/1536 7834/3372/1536 2411/3371/1536
f 7869/3357/1536 2436/3373/1536 2370/3356/1536
f 2437/3374/1536 2408/3376/1536 2407/3375/1536
f 2408/3376/1536 2437/3374/1536 7834/3372/1536 2412/3370/1536
f 2436/3373/1536 2374/3378/1536 2371/3377/1536 2370/3356/1536
s 1
f 2439/3379/2198 2441/3382/1240 2442/3381/1240 2440/3380/2198
f 2441/3382/1240 2443/3384/2199 2444/3383/2199 2442/3381/1240
f 2443/3384/2199 2445/3386/1994 2446/3385/1994 2444/3383/2199
f 2445/3386/1994 2447/3388/1231 2448/3387/1231 2446/3385/1994
f 2447/3388/1231 2449/3390/2200 2450/3389/2200 2448/3387/1231
f 2449/3391/2200 2439/3379/2198 2440/3380/2198 2450/3392/2200
f 2451/3393/1124 2452/3394/1124 2454/3395/2205 2453/3396/2205
f 2453/3396/2205 2454/3395/2205 2456/3397/2206 2455/3398/2206
f 2455/3398/2206 2456/3397/2206 2458/3399/1536 2457/3400/1536
f 2457/3401/1536 2458/3402/1536 2460/3403/2207 2459/3404/2207
f 2459/3404/2207 2460/3403/2207 2462/3405/2208 2461/3406/2208
f 2461/3406/2208 2462/3405/2208 2452/3394/1124 2451/3393/1124
f 2463/3393/1536 2465/3396/2206 2466/3395/2206 2464/3394/1536
f 2465/3396/2206 2467/3398/2205 2468/3397/2205 2466/3395/2206
f 2467/3398/2205 2469/3400/1124 2470/3399/1124 2468/3397/2205
f 2469/3401/1124 2471/3404/2208 2472/3403/2208 2470/3402/1124
f 2471/3404/2208 2473/3406/2207 2474/3405/2207 2472/3403/2208
f 2473/3406/2207 2463/3393/1536 2464/3394/1536 2474/3405/2207
f 7878/3087/1600 7881/3088/1600 7880/3089/2048 7879/3090/2048
f 7879/3090/2048 7880/3089/2048 7883/3091/2049 7882/3092/2049
f 7882/3092/2049 7883/3091/2049 7885/3093/2050 7884/3094/2050
f 7884/3094/2050 7885/3093/2050 7887/3095/1240 7886/3096/1240
f 7886/3096/1240 7887/3095/1240 7889/3097/2051 7888/3098/2051
f 7888/3098/2051 7889/3097/2051 7891/3099/2052 7890/3100/2052
f 7890/3100/2052 7891/3099/2052 7893/3101/2053 7892/3102/2053
f 7892/3102/2053 7893/3101/2053 7895/3103/1268 7894/3104/1268
f 7894/3104/1268 7895/3103/1268 7897/3105/2054 7896/3106/2054
f 7896/3106/2054 7897/3105/2054 7899/3107/2055 7898/3108/2055
f 7898/3108/2055 7899/3107/2055 7901/3109/2056 7900/3110/2056
f 7900/3110/2056 7901/3109/2056 7903/3111/1231 7902/3112/1231
f 7902/3112/1231 7903/3111/1231 7905/3113/2057 7904/3114/2057
f 7904/3114/2057 7905/3113/2057 7907/3115/2058 7906/3116/2058
f 2480/3117/1536 2478/3118/1536 2508/3119/1536
f 7906/3116/2058 7907/3115/2058 7909/3120/2059 7908/3121/2059
f 7908/3122/2059 7909/3123/2059 7881/3088/1600 7878/3087/1600
f 2483/3124/1124 2485/3125/1124 2507/3126/1124
f 2484/3127/1536 2482/3128/1536 2508/3119/1536
f 2493/3129/1124 2495/3130/1124 2507/3126/1124
f 2503/3131/1124 2505/3132/1124 2507/3126/1124
f 2479/3133/1124 2481/3134/1124 2507/3126/1124
f 2489/3135/1124 2491/3136/1124 2507/3126/1124
f 2499/3137/1124 2501/3138/1124 2507/3126/1124
f 2475/3139/1124 2477/3140/1124 2507/3126/1124
f 2485/3125/1124 2487/3141/1124 2507/3126/1124
f 2495/3130/1124 2497/3142/1124 2507/3126/1124
f 2505/3132/1124 2475/3139/1124 2507/3126/1124
f 2481/3134/1124 2483/3124/1124 2507/3126/1124
f 2491/3136/1124 2493/3129/1124 2507/3126/1124
f 2501/3138/1124 2503/3131/1124 2507/3126/1124
f 2477/3140/1124 2479/3133/1124 2507/3126/1124
f 2487/3141/1124 2489/3135/1124 2507/3126/1124
f 2497/3142/1124 2499/3137/1124 2507/3126/1124
f 2476/3143/1536 2506/3144/1536 2508/3119/1536
f 2498/3145/1536 2496/3146/1536 2508/3119/1536
f 2488/3147/1536 2486/3148/1536 2508/3119/1536
f 2502/3149/1536 2500/3150/1536 2508/3119/1536
f 2478/3118/1536 2476/3143/1536 2508/3119/1536
f 2492/3151/1536 2490/3152/1536 2508/3119/1536
f 2482/3128/1536 2480/3117/1536 2508/3119/1536
f 2506/3144/1536 2504/3153/1536 2508/3119/1536
f 2496/3146/1536 2494/3154/1536 2508/3119/1536
f 2486/3148/1536 2484/3127/1536 2508/3119/1536
f 2500/3150/1536 2498/3145/1536 2508/3119/1536
f 2490/3152/1536 2488/3147/1536 2508/3119/1536
f 2494/3154/1536 2492/3151/1536 2508/3119/1536
f 2504/3153/1536 2502/3149/1536 2508/3119/1536
f 7910/3087/1600 7911/3090/2048 7912/3089/2048 7913/3088/1600
f 7911/3090/2048 7914/3092/2049 7915/3091/2049 7912/3089/2048
f 7914/3092/2049 7916/3094/2050 7917/3093/2050 7915/3091/2049
f 7916/3094/2050 7918/3096/1240 7919/3095/1240 7917/3093/2050
f 7918/3096/1240 7920/3098/2051 7921/3097/2051 7919/3095/1240
f 7920/3098/2051 7922/3100/2052 7923/3099/2052 7921/3097/2051
f 7922/3100/2052 7924/3102/2053 7925/3101/2053 7923/3099/2052
f 7924/3102/2053 7926/3104/1268 7927/3103/1268 7925/3101/2053
f 7926/3104/1268 7928/3106/2054 7929/3105/2054 7927/3103/1268
f 7928/3106/2054 7930/3108/2055 7931/3107/2055 7929/3105/2054
f 7930/3108/2055 7932/3110/2056 7933/3109/2056 7931/3107/2055
f 7932/3110/2056 7934/3112/1231 7935/3111/1231 7933/3109/2056
f 7934/3112/1231 7936/3114/2057 7937/3113/2057 7935/3111/1231
f 7936/3114/2057 7938/3116/2058 7939/3115/2058 7937/3113/2057
f 2514/3117/1124 2542/3119/1124 2512/3118/1124
f 7938/3116/2058 7940/3121/2059 7941/3120/2059 7939/3115/2058
f 7940/3122/2059 7910/3087/1600 7913/3088/1600 7941/3123/2059
f 2517/3124/1536 2541/3126/1536 2519/3125/1536
f 2518/3127/1124 2542/3119/1124 2516/3128/1124
f 2527/3129/1536 2541/3126/1536 2529/3130/1536
f 2537/3131/1536 2541/3126/1536 2539/3132/1536
f 2513/3133/1536 2541/3126/1536 2515/3134/1536
f 2523/3135/1536 2541/3126/1536 2525/3136/1536
f 2533/3137/1536 2541/3126/1536 2535/3138/1536
f 2509/3139/1536 2541/3126/1536 2511/3140/1536
f 2519/3125/1536 2541/3126/1536 2521/3141/1536
f 2529/3130/1536 2541/3126/1536 2531/3142/1536
f 2539/3132/1536 2541/3126/1536 2509/3139/1536
f 2515/3134/1536 2541/3126/1536 2517/3124/1536
f 2525/3136/1536 2541/3126/1536 2527/3129/1536
f 2535/3138/1536 2541/3126/1536 2537/3131/1536
f 2511/3140/1536 2541/3126/1536 2513/3133/1536
f 2521/3141/1536 2541/3126/1536 2523/3135/1536
f 2531/3142/1536 2541/3126/1536 2533/3137/1536
f 2510/3143/1124 2542/3119/1124 2540/3144/1124
f 2532/3145/1124 2542/3119/1124 2530/3146/1124
f 2522/3147/1124 2542/3119/1124 2520/3148/1124
f 2536/3149/1124 2542/3119/1124 2534/3150/1124
f 2512/3118/1124 2542/3119/1124 2510/3143/1124
f 2526/3151/1124 2542/3119/1124 2524/3152/1124
f 2516/3128/1124 2542/3119/1124 2514/3117/1124
f 2540/3144/1124 2542/3119/1124 2538/3153/1124
f 2530/3146/1124 2542/3119/1124 2528/3154/1124
f 2520/3148/1124 2542/3119/1124 2518/3127/1124
f 2534/3150/1124 2542/3119/1124 2532/3145/1124
f 2524/3152/1124 2542/3119/1124 2522/3147/1124
f 2528/3154/1124 2542/3119/1124 2526/3151/1124
f 2538/3153/1124 2542/3119/1124 2536/3149/1124
f 2551/3407/2209 7947/3408/2210 7948/3409/2211 7949/3410/2211
f 2553/3411/2212 7957/3412/2213 7956/3413/2213 7955/3414/2214
f 7944/3415/1268 7952/3416/1268 7953/3417/1268 7945/3418/1268
f 2552/3419/1124 2554/3420/1124 2550/3421/1124 2546/3422/1124
f 7942/3423/1536 7950/3424/1536 7951/3425/1536 7943/3426/1536
f 2545/3427/1536 2547/3428/1536 7950/3424/1536 7942/3423/1536
f 7946/3429/1124 7954/3430/1124 2554/3420/1124 2552/3419/1124
f 2548/3431/2215 2553/3411/2212 7955/3414/2214 2549/3432/2215
f 2543/3433/2216 2544/3434/2216 7947/3408/2210 2551/3407/2209
f 2563/3435/2217 7963/3436/2218 7964/3437/2219 7965/3438/2219
f 2565/3439/2220 7973/3440/2221 7972/3441/2221 7971/3442/2222
f 7960/3443/1268 7968/3444/1268 7969/3445/1268 7961/3446/1268
f 2564/3447/1124 2566/3448/1124 2562/3449/1124 2558/3450/1124
f 7958/3451/2223 7966/3452/2224 7967/3453/1536 7959/3454/1536
f 2557/3455/2225 2559/3456/2225 7966/3452/2224 7958/3451/2223
f 7962/3457/1124 7970/3458/1124 2566/3448/1124 2564/3447/1124
f 2560/3459/2226 2565/3439/2220 7971/3442/2222 2561/3460/2226
f 2555/3461/2227 2556/3462/2227 7963/3436/2218 2563/3435/2217
f 2575/3407/2228 7981/3410/2229 7980/3409/2229 7979/3408/2230
f 2577/3411/2231 7987/3414/2232 7988/3413/2233 7989/3412/2233
f 7976/3415/1268 7977/3418/1268 7985/3417/1268 7984/3416/1268
f 2576/3419/1536 2570/3422/1536 2574/3421/1536 2578/3420/1536
f 7974/3423/1124 7975/3426/1124 7983/3425/1124 7982/3424/1124
f 2569/3427/1124 7974/3423/1124 7982/3424/1124 2571/3428/1124
f 7978/3429/1536 2576/3419/1536 2578/3420/1536 7986/3430/1536
f 2572/3431/2234 2573/3432/2234 7987/3414/2232 2577/3411/2231
f 2567/3433/2235 2575/3407/2228 7979/3408/2230 2568/3434/2235
f 2587/3435/2236 7997/3438/2237 7996/3437/2237 7995/3436/2238
f 2589/3439/2239 8003/3442/2240 8004/3441/2241 8005/3440/2241
f 7992/3443/1268 7993/3446/1268 8001/3445/1268 8000/3444/1268
f 2588/3447/1536 2582/3450/1536 2586/3449/1536 2590/3448/1536
f 7990/3451/2242 7991/3454/1124 7999/3453/1124 7998/3452/2243
f 2581/3455/2244 7990/3451/2242 7998/3452/2243 2583/3456/2244
f 7994/3457/1536 2588/3447/1536 2590/3448/1536 8002/3458/1536
f 2584/3459/2245 2585/3460/2245 8003/3442/2240 2589/3439/2239
f 2579/3461/2246 2587/3435/2236 7995/3436/2238 2580/3462/2246
f 7141/1983/1481 7138/1982/1480 1446/1993/1268 1447/1992/1268
f 7165/2036/1525 1483/2046/1268 1482/2049/1268 7162/2037/1526
f 2599/3463/2247 2595/3464/2248 2596/3465/2249 2600/3466/2250
f 8009/3467/2251 8007/3468/2251 8006/3469/2252 8008/3470/2252
f 8013/3471/2253 8012/3472/2253 8007/3468/2251 8009/3467/2251
f 8011/3473/2254 2597/3474/2254 2593/3475/2255 8010/3476/2255
f 8014/3477/2256 2601/3478/2256 2597/3474/2254 8011/3473/2254
f 2594/3479/1536 8015/3480/1536 8016/3481/1536 2598/3482/1536
f 2598/3482/1536 8016/3481/1536 8017/3483/1536 2602/3484/1536
f 2603/3485/2257 2606/3486/2257 2607/3487/2258 2604/3488/2258
f 2604/3488/2258 2607/3487/2258 2608/3489/2259 2605/3490/2259
f 2595/3464/2248 2591/3491/2260 2592/3492/2261 2596/3465/2249
f 2595/3493/2248 2599/3494/2247 8019/3495/2262
f 2591/3496/2260 2595/3493/2248 8018/3497/2263
f 8019/3495/2262 8018/3497/2263 2595/3493/2248
f 2609/3498/2264 2611/3499/2264 2612/3500/2265 2610/3501/2266
f 2621/3502/2267 8026/3503/2268 8027/3504/2269 2615/3505/2270
f 2632/3506/2271 2616/3507/2272 2615/3505/2270 2633/3508/2273
f 2617/3509/1536 2631/3510/2274 2648/3511/2275
f 2630/3512/2276 2629/3513/2277 8021/3514/2278 8024/3515/2279
f 2648/3511/2275 2630/3512/2276 2651/3516/2280 3289/3517/2281
f 2629/3513/2277 2631/3510/2274 2613/3518/2282 2620/3519/2283
f 8020/3520/2284 8021/3514/2278 2629/3513/2277 2620/3519/2283
f 2617/3509/1536 2613/3518/2282 2631/3510/2274
f 2629/3513/2277 2630/3512/2276 2648/3511/2275 2631/3510/2274
f 2630/3512/2276 8024/3515/2279 8025/3521/2285 2651/3516/2280
f 2614/3522/2286 2634/3523/2287 2633/3508/2273 2615/3505/2270
f 2637/3524/2288 2645/3525/2289 8032/3526/2290
f 2646/3527/2291 2647/3528/2292 8033/3529/2293
f 2645/3525/2289 2646/3527/2291 8032/3526/2290
f 8030/3530/2294 2637/3524/2288 8031/3531/2295
f 2647/3528/2292 8035/3532/2296 8033/3529/2293
f 8034/3533/2297 2637/3524/2288 8032/3526/2290
f 2637/3524/2288 8030/3530/2294 2635/3534/1124
f 8030/3530/2294 8023/3535/2298 2635/3534/1124
f 8023/3535/2298 8022/3536/2299 2635/3534/1124
f 8032/3526/2290 2646/3527/2291 8033/3529/2293
f 8031/3531/2295 2637/3524/2288 8034/3533/2297
f 2623/3537/2300 2625/3537/2301 2641/3538/2302 2639/3539/2303
f 2625/3537/2301 2624/3537/2304 2640/3540/2305 2641/3538/2302
f 2626/3537/2306 2627/3537/2307 2643/3541/2308 2642/3542/2309
f 2627/3537/2307 8028/3537/2310 2638/3537/2311 2643/3541/2308
f 8028/3537/2310 2623/3537/2300 2639/3539/2303 2638/3537/2311
f 8029/3537/2312 2626/3537/2306 2642/3542/2309 2636/3543/2312
f 2624/3537/2304 2628/3537/2313 2644/3544/2313 2640/3540/2305
f 2650/3545/2314 2649/3546/2315 3289/3517/2281 2651/3516/2280
f 2621/3502/2267 2622/3547/2316 2649/3546/2315 2650/3545/2314
f 2650/3545/2314 2619/3548/2317 8026/3503/2268 2621/3502/2267
f 2615/3505/2270 8027/3504/2269 2618/3549/2318 2614/3522/2286
f 2650/3545/2314 2651/3516/2280 8025/3521/2285 2619/3548/2317
f 2616/3507/2272 2622/3547/2316 2621/3502/2267 2615/3505/2270
f 2656/3550/2319 2657/3551/2320 2653/3552/2321 2652/3553/2322
f 8037/3554/2323 8008/3555/2252 8006/3556/2252 8036/3557/2323
f 8040/3558/2324 8037/3554/2323 8036/3557/2323 8039/3559/2324
f 8038/3560/2325 8010/3561/2255 2593/3562/2255 2654/3563/2325
f 8041/3564/2326 8038/3560/2325 2654/3563/2325 2658/3565/2326
f 2594/3566/1536 2655/3567/1536 8042/3568/1536 8015/3569/1536
f 2655/3567/1536 2659/3570/1536 8043/3571/1536 8042/3568/1536
f 2603/3572/2257 2660/3573/2327 2662/3574/2327 2606/3575/2257
f 2660/3573/2327 2661/3576/2328 2663/3577/2328 2662/3574/2327
f 2652/3553/2322 2653/3552/2321 2592/3578/2261 2591/3579/2260
f 2652/3580/2322 8044/3581/2329 2656/3582/2319
f 2591/3583/2260 8018/3584/2263 2652/3580/2322
f 8044/3581/2329 2652/3580/2322 8018/3584/2263
f 2609/3585/2264 2664/3586/2330 2665/3587/2331 2611/3588/2264
f 2669/3589/2332 2666/3590/2333 8050/3591/2334 8049/3592/2335
f 2679/3593/2336 2680/3594/2337 2666/3590/2333 2667/3595/2338
f 2617/3509/1536 2690/3596/2339 2678/3597/2340
f 2677/3598/2341 8047/3599/2342 8045/3600/2343 2676/3601/2344
f 2690/3596/2339 2691/3602/2345 2694/3603/2346 2677/3598/2341
f 2676/3601/2344 2620/3519/2283 2613/3518/2282 2678/3597/2340
f 8020/3520/2284 2620/3519/2283 2676/3601/2344 8045/3600/2343
f 2617/3509/1536 2678/3597/2340 2613/3518/2282
f 2676/3601/2344 2678/3597/2340 2690/3596/2339 2677/3598/2341
f 2677/3598/2341 2694/3603/2346 8048/3604/2347 8047/3599/2342
f 2614/3522/2286 2666/3590/2333 2680/3594/2337 2634/3523/2287
f 2681/3605/2348 8054/3606/2349 2688/3607/2350
f 2689/3608/2351 8055/3609/2352 2647/3528/2292
f 2688/3607/2350 8054/3606/2349 2689/3608/2351
f 8052/3610/2353 8053/3611/2354 2681/3605/2348
f 2647/3528/2292 8055/3609/2352 8035/3532/2296
f 8056/3612/2355 8054/3606/2349 2681/3605/2348
f 2681/3605/2348 2635/3534/1124 8052/3610/2353
f 8052/3610/2353 2635/3534/1124 8046/3613/2356
f 8046/3613/2356 2635/3534/1124 8022/3536/2299
f 8054/3606/2349 8055/3609/2352 2689/3608/2351
f 8053/3611/2354 8056/3612/2355 2681/3605/2348
f 2671/3537/2357 2683/3614/2358 2685/3615/2359 2673/3537/2360
f 2673/3537/2360 2685/3615/2359 2684/3616/2361 2672/3537/2362
f 2674/3537/2363 2686/3617/2364 2687/3618/2365 2675/3537/2366
f 2675/3537/2366 2687/3618/2365 2682/3619/2367 8051/3537/2368
f 8051/3537/2368 2682/3619/2367 2683/3614/2358 2671/3537/2357
f 8029/3537/2312 2636/3543/2312 2686/3617/2364 2674/3537/2363
f 2672/3537/2362 2684/3616/2361 2644/3620/2313 2628/3537/2313
f 2693/3621/2369 2694/3603/2346 2691/3602/2345 2692/3622/2370
f 2669/3589/2332 2693/3621/2369 2692/3622/2370 2670/3623/2371
f 2693/3621/2369 2669/3589/2332 8049/3592/2335 2668/3624/2372
f 2666/3590/2333 2614/3522/2286 2618/3549/2318 8050/3591/2334
f 2693/3621/2369 2668/3624/2372 8048/3604/2347 2694/3603/2346
f 2667/3595/2338 2666/3590/2333 2669/3589/2332 2670/3623/2371
f 2656/3550/2319 2699/3625/2373 2700/3626/2374 2657/3551/2320
f 8060/3627/2375 8058/3628/2375 8057/3629/2376 8059/3630/2376
f 8040/3558/2324 8039/3559/2324 8058/3628/2375 8060/3627/2375
f 8062/3631/2377 2701/3632/2377 2697/3633/2378 8061/3634/2378
f 8041/3564/2326 2658/3565/2326 2701/3632/2377 8062/3631/2377
f 2698/3635/1536 8063/3636/1536 8064/3637/1536 2702/3638/1536
f 2702/3638/1536 8064/3637/1536 8043/3571/1536 2659/3570/1536
f 2703/3639/2379 2705/3640/2379 2706/3641/2380 2704/3642/2380
f 2704/3642/2380 2706/3641/2380 2663/3577/2328 2661/3576/2328
f 2699/3625/2373 2695/3643/2381 2696/3644/2382 2700/3626/2374
f 2699/3645/2373 2656/3582/2319 8044/3581/2329
f 2695/3646/2381 2699/3645/2373 8065/3647/2383
f 8044/3581/2329 8065/3647/2383 2699/3645/2373
f 2750/3648/2384 2707/3649/2385 2665/3587/2331 2664/3586/2330
f 2714/3650/2386 8072/3651/2387 8073/3652/2388 2710/3653/2389
f 2679/3593/2336 2667/3595/2338 2710/3653/2389 2724/3654/2390
f 2617/3509/1536 2723/3655/2391 2690/3596/2339
f 2722/3656/2392 2721/3657/2393 8067/3658/2394 8070/3659/2395
f 2690/3596/2339 2722/3656/2392 2737/3660/2396 2691/3602/2345
f 2721/3657/2393 2723/3655/2391 2708/3661/2397 2713/3662/2398
f 8066/3663/2399 8067/3658/2394 2721/3657/2393 2713/3662/2398
f 2617/3509/1536 2708/3661/2397 2723/3655/2391
f 2721/3657/2393 2722/3656/2392 2690/3596/2339 2723/3655/2391
f 2722/3656/2392 8070/3659/2395 8071/3664/2400 2737/3660/2396
f 2709/3665/2401 2725/3666/2402 2724/3654/2390 2710/3653/2389
f 2681/3605/2348 2688/3607/2350 8078/3667/2403
f 2734/3668/2404 2735/3669/2405 8079/3670/2406
f 2688/3607/2350 2734/3668/2404 8078/3667/2403
f 8076/3671/2407 2681/3605/2348 8077/3672/2408
f 2735/3669/2405 8081/3673/2409 8079/3670/2406
f 8080/3674/2410 2681/3605/2348 8078/3667/2403
f 2681/3605/2348 8076/3671/2407 2635/3534/1124
f 8076/3671/2407 8069/3675/2411 2635/3534/1124
f 8069/3675/2411 8068/3676/2412 2635/3534/1124
f 8078/3667/2403 2734/3668/2404 8079/3670/2406
f 8077/3672/2408 2681/3605/2348 8080/3674/2410
f 2715/3677/2413 2717/3678/2414 2730/3679/2415 2728/3680/2416
f 2717/3678/2414 2716/3681/2417 2729/3682/2418 2730/3679/2415
f 2718/3683/2419 2719/3684/2420 2732/3685/2421 2731/3686/2422
f 2719/3684/2420 8074/3687/2423 2727/3688/2424 2732/3685/2421
f 8074/3687/2423 2715/3677/2413 2728/3680/2416 2727/3688/2424
f 8075/3689/2425 2718/3683/2419 2731/3686/2422 2726/3690/2425
f 2716/3681/2417 2720/3691/2426 2733/3692/2426 2729/3682/2418
f 2736/3693/2427 2692/3622/2370 2691/3602/2345 2737/3660/2396
f 2714/3650/2386 2670/3623/2371 2692/3622/2370 2736/3693/2427
f 2736/3693/2427 2712/3694/2428 8072/3651/2387 2714/3650/2386
f 2710/3653/2389 8073/3652/2388 2711/3695/2429 2709/3665/2401
f 2736/3693/2427 2737/3660/2396 8071/3664/2400 2712/3694/2428
f 2667/3595/2338 2670/3623/2371 2714/3650/2386 2710/3653/2389
f 2742/3696/2430 2743/3697/2431 2739/3698/2432 2738/3699/2433
f 8083/3700/2434 8059/3630/2376 8057/3629/2376 8082/3701/2434
f 8086/3702/2435 8083/3700/2434 8082/3701/2434 8085/3703/2435
f 8084/3704/2436 8061/3634/2378 2697/3633/2378 2740/3705/2436
f 8087/3706/2437 8084/3704/2436 2740/3705/2436 2744/3707/2437
f 2698/3635/1536 2741/3708/1536 8088/3709/1536 8063/3636/1536
f 2741/3708/1536 2745/3710/1536 8089/3711/1536 8088/3709/1536
f 2703/3639/2379 2746/3712/2438 2748/3713/2438 2705/3640/2379
f 2746/3712/2438 2747/3714/2439 2749/3715/2439 2748/3713/2438
f 2738/3699/2433 2739/3698/2432 2696/3644/2382 2695/3643/2381
f 2738/3716/2433 8090/3717/2440 2742/3718/2430
f 2695/3646/2381 8065/3647/2383 2738/3716/2433
f 8090/3717/2440 2738/3716/2433 8065/3647/2383
f 2750/3648/2384 2751/3719/2441 2752/3720/2442 2707/3649/2385
f 2756/3721/2443 2753/3722/2444 8096/3723/2445 8095/3724/2446
f 2766/3725/2447 2767/3726/2448 2753/3722/2444 2754/3727/2449
f 2617/3509/1536 2777/3728/2450 2765/3729/2451
f 2764/3730/2452 8093/3731/2453 8091/3732/2454 2763/3733/2455
f 2777/3728/2450 2778/3734/2456 2781/3735/2457 2764/3730/2452
f 2763/3733/2455 2713/3662/2398 2708/3661/2397 2765/3729/2451
f 8066/3663/2399 2713/3662/2398 2763/3733/2455 8091/3732/2454
f 2617/3509/1536 2765/3729/2451 2708/3661/2397
f 2763/3733/2455 2765/3729/2451 2777/3728/2450 2764/3730/2452
f 2764/3730/2452 2781/3735/2457 8094/3736/2458 8093/3731/2453
f 2709/3665/2401 2753/3722/2444 2767/3726/2448 2725/3666/2402
f 2768/3737/2459 8100/3738/2460 2775/3739/2461
f 2776/3740/2462 8101/3741/2463 2735/3669/2405
f 2775/3739/2461 8100/3738/2460 2776/3740/2462
f 8098/3742/2464 8099/3743/2465 2768/3737/2459
f 2735/3669/2405 8101/3741/2463 8081/3673/2409
f 8102/3744/2466 8100/3738/2460 2768/3737/2459
f 2768/3737/2459 2635/3534/1124 8098/3742/2464
f 8098/3742/2464 2635/3534/1124 8092/3745/2467
f 8092/3745/2467 2635/3534/1124 8068/3676/2412
f 8100/3738/2460 8101/3741/2463 2776/3740/2462
f 8099/3743/2465 8102/3744/2466 2768/3737/2459
f 2758/3746/2468 2770/3747/2469 2772/3748/2470 2760/3749/2471
f 2760/3749/2471 2772/3748/2470 2771/3750/2472 2759/3751/2473
f 2761/3752/2474 2773/3753/2475 2774/3754/2476 2762/3755/2477
f 2762/3755/2477 2774/3754/2476 2769/3756/2478 8097/3757/2479
f 8097/3757/2479 2769/3756/2478 2770/3747/2469 2758/3746/2468
f 8075/3689/2425 2726/3690/2425 2773/3753/2475 2761/3752/2474
f 2759/3751/2473 2771/3750/2472 2733/3758/2426 2720/3759/2426
f 2780/3760/2480 2781/3735/2457 2778/3734/2456 2779/3761/2481
f 2756/3721/2443 2780/3760/2480 2779/3761/2481 2757/3762/2482
f 2780/3760/2480 2756/3721/2443 8095/3724/2446 2755/3763/2483
f 2753/3722/2444 2709/3665/2401 2711/3695/2429 8096/3723/2445
f 2780/3760/2480 2755/3763/2483 8094/3736/2458 2781/3735/2457
f 2754/3727/2449 2753/3722/2444 2756/3721/2443 2757/3762/2482
f 2742/3696/2430 2786/3764/2484 2787/3765/2485 2743/3697/2431
f 8106/3766/2486 8104/3767/2486 8103/3768/2487 8105/3769/2487
f 8086/3702/2435 8085/3703/2435 8104/3767/2486 8106/3766/2486
f 8108/3770/2488 2788/3771/2488 2784/3772/2489 8107/3773/2489
f 8087/3706/2437 2744/3707/2437 2788/3771/2488 8108/3770/2488
f 2785/3774/1536 8109/3775/1536 8110/3776/1536 2789/3777/1536
f 2789/3777/1536 8110/3776/1536 8089/3711/1536 2745/3710/1536
f 2790/3778/2490 2792/3779/2490 2793/3780/2491 2791/3781/2491
f 2791/3781/2491 2793/3780/2491 2749/3715/2439 2747/3714/2439
f 2786/3764/2484 2782/3782/2492 2783/3783/2493 2787/3765/2485
f 2786/3784/2484 2742/3718/2430 8090/3717/2440
f 2782/3785/2492 2786/3784/2484 8111/3786/2494
f 8090/3717/2440 8111/3786/2494 2786/3784/2484
f 2794/3787/2495 2795/3788/2495 2752/3720/2442 2751/3719/2441
f 2802/3789/2496 8118/3790/2497 8119/3791/2498 2798/3792/2499
f 2766/3725/2447 2754/3727/2449 2798/3792/2499 2812/3793/2500
f 2617/3509/1536 2811/3794/2501 2777/3728/2450
f 2810/3795/2502 2809/3796/2503 8113/3797/2504 8116/3798/2505
f 2777/3728/2450 2810/3795/2502 2825/3799/2506 2778/3734/2456
f 2809/3796/2503 2811/3794/2501 2796/3800/2507 2801/3801/2508
f 8112/3802/2509 8113/3797/2504 2809/3796/2503 2801/3801/2508
f 2617/3509/1536 2796/3800/2507 2811/3794/2501
f 2809/3796/2503 2810/3795/2502 2777/3728/2450 2811/3794/2501
f 2810/3795/2502 8116/3798/2505 8117/3803/2510 2825/3799/2506
f 2797/3804/2511 2813/3805/2512 2812/3793/2500 2798/3792/2499
f 2768/3737/2459 2775/3739/2461 8124/3806/2513
f 2822/3807/2514 2823/3808/2515 8125/3809/2516
f 2775/3739/2461 2822/3807/2514 8124/3806/2513
f 8122/3810/2517 2768/3737/2459 8123/3811/2518
f 2823/3808/2515 8127/3812/2519 8125/3809/2516
f 8126/3813/2520 2768/3737/2459 8124/3806/2513
f 2768/3737/2459 8122/3810/2517 2635/3534/1124
f 8122/3810/2517 8115/3814/2521 2635/3534/1124
f 8115/3814/2521 8114/3815/2522 2635/3534/1124
f 8124/3806/2513 2822/3807/2514 8125/3809/2516
f 8123/3811/2518 2768/3737/2459 8126/3813/2520
f 2803/3816/2523 2805/3817/2524 2818/3818/2525 2816/3819/2526
f 2805/3817/2524 2804/3820/2527 2817/3821/2528 2818/3818/2525
f 2806/3822/2529 2807/3823/2530 2820/3824/2531 2819/3825/2532
f 2807/3823/2530 8120/3826/2533 2815/3827/2534 2820/3824/2531
f 8120/3826/2533 2803/3816/2523 2816/3819/2526 2815/3827/2534
f 8121/3828/2535 2806/3822/2529 2819/3825/2532 2814/3829/2535
f 2804/3820/2527 2808/3830/2536 2821/3831/2536 2817/3821/2528
f 2824/3832/2537 2779/3761/2481 2778/3734/2456 2825/3799/2506
f 2802/3789/2496 2757/3762/2482 2779/3761/2481 2824/3832/2537
f 2824/3832/2537 2800/3833/2538 8118/3790/2497 2802/3789/2496
f 2798/3792/2499 8119/3791/2498 2799/3834/2539 2797/3804/2511
f 2824/3832/2537 2825/3799/2506 8117/3803/2510 2800/3833/2538
f 2754/3727/2449 2757/3762/2482 2802/3789/2496 2798/3792/2499
f 2830/3835/2540 2831/3836/2541 2827/3837/2542 2826/3838/2543
f 8129/3839/2544 8105/3769/2487 8103/3768/2487 8128/3840/2544
f 8132/3841/2545 8129/3839/2544 8128/3840/2544 8131/3842/2545
f 8130/3843/2546 8107/3773/2489 2784/3772/2489 2828/3844/2546
f 8133/3845/2547 8130/3843/2546 2828/3844/2546 2832/3846/2547
f 2785/3774/1536 2829/3847/1536 8134/3848/1536 8109/3775/1536
f 2829/3847/1536 2833/3849/1536 8135/3850/1536 8134/3848/1536
f 2790/3778/2490 2834/3851/2548 2836/3852/2548 2792/3779/2490
f 2834/3851/2548 2835/3853/2549 2837/3854/2549 2836/3852/2548
f 2826/3838/2543 2827/3837/2542 2783/3783/2493 2782/3782/2492
f 2826/3855/2543 8136/3856/2550 2830/3857/2540
f 2782/3785/2492 8111/3786/2494 2826/3855/2543
f 8136/3856/2550 2826/3855/2543 8111/3786/2494
f 2794/3787/2495 2838/3858/2551 2839/3859/2552 2795/3788/2495
f 2843/3860/2553 2840/3861/2554 8142/3862/2555 8141/3863/2556
f 2853/3864/2557 2854/3865/2558 2840/3861/2554 2841/3866/2559
f 2617/3509/1536 2864/3867/2560 2852/3868/2561
f 2851/3869/2562 8139/3870/2563 8137/3871/2564 2850/3872/2565
f 2864/3867/2560 2865/3873/2566 2868/3874/2567 2851/3869/2562
f 2850/3872/2565 2801/3801/2508 2796/3800/2507 2852/3868/2561
f 8112/3802/2509 2801/3801/2508 2850/3872/2565 8137/3871/2564
f 2617/3509/1536 2852/3868/2561 2796/3800/2507
f 2850/3872/2565 2852/3868/2561 2864/3867/2560 2851/3869/2562
f 2851/3869/2562 2868/3874/2567 8140/3875/2568 8139/3870/2563
f 2797/3804/2511 2840/3861/2554 2854/3865/2558 2813/3805/2512
f 2855/3876/2569 8146/3877/2570 2862/3878/2571
f 2863/3879/2572 8147/3880/2573 2823/3808/2515
f 2862/3878/2571 8146/3877/2570 2863/3879/2572
f 8144/3881/2574 8145/3882/2575 2855/3876/2569
f 2823/3808/2515 8147/3880/2573 8127/3812/2519
f 8148/3883/2576 8146/3877/2570 2855/3876/2569
f 2855/3876/2569 2635/3534/1124 8144/3881/2574
f 8144/3881/2574 2635/3534/1124 8138/3884/2577
f 8138/3884/2577 2635/3534/1124 8114/3815/2522
f 8146/3877/2570 8147/3880/2573 2863/3879/2572
f 8145/3882/2575 8148/3883/2576 2855/3876/2569
f 2845/3885/2578 2857/3886/2579 2859/3887/2580 2847/3888/2581
f 2847/3888/2581 2859/3887/2580 2858/3889/2582 2846/3890/2583
f 2848/3891/2584 2860/3892/2585 2861/3893/2586 2849/3894/2587
f 2849/3894/2587 2861/3893/2586 2856/3895/2588 8143/3896/2589
f 8143/3896/2589 2856/3895/2588 2857/3886/2579 2845/3885/2578
f 8121/3828/2535 2814/3829/2535 2860/3892/2585 2848/3891/2584
f 2846/3890/2583 2858/3889/2582 2821/3897/2536 2808/3898/2536
f 2867/3899/2590 2868/3874/2567 2865/3873/2566 2866/3900/2591
f 2843/3860/2553 2867/3899/2590 2866/3900/2591 2844/3901/2592
f 2867/3899/2590 2843/3860/2553 8141/3863/2556 2842/3902/2593
f 2840/3861/2554 2797/3804/2511 2799/3834/2539 8142/3862/2555
f 2867/3899/2590 2842/3902/2593 8140/3875/2568 2868/3874/2567
f 2841/3866/2559 2840/3861/2554 2843/3860/2553 2844/3901/2592
f 2830/3835/2540 2873/3903/2594 2874/3904/2595 2831/3836/2541
f 8152/3905/2596 8150/3906/2596 8149/3907/2597 8151/3908/2597
f 8132/3841/2545 8131/3842/2545 8150/3906/2596 8152/3905/2596
f 8154/3909/2598 2875/3910/2598 2871/3911/2599 8153/3912/2599
f 8133/3845/2547 2832/3846/2547 2875/3910/2598 8154/3909/2598
f 2872/3913/1536 8155/3914/1536 8156/3915/1536 2876/3916/1536
f 2876/3916/1536 8156/3915/1536 8135/3850/1536 2833/3849/1536
f 2877/3917/2600 2879/3918/2600 2880/3919/2601 2878/3920/2601
f 2878/3920/2601 2880/3919/2601 2837/3854/2549 2835/3853/2549
f 2873/3903/2594 2869/3921/2602 2870/3922/2603 2874/3904/2595
f 2873/3923/2594 2830/3857/2540 8136/3856/2550
f 2869/3924/2602 2873/3923/2594 8157/3925/2604
f 8136/3856/2550 8157/3925/2604 2873/3923/2594
f 2924/3926/2605 2881/3927/2606 2839/3859/2552 2838/3858/2551
f 2888/3928/2607 8164/3929/2608 8165/3930/2609 2884/3931/2610
f 2853/3864/2557 2841/3866/2559 2884/3931/2610 2898/3932/2611
f 2617/3509/1536 2897/3933/2612 2864/3867/2560
f 2896/3934/2613 2895/3935/2614 8159/3936/2615 8162/3937/2616
f 2864/3867/2560 2896/3934/2613 2911/3938/2617 2865/3873/2566
f 2895/3935/2614 2897/3933/2612 2882/3939/2618 2887/3940/2619
f 8158/3941/2620 8159/3936/2615 2895/3935/2614 2887/3940/2619
f 2617/3509/1536 2882/3939/2618 2897/3933/2612
f 2895/3935/2614 2896/3934/2613 2864/3867/2560 2897/3933/2612
f 2896/3934/2613 8162/3937/2616 8163/3942/2621 2911/3938/2617
f 2883/3943/2622 2899/3944/2623 2898/3932/2611 2884/3931/2610
f 2855/3876/2569 2862/3878/2571 8170/3945/2624
f 2908/3946/2625 2909/3947/2626 8171/3948/2627
f 2862/3878/2571 2908/3946/2625 8170/3945/2624
f 8168/3949/2628 2855/3876/2569 8169/3950/2629
f 2909/3947/2626 8173/3951/2630 8171/3948/2627
f 8172/3952/2631 2855/3876/2569 8170/3945/2624
f 2855/3876/2569 8168/3949/2628 2635/3534/1124
f 8168/3949/2628 8161/3953/2632 2635/3534/1124
f 8161/3953/2632 8160/3954/2633 2635/3534/1124
f 8170/3945/2624 2908/3946/2625 8171/3948/2627
f 8169/3950/2629 2855/3876/2569 8172/3952/2631
f 2889/3955/2634 2891/3956/2635 2904/3957/2636 2902/3958/2637
f 2891/3956/2635 2890/3959/2638 2903/3960/2639 2904/3957/2636
f 2892/3961/2640 2893/3962/2641 2906/3963/2642 2905/3964/2643
f 2893/3962/2641 8166/3965/2644 2901/3966/2645 2906/3963/2642
f 8166/3965/2644 2889/3955/2634 2902/3958/2637 2901/3966/2645
f 8167/3967/2646 2892/3961/2640 2905/3964/2643 2900/3968/2646
f 2890/3959/2638 2894/3969/2647 2907/3970/2647 2903/3960/2639
f 2910/3971/2648 2866/3900/2591 2865/3873/2566 2911/3938/2617
f 2888/3928/2607 2844/3901/2592 2866/3900/2591 2910/3971/2648
f 2910/3971/2648 2886/3972/2649 8164/3929/2608 2888/3928/2607
f 2884/3931/2610 8165/3930/2609 2885/3973/2650 2883/3943/2622
f 2910/3971/2648 2911/3938/2617 8163/3942/2621 2886/3972/2649
f 2841/3866/2559 2844/3901/2592 2888/3928/2607 2884/3931/2610
f 2916/3974/2651 2917/3975/2652 2913/3976/2653 2912/3977/2654
f 8175/3978/2655 8151/3908/2597 8149/3907/2597 8174/3979/2655
f 8178/3980/2656 8175/3978/2655 8174/3979/2655 8177/3981/2656
f 8176/3982/2657 8153/3912/2599 2871/3911/2599 2914/3983/2657
f 8179/3984/2658 8176/3982/2657 2914/3983/2657 2918/3985/2658
f 2872/3913/1536 2915/3986/1536 8180/3987/1536 8155/3914/1536
f 2915/3986/1536 2919/3988/1536 8181/3989/1536 8180/3987/1536
f 2877/3917/2600 2920/3990/2659 2922/3991/2659 2879/3918/2600
f 2920/3990/2659 2921/3992/2660 2923/3993/2660 2922/3991/2659
f 2912/3977/2654 2913/3976/2653 2870/3922/2603 2869/3921/2602
f 2912/3994/2654 8182/3995/2661 2916/3996/2651
f 2869/3924/2602 8157/3925/2604 2912/3994/2654
f 8182/3995/2661 2912/3994/2654 8157/3925/2604
f 2924/3926/2605 2925/3997/2662 2926/3998/2663 2881/3927/2606
f 2930/3999/2664 2927/4000/2665 8188/4001/2666 8187/4002/2667
f 2940/4003/2668 2941/4004/2669 2927/4000/2665 2928/4005/2670
f 2617/3509/1536 2951/4006/2671 2939/4007/2672
f 2938/4008/2673 8185/4009/2674 8183/4010/2675 2937/4011/2676
f 2951/4006/2671 2952/4012/2677 2955/4013/2678 2938/4008/2673
f 2937/4011/2676 2887/3940/2619 2882/3939/2618 2939/4007/2672
f 8158/3941/2620 2887/3940/2619 2937/4011/2676 8183/4010/2675
f 2617/3509/1536 2939/4007/2672 2882/3939/2618
f 2937/4011/2676 2939/4007/2672 2951/4006/2671 2938/4008/2673
f 2938/4008/2673 2955/4013/2678 8186/4014/2679 8185/4009/2674
f 2883/3943/2622 2927/4000/2665 2941/4004/2669 2899/3944/2623
f 2942/4015/2680 8192/4016/2681 2949/4017/2682
f 2950/4018/2683 8193/4019/2684 2909/3947/2626
f 2949/4017/2682 8192/4016/2681 2950/4018/2683
f 8190/4020/2685 8191/4021/2686 2942/4015/2680
f 2909/3947/2626 8193/4019/2684 8173/3951/2630
f 8194/4016/2687 8192/4016/2681 2942/4015/2680
f 2942/4015/2680 2635/3534/1124 8190/4020/2685
f 8190/4020/2685 2635/3534/1124 8184/4022/2688
f 8184/4022/2688 2635/3534/1124 8160/3954/2633
f 8192/4016/2681 8193/4019/2684 2950/4018/2683
f 8191/4021/2686 8194/4016/2687 2942/4015/2680
f 2932/4023/2689 2944/4024/2690 2946/4025/2691 2934/4026/2692
f 2934/4026/2692 2946/4025/2691 2945/4027/2693 2933/4028/2694
f 2935/4029/2695 2947/4030/2696 2948/4031/2697 2936/4032/2698
f 2936/4032/2698 2948/4031/2697 2943/4033/2699 8189/4034/2700
f 8189/4034/2700 2943/4033/2699 2944/4024/2690 2932/4023/2689
f 8167/3967/2646 2900/3968/2646 2947/4030/2696 2935/4029/2695
f 2933/4028/2694 2945/4027/2693 2907/4035/2647 2894/4036/2647
f 2954/4037/2701 2955/4013/2678 2952/4012/2677 2953/4038/2702
f 2930/3999/2664 2954/4037/2701 2953/4038/2702 2931/4039/2703
f 2954/4037/2701 2930/3999/2664 8187/4002/2667 2929/4040/2704
f 2927/4000/2665 2883/3943/2622 2885/3973/2650 8188/4001/2666
f 2954/4037/2701 2929/4040/2704 8186/4014/2679 2955/4013/2678
f 2928/4005/2670 2927/4000/2665 2930/3999/2664 2931/4039/2703
f 2916/3974/2651 2960/4041/2705 2961/4042/2706 2917/3975/2652
f 8198/4043/2707 8196/4044/2707 8195/4045/2708 8197/4046/2708
f 8178/3980/2656 8177/3981/2656 8196/4044/2707 8198/4043/2707
f 8200/4047/2709 2962/4048/2709 2958/4049/2710 8199/4050/2710
f 8179/3984/2658 2918/3985/2658 2962/4048/2709 8200/4047/2709
f 2959/4051/1536 8201/4052/1536 8202/4053/1536 2963/4054/1536
f 2963/4054/1536 8202/4053/1536 8181/3989/1536 2919/3988/1536
f 2964/4055/2711 2966/4056/2711 2967/4057/2712 2965/4058/2712
f 2965/4058/2712 2967/4057/2712 2923/3993/2660 2921/3992/2660
f 2960/4041/2705 2956/4059/2713 2957/4060/2714 2961/4042/2706
f 2960/4061/2705 2916/3996/2651 8182/3995/2661
f 2956/4062/2713 2960/4061/2705 8203/4063/2715
f 8182/3995/2661 8203/4063/2715 2960/4061/2705
f 3011/4064/2716 2968/4065/2717 2926/3998/2663 2925/3997/2662
f 2975/4066/2718 8210/4067/2719 8211/4068/2720 2971/4069/2721
f 2940/4003/2668 2928/4005/2670 2971/4069/2721 2985/4070/2722
f 2617/3509/1536 2984/4071/2723 2951/4006/2671
f 2983/4072/2724 2982/4073/2725 8205/4074/2726 8208/4075/2727
f 2951/4006/2671 2983/4072/2724 2998/4076/2728 2952/4012/2677
f 2982/4073/2725 2984/4071/2723 2969/4077/2729 2974/4078/2730
f 8204/4079/2731 8205/4074/2726 2982/4073/2725 2974/4078/2730
f 2617/3509/1536 2969/4077/2729 2984/4071/2723
f 2982/4073/2725 2983/4072/2724 2951/4006/2671 2984/4071/2723
f 2983/4072/2724 8208/4075/2727 8209/4080/2732 2998/4076/2728
f 2970/4081/2733 2986/4082/2734 2985/4070/2722 2971/4069/2721
f 2942/4015/2680 2949/4017/2682 8216/4083/2735
f 2995/4084/2736 2996/4085/2737 8217/4086/2738
f 2949/4017/2682 2995/4084/2736 8216/4083/2735
f 8214/4087/2739 2942/4015/2680 8215/4088/2740
f 2996/4085/2737 8219/4089/2741 8217/4086/2738
f 8218/4090/2742 2942/4015/2680 8216/4083/2735
f 2942/4015/2680 8214/4087/2739 2635/3534/1124
f 8214/4087/2739 8207/4091/2743 2635/3534/1124
f 8207/4091/2743 8206/4092/2744 2635/3534/1124
f 8216/4083/2735 2995/4084/2736 8217/4086/2738
f 8215/4088/2740 2942/4015/2680 8218/4090/2742
f 2976/4093/2745 2978/4094/2746 2991/4095/2747 2989/4096/2748
f 2978/4094/2746 2977/4097/2749 2990/4098/2750 2991/4095/2747
f 2979/4099/2751 2980/4100/2752 2993/4101/2753 2992/4102/2754
f 2980/4100/2752 8212/4103/2755 2988/4104/2756 2993/4101/2753
f 8212/4103/2755 2976/4093/2745 2989/4096/2748 2988/4104/2756
f 8213/4105/2757 2979/4099/2751 2992/4102/2754 2987/4106/2757
f 2977/4097/2749 2981/4107/2758 2994/4108/2758 2990/4098/2750
f 2997/4109/2759 2953/4038/2702 2952/4012/2677 2998/4076/2728
f 2975/4066/2718 2931/4039/2703 2953/4038/2702 2997/4109/2759
f 2997/4109/2759 2973/4110/2760 8210/4067/2719 2975/4066/2718
f 2971/4069/2721 8211/4068/2720 2972/4111/2761 2970/4081/2733
f 2997/4109/2759 2998/4076/2728 8209/4080/2732 2973/4110/2760
f 2928/4005/2670 2931/4039/2703 2975/4066/2718 2971/4069/2721
f 3003/4112/2762 3004/4113/2763 3000/4114/2764 2999/4115/2765
f 8221/4116/2766 8197/4117/2708 8195/4118/2708 8220/4119/2766
f 8224/4120/2767 8221/4116/2766 8220/4119/2766 8223/4121/2767
f 8222/4122/2768 8199/4123/2710 2958/4124/2710 3001/4125/2768
f 8225/4126/2769 8222/4122/2768 3001/4125/2768 3005/4127/2769
f 2959/4128/1536 3002/4129/1536 8226/4130/1536 8201/4131/1536
f 3002/4129/1536 3006/4132/1536 8227/4133/1536 8226/4130/1536
f 2964/4134/2711 3007/4135/2770 3009/4136/2770 2966/4137/2711
f 3007/4135/2770 3008/4138/2771 3010/4139/2771 3009/4136/2770
f 2999/4115/2765 3000/4114/2764 2957/4140/2714 2956/4141/2713
f 2999/4142/2765 8228/4143/2772 3003/4144/2762
f 2956/4145/2713 8203/4146/2715 2999/4142/2765
f 8228/4143/2772 2999/4142/2765 8203/4146/2715
f 3011/4147/2716 3012/4148/2773 3013/4149/2774 2968/4150/2717
f 3017/4151/2775 3014/4152/2776 8234/4153/2777 8233/4154/2778
f 3027/4155/2779 3028/4156/2780 3014/4152/2776 3015/4157/2781
f 2617/3509/1536 3038/4158/2782 3026/4159/2783
f 3025/4160/2784 8231/4161/2785 8229/4162/2786 3024/4163/2787
f 3038/4158/2782 3039/4164/2788 3042/4165/2789 3025/4160/2784
f 3024/4163/2787 2974/4078/2730 2969/4077/2729 3026/4159/2783
f 8204/4079/2731 2974/4078/2730 3024/4163/2787 8229/4162/2786
f 2617/3509/1536 3026/4159/2783 2969/4077/2729
f 3024/4163/2787 3026/4159/2783 3038/4158/2782 3025/4160/2784
f 3025/4160/2784 3042/4165/2789 8232/4166/2790 8231/4161/2785
f 2970/4081/2733 3014/4152/2776 3028/4156/2780 2986/4082/2734
f 3029/4167/2791 8238/4168/2792 3036/4169/2793
f 3037/4170/2794 8239/4171/2795 2996/4085/2737
f 3036/4169/2793 8238/4168/2792 3037/4170/2794
f 8236/4172/2796 8237/4173/2797 3029/4167/2791
f 2996/4085/2737 8239/4171/2795 8219/4089/2741
f 8240/4174/2798 8238/4168/2792 3029/4167/2791
f 3029/4167/2791 2635/3534/1124 8236/4172/2796
f 8236/4172/2796 2635/3534/1124 8230/4175/2799
f 8230/4175/2799 2635/3534/1124 8206/4092/2744
f 8238/4168/2792 8239/4171/2795 3037/4170/2794
f 8237/4173/2797 8240/4174/2798 3029/4167/2791
f 3019/4176/2800 3031/4177/2801 3033/4178/2802 3021/4179/2803
f 3021/4179/2803 3033/4178/2802 3032/4180/2804 3020/4181/2805
f 3022/4182/2806 3034/4183/2807 3035/4184/2808 3023/4185/2809
f 3023/4185/2809 3035/4184/2808 3030/4186/2810 8235/4187/2811
f 8235/4187/2811 3030/4186/2810 3031/4177/2801 3019/4176/2800
f 8213/4105/2757 2987/4106/2757 3034/4183/2807 3022/4182/2806
f 3020/4181/2805 3032/4180/2804 2994/4188/2758 2981/4189/2758
f 3041/4190/2812 3042/4165/2789 3039/4164/2788 3040/4191/2813
f 3017/4151/2775 3041/4190/2812 3040/4191/2813 3018/4192/2814
f 3041/4190/2812 3017/4151/2775 8233/4154/2778 3016/4193/2815
f 3014/4152/2776 2970/4081/2733 2972/4111/2761 8234/4153/2777
f 3041/4190/2812 3016/4193/2815 8232/4166/2790 3042/4165/2789
f 3015/4157/2781 3014/4152/2776 3017/4151/2775 3018/4192/2814
f 3003/4112/2762 3047/4194/2816 3048/4195/2817 3004/4113/2763
f 8244/4196/2818 8242/4197/2818 8241/4198/2819 8243/4199/2819
f 8224/4120/2767 8223/4121/2767 8242/4197/2818 8244/4196/2818
f 8246/4200/2820 3049/4201/2820 3045/4202/2821 8245/4203/2821
f 8225/4126/2769 3005/4127/2769 3049/4201/2820 8246/4200/2820
f 3046/4204/1536 8247/4205/1536 8248/4206/1536 3050/4207/1536
f 3050/4207/1536 8248/4206/1536 8227/4133/1536 3006/4132/1536
f 3051/4208/2822 3053/4209/2822 3054/4210/2823 3052/4211/2823
f 3052/4211/2823 3054/4210/2823 3010/4139/2771 3008/4138/2771
f 3047/4194/2816 3043/4212/2824 3044/4213/2825 3048/4195/2817
f 3047/4214/2816 3003/4144/2762 8228/4143/2772
f 3043/4215/2824 3047/4214/2816 8249/4216/2826
f 8228/4143/2772 8249/4216/2826 3047/4214/2816
f 3055/4217/2827 3056/4218/2828 3013/4149/2774 3012/4148/2773
f 3063/4219/2829 8256/4220/2830 8257/4221/2831 3059/4222/2832
f 3027/4155/2779 3015/4157/2781 3059/4222/2832 3073/4223/2833
f 2617/3509/1536 3072/4224/2834 3038/4158/2782
f 3071/4225/2835 3070/4226/2836 8251/4227/2837 8254/4228/2838
f 3038/4158/2782 3071/4225/2835 3086/4229/2839 3039/4164/2788
f 3070/4226/2836 3072/4224/2834 3057/4230/2840 3062/4231/2841
f 8250/4232/2842 8251/4227/2837 3070/4226/2836 3062/4231/2841
f 2617/3509/1536 3057/4230/2840 3072/4224/2834
f 3070/4226/2836 3071/4225/2835 3038/4158/2782 3072/4224/2834
f 3071/4225/2835 8254/4228/2838 8255/4233/2843 3086/4229/2839
f 3058/4234/2844 3074/4235/2845 3073/4223/2833 3059/4222/2832
f 3029/4167/2791 3036/4169/2793 8262/4236/2846
f 3083/4237/2847 3084/4238/2848 8263/4239/2849
f 3036/4169/2793 3083/4237/2847 8262/4236/2846
f 8260/4240/2850 3029/4167/2791 8261/4241/2851
f 3084/4238/2848 8265/4242/2852 8263/4239/2849
f 8264/4236/2853 3029/4167/2791 8262/4236/2846
f 3029/4167/2791 8260/4240/2850 2635/3534/1124
f 8260/4240/2850 8253/4240/2854 2635/3534/1124
f 8253/4240/2854 8252/4243/2855 2635/3534/1124
f 8262/4236/2846 3083/4237/2847 8263/4239/2849
f 8261/4241/2851 3029/4167/2791 8264/4236/2853
f 3064/4244/2856 3066/4245/2857 3079/4246/2858 3077/4247/2859
f 3066/4245/2857 3065/4248/2860 3078/4249/2861 3079/4246/2858
f 3067/4250/2862 3068/4251/2863 3081/4252/2864 3080/4253/2865
f 3068/4251/2863 8258/4254/2866 3076/4255/2867 3081/4252/2864
f 8258/4254/2866 3064/4244/2856 3077/4247/2859 3076/4255/2867
f 8259/4256/2868 3067/4250/2862 3080/4253/2865 3075/4257/2868
f 3065/4248/2860 3069/4258/2869 3082/4259/2869 3078/4249/2861
f 3085/4260/2870 3040/4191/2813 3039/4164/2788 3086/4229/2839
f 3063/4219/2829 3018/4192/2814 3040/4191/2813 3085/4260/2870
f 3085/4260/2870 3061/4261/2871 8256/4220/2830 3063/4219/2829
f 3059/4222/2832 8257/4221/2831 3060/4262/2872 3058/4234/2844
f 3085/4260/2870 3086/4229/2839 8255/4233/2843 3061/4261/2871
f 3015/4157/2781 3018/4192/2814 3063/4219/2829 3059/4222/2832
f 3091/4263/2873 3092/4264/2874 3088/4265/2875 3087/4266/2876
f 8267/4267/2877 8243/4199/2819 8241/4198/2819 8266/4268/2877
f 8270/4269/2878 8267/4267/2877 8266/4268/2877 8269/4270/2878
f 8268/4271/2879 8245/4203/2821 3045/4202/2821 3089/4272/2879
f 8271/4273/2880 8268/4271/2879 3089/4272/2879 3093/4274/2881
f 3046/4204/1536 3090/4275/1536 8272/4276/1536 8247/4205/1536
f 3090/4275/1536 3094/4277/1536 8273/4278/1536 8272/4276/1536
f 3051/4208/2822 3095/4279/2882 3097/4280/2882 3053/4209/2822
f 3095/4279/2882 3096/4281/2883 3098/4282/2883 3097/4280/2882
f 3087/4266/2876 3088/4265/2875 3044/4213/2825 3043/4212/2824
f 3087/4283/2876 8274/4284/2884 3091/4285/2873
f 3043/4215/2824 8249/4216/2826 3087/4283/2876
f 8274/4284/2884 3087/4283/2876 8249/4216/2826
f 3055/4217/2827 3099/4286/2885 3100/4287/2886 3056/4218/2828
f 3104/4288/2887 3101/4289/2888 8280/4290/2889 8279/4291/2890
f 3114/4292/2891 3115/4293/2892 3101/4289/2888 3102/4294/2893
f 2617/3509/1536 3125/4295/2894 3113/4296/2895
f 3112/4297/2896 8277/4298/2897 8275/4299/2898 3111/4300/2899
f 3125/4295/2894 3126/4301/2900 3129/4302/2901 3112/4297/2896
f 3111/4300/2899 3062/4231/2841 3057/4230/2840 3113/4296/2895
f 8250/4232/2842 3062/4231/2841 3111/4300/2899 8275/4299/2898
f 2617/3509/1536 3113/4296/2895 3057/4230/2840
f 3111/4300/2899 3113/4296/2895 3125/4295/2894 3112/4297/2896
f 3112/4297/2896 3129/4302/2901 8278/4303/2902 8277/4298/2897
f 3058/4234/2844 3101/4289/2888 3115/4293/2892 3074/4235/2845
f 3116/4304/2903 8284/4305/2904 3123/4306/2905
f 3124/4307/2906 8285/4308/2907 3084/4238/2848
f 3123/4306/2905 8284/4305/2904 3124/4307/2906
f 8282/4309/2908 8283/4310/2909 3116/4304/2903
f 3084/4238/2848 8285/4308/2907 8265/4242/2852
f 8286/4305/2910 8284/4305/2904 3116/4304/2903
f 3116/4304/2903 2635/3534/1124 8282/4309/2908
f 8282/4309/2908 2635/3534/1124 8276/4311/2911
f 8276/4311/2911 2635/3534/1124 8252/4243/2855
f 8284/4305/2904 8285/4308/2907 3124/4307/2906
f 8283/4310/2909 8286/4305/2910 3116/4304/2903
f 3106/4312/2912 3118/4313/2913 3120/4314/2914 3108/4315/2915
f 3108/4315/2915 3120/4314/2914 3119/4316/2916 3107/4317/2917
f 3109/4318/2918 3121/4319/2919 3122/4320/2920 3110/4321/2921
f 3110/4321/2921 3122/4320/2920 3117/4322/2922 8281/4323/2923
f 8281/4323/2923 3117/4322/2922 3118/4313/2913 3106/4312/2912
f 8259/4256/2868 3075/4257/2868 3121/4319/2919 3109/4318/2918
f 3107/4317/2917 3119/4316/2916 3082/4324/2869 3069/4325/2869
f 3128/4326/2924 3129/4302/2901 3126/4301/2900 3127/4327/2925
f 3104/4288/2887 3128/4326/2924 3127/4327/2925 3105/4328/2926
f 3128/4326/2924 3104/4288/2887 8279/4291/2890 3103/4329/2927
f 3101/4289/2888 3058/4234/2844 3060/4262/2872 8280/4290/2889
f 3128/4326/2924 3103/4329/2927 8278/4303/2902 3129/4302/2901
f 3102/4294/2893 3101/4289/2888 3104/4288/2887 3105/4328/2926
f 3091/4263/2873 3134/4330/2928 3135/4331/2929 3092/4264/2874
f 8290/4332/2930 8288/4333/2930 8287/4334/2931 8289/4335/2931
f 8270/4269/2878 8269/4270/2878 8288/4333/2930 8290/4332/2930
f 8292/4336/2932 3136/4337/2932 3132/4338/2933 8291/4339/2933
f 8271/4273/2880 3093/4274/2881 3136/4337/2932 8292/4336/2932
f 3133/4340/1536 8293/4341/1536 8294/4342/1536 3137/4343/1536
f 3137/4343/1536 8294/4342/1536 8273/4278/1536 3094/4277/1536
f 3138/4344/2934 3140/4345/2934 3141/4346/2935 3139/4347/2935
f 3139/4347/2935 3141/4346/2935 3098/4282/2883 3096/4281/2883
f 3134/4330/2928 3130/4348/2936 3131/4349/2937 3135/4331/2929
f 3134/4350/2928 3091/4285/2873 8274/4284/2884
f 3130/4351/2936 3134/4350/2928 8295/4352/2938
f 8274/4284/2884 8295/4352/2938 3134/4350/2928
f 3142/4353/2939 3143/4354/2939 3100/4287/2886 3099/4286/2885
f 3150/4355/2940 8302/4356/2941 8303/4357/2942 3146/4358/2943
f 3114/4292/2891 3102/4294/2893 3146/4358/2943 3160/4359/2944
f 2617/3509/1536 3159/4360/2945 3125/4295/2894
f 3158/4361/2946 3157/4362/2947 8297/4363/2948 8300/4364/2949
f 3125/4295/2894 3158/4361/2946 3173/4365/2950 3126/4301/2900
f 3157/4362/2947 3159/4360/2945 3144/4366/2951 3149/4367/2952
f 8296/4368/2953 8297/4363/2948 3157/4362/2947 3149/4367/2952
f 2617/3509/1536 3144/4366/2951 3159/4360/2945
f 3157/4362/2947 3158/4361/2946 3125/4295/2894 3159/4360/2945
f 3158/4361/2946 8300/4364/2949 8301/4369/2954 3173/4365/2950
f 3145/4370/2955 3161/4371/2956 3160/4359/2944 3146/4358/2943
f 3116/4304/2903 3123/4306/2905 8308/4372/2957
f 3170/4373/2958 3171/4374/2959 8309/4375/2960
f 3123/4306/2905 3170/4373/2958 8308/4372/2957
f 8306/4376/2961 3116/4304/2903 8307/4377/2962
f 3171/4374/2959 8311/4378/2963 8309/4375/2960
f 8310/4379/2964 3116/4304/2903 8308/4372/2957
f 3116/4304/2903 8306/4376/2961 2635/3534/1124
f 8306/4376/2961 8299/4380/2965 2635/3534/1124
f 8299/4380/2965 8298/4381/2966 2635/3534/1124
f 8308/4372/2957 3170/4373/2958 8309/4375/2960
f 8307/4377/2962 3116/4304/2903 8310/4379/2964
f 3151/4382/2967 3153/4383/2968 3166/4384/2969 3164/4385/2970
f 3153/4383/2968 3152/4386/2971 3165/4387/2972 3166/4384/2969
f 3154/4388/2973 3155/4389/2974 3168/4390/2975 3167/4391/2976
f 3155/4389/2974 8304/4392/2977 3163/4393/2978 3168/4390/2975
f 8304/4392/2977 3151/4382/2967 3164/4385/2970 3163/4393/2978
f 8305/4394/2979 3154/4388/2973 3167/4391/2976 3162/4395/2979
f 3152/4386/2971 3156/4396/2980 3169/4397/2980 3165/4387/2972
f 3172/4398/2981 3127/4327/2925 3126/4301/2900 3173/4365/2950
f 3150/4355/2940 3105/4328/2926 3127/4327/2925 3172/4398/2981
f 3172/4398/2981 3148/4399/2982 8302/4356/2941 3150/4355/2940
f 3146/4358/2943 8303/4357/2942 3147/4400/2983 3145/4370/2955
f 3172/4398/2981 3173/4365/2950 8301/4369/2954 3148/4399/2982
f 3102/4294/2893 3105/4328/2926 3150/4355/2940 3146/4358/2943
f 3178/4401/2984 3179/4402/2985 3175/4403/2986 3174/4404/2987
f 8313/4405/2988 8289/4335/2931 8287/4334/2931 8312/4406/2988
f 8316/4407/2989 8313/4405/2988 8312/4406/2988 8315/4408/2989
f 8314/4409/2990 8291/4339/2933 3132/4338/2933 3176/4410/2990
f 8317/4411/2991 8314/4409/2990 3176/4410/2990 3180/4412/2991
f 3133/4340/1536 3177/4413/1536 8318/4414/1536 8293/4341/1536
f 3177/4413/1536 3181/4415/1536 8319/4416/1536 8318/4414/1536
f 3138/4344/2934 3182/4417/2992 3184/4418/2992 3140/4345/2934
f 3182/4417/2992 3183/4419/2993 3185/4420/2993 3184/4418/2992
f 3174/4404/2987 3175/4403/2986 3131/4349/2937 3130/4348/2936
f 3174/4421/2987 8320/4422/2994 3178/4423/2984
f 3130/4351/2936 8295/4352/2938 3174/4421/2987
f 8320/4422/2994 3174/4421/2987 8295/4352/2938
f 3142/4353/2939 3186/4424/2995 3187/4425/2996 3143/4354/2939
f 3191/4426/2997 3188/4427/2998 8326/4428/2999 8325/4429/3000
f 3201/4430/3001 3202/4431/3002 3188/4427/2998 3189/4432/3003
f 2617/3509/1536 3212/4433/3004 3200/4434/3005
f 3199/4435/3006 8323/4436/3007 8321/4437/3008 3198/4438/3009
f 3212/4433/3004 3213/4439/3010 3216/4440/3011 3199/4435/3006
f 3198/4438/3009 3149/4367/2952 3144/4366/2951 3200/4434/3005
f 8296/4368/2953 3149/4367/2952 3198/4438/3009 8321/4437/3008
f 2617/3509/1536 3200/4434/3005 3144/4366/2951
f 3198/4438/3009 3200/4434/3005 3212/4433/3004 3199/4435/3006
f 3199/4435/3006 3216/4440/3011 8324/4441/3012 8323/4436/3007
f 3145/4370/2955 3188/4427/2998 3202/4431/3002 3161/4371/2956
f 3203/4442/3013 8330/4443/3014 3210/4444/3015
f 3211/4445/3016 8331/4446/3017 3171/4374/2959
f 3210/4444/3015 8330/4443/3014 3211/4445/3016
f 8328/4447/3018 8329/4448/3019 3203/4442/3013
f 3171/4374/2959 8331/4446/3017 8311/4378/2963
f 8332/4449/3020 8330/4443/3014 3203/4442/3013
f 3203/4442/3013 2635/3534/1124 8328/4447/3018
f 8328/4447/3018 2635/3534/1124 8322/4450/3021
f 8322/4450/3021 2635/3534/1124 8298/4381/2966
f 8330/4443/3014 8331/4446/3017 3211/4445/3016
f 8329/4448/3019 8332/4449/3020 3203/4442/3013
f 3193/4451/3022 3205/4452/3023 3207/4453/3024 3195/4454/3025
f 3195/4454/3025 3207/4453/3024 3206/4455/3026 3194/4456/3027
f 3196/4457/3028 3208/4458/3029 3209/4459/3030 3197/4460/3031
f 3197/4460/3031 3209/4459/3030 3204/4461/3032 8327/4462/3033
f 8327/4462/3033 3204/4461/3032 3205/4452/3023 3193/4451/3022
f 8305/4394/2979 3162/4395/2979 3208/4458/3029 3196/4457/3028
f 3194/4456/3027 3206/4455/3026 3169/4463/2980 3156/4464/2980
f 3215/4465/3034 3216/4440/3011 3213/4439/3010 3214/4466/3035
f 3191/4426/2997 3215/4465/3034 3214/4466/3035 3192/4467/3036
f 3215/4465/3034 3191/4426/2997 8325/4429/3000 3190/4468/3037
f 3188/4427/2998 3145/4370/2955 3147/4400/2983 8326/4428/2999
f 3215/4465/3034 3190/4468/3037 8324/4441/3012 3216/4440/3011
f 3189/4432/3003 3188/4427/2998 3191/4426/2997 3192/4467/3036
f 3178/4401/2984 3221/4469/3038 3222/4470/3039 3179/4402/2985
f 8336/4471/3040 8334/4472/3040 8333/4473/3041 8335/4474/3041
f 8316/4407/2989 8315/4408/2989 8334/4472/3040 8336/4471/3040
f 8338/4475/3042 3223/4476/3042 3219/4477/3043 8337/4478/3043
f 8317/4411/2991 3180/4412/2991 3223/4476/3042 8338/4475/3042
f 3220/4479/1536 8339/4480/1536 8340/4481/1536 3224/4482/1536
f 3224/4482/1536 8340/4481/1536 8319/4416/1536 3181/4415/1536
f 3225/4483/3044 3227/4484/3044 3228/4485/3045 3226/4486/3045
f 3226/4486/3045 3228/4485/3045 3185/4420/2993 3183/4419/2993
f 3221/4469/3038 3217/4487/3046 3218/4488/3047 3222/4470/3039
f 3221/4489/3038 3178/4423/2984 8320/4422/2994
f 3217/4490/3046 3221/4489/3038 8341/4491/3048
f 8320/4422/2994 8341/4491/3048 3221/4489/3038
f 3229/4492/3049 3230/4493/3049 3187/4425/2996 3186/4424/2995
f 3237/4494/3050 8348/4495/3051 8349/4496/3052 3233/4497/3053
f 3201/4430/3001 3189/4432/3003 3233/4497/3053 3247/4498/3054
f 2617/3509/1536 3246/4499/3055 3212/4433/3004
f 3245/4500/3056 3244/4501/3057 8343/4502/3058 8346/4503/3059
f 3212/4433/3004 3245/4500/3056 3260/4504/3060 3213/4439/3010
f 3244/4501/3057 3246/4499/3055 3231/4505/3061 3236/4506/3062
f 8342/4507/3063 8343/4502/3058 3244/4501/3057 3236/4506/3062
f 2617/3509/1536 3231/4505/3061 3246/4499/3055
f 3244/4501/3057 3245/4500/3056 3212/4433/3004 3246/4499/3055
f 3245/4500/3056 8346/4503/3059 8347/4508/3064 3260/4504/3060
f 3232/4509/3065 3248/4510/3066 3247/4498/3054 3233/4497/3053
f 3203/4442/3013 3210/4444/3015 8354/4511/3067
f 3257/4512/3068 3258/4513/3069 8355/4511/3070
f 3210/4444/3015 3257/4512/3068 8354/4511/3067
f 8352/4514/3071 3203/4442/3013 8353/4514/3072
f 3258/4513/3069 8357/4515/3073 8355/4511/3070
f 8356/4516/3074 3203/4442/3013 8354/4511/3067
f 3203/4442/3013 8352/4514/3071 2635/3534/1124
f 8352/4514/3071 8345/4517/3075 2635/3534/1124
f 8345/4517/3075 8344/4518/3076 2635/3534/1124
f 8354/4511/3067 3257/4512/3068 8355/4511/3070
f 8353/4514/3072 3203/4442/3013 8356/4516/3074
f 3238/4519/3077 3240/4520/3078 3253/4521/3079 3251/4522/3080
f 3240/4520/3078 3239/4523/3081 3252/4524/3082 3253/4521/3079
f 3241/4525/3083 3242/4526/3084 3255/4527/3085 3254/4528/3086
f 3242/4526/3084 8350/4529/3087 3250/4530/3088 3255/4527/3085
f 8350/4529/3087 3238/4519/3077 3251/4522/3080 3250/4530/3088
f 8351/4531/3089 3241/4525/3083 3254/4528/3086 3249/4532/3089
f 3239/4523/3081 3243/4533/3090 3256/4534/3090 3252/4524/3082
f 3259/4535/3091 3214/4466/3035 3213/4439/3010 3260/4504/3060
f 3237/4494/3050 3192/4467/3036 3214/4466/3035 3259/4535/3091
f 3259/4535/3091 3235/4536/3092 8348/4495/3051 3237/4494/3050
f 3233/4497/3053 8349/4496/3052 3234/4537/3093 3232/4509/3065
f 3259/4535/3091 3260/4504/3060 8347/4508/3064 3235/4536/3092
f 3189/4432/3003 3192/4467/3036 3237/4494/3050 3233/4497/3053
f 2599/3463/2247 2600/3466/2250 3262/4538/3094 3261/4539/3095
f 8359/4540/3096 8335/4474/3041 8333/4473/3041 8358/4541/3096
f 8013/3471/2253 8359/4540/3096 8358/4541/3096 8012/3472/2253
f 8360/4542/3097 8337/4478/3043 3219/4477/3043 3263/4543/3097
f 8014/3477/2256 8360/4542/3097 3263/4543/3097 2601/3478/2256
f 3220/4479/1536 3264/4544/1536 8361/4545/1536 8339/4480/1536
f 3264/4544/1536 2602/3484/1536 8017/3483/1536 8361/4545/1536
f 3225/4483/3044 3265/4546/3098 3266/4547/3098 3227/4484/3044
f 3265/4546/3098 2605/3490/2259 2608/3489/2259 3266/4547/3098
f 3261/4539/3095 3262/4538/3094 3218/4488/3047 3217/4487/3046
f 3261/4548/3095 8019/3495/2262 2599/3494/2247
f 3217/4490/3046 8341/4491/3048 3261/4548/3095
f 8019/3495/2262 3261/4548/3095 8341/4491/3048
f 3229/4492/3049 2610/3501/2266 2612/3500/2265 3230/4493/3049
f 3269/4549/3099 3267/4550/3100 8367/4551/3101 8366/4552/3102
f 3278/4553/3103 3279/4554/3104 3267/4550/3100 2616/3507/2272
f 2617/3509/1536 2648/3511/2275 3277/4555/3105
f 3276/4556/3106 8364/4557/3107 8362/4558/3108 3275/4559/3109
f 2648/3511/2275 3289/3517/2281 3291/4560/3110 3276/4556/3106
f 3275/4559/3109 3236/4506/3062 3231/4505/3061 3277/4555/3105
f 8342/4507/3063 3236/4506/3062 3275/4559/3109 8362/4558/3108
f 2617/3509/1536 3277/4555/3105 3231/4505/3061
f 3275/4559/3109 3277/4555/3105 2648/3511/2275 3276/4556/3106
f 3276/4556/3106 3291/4560/3110 8365/4561/3111 8364/4557/3107
f 3232/4509/3065 3267/4550/3100 3279/4554/3104 3248/4510/3066
f 3280/4562/3112 8371/4563/3113 3287/3525/3114
f 3288/4564/3115 8372/4565/3116 3258/4513/3069
f 3287/3525/3114 8371/4563/3113 3288/4564/3115
f 8369/4566/3117 8370/4567/3118 3280/4562/3112
f 3258/4513/3069 8372/4565/3116 8357/4515/3073
f 8373/4568/3119 8371/4563/3113 3280/4562/3112
f 3280/4562/3112 2635/3534/1124 8369/4566/3117
f 8369/4566/3117 2635/3534/1124 8363/4569/3120
f 8363/4569/3120 2635/3534/1124 8344/4518/3076
f 8371/4563/3113 8372/4565/3116 3288/4564/3115
f 8370/4567/3118 8373/4568/3119 3280/4562/3112
f 3270/4570/3121 3282/4571/3122 3284/4572/3123 3272/4573/3124
f 3272/4573/3124 3284/4572/3123 3283/4574/3125 3271/4575/3126
f 3273/4576/3127 3285/4577/3128 3286/4578/3129 3274/4579/3130
f 3274/4579/3130 3286/4578/3129 3281/4580/3131 8368/4581/3132
f 8368/4581/3132 3281/4580/3131 3282/4571/3122 3270/4570/3121
f 8351/4531/3089 3249/4532/3089 3285/4577/3128 3273/4576/3127
f 3271/4575/3126 3283/4574/3125 3256/4582/3090 3243/4583/3090
f 3290/4584/3133 3291/4560/3110 3289/3517/2281 2649/3546/2315
f 3269/4549/3099 3290/4584/3133 2649/3546/2315 2622/3547/2316
f 3290/4584/3133 3269/4549/3099 8366/4552/3102 3268/4585/3134
f 3267/4550/3100 3232/4509/3065 3234/4537/3093 8367/4551/3101
f 3290/4584/3133 3268/4585/3134 8365/4561/3111 3291/4560/3110
f 2616/3507/2272 3267/4550/3100 3269/4549/3099 2622/3547/2316
f 3296/4586/3135 3308/4587/3136 3310/4588/3137 3298/4589/3138
f 3308/4587/3136 3320/4590/3139 3322/4591/3140 3310/4588/3137
f 3320/4590/3139 3332/4592/3141 3334/4593/3142 3322/4591/3140
f 3332/4592/3141 3344/4594/3143 3346/4595/3144 3334/4593/3142
f 3344/4594/3143 3356/4596/3145 3358/4597/3146 3346/4595/3144
f 3356/4596/3145 3368/4598/3147 3370/4599/3148 3358/4597/3146
f 3368/4598/3147 3380/4600/3149 3382/4601/3150 3370/4599/3148
f 3380/4600/3149 3392/4602/3151 3394/4603/3152 3382/4601/3150
f 3392/4604/3151 3404/4605/3153 3406/4606/3154 3394/4607/3152
f 3404/4605/3153 3416/4608/3155 3418/4609/3156 3406/4606/3154
f 3416/4608/3155 3428/4610/3157 3430/4611/3158 3418/4609/3156
f 3428/4610/3157 3440/4612/3159 3442/4613/3160 3430/4611/3158
f 3440/4612/3159 3452/4614/3161 3454/4615/3162 3442/4613/3160
f 3452/4614/3161 3464/4616/3163 3466/4617/3164 3454/4615/3162
f 3464/4616/3163 3476/4618/3165 3478/4619/3166 3466/4617/3164
f 3476/4618/3165 3488/4620/3167 3490/4621/3168 3478/4619/3166
f 3488/4620/3167 3500/4622/3169 3502/4623/3170 3490/4621/3168
f 3500/4622/3169 3512/4624/3171 3514/4625/3172 3502/4623/3170
f 3512/4624/3171 3524/4626/3173 3526/4627/3174 3514/4625/3172
f 3524/4626/3173 3536/4628/3175 3538/4629/3176 3526/4627/3174
f 3536/4628/3175 3548/4630/3177 3550/4631/3178 3538/4629/3176
f 3548/4630/3177 3560/4632/3179 3562/4633/3180 3550/4631/3178
f 3560/4632/3179 3572/4634/3181 3574/4635/3182 3562/4633/3180
f 3572/4634/3181 3584/4636/3183 3586/4637/3184 3574/4635/3182
f 3584/4638/3183 3596/4639/3185 3598/4640/3186 3586/4641/3184
f 3596/4639/3185 3608/4642/3187 3610/4643/3188 3598/4640/3186
f 3608/4642/3187 3620/4644/3189 3622/4645/3190 3610/4643/3188
f 3620/4644/3189 3632/4646/3191 3634/4647/3192 3622/4645/3190
f 3632/4646/3191 3644/4648/3193 3646/4649/3194 3634/4647/3192
f 3644/4648/3193 3656/4650/3195 3658/4651/3196 3646/4649/3194
f 3656/4650/3195 3668/4652/3197 3670/4653/3198 3658/4651/3196
f 3668/4652/3197 3296/4586/3135 3298/4589/3138 3670/4653/3198
f 3294/4654/3199 3306/4655/3200 3307/4656/3201 3295/4657/3202
f 3306/4655/3200 3318/4658/3203 3319/4659/3204 3307/4656/3201
f 3318/4658/3203 3330/4660/3205 3331/4661/3206 3319/4659/3204
f 3330/4660/3205 3342/4662/3207 3343/4663/3208 3331/4661/3206
f 3342/4662/3207 3354/4664/3209 3355/4665/3210 3343/4663/3208
f 3354/4664/3209 3366/4666/3211 3367/4667/3212 3355/4665/3210
f 3366/4666/3211 3378/4668/3213 3379/4669/3214 3367/4667/3212
f 3378/4668/3213 3390/4670/3215 3391/4671/3216 3379/4669/3214
f 3390/4672/3215 3402/4673/3217 3403/4674/3218 3391/4675/3216
f 3402/4673/3217 3414/4676/3219 3415/4677/3220 3403/4674/3218
f 3414/4676/3219 3426/4678/3221 3427/4679/3222 3415/4677/3220
f 3426/4678/3221 3438/4680/3223 3439/4681/3224 3427/4679/3222
f 3438/4680/3223 3450/4682/3225 3451/4683/3226 3439/4681/3224
f 3450/4682/3225 3462/4684/3227 3463/4685/3228 3451/4683/3226
f 3462/4684/3227 3474/4686/3229 3475/4687/3230 3463/4685/3228
f 3474/4686/3229 3486/4688/3231 3487/4689/3232 3475/4687/3230
f 3486/4688/3231 3498/4690/3233 3499/4691/3234 3487/4689/3232
f 3498/4690/3233 3510/4692/3235 3511/4693/3236 3499/4691/3234
f 3510/4692/3235 3522/4694/3237 3523/4695/3238 3511/4693/3236
f 3522/4694/3237 3534/4696/3239 3535/4697/3240 3523/4695/3238
f 3534/4696/3239 3546/4698/3241 3547/4699/3242 3535/4697/3240
f 3546/4698/3241 3558/4700/3243 3559/4701/3244 3547/4699/3242
f 3558/4700/3243 3570/4702/3245 3571/4703/3246 3559/4701/3244
f 3570/4702/3245 3582/4704/3247 3583/4705/3248 3571/4703/3246
f 3582/4706/3247 3594/4707/3249 3595/4708/3250 3583/4709/3248
f 3594/4707/3249 3606/4710/3251 3607/4711/3252 3595/4708/3250
f 3606/4710/3251 3618/4712/3253 3619/4713/3254 3607/4711/3252
f 3618/4712/3253 3630/4714/3255 3631/4715/3256 3619/4713/3254
f 3630/4714/3255 3642/4716/3257 3643/4717/3258 3631/4715/3256
f 3642/4716/3257 3654/4718/3259 3655/4719/3260 3643/4717/3258
f 3654/4718/3259 3666/4720/3261 3667/4721/3262 3655/4719/3260
f 3666/4720/3261 3294/4654/3199 3295/4657/3202 3667/4721/3262
f 3301/4722/3263 3303/4723/3264 3315/4724/3265 3313/4725/3266
f 3313/4725/3266 3315/4724/3265 3327/4726/3267 3325/4727/3268
f 3325/4727/3268 3327/4726/3267 3339/4728/3269 3337/4729/3270
f 3337/4729/3270 3339/4728/3269 3351/4730/3271 3349/4731/3272
f 3349/4731/3272 3351/4730/3271 3363/4732/3273 3361/4733/3274
f 3361/4733/3274 3363/4732/3273 3375/4734/3275 3373/4735/3276
f 3373/4735/3276 3375/4734/3275 3387/4736/3277 3385/4737/3278
f 3385/4737/3278 3387/4736/3277 3399/4738/3279 3397/4739/3280
f 3397/4740/3280 3399/4741/3279 3411/4742/3281 3409/4743/3282
f 3409/4743/3282 3411/4742/3281 3423/4744/3283 3421/4745/3284
f 3421/4745/3284 3423/4744/3283 3435/4746/3285 3433/4747/3286
f 3433/4747/3286 3435/4746/3285 3447/4748/3287 3445/4749/3288
f 3445/4749/3288 3447/4748/3287 3459/4750/3289 3457/4751/3290
f 3457/4751/3290 3459/4750/3289 3471/4752/3291 3469/4753/3292
f 3469/4753/3292 3471/4752/3291 3483/4754/3293 3481/4755/3294
f 3481/4755/3294 3483/4754/3293 3495/4756/3295 3493/4757/3296
f 3493/4757/3296 3495/4756/3295 3507/4758/3297 3505/4759/3298
f 3505/4759/3298 3507/4758/3297 3519/4760/3299 3517/4761/3300
f 3517/4761/3300 3519/4760/3299 3531/4762/3301 3529/4763/3302
f 3529/4763/3302 3531/4762/3301 3543/4764/3303 3541/4765/3304
f 3541/4765/3304 3543/4764/3303 3555/4766/3305 3553/4767/3306
f 3553/4767/3306 3555/4766/3305 3567/4768/3307 3565/4769/3308
f 3565/4769/3308 3567/4768/3307 3579/4770/3309 3577/4771/3310
f 3577/4771/3310 3579/4770/3309 3591/4772/3311 3589/4773/3312
f 3589/4774/3312 3591/4775/3311 3603/4776/3313 3601/4777/3314
f 3601/4777/3314 3603/4776/3313 3615/4778/3315 3613/4779/3316
f 3613/4779/3316 3615/4778/3315 3627/4780/3317 3625/4781/3318
f 3625/4781/3318 3627/4780/3317 3639/4782/3319 3637/4783/3320
f 3637/4783/3320 3639/4782/3319 3651/4784/3321 3649/4785/3322
f 3649/4785/3322 3651/4784/3321 3663/4786/3323 3661/4787/3324
f 3661/4787/3324 3663/4786/3323 3675/4788/3325 3673/4789/3326
f 3673/4789/3326 3675/4788/3325 3303/4723/3264 3301/4722/3263
f 3302/4790/3327 3314/4791/3328 3315/4724/3265 3303/4723/3264
f 3314/4791/3328 3326/4792/3329 3327/4726/3267 3315/4724/3265
f 3326/4792/3329 3338/4793/3330 3339/4728/3269 3327/4726/3267
f 3338/4793/3330 3350/4794/3331 3351/4730/3271 3339/4728/3269
f 3350/4794/3331 3362/4795/3332 3363/4732/3273 3351/4730/3271
f 3362/4795/3332 3374/4796/3333 3375/4734/3275 3363/4732/3273
f 3374/4796/3333 3386/4797/3334 3387/4736/3277 3375/4734/3275
f 3386/4797/3334 3398/4798/3335 3399/4738/3279 3387/4736/3277
f 3398/4799/3335 3410/4800/3336 3411/4742/3281 3399/4741/3279
f 3410/4800/3336 3422/4801/3337 3423/4744/3283 3411/4742/3281
f 3422/4801/3337 3434/4802/3338 3435/4746/3285 3423/4744/3283
f 3434/4802/3338 3446/4803/3339 3447/4748/3287 3435/4746/3285
f 3446/4803/3339 3458/4804/3340 3459/4750/3289 3447/4748/3287
f 3458/4804/3340 3470/4805/3341 3471/4752/3291 3459/4750/3289
f 3470/4805/3341 3482/4806/3342 3483/4754/3293 3471/4752/3291
f 3482/4806/3342 3494/4807/3343 3495/4756/3295 3483/4754/3293
f 3494/4807/3343 3506/4808/3344 3507/4758/3297 3495/4756/3295
f 3506/4808/3344 3518/4809/3345 3519/4760/3299 3507/4758/3297
f 3518/4809/3345 3530/4810/3346 3531/4762/3301 3519/4760/3299
f 3530/4810/3346 3542/4811/3347 3543/4764/3303 3531/4762/3301
f 3542/4811/3347 3554/4812/3348 3555/4766/3305 3543/4764/3303
f 3554/4812/3348 3566/4813/3349 3567/4768/3307 3555/4766/3305
f 3566/4813/3349 3578/4814/3350 3579/4770/3309 3567/4768/3307
f 3578/4814/3350 3590/4815/3351 3591/4772/3311 3579/4770/3309
f 3590/4816/3351 3602/4817/3352 3603/4776/3313 3591/4775/3311
f 3602/4817/3352 3614/4818/3353 3615/4778/3315 3603/4776/3313
f 3614/4818/3353 3626/4819/3354 3627/4780/3317 3615/4778/3315
f 3626/4819/3354 3638/4820/3355 3639/4782/3319 3627/4780/3317
f 3638/4820/3355 3650/4821/3356 3651/4784/3321 3639/4782/3319
f 3650/4821/3356 3662/4822/3357 3663/4786/3323 3651/4784/3321
f 3662/4822/3357 3674/4823/3358 3675/4788/3325 3663/4786/3323
f 3674/4823/3358 3302/4790/3327 3303/4723/3264 3675/4788/3325
f 3295/4657/3202 3307/4656/3201 3308/4587/3136 3296/4586/3135
f 3307/4656/3201 3319/4659/3204 3320/4590/3139 3308/4587/3136
f 3319/4659/3204 3331/4661/3206 3332/4592/3141 3320/4590/3139
f 3331/4661/3206 3343/4663/3208 3344/4594/3143 3332/4592/3141
f 3343/4663/3208 3355/4665/3210 3356/4596/3145 3344/4594/3143
f 3355/4665/3210 3367/4667/3212 3368/4598/3147 3356/4596/3145
f 3367/4667/3212 3379/4669/3214 3380/4600/3149 3368/4598/3147
f 3379/4669/3214 3391/4671/3216 3392/4602/3151 3380/4600/3149
f 3391/4675/3216 3403/4674/3218 3404/4605/3153 3392/4604/3151
f 3403/4674/3218 3415/4677/3220 3416/4608/3155 3404/4605/3153
f 3415/4677/3220 3427/4679/3222 3428/4610/3157 3416/4608/3155
f 3427/4679/3222 3439/4681/3224 3440/4612/3159 3428/4610/3157
f 3439/4681/3224 3451/4683/3226 3452/4614/3161 3440/4612/3159
f 3451/4683/3226 3463/4685/3228 3464/4616/3163 3452/4614/3161
f 3463/4685/3228 3475/4687/3230 3476/4618/3165 3464/4616/3163
f 3475/4687/3230 3487/4689/3232 3488/4620/3167 3476/4618/3165
f 3487/4689/3232 3499/4691/3234 3500/4622/3169 3488/4620/3167
f 3499/4691/3234 3511/4693/3236 3512/4624/3171 3500/4622/3169
f 3511/4693/3236 3523/4695/3238 3524/4626/3173 3512/4624/3171
f 3523/4695/3238 3535/4697/3240 3536/4628/3175 3524/4626/3173
f 3535/4697/3240 3547/4699/3242 3548/4630/3177 3536/4628/3175
f 3547/4699/3242 3559/4701/3244 3560/4632/3179 3548/4630/3177
f 3559/4701/3244 3571/4703/3246 3572/4634/3181 3560/4632/3179
f 3571/4703/3246 3583/4705/3248 3584/4636/3183 3572/4634/3181
f 3583/4709/3248 3595/4708/3250 3596/4639/3185 3584/4638/3183
f 3595/4708/3250 3607/4711/3252 3608/4642/3187 3596/4639/3185
f 3607/4711/3252 3619/4713/3254 3620/4644/3189 3608/4642/3187
f 3619/4713/3254 3631/4715/3256 3632/4646/3191 3620/4644/3189
f 3631/4715/3256 3643/4717/3258 3644/4648/3193 3632/4646/3191
f 3643/4717/3258 3655/4719/3260 3656/4650/3195 3644/4648/3193
f 3655/4719/3260 3667/4721/3262 3668/4652/3197 3656/4650/3195
f 3667/4721/3262 3295/4657/3202 3296/4586/3135 3668/4652/3197
f 3302/4790/3327 3298/4824/3138 3310/4825/3137 3314/4791/3328
f 3314/4791/3328 3310/4825/3137 3322/4826/3140 3326/4792/3329
f 3326/4792/3329 3322/4826/3140 3334/4827/3142 3338/4793/3330
f 3338/4793/3330 3334/4827/3142 3346/4828/3144 3350/4794/3331
f 3350/4794/3331 3346/4828/3144 3358/4829/3146 3362/4795/3332
f 3362/4795/3332 3358/4829/3146 3370/4830/3148 3374/4796/3333
f 3374/4796/3333 3370/4830/3148 3382/4831/3150 3386/4797/3334
f 3386/4797/3334 3382/4831/3150 3394/4832/3152 3398/4798/3335
f 3398/4799/3335 3394/4833/3152 3406/4834/3154 3410/4800/3336
f 3410/4800/3336 3406/4834/3154 3418/4835/3156 3422/4801/3337
f 3422/4801/3337 3418/4835/3156 3430/4836/3158 3434/4802/3338
f 3434/4802/3338 3430/4836/3158 3442/4837/3160 3446/4803/3339
f 3446/4803/3339 3442/4837/3160 3454/4838/3162 3458/4804/3340
f 3458/4804/3340 3454/4838/3162 3466/4839/3164 3470/4805/3341
f 3470/4805/3341 3466/4839/3164 3478/4840/3166 3482/4806/3342
f 3482/4806/3342 3478/4840/3166 3490/4841/3168 3494/4807/3343
f 3494/4807/3343 3490/4841/3168 3502/4842/3170 3506/4808/3344
f 3506/4808/3344 3502/4842/3170 3514/4843/3172 3518/4809/3345
f 3518/4809/3345 3514/4843/3172 3526/4844/3174 3530/4810/3346
f 3530/4810/3346 3526/4844/3174 3538/4845/3176 3542/4811/3347
f 3542/4811/3347 3538/4845/3176 3550/4846/3178 3554/4812/3348
f 3554/4812/3348 3550/4846/3178 3562/4847/3180 3566/4813/3349
f 3566/4813/3349 3562/4847/3180 3574/4848/3182 3578/4814/3350
f 3578/4814/3350 3574/4848/3182 3586/4849/3184 3590/4815/3351
f 3590/4816/3351 3586/4850/3184 3598/4851/3186 3602/4817/3352
f 3602/4817/3352 3598/4851/3186 3610/4852/3188 3614/4818/3353
f 3614/4818/3353 3610/4852/3188 3622/4853/3190 3626/4819/3354
f 3626/4819/3354 3622/4853/3190 3634/4854/3192 3638/4820/3355
f 3638/4820/3355 3634/4854/3192 3646/4855/3194 3650/4821/3356
f 3650/4821/3356 3646/4855/3194 3658/4856/3196 3662/4822/3357
f 3662/4822/3357 3658/4856/3196 3670/4857/3198 3674/4823/3358
f 3674/4823/3358 3670/4857/3198 3298/4824/3138 3302/4790/3327
f 3297/4858/3359 3299/4859/3360 3311/4860/3361 3309/4861/3362
f 3309/4861/3362 3311/4860/3361 3323/4862/3363 3321/4863/3364
f 3321/4863/3364 3323/4862/3363 3335/4864/3365 3333/4865/3366
f 3333/4865/3366 3335/4864/3365 3347/4866/3367 3345/4867/3368
f 3345/4867/3368 3347/4866/3367 3359/4868/3369 3357/4869/3370
f 3357/4869/3370 3359/4868/3369 3371/4870/3371 3369/4871/3372
f 3369/4871/3372 3371/4870/3371 3383/4872/3373 3381/4873/3374
f 3381/4873/3374 3383/4872/3373 3395/4874/3375 3393/4875/3376
f 3393/4876/3376 3395/4877/3375 3407/4878/3377 3405/4879/3378
f 3405/4879/3378 3407/4878/3377 3419/4880/3379 3417/4881/3380
f 3417/4881/3380 3419/4880/3379 3431/4882/3381 3429/4883/3382
f 3429/4883/3382 3431/4882/3381 3443/4884/3383 3441/4885/3384
f 3441/4885/3384 3443/4884/3383 3455/4886/3385 3453/4887/3386
f 3453/4887/3386 3455/4886/3385 3467/4888/3387 3465/4889/3388
f 3465/4889/3388 3467/4888/3387 3479/4890/3389 3477/4891/3390
f 3477/4891/3390 3479/4890/3389 3491/4892/3391 3489/4893/3392
f 3489/4893/3392 3491/4892/3391 3503/4894/3393 3501/4895/3394
f 3501/4895/3394 3503/4894/3393 3515/4896/3395 3513/4897/3396
f 3513/4897/3396 3515/4896/3395 3527/4898/3397 3525/4899/3398
f 3525/4899/3398 3527/4898/3397 3539/4900/3399 3537/4901/3400
f 3537/4901/3400 3539/4900/3399 3551/4902/3401 3549/4903/3402
f 3549/4903/3402 3551/4902/3401 3563/4904/3403 3561/4905/3404
f 3561/4905/3404 3563/4904/3403 3575/4906/3405 3573/4907/3406
f 3573/4907/3406 3575/4906/3405 3587/4908/3407 3585/4909/3408
f 3585/4910/3408 3587/4911/3407 3599/4912/3409 3597/4913/3410
f 3597/4913/3410 3599/4912/3409 3611/4914/3411 3609/4915/3412
f 3609/4915/3412 3611/4914/3411 3623/4916/3413 3621/4917/3414
f 3621/4917/3414 3623/4916/3413 3635/4918/3415 3633/4919/3416
f 3633/4919/3416 3635/4918/3415 3647/4920/3417 3645/4921/3418
f 3645/4921/3418 3647/4920/3417 3659/4922/3419 3657/4923/3420
f 3657/4923/3420 3659/4922/3419 3671/4924/3421 3669/4925/3422
f 3669/4925/3422 3671/4924/3421 3299/4859/3360 3297/4858/3359
f 3293/4926/3423 3292/4927/3424 3304/4928/3425 3305/4929/3426
f 3305/4929/3426 3304/4928/3425 3316/4930/3427 3317/4931/3428
f 3317/4931/3428 3316/4930/3427 3328/4932/3429 3329/4933/3430
f 3329/4933/3430 3328/4932/3429 3340/4934/3431 3341/4935/3432
f 3341/4935/3432 3340/4934/3431 3352/4936/3433 3353/4937/3434
f 3353/4937/3434 3352/4936/3433 3364/4938/3435 3365/4939/3436
f 3365/4939/3436 3364/4938/3435 3376/4940/3437 3377/4941/3438
f 3377/4941/3438 3376/4940/3437 3388/4942/3439 3389/4943/3440
f 3389/4944/3440 3388/4945/3439 3400/4946/3441 3401/4947/3442
f 3401/4947/3442 3400/4946/3441 3412/4948/3443 3413/4949/3444
f 3413/4949/3444 3412/4948/3443 3424/4950/3445 3425/4951/3446
f 3425/4951/3446 3424/4950/3445 3436/4952/3447 3437/4953/3448
f 3437/4953/3448 3436/4952/3447 3448/4954/3449 3449/4955/3450
f 3449/4955/3450 3448/4954/3449 3460/4956/3451 3461/4957/3452
f 3461/4957/3452 3460/4956/3451 3472/4958/3453 3473/4959/3454
f 3473/4959/3454 3472/4958/3453 3484/4960/3455 3485/4961/3456
f 3485/4961/3456 3484/4960/3455 3496/4962/3457 3497/4963/3458
f 3497/4963/3458 3496/4962/3457 3508/4964/3459 3509/4965/3460
f 3509/4965/3460 3508/4964/3459 3520/4966/3461 3521/4967/3462
f 3521/4967/3462 3520/4966/3461 3532/4968/3463 3533/4969/3464
f 3533/4969/3464 3532/4968/3463 3544/4970/3465 3545/4971/3466
f 3545/4971/3466 3544/4970/3465 3556/4972/3467 3557/4973/3468
f 3557/4973/3468 3556/4972/3467 3568/4974/3469 3569/4975/3470
f 3569/4975/3470 3568/4974/3469 3580/4976/3471 3581/4977/3472
f 3581/4978/3472 3580/4979/3471 3592/4980/3473 3593/4981/3474
f 3593/4981/3474 3592/4980/3473 3604/4982/3475 3605/4983/3476
f 3605/4983/3476 3604/4982/3475 3616/4984/3477 3617/4985/3478
f 3617/4985/3478 3616/4984/3477 3628/4986/3479 3629/4987/3480
f 3629/4987/3480 3628/4986/3479 3640/4988/3481 3641/4989/3482
f 3641/4989/3482 3640/4988/3481 3652/4990/3483 3653/4991/3484
f 3653/4991/3484 3652/4990/3483 3664/4992/3485 3665/4993/3486
f 3665/4993/3486 3664/4992/3485 3292/4927/3424 3293/4926/3423
f 3292/4927/3424 3297/4858/3359 3309/4861/3362 3304/4928/3425
f 3304/4928/3425 3309/4861/3362 3321/4863/3364 3316/4930/3427
f 3316/4930/3427 3321/4863/3364 3333/4865/3366 3328/4932/3429
f 3328/4932/3429 3333/4865/3366 3345/4867/3368 3340/4934/3431
f 3340/4934/3431 3345/4867/3368 3357/4869/3370 3352/4936/3433
f 3352/4936/3433 3357/4869/3370 3369/4871/3372 3364/4938/3435
f 3364/4938/3435 3369/4871/3372 3381/4873/3374 3376/4940/3437
f 3376/4940/3437 3381/4873/3374 3393/4875/3376 3388/4942/3439
f 3388/4945/3439 3393/4876/3376 3405/4879/3378 3400/4946/3441
f 3400/4946/3441 3405/4879/3378 3417/4881/3380 3412/4948/3443
f 3412/4948/3443 3417/4881/3380 3429/4883/3382 3424/4950/3445
f 3424/4950/3445 3429/4883/3382 3441/4885/3384 3436/4952/3447
f 3436/4952/3447 3441/4885/3384 3453/4887/3386 3448/4954/3449
f 3448/4954/3449 3453/4887/3386 3465/4889/3388 3460/4956/3451
f 3460/4956/3451 3465/4889/3388 3477/4891/3390 3472/4958/3453
f 3472/4958/3453 3477/4891/3390 3489/4893/3392 3484/4960/3455
f 3484/4960/3455 3489/4893/3392 3501/4895/3394 3496/4962/3457
f 3496/4962/3457 3501/4895/3394 3513/4897/3396 3508/4964/3459
f 3508/4964/3459 3513/4897/3396 3525/4899/3398 3520/4966/3461
f 3520/4966/3461 3525/4899/3398 3537/4901/3400 3532/4968/3463
f 3532/4968/3463 3537/4901/3400 3549/4903/3402 3544/4970/3465
f 3544/4970/3465 3549/4903/3402 3561/4905/3404 3556/4972/3467
f 3556/4972/3467 3561/4905/3404 3573/4907/3406 3568/4974/3469
f 3568/4974/3469 3573/4907/3406 3585/4909/3408 3580/4976/3471
f 3580/4979/3471 3585/4910/3408 3597/4913/3410 3592/4980/3473
f 3592/4980/3473 3597/4913/3410 3609/4915/3412 3604/4982/3475
f 3604/4982/3475 3609/4915/3412 3621/4917/3414 3616/4984/3477
f 3616/4984/3477 3621/4917/3414 3633/4919/3416 3628/4986/3479
f 3628/4986/3479 3633/4919/3416 3645/4921/3418 3640/4988/3481
f 3640/4988/3481 3645/4921/3418 3657/4923/3420 3652/4990/3483
f 3652/4990/3483 3657/4923/3420 3669/4925/3422 3664/4992/3485
f 3664/4992/3485 3669/4925/3422 3297/4858/3359 3292/4927/3424
f 3301/4722/3263 3313/4725/3266 3312/4994/3487 3300/4995/3488
f 3313/4725/3266 3325/4727/3268 3324/4996/3489 3312/4994/3487
f 3325/4727/3268 3337/4729/3270 3336/4997/3490 3324/4996/3489
f 3337/4729/3270 3349/4731/3272 3348/4998/3491 3336/4997/3490
f 3349/4731/3272 3361/4733/3274 3360/4999/3492 3348/4998/3491
f 3361/4733/3274 3373/4735/3276 3372/5000/3493 3360/4999/3492
f 3373/4735/3276 3385/4737/3278 3384/5001/3494 3372/5000/3493
f 3385/4737/3278 3397/4739/3280 3396/5002/3495 3384/5001/3494
f 3397/4740/3280 3409/4743/3282 3408/5003/3496 3396/5004/3495
f 3409/4743/3282 3421/4745/3284 3420/5005/3497 3408/5003/3496
f 3421/4745/3284 3433/4747/3286 3432/5006/3498 3420/5005/3497
f 3433/4747/3286 3445/4749/3288 3444/5007/3499 3432/5006/3498
f 3445/4749/3288 3457/4751/3290 3456/5008/3500 3444/5007/3499
f 3457/4751/3290 3469/4753/3292 3468/5009/3501 3456/5008/3500
f 3469/4753/3292 3481/4755/3294 3480/5010/3502 3468/5009/3501
f 3481/4755/3294 3493/4757/3296 3492/5011/3503 3480/5010/3502
f 3493/4757/3296 3505/4759/3298 3504/5012/3504 3492/5011/3503
f 3505/4759/3298 3517/4761/3300 3516/5013/3505 3504/5012/3504
f 3517/4761/3300 3529/4763/3302 3528/5014/3506 3516/5013/3505
f 3529/4763/3302 3541/4765/3304 3540/5015/3507 3528/5014/3506
f 3541/4765/3304 3553/4767/3306 3552/5016/3508 3540/5015/3507
f 3553/4767/3306 3565/4769/3308 3564/5017/3509 3552/5016/3508
f 3565/4769/3308 3577/4771/3310 3576/5018/3510 3564/5017/3509
f 3577/4771/3310 3589/4773/3312 3588/5019/3511 3576/5018/3510
f 3589/4774/3312 3601/4777/3314 3600/5020/3512 3588/5021/3511
f 3601/4777/3314 3613/4779/3316 3612/5022/3513 3600/5020/3512
f 3613/4779/3316 3625/4781/3318 3624/5023/3514 3612/5022/3513
f 3625/4781/3318 3637/4783/3320 3636/5024/3515 3624/5023/3514
f 3637/4783/3320 3649/4785/3322 3648/5025/3516 3636/5024/3515
f 3649/4785/3322 3661/4787/3324 3660/5026/3517 3648/5025/3516
f 3661/4787/3324 3673/4789/3326 3672/5027/3518 3660/5026/3517
f 3673/4789/3326 3301/4722/3263 3300/4995/3488 3672/5027/3518
f 3300/4995/3488 3312/4994/3487 3311/5028/3361 3299/5029/3360
f 3312/4994/3487 3324/4996/3489 3323/5030/3363 3311/5028/3361
f 3324/4996/3489 3336/4997/3490 3335/5031/3365 3323/5030/3363
f 3336/4997/3490 3348/4998/3491 3347/5032/3367 3335/5031/3365
f 3348/4998/3491 3360/4999/3492 3359/5033/3369 3347/5032/3367
f 3360/4999/3492 3372/5000/3493 3371/5034/3371 3359/5033/3369
f 3372/5000/3493 3384/5001/3494 3383/5035/3373 3371/5034/3371
f 3384/5001/3494 3396/5002/3495 3395/5036/3375 3383/5035/3373
f 3396/5004/3495 3408/5003/3496 3407/5037/3377 3395/5038/3375
f 3408/5003/3496 3420/5005/3497 3419/5039/3379 3407/5037/3377
f 3420/5005/3497 3432/5006/3498 3431/5040/3381 3419/5039/3379
f 3432/5006/3498 3444/5007/3499 3443/5041/3383 3431/5040/3381
f 3444/5007/3499 3456/5008/3500 3455/5042/3385 3443/5041/3383
f 3456/5008/3500 3468/5009/3501 3467/5043/3387 3455/5042/3385
f 3468/5009/3501 3480/5010/3502 3479/5044/3389 3467/5043/3387
f 3480/5010/3502 3492/5011/3503 3491/5045/3391 3479/5044/3389
f 3492/5011/3503 3504/5012/3504 3503/5046/3393 3491/5045/3391
f 3504/5012/3504 3516/5013/3505 3515/5047/3395 3503/5046/3393
f 3516/5013/3505 3528/5014/3506 3527/5048/3397 3515/5047/3395
f 3528/5014/3506 3540/5015/3507 3539/5049/3399 3527/5048/3397
f 3540/5015/3507 3552/5016/3508 3551/5050/3401 3539/5049/3399
f 3552/5016/3508 3564/5017/3509 3563/5051/3403 3551/5050/3401
f 3564/5017/3509 3576/5018/3510 3575/5052/3405 3563/5051/3403
f 3576/5018/3510 3588/5019/3511 3587/5053/3407 3575/5052/3405
f 3588/5021/3511 3600/5020/3512 3599/5054/3409 3587/5055/3407
f 3600/5020/3512 3612/5022/3513 3611/5056/3411 3599/5054/3409
f 3612/5022/3513 3624/5023/3514 3623/5057/3413 3611/5056/3411
f 3624/5023/3514 3636/5024/3515 3635/5058/3415 3623/5057/3413
f 3636/5024/3515 3648/5025/3516 3647/5059/3417 3635/5058/3415
f 3648/5025/3516 3660/5026/3517 3659/5060/3419 3647/5059/3417
f 3660/5026/3517 3672/5027/3518 3671/5061/3421 3659/5060/3419
f 3672/5027/3518 3300/4995/3488 3299/5029/3360 3671/5061/3421
f 3684/3463/3519 3680/3464/3520 3681/3465/3521 3685/3466/3522
f 8377/3467/3523 8375/3468/3523 8374/3469/3524 8376/3470/3524
f 8381/3471/3525 8380/3472/3525 8375/3468/3523 8377/3467/3523
f 8379/3473/3526 3682/3474/3526 3678/3475/3527 8378/3476/3527
f 8382/3477/3528 3686/3478/3528 3682/3474/3526 8379/3473/3526
f 3679/3479/1124 8383/3480/1124 8384/3481/1124 3683/3482/1124
f 3683/3482/1124 8384/3481/1124 8385/3483/1124 3687/3484/1124
f 3688/3485/1268 3691/3486/1268 3692/3487/3529 3689/3488/3529
f 3689/3488/3529 3692/3487/3529 3693/3489/2054 3690/3490/2054
f 3680/3464/3520 3676/3491/3530 3677/3492/3531 3681/3465/3521
f 3680/3493/3520 3684/3494/3519 8387/3495/3532
f 3676/3496/3530 3680/3493/3520 8386/3497/3533
f 8387/3495/3532 8386/3497/3533 3680/3493/3520
f 3694/3498/3534 3696/3499/3535 3697/3500/3536 3695/3501/3537
f 3706/3502/3538 8394/3503/3539 8395/3504/3540 3700/3505/3541
f 3717/3506/3542 3701/3507/3543 3700/3505/3541 3718/3508/3544
f 3702/3509/1124 3716/3510/3545 3733/3511/3546
f 3715/3512/3547 3714/3513/3548 8389/3514/3549 8392/3515/3550
f 3733/3511/3546 3715/3512/3547 3736/3516/3551 4374/3517/3552
f 3714/3513/3548 3716/3510/3545 3698/3518/3553 3705/3519/3554
f 8388/3520/3555 8389/3514/3549 3714/3513/3548 3705/3519/3554
f 3702/3509/1124 3698/3518/3553 3716/3510/3545
f 3714/3513/3548 3715/3512/3547 3733/3511/3546 3716/3510/3545
f 3715/3512/3547 8392/3515/3550 8393/3521/3556 3736/3516/3551
f 3699/3522/3557 3719/3523/3558 3718/3508/3544 3700/3505/3541
f 3722/3524/3559 3730/3525/3560 8400/3526/3561
f 3731/3527/3562 3732/3528/3563 8401/3529/3564
f 3730/3525/3560 3731/3527/3562 8400/3526/3561
f 8398/3530/3565 3722/3524/3559 8399/3531/3566
f 3732/3528/3563 8403/3532/3567 8401/3529/3564
f 8402/3533/3568 3722/3524/3559 8400/3526/3561
f 3722/3524/3559 8398/3530/3565 3720/3534/1536
f 8398/3530/3565 8391/3535/3569 3720/3534/1536
f 8391/3535/3569 8390/3536/3570 3720/3534/1536
f 8400/3526/3561 3731/3527/3562 8401/3529/3564
f 8399/3531/3566 3722/3524/3559 8402/3533/3568
f 3708/3537/3571 3710/3537/3572 3726/3538/3573 3724/3539/3574
f 3710/3537/3572 3709/3537/3575 3725/3540/3576 3726/3538/3573
f 3711/3537/3577 3712/3537/3578 3728/3541/3579 3727/3542/3580
f 3712/3537/3578 8396/3537/3581 3723/3537/3582 3728/3541/3579
f 8396/3537/3581 3708/3537/3571 3724/3539/3574 3723/3537/3582
f 8397/3537/3583 3711/3537/3577 3727/3542/3580 3721/3543/3583
f 3709/3537/3575 3713/3537/3584 3729/3544/3584 3725/3540/3576
f 3735/3545/3585 3734/3546/3586 4374/3517/3552 3736/3516/3551
f 3706/3502/3538 3707/3547/3587 3734/3546/3586 3735/3545/3585
f 3735/3545/3585 3704/3548/3588 8394/3503/3539 3706/3502/3538
f 3700/3505/3541 8395/3504/3540 3703/3549/3589 3699/3522/3557
f 3735/3545/3585 3736/3516/3551 8393/3521/3556 3704/3548/3588
f 3701/3507/3543 3707/3547/3587 3706/3502/3538 3700/3505/3541
f 3741/3550/3590 3742/3551/3591 3738/3552/3592 3737/3553/3593
f 8405/3554/3594 8376/3555/3524 8374/3556/3524 8404/3557/3594
f 8408/3558/3595 8405/3554/3594 8404/3557/3594 8407/3559/3595
f 8406/3560/3596 8378/3561/3527 3678/3562/3527 3739/3563/3596
f 8409/3564/3597 8406/3560/3596 3739/3563/3596 3743/3565/3597
f 3679/3566/1124 3740/3567/1124 8410/3568/1124 8383/3569/1124
f 3740/3567/1124 3744/3570/1124 8411/3571/1124 8410/3568/1124
f 3688/3572/1268 3745/3573/3598 3747/3574/3598 3691/3575/1268
f 3745/3573/3598 3746/3576/2053 3748/3577/2053 3747/3574/3598
f 3737/3553/3593 3738/3552/3592 3677/3578/3531 3676/3579/3530
f 3737/3580/3593 8412/3581/3599 3741/3582/3590
f 3676/3583/3530 8386/3584/3533 3737/3580/3593
f 8412/3581/3599 3737/3580/3593 8386/3584/3533
f 3694/3585/3534 3749/3586/3600 3750/3587/3601 3696/3588/3535
f 3754/3589/3602 3751/3590/3603 8418/3591/3604 8417/3592/3605
f 3764/3593/3606 3765/3594/3607 3751/3590/3603 3752/3595/3608
f 3702/3509/1124 3775/3596/3609 3763/3597/3610
f 3762/3598/3611 8415/3599/3612 8413/3600/3613 3761/3601/3614
f 3775/3596/3609 3776/3602/3615 3779/3603/3616 3762/3598/3611
f 3761/3601/3614 3705/3519/3554 3698/3518/3553 3763/3597/3610
f 8388/3520/3555 3705/3519/3554 3761/3601/3614 8413/3600/3613
f 3702/3509/1124 3763/3597/3610 3698/3518/3553
f 3761/3601/3614 3763/3597/3610 3775/3596/3609 3762/3598/3611
f 3762/3598/3611 3779/3603/3616 8416/3604/3617 8415/3599/3612
f 3699/3522/3557 3751/3590/3603 3765/3594/3607 3719/3523/3558
f 3766/3605/3618 8422/3606/3619 3773/3607/3620
f 3774/3608/3621 8423/3609/3622 3732/3528/3563
f 3773/3607/3620 8422/3606/3619 3774/3608/3621
f 8420/3610/3623 8421/3611/3624 3766/3605/3618
f 3732/3528/3563 8423/3609/3622 8403/3532/3567
f 8424/3612/3625 8422/3606/3619 3766/3605/3618
f 3766/3605/3618 3720/3534/1536 8420/3610/3623
f 8420/3610/3623 3720/3534/1536 8414/3613/3626
f 8414/3613/3626 3720/3534/1536 8390/3536/3570
f 8422/3606/3619 8423/3609/3622 3774/3608/3621
f 8421/3611/3624 8424/3612/3625 3766/3605/3618
f 3756/3537/3627 3768/3614/3628 3770/3615/3629 3758/3537/3630
f 3758/3537/3630 3770/3615/3629 3769/3616/3631 3757/3537/3632
f 3759/3537/3633 3771/3617/3634 3772/3618/3635 3760/3537/3636
f 3760/3537/3636 3772/3618/3635 3767/3619/3637 8419/3537/3638
f 8419/3537/3638 3767/3619/3637 3768/3614/3628 3756/3537/3627
f 8397/3537/3583 3721/3543/3583 3771/3617/3634 3759/3537/3633
f 3757/3537/3632 3769/3616/3631 3729/3620/3584 3713/3537/3584
f 3778/3621/3639 3779/3603/3616 3776/3602/3615 3777/3622/3640
f 3754/3589/3602 3778/3621/3639 3777/3622/3640 3755/3623/3641
f 3778/3621/3639 3754/3589/3602 8417/3592/3605 3753/3624/3642
f 3751/3590/3603 3699/3522/3557 3703/3549/3589 8418/3591/3604
f 3778/3621/3639 3753/3624/3642 8416/3604/3617 3779/3603/3616
f 3752/3595/3608 3751/3590/3603 3754/3589/3602 3755/3623/3641
f 3741/3550/3590 3784/3625/3643 3785/3626/3644 3742/3551/3591
f 8428/3627/3645 8426/3628/3645 8425/3629/3646 8427/3630/3646
f 8408/3558/3595 8407/3559/3595 8426/3628/3645 8428/3627/3645
f 8430/3631/3647 3786/3632/3647 3782/3633/3648 8429/3634/3648
f 8409/3564/3597 3743/3565/3597 3786/3632/3647 8430/3631/3647
f 3783/3635/1124 8431/3636/1124 8432/3637/1124 3787/3638/1124
f 3787/3638/1124 8432/3637/1124 8411/3571/1124 3744/3570/1124
f 3788/3639/2052 3790/3640/2052 3791/3641/3649 3789/3642/3649
f 3789/3642/3649 3791/3641/3649 3748/3577/2053 3746/3576/2053
f 3784/3625/3643 3780/3643/3650 3781/3644/3651 3785/3626/3644
f 3784/3645/3643 3741/3582/3590 8412/3581/3599
f 3780/3646/3650 3784/3645/3643 8433/3647/3652
f 8412/3581/3599 8433/3647/3652 3784/3645/3643
f 3835/3648/3653 3792/3649/3654 3750/3587/3601 3749/3586/3600
f 3799/3650/3655 8440/3651/3656 8441/3652/3657 3795/3653/3658
f 3764/3593/3606 3752/3595/3608 3795/3653/3658 3809/3654/3659
f 3702/3509/1124 3808/3655/3660 3775/3596/3609
f 3807/3656/3661 3806/3657/3662 8435/3658/3663 8438/3659/3664
f 3775/3596/3609 3807/3656/3661 3822/3660/3665 3776/3602/3615
f 3806/3657/3662 3808/3655/3660 3793/3661/3666 3798/3662/3667
f 8434/3663/3668 8435/3658/3663 3806/3657/3662 3798/3662/3667
f 3702/3509/1124 3793/3661/3666 3808/3655/3660
f 3806/3657/3662 3807/3656/3661 3775/3596/3609 3808/3655/3660
f 3807/3656/3661 8438/3659/3664 8439/3664/3669 3822/3660/3665
f 3794/3665/3670 3810/3666/3671 3809/3654/3659 3795/3653/3658
f 3766/3605/3618 3773/3607/3620 8446/3667/3672
f 3819/3668/3673 3820/3669/3674 8447/3670/3675
f 3773/3607/3620 3819/3668/3673 8446/3667/3672
f 8444/3671/3676 3766/3605/3618 8445/3672/3677
f 3820/3669/3674 8449/3673/3678 8447/3670/3675
f 8448/3674/3679 3766/3605/3618 8446/3667/3672
f 3766/3605/3618 8444/3671/3676 3720/3534/1536
f 8444/3671/3676 8437/3675/3680 3720/3534/1536
f 8437/3675/3680 8436/3676/3681 3720/3534/1536
f 8446/3667/3672 3819/3668/3673 8447/3670/3675
f 8445/3672/3677 3766/3605/3618 8448/3674/3679
f 3800/3677/3682 3802/3678/3683 3815/3679/3684 3813/3680/3685
f 3802/3678/3683 3801/3681/3686 3814/3682/3687 3815/3679/3684
f 3803/3683/3688 3804/3684/3689 3817/3685/3690 3816/3686/3691
f 3804/3684/3689 8442/3687/3692 3812/3688/3693 3817/3685/3690
f 8442/3687/3692 3800/3677/3682 3813/3680/3685 3812/3688/3693
f 8443/3689/3694 3803/3683/3688 3816/3686/3691 3811/3690/3694
f 3801/3681/3686 3805/3691/3695 3818/3692/3695 3814/3682/3687
f 3821/3693/3696 3777/3622/3640 3776/3602/3615 3822/3660/3665
f 3799/3650/3655 3755/3623/3641 3777/3622/3640 3821/3693/3696
f 3821/3693/3696 3797/3694/3697 8440/3651/3656 3799/3650/3655
f 3795/3653/3658 8441/3652/3657 3796/3695/3698 3794/3665/3670
f 3821/3693/3696 3822/3660/3665 8439/3664/3669 3797/3694/3697
f 3752/3595/3608 3755/3623/3641 3799/3650/3655 3795/3653/3658
f 3827/3696/3699 3828/3697/3700 3824/3698/3701 3823/3699/3702
f 8451/3700/3703 8427/3630/3646 8425/3629/3646 8450/3701/3703
f 8454/3702/3704 8451/3700/3703 8450/3701/3703 8453/3703/3704
f 8452/3704/3705 8429/3634/3648 3782/3633/3648 3825/3705/3705
f 8455/3706/3706 8452/3704/3705 3825/3705/3705 3829/3707/3706
f 3783/3635/1124 3826/3708/1124 8456/3709/1124 8431/3636/1124
f 3826/3708/1124 3830/3710/1124 8457/3711/1124 8456/3709/1124
f 3788/3639/2052 3831/3712/3707 3833/3713/3707 3790/3640/2052
f 3831/3712/3707 3832/3714/2051 3834/3715/2051 3833/3713/3707
f 3823/3699/3702 3824/3698/3701 3781/3644/3651 3780/3643/3650
f 3823/3716/3702 8458/3717/3708 3827/3718/3699
f 3780/3646/3650 8433/3647/3652 3823/3716/3702
f 8458/3717/3708 3823/3716/3702 8433/3647/3652
f 3835/3648/3653 3836/3719/3709 3837/3720/3710 3792/3649/3654
f 3841/3721/3711 3838/3722/3712 8464/3723/3713 8463/3724/3714
f 3851/3725/3715 3852/3726/3716 3838/3722/3712 3839/3727/3717
f 3702/3509/1124 3862/3728/3718 3850/3729/3719
f 3849/3730/3720 8461/3731/3721 8459/3732/3722 3848/3733/3723
f 3862/3728/3718 3863/3734/3724 3866/3735/3725 3849/3730/3720
f 3848/3733/3723 3798/3662/3667 3793/3661/3666 3850/3729/3719
f 8434/3663/3668 3798/3662/3667 3848/3733/3723 8459/3732/3722
f 3702/3509/1124 3850/3729/3719 3793/3661/3666
f 3848/3733/3723 3850/3729/3719 3862/3728/3718 3849/3730/3720
f 3849/3730/3720 3866/3735/3725 8462/3736/3726 8461/3731/3721
f 3794/3665/3670 3838/3722/3712 3852/3726/3716 3810/3666/3671
f 3853/3737/3727 8468/3738/3728 3860/3739/3729
f 3861/3740/3730 8469/3741/3731 3820/3669/3674
f 3860/3739/3729 8468/3738/3728 3861/3740/3730
f 8466/3742/3732 8467/3743/3733 3853/3737/3727
f 3820/3669/3674 8469/3741/3731 8449/3673/3678
f 8470/3744/3734 8468/3738/3728 3853/3737/3727
f 3853/3737/3727 3720/3534/1536 8466/3742/3732
f 8466/3742/3732 3720/3534/1536 8460/3745/3735
f 8460/3745/3735 3720/3534/1536 8436/3676/3681
f 8468/3738/3728 8469/3741/3731 3861/3740/3730
f 8467/3743/3733 8470/3744/3734 3853/3737/3727
f 3843/3746/3736 3855/3747/3737 3857/3748/3738 3845/3749/3739
f 3845/3749/3739 3857/3748/3738 3856/3750/3740 3844/3751/3741
f 3846/3752/3742 3858/3753/3743 3859/3754/3744 3847/3755/3745
f 3847/3755/3745 3859/3754/3744 3854/3756/3746 8465/3757/3747
f 8465/3757/3747 3854/3756/3746 3855/3747/3737 3843/3746/3736
f 8443/3689/3694 3811/3690/3694 3858/3753/3743 3846/3752/3742
f 3844/3751/3741 3856/3750/3740 3818/3758/3695 3805/3759/3695
f 3865/3760/3748 3866/3735/3725 3863/3734/3724 3864/3761/3749
f 3841/3721/3711 3865/3760/3748 3864/3761/3749 3842/3762/3750
f 3865/3760/3748 3841/3721/3711 8463/3724/3714 3840/3763/3751
f 3838/3722/3712 3794/3665/3670 3796/3695/3698 8464/3723/3713
f 3865/3760/3748 3840/3763/3751 8462/3736/3726 3866/3735/3725
f 3839/3727/3717 3838/3722/3712 3841/3721/3711 3842/3762/3750
f 3827/3696/3699 3871/3764/3752 3872/3765/3753 3828/3697/3700
f 8474/3766/3754 8472/3767/3754 8471/3768/3755 8473/3769/3755
f 8454/3702/3704 8453/3703/3704 8472/3767/3754 8474/3766/3754
f 8476/3770/3756 3873/3771/3756 3869/3772/3757 8475/3773/3757
f 8455/3706/3706 3829/3707/3706 3873/3771/3756 8476/3770/3756
f 3870/3774/1124 8477/3775/1124 8478/3776/1124 3874/3777/1124
f 3874/3777/1124 8478/3776/1124 8457/3711/1124 3830/3710/1124
f 3875/3778/1240 3877/3779/1240 3878/3780/3758 3876/3781/3758
f 3876/3781/3758 3878/3780/3758 3834/3715/2051 3832/3714/2051
f 3871/3764/3752 3867/3782/3759 3868/3783/3760 3872/3765/3753
f 3871/3784/3752 3827/3718/3699 8458/3717/3708
f 3867/3785/3759 3871/3784/3752 8479/3786/3761
f 8458/3717/3708 8479/3786/3761 3871/3784/3752
f 3879/3787/3762 3880/3788/3762 3837/3720/3710 3836/3719/3709
f 3887/3789/3763 8486/3790/3764 8487/3791/3765 3883/3792/3766
f 3851/3725/3715 3839/3727/3717 3883/3792/3766 3897/3793/3767
f 3702/3509/1124 3896/3794/3768 3862/3728/3718
f 3895/3795/3769 3894/3796/3770 8481/3797/3771 8484/3798/3772
f 3862/3728/3718 3895/3795/3769 3910/3799/3773 3863/3734/3724
f 3894/3796/3770 3896/3794/3768 3881/3800/3774 3886/3801/3775
f 8480/3802/3776 8481/3797/3771 3894/3796/3770 3886/3801/3775
f 3702/3509/1124 3881/3800/3774 3896/3794/3768
f 3894/3796/3770 3895/3795/3769 3862/3728/3718 3896/3794/3768
f 3895/3795/3769 8484/3798/3772 8485/3803/3777 3910/3799/3773
f 3882/3804/3778 3898/3805/3779 3897/3793/3767 3883/3792/3766
f 3853/3737/3727 3860/3739/3729 8492/3806/3780
f 3907/3807/3781 3908/3808/3782 8493/3809/3783
f 3860/3739/3729 3907/3807/3781 8492/3806/3780
f 8490/3810/3784 3853/3737/3727 8491/3811/3785
f 3908/3808/3782 8495/3812/3786 8493/3809/3783
f 8494/3813/3787 3853/3737/3727 8492/3806/3780
f 3853/3737/3727 8490/3810/3784 3720/3534/1536
f 8490/3810/3784 8483/3814/3788 3720/3534/1536
f 8483/3814/3788 8482/3815/3789 3720/3534/1536
f 8492/3806/3780 3907/3807/3781 8493/3809/3783
f 8491/3811/3785 3853/3737/3727 8494/3813/3787
f 3888/3816/3790 3890/3817/3791 3903/3818/3792 3901/3819/3793
f 3890/3817/3791 3889/3820/3794 3902/3821/3795 3903/3818/3792
f 3891/3822/3796 3892/3823/3797 3905/3824/3798 3904/3825/3799
f 3892/3823/3797 8488/3826/3800 3900/3827/3801 3905/3824/3798
f 8488/3826/3800 3888/3816/3790 3901/3819/3793 3900/3827/3801
f 8489/3828/3802 3891/3822/3796 3904/3825/3799 3899/3829/3802
f 3889/3820/3794 3893/3830/3803 3906/3831/3803 3902/3821/3795
f 3909/3832/3804 3864/3761/3749 3863/3734/3724 3910/3799/3773
f 3887/3789/3763 3842/3762/3750 3864/3761/3749 3909/3832/3804
f 3909/3832/3804 3885/3833/3805 8486/3790/3764 3887/3789/3763
f 3883/3792/3766 8487/3791/3765 3884/3834/3806 3882/3804/3778
f 3909/3832/3804 3910/3799/3773 8485/3803/3777 3885/3833/3805
f 3839/3727/3717 3842/3762/3750 3887/3789/3763 3883/3792/3766
f 3915/3835/3807 3916/3836/3808 3912/3837/3809 3911/3838/3810
f 8497/3839/3811 8473/3769/3755 8471/3768/3755 8496/3840/3811
f 8500/3841/3812 8497/3839/3811 8496/3840/3811 8499/3842/3812
f 8498/3843/3813 8475/3773/3757 3869/3772/3757 3913/3844/3813
f 8501/3845/3814 8498/3843/3813 3913/3844/3813 3917/3846/3814
f 3870/3774/1124 3914/3847/1124 8502/3848/1124 8477/3775/1124
f 3914/3847/1124 3918/3849/1124 8503/3850/1124 8502/3848/1124
f 3875/3778/1240 3919/3851/3815 3921/3852/3815 3877/3779/1240
f 3919/3851/3815 3920/3853/2050 3922/3854/2050 3921/3852/3815
f 3911/3838/3810 3912/3837/3809 3868/3783/3760 3867/3782/3759
f 3911/3855/3810 8504/3856/3816 3915/3857/3807
f 3867/3785/3759 8479/3786/3761 3911/3855/3810
f 8504/3856/3816 3911/3855/3810 8479/3786/3761
f 3879/3787/3762 3923/3858/3817 3924/3859/3818 3880/3788/3762
f 3928/3860/3819 3925/3861/3820 8510/3862/3821 8509/3863/3822
f 3938/3864/3823 3939/3865/3824 3925/3861/3820 3926/3866/3825
f 3702/3509/1124 3949/3867/3826 3937/3868/3827
f 3936/3869/3828 8507/3870/3829 8505/3871/3830 3935/3872/3831
f 3949/3867/3826 3950/3873/3832 3953/3874/3833 3936/3869/3828
f 3935/3872/3831 3886/3801/3775 3881/3800/3774 3937/3868/3827
f 8480/3802/3776 3886/3801/3775 3935/3872/3831 8505/3871/3830
f 3702/3509/1124 3937/3868/3827 3881/3800/3774
f 3935/3872/3831 3937/3868/3827 3949/3867/3826 3936/3869/3828
f 3936/3869/3828 3953/3874/3833 8508/3875/3834 8507/3870/3829
f 3882/3804/3778 3925/3861/3820 3939/3865/3824 3898/3805/3779
f 3940/3876/3835 8514/3877/3836 3947/3878/3837
f 3948/3879/3838 8515/3880/3839 3908/3808/3782
f 3947/3878/3837 8514/3877/3836 3948/3879/3838
f 8512/3881/3840 8513/3882/3841 3940/3876/3835
f 3908/3808/3782 8515/3880/3839 8495/3812/3786
f 8516/3883/3842 8514/3877/3836 3940/3876/3835
f 3940/3876/3835 3720/3534/1536 8512/3881/3840
f 8512/3881/3840 3720/3534/1536 8506/3884/3843
f 8506/3884/3843 3720/3534/1536 8482/3815/3789
f 8514/3877/3836 8515/3880/3839 3948/3879/3838
f 8513/3882/3841 8516/3883/3842 3940/3876/3835
f 3930/3885/3844 3942/3886/3845 3944/3887/3846 3932/3888/3847
f 3932/3888/3847 3944/3887/3846 3943/3889/3848 3931/3890/3849
f 3933/3891/3850 3945/3892/3851 3946/3893/3852 3934/3894/3853
f 3934/3894/3853 3946/3893/3852 3941/3895/3854 8511/3896/3855
f 8511/3896/3855 3941/3895/3854 3942/3886/3845 3930/3885/3844
f 8489/3828/3802 3899/3829/3802 3945/3892/3851 3933/3891/3850
f 3931/3890/3849 3943/3889/3848 3906/3897/3803 3893/3898/3803
f 3952/3899/3856 3953/3874/3833 3950/3873/3832 3951/3900/3857
f 3928/3860/3819 3952/3899/3856 3951/3900/3857 3929/3901/3858
f 3952/3899/3856 3928/3860/3819 8509/3863/3822 3927/3902/3859
f 3925/3861/3820 3882/3804/3778 3884/3834/3806 8510/3862/3821
f 3952/3899/3856 3927/3902/3859 8508/3875/3834 3953/3874/3833
f 3926/3866/3825 3925/3861/3820 3928/3860/3819 3929/3901/3858
f 3915/3835/3807 3958/3903/3860 3959/3904/3861 3916/3836/3808
f 8520/3905/3862 8518/3906/3862 8517/3907/3863 8519/3908/3863
f 8500/3841/3812 8499/3842/3812 8518/3906/3862 8520/3905/3862
f 8522/3909/3864 3960/3910/3864 3956/3911/3865 8521/3912/3865
f 8501/3845/3814 3917/3846/3814 3960/3910/3864 8522/3909/3864
f 3957/3913/1124 8523/3914/1124 8524/3915/1124 3961/3916/1124
f 3961/3916/1124 8524/3915/1124 8503/3850/1124 3918/3849/1124
f 3962/3917/2049 3964/3918/2049 3965/3919/3866 3963/3920/3866
f 3963/3920/3866 3965/3919/3866 3922/3854/2050 3920/3853/2050
f 3958/3903/3860 3954/3921/3867 3955/3922/3868 3959/3904/3861
f 3958/3923/3860 3915/3857/3807 8504/3856/3816
f 3954/3924/3867 3958/3923/3860 8525/3925/3869
f 8504/3856/3816 8525/3925/3869 3958/3923/3860
f 4009/3926/3870 3966/3927/3871 3924/3859/3818 3923/3858/3817
f 3973/3928/3872 8532/3929/3873 8533/3930/3874 3969/3931/3875
f 3938/3864/3823 3926/3866/3825 3969/3931/3875 3983/3932/3876
f 3702/3509/1124 3982/3933/3877 3949/3867/3826
f 3981/3934/3878 3980/3935/3879 8527/3936/3880 8530/3937/3881
f 3949/3867/3826 3981/3934/3878 3996/3938/3882 3950/3873/3832
f 3980/3935/3879 3982/3933/3877 3967/3939/3883 3972/3940/3884
f 8526/3941/3885 8527/3936/3880 3980/3935/3879 3972/3940/3884
f 3702/3509/1124 3967/3939/3883 3982/3933/3877
f 3980/3935/3879 3981/3934/3878 3949/3867/3826 3982/3933/3877
f 3981/3934/3878 8530/3937/3881 8531/3942/3886 3996/3938/3882
f 3968/3943/3887 3984/3944/3888 3983/3932/3876 3969/3931/3875
f 3940/3876/3835 3947/3878/3837 8538/3945/3889
f 3993/3946/3890 3994/3947/3891 8539/3948/3892
f 3947/3878/3837 3993/3946/3890 8538/3945/3889
f 8536/3949/3893 3940/3876/3835 8537/3950/3894
f 3994/3947/3891 8541/3951/3895 8539/3948/3892
f 8540/3952/3896 3940/3876/3835 8538/3945/3889
f 3940/3876/3835 8536/3949/3893 3720/3534/1536
f 8536/3949/3893 8529/3953/3897 3720/3534/1536
f 8529/3953/3897 8528/3954/3898 3720/3534/1536
f 8538/3945/3889 3993/3946/3890 8539/3948/3892
f 8537/3950/3894 3940/3876/3835 8540/3952/3896
f 3974/3955/3899 3976/3956/3900 3989/3957/3901 3987/3958/3902
f 3976/3956/3900 3975/3959/3903 3988/3960/3904 3989/3957/3901
f 3977/3961/3905 3978/3962/3906 3991/3963/3907 3990/3964/3908
f 3978/3962/3906 8534/3965/3909 3986/3966/3910 3991/3963/3907
f 8534/3965/3909 3974/3955/3899 3987/3958/3902 3986/3966/3910
f 8535/3967/3911 3977/3961/3905 3990/3964/3908 3985/3968/3911
f 3975/3959/3903 3979/3969/3912 3992/3970/3912 3988/3960/3904
f 3995/3971/3913 3951/3900/3857 3950/3873/3832 3996/3938/3882
f 3973/3928/3872 3929/3901/3858 3951/3900/3857 3995/3971/3913
f 3995/3971/3913 3971/3972/3914 8532/3929/3873 3973/3928/3872
f 3969/3931/3875 8533/3930/3874 3970/3973/3915 3968/3943/3887
f 3995/3971/3913 3996/3938/3882 8531/3942/3886 3971/3972/3914
f 3926/3866/3825 3929/3901/3858 3973/3928/3872 3969/3931/3875
f 4001/3974/3916 4002/3975/3917 3998/3976/3918 3997/3977/3919
f 8543/3978/3920 8519/3908/3863 8517/3907/3863 8542/3979/3920
f 8546/3980/3921 8543/3978/3920 8542/3979/3920 8545/3981/3921
f 8544/3982/3922 8521/3912/3865 3956/3911/3865 3999/3983/3922
f 8547/3984/3923 8544/3982/3922 3999/3983/3922 4003/3985/3923
f 3957/3913/1124 4000/3986/1124 8548/3987/1124 8523/3914/1124
f 4000/3986/1124 4004/3988/1124 8549/3989/1124 8548/3987/1124
f 3962/3917/2049 4005/3990/3924 4007/3991/3924 3964/3918/2049
f 4005/3990/3924 4006/3992/2048 4008/3993/2048 4007/3991/3924
f 3997/3977/3919 3998/3976/3918 3955/3922/3868 3954/3921/3867
f 3997/3994/3919 8550/3995/3925 4001/3996/3916
f 3954/3924/3867 8525/3925/3869 3997/3994/3919
f 8550/3995/3925 3997/3994/3919 8525/3925/3869
f 4009/3926/3870 4010/3997/3926 4011/3998/3927 3966/3927/3871
f 4015/3999/3928 4012/4000/3929 8556/4001/3930 8555/4002/3931
f 4025/4003/3932 4026/4004/3933 4012/4000/3929 4013/4005/3934
f 3702/3509/1124 4036/4006/3935 4024/4007/3936
f 4023/4008/3937 8553/4009/3938 8551/4010/3939 4022/4011/3940
f 4036/4006/3935 4037/4012/3941 4040/4013/3942 4023/4008/3937
f 4022/4011/3940 3972/3940/3884 3967/3939/3883 4024/4007/3936
f 8526/3941/3885 3972/3940/3884 4022/4011/3940 8551/4010/3939
f 3702/3509/1124 4024/4007/3936 3967/3939/3883
f 4022/4011/3940 4024/4007/3936 4036/4006/3935 4023/4008/3937
f 4023/4008/3937 4040/4013/3942 8554/4014/3943 8553/4009/3938
f 3968/3943/3887 4012/4000/3929 4026/4004/3933 3984/3944/3888
f 4027/4015/3944 8560/4016/3945 4034/4017/3946
f 4035/4018/3947 8561/4019/3948 3994/3947/3891
f 4034/4017/3946 8560/4016/3945 4035/4018/3947
f 8558/4020/3949 8559/4021/3950 4027/4015/3944
f 3994/3947/3891 8561/4019/3948 8541/3951/3895
f 8562/4016/3951 8560/4016/3945 4027/4015/3944
f 4027/4015/3944 3720/3534/1536 8558/4020/3949
f 8558/4020/3949 3720/3534/1536 8552/4022/3952
f 8552/4022/3952 3720/3534/1536 8528/3954/3898
f 8560/4016/3945 8561/4019/3948 4035/4018/3947
f 8559/4021/3950 8562/4016/3951 4027/4015/3944
f 4017/4023/3953 4029/4024/3954 4031/4025/3955 4019/4026/3956
f 4019/4026/3956 4031/4025/3955 4030/4027/3957 4018/4028/3958
f 4020/4029/3959 4032/4030/3960 4033/4031/3961 4021/4032/3962
f 4021/4032/3962 4033/4031/3961 4028/4033/3963 8557/4034/3964
f 8557/4034/3964 4028/4033/3963 4029/4024/3954 4017/4023/3953
f 8535/3967/3911 3985/3968/3911 4032/4030/3960 4020/4029/3959
f 4018/4028/3958 4030/4027/3957 3992/4035/3912 3979/4036/3912
f 4039/4037/3965 4040/4013/3942 4037/4012/3941 4038/4038/3966
f 4015/3999/3928 4039/4037/3965 4038/4038/3966 4016/4039/3967
f 4039/4037/3965 4015/3999/3928 8555/4002/3931 4014/4040/3968
f 4012/4000/3929 3968/3943/3887 3970/3973/3915 8556/4001/3930
f 4039/4037/3965 4014/4040/3968 8554/4014/3943 4040/4013/3942
f 4013/4005/3934 4012/4000/3929 4015/3999/3928 4016/4039/3967
f 4001/3974/3916 4045/4041/3969 4046/4042/3970 4002/3975/3917
f 8566/4043/3971 8564/4044/3971 8563/4045/3972 8565/4046/3972
f 8546/3980/3921 8545/3981/3921 8564/4044/3971 8566/4043/3971
f 8568/4047/3973 4047/4048/3973 4043/4049/3974 8567/4050/3974
f 8547/3984/3923 4003/3985/3923 4047/4048/3973 8568/4047/3973
f 4044/4051/1124 8569/4052/1124 8570/4053/1124 4048/4054/1124
f 4048/4054/1124 8570/4053/1124 8549/3989/1124 4004/3988/1124
f 4049/4055/1600 4051/4056/1600 4052/4057/3975 4050/4058/3975
f 4050/4058/3975 4052/4057/3975 4008/3993/2048 4006/3992/2048
f 4045/4041/3969 4041/4059/3976 4042/4060/3977 4046/4042/3970
f 4045/4061/3969 4001/3996/3916 8550/3995/3925
f 4041/4062/3976 4045/4061/3969 8571/4063/3978
f 8550/3995/3925 8571/4063/3978 4045/4061/3969
f 4096/4064/3979 4053/4065/3980 4011/3998/3927 4010/3997/3926
f 4060/4066/3981 8578/4067/3982 8579/4068/3983 4056/4069/3984
f 4025/4003/3932 4013/4005/3934 4056/4069/3984 4070/4070/3985
f 3702/3509/1124 4069/4071/3986 4036/4006/3935
f 4068/4072/3987 4067/4073/3988 8573/4074/3989 8576/4075/3990
f 4036/4006/3935 4068/4072/3987 4083/4076/3991 4037/4012/3941
f 4067/4073/3988 4069/4071/3986 4054/4077/3992 4059/4078/3993
f 8572/4079/3994 8573/4074/3989 4067/4073/3988 4059/4078/3993
f 3702/3509/1124 4054/4077/3992 4069/4071/3986
f 4067/4073/3988 4068/4072/3987 4036/4006/3935 4069/4071/3986
f 4068/4072/3987 8576/4075/3990 8577/4080/3995 4083/4076/3991
f 4055/4081/3996 4071/4082/3997 4070/4070/3985 4056/4069/3984
f 4027/4015/3944 4034/4017/3946 8584/4083/3998
f 4080/4084/3999 4081/4085/4000 8585/4086/4001
f 4034/4017/3946 4080/4084/3999 8584/4083/3998
f 8582/4087/4002 4027/4015/3944 8583/4088/4003
f 4081/4085/4000 8587/4089/4004 8585/4086/4001
f 8586/4090/4005 4027/4015/3944 8584/4083/3998
f 4027/4015/3944 8582/4087/4002 3720/3534/1536
f 8582/4087/4002 8575/4091/4006 3720/3534/1536
f 8575/4091/4006 8574/4092/4007 3720/3534/1536
f 8584/4083/3998 4080/4084/3999 8585/4086/4001
f 8583/4088/4003 4027/4015/3944 8586/4090/4005
f 4061/4093/4008 4063/4094/4009 4076/4095/4010 4074/4096/4011
f 4063/4094/4009 4062/4097/4012 4075/4098/4013 4076/4095/4010
f 4064/4099/4014 4065/4100/4015 4078/4101/4016 4077/4102/4017
f 4065/4100/4015 8580/4103/4018 4073/4104/4019 4078/4101/4016
f 8580/4103/4018 4061/4093/4008 4074/4096/4011 4073/4104/4019
f 8581/4105/4020 4064/4099/4014 4077/4102/4017 4072/4106/4020
f 4062/4097/4012 4066/4107/4021 4079/4108/4021 4075/4098/4013
f 4082/4109/4022 4038/4038/3966 4037/4012/3941 4083/4076/3991
f 4060/4066/3981 4016/4039/3967 4038/4038/3966 4082/4109/4022
f 4082/4109/4022 4058/4110/4023 8578/4067/3982 4060/4066/3981
f 4056/4069/3984 8579/4068/3983 4057/4111/4024 4055/4081/3996
f 4082/4109/4022 4083/4076/3991 8577/4080/3995 4058/4110/4023
f 4013/4005/3934 4016/4039/3967 4060/4066/3981 4056/4069/3984
f 4088/4112/4025 4089/4113/4026 4085/4114/4027 4084/4115/4028
f 8589/4116/4029 8565/4117/3972 8563/4118/3972 8588/4119/4029
f 8592/4120/4030 8589/4116/4029 8588/4119/4029 8591/4121/4030
f 8590/4122/4031 8567/4123/3974 4043/4124/3974 4086/4125/4031
f 8593/4126/4032 8590/4122/4031 4086/4125/4031 4090/4127/4032
f 4044/4128/1124 4087/4129/1124 8594/4130/1124 8569/4131/1124
f 4087/4129/1124 4091/4132/1124 8595/4133/1124 8594/4130/1124
f 4049/4134/1600 4092/4135/4033 4094/4136/4033 4051/4137/1600
f 4092/4135/4033 4093/4138/2059 4095/4139/2059 4094/4136/4033
f 4084/4115/4028 4085/4114/4027 4042/4140/3977 4041/4141/3976
f 4084/4142/4028 8596/4143/4034 4088/4144/4025
f 4041/4145/3976 8571/4146/3978 4084/4142/4028
f 8596/4143/4034 4084/4142/4028 8571/4146/3978
f 4096/4147/3979 4097/4148/4035 4098/4149/4036 4053/4150/3980
f 4102/4151/4037 4099/4152/4038 8602/4153/4039 8601/4154/4040
f 4112/4155/4041 4113/4156/4042 4099/4152/4038 4100/4157/4043
f 3702/3509/1124 4123/4158/4044 4111/4159/4045
f 4110/4160/4046 8599/4161/4047 8597/4162/4048 4109/4163/4049
f 4123/4158/4044 4124/4164/4050 4127/4165/4051 4110/4160/4046
f 4109/4163/4049 4059/4078/3993 4054/4077/3992 4111/4159/4045
f 8572/4079/3994 4059/4078/3993 4109/4163/4049 8597/4162/4048
f 3702/3509/1124 4111/4159/4045 4054/4077/3992
f 4109/4163/4049 4111/4159/4045 4123/4158/4044 4110/4160/4046
f 4110/4160/4046 4127/4165/4051 8600/4166/4052 8599/4161/4047
f 4055/4081/3996 4099/4152/4038 4113/4156/4042 4071/4082/3997
f 4114/4167/4053 8606/4168/4054 4121/4169/4055
f 4122/4170/4056 8607/4171/4057 4081/4085/4000
f 4121/4169/4055 8606/4168/4054 4122/4170/4056
f 8604/4172/4058 8605/4173/4059 4114/4167/4053
f 4081/4085/4000 8607/4171/4057 8587/4089/4004
f 8608/4174/4060 8606/4168/4054 4114/4167/4053
f 4114/4167/4053 3720/3534/1536 8604/4172/4058
f 8604/4172/4058 3720/3534/1536 8598/4175/4061
f 8598/4175/4061 3720/3534/1536 8574/4092/4007
f 8606/4168/4054 8607/4171/4057 4122/4170/4056
f 8605/4173/4059 8608/4174/4060 4114/4167/4053
f 4104/4176/4062 4116/4177/4063 4118/4178/4064 4106/4179/4065
f 4106/4179/4065 4118/4178/4064 4117/4180/4066 4105/4181/4067
f 4107/4182/4068 4119/4183/4069 4120/4184/4070 4108/4185/4071
f 4108/4185/4071 4120/4184/4070 4115/4186/4072 8603/4187/4073
f 8603/4187/4073 4115/4186/4072 4116/4177/4063 4104/4176/4062
f 8581/4105/4020 4072/4106/4020 4119/4183/4069 4107/4182/4068
f 4105/4181/4067 4117/4180/4066 4079/4188/4021 4066/4189/4021
f 4126/4190/4074 4127/4165/4051 4124/4164/4050 4125/4191/4075
f 4102/4151/4037 4126/4190/4074 4125/4191/4075 4103/4192/4076
f 4126/4190/4074 4102/4151/4037 8601/4154/4040 4101/4193/4077
f 4099/4152/4038 4055/4081/3996 4057/4111/4024 8602/4153/4039
f 4126/4190/4074 4101/4193/4077 8600/4166/4052 4127/4165/4051
f 4100/4157/4043 4099/4152/4038 4102/4151/4037 4103/4192/4076
f 4088/4112/4025 4132/4194/4078 4133/4195/4079 4089/4113/4026
f 8612/4196/4080 8610/4197/4080 8609/4198/4081 8611/4199/4081
f 8592/4120/4030 8591/4121/4030 8610/4197/4080 8612/4196/4080
f 8614/4200/4082 4134/4201/4082 4130/4202/4083 8613/4203/4083
f 8593/4126/4032 4090/4127/4032 4134/4201/4082 8614/4200/4082
f 4131/4204/1124 8615/4205/1124 8616/4206/1124 4135/4207/1124
f 4135/4207/1124 8616/4206/1124 8595/4133/1124 4091/4132/1124
f 4136/4208/2058 4138/4209/2058 4139/4210/4084 4137/4211/4084
f 4137/4211/4084 4139/4210/4084 4095/4139/2059 4093/4138/2059
f 4132/4194/4078 4128/4212/4085 4129/4213/4086 4133/4195/4079
f 4132/4214/4078 4088/4144/4025 8596/4143/4034
f 4128/4215/4085 4132/4214/4078 8617/4216/4087
f 8596/4143/4034 8617/4216/4087 4132/4214/4078
f 4140/4217/4088 4141/4218/4089 4098/4149/4036 4097/4148/4035
f 4148/4219/4090 8624/4220/4091 8625/4221/4092 4144/4222/4093
f 4112/4155/4041 4100/4157/4043 4144/4222/4093 4158/4223/4094
f 3702/3509/1124 4157/4224/4095 4123/4158/4044
f 4156/4225/4096 4155/4226/4097 8619/4227/4098 8622/4228/4099
f 4123/4158/4044 4156/4225/4096 4171/4229/4100 4124/4164/4050
f 4155/4226/4097 4157/4224/4095 4142/4230/4101 4147/4231/4102
f 8618/4232/4103 8619/4227/4098 4155/4226/4097 4147/4231/4102
f 3702/3509/1124 4142/4230/4101 4157/4224/4095
f 4155/4226/4097 4156/4225/4096 4123/4158/4044 4157/4224/4095
f 4156/4225/4096 8622/4228/4099 8623/4233/4104 4171/4229/4100
f 4143/4234/4105 4159/4235/4106 4158/4223/4094 4144/4222/4093
f 4114/4167/4053 4121/4169/4055 8630/4236/4107
f 4168/4237/4108 4169/4238/4109 8631/4239/4110
f 4121/4169/4055 4168/4237/4108 8630/4236/4107
f 8628/4240/4111 4114/4167/4053 8629/4241/4112
f 4169/4238/4109 8633/4242/4113 8631/4239/4110
f 8632/4236/4114 4114/4167/4053 8630/4236/4107
f 4114/4167/4053 8628/4240/4111 3720/3534/1536
f 8628/4240/4111 8621/4240/4115 3720/3534/1536
f 8621/4240/4115 8620/4243/4116 3720/3534/1536
f 8630/4236/4107 4168/4237/4108 8631/4239/4110
f 8629/4241/4112 4114/4167/4053 8632/4236/4114
f 4149/4244/4117 4151/4245/4118 4164/4246/4119 4162/4247/4120
f 4151/4245/4118 4150/4248/4121 4163/4249/4122 4164/4246/4119
f 4152/4250/4123 4153/4251/4124 4166/4252/4125 4165/4253/4126
f 4153/4251/4124 8626/4254/4127 4161/4255/4128 4166/4252/4125
f 8626/4254/4127 4149/4244/4117 4162/4247/4120 4161/4255/4128
f 8627/4256/4129 4152/4250/4123 4165/4253/4126 4160/4257/4129
f 4150/4248/4121 4154/4258/4130 4167/4259/4130 4163/4249/4122
f 4170/4260/4131 4125/4191/4075 4124/4164/4050 4171/4229/4100
f 4148/4219/4090 4103/4192/4076 4125/4191/4075 4170/4260/4131
f 4170/4260/4131 4146/4261/4132 8624/4220/4091 4148/4219/4090
f 4144/4222/4093 8625/4221/4092 4145/4262/4133 4143/4234/4105
f 4170/4260/4131 4171/4229/4100 8623/4233/4104 4146/4261/4132
f 4100/4157/4043 4103/4192/4076 4148/4219/4090 4144/4222/4093
f 4176/4263/4134 4177/4264/4135 4173/4265/4136 4172/4266/4137
f 8635/4267/4138 8611/4199/4081 8609/4198/4081 8634/4268/4138
f 8638/4269/4139 8635/4267/4138 8634/4268/4138 8637/4270/4139
f 8636/4271/4140 8613/4203/4083 4130/4202/4083 4174/4272/4140
f 8639/4273/4141 8636/4271/4140 4174/4272/4140 4178/4274/4141
f 4131/4204/1124 4175/4275/1124 8640/4276/1124 8615/4205/1124
f 4175/4275/1124 4179/4277/1124 8641/4278/1124 8640/4276/1124
f 4136/4208/2058 4180/4279/4142 4182/4280/4142 4138/4209/2058
f 4180/4279/4142 4181/4281/2057 4183/4282/2057 4182/4280/4142
f 4172/4266/4137 4173/4265/4136 4129/4213/4086 4128/4212/4085
f 4172/4283/4137 8642/4284/4143 4176/4285/4134
f 4128/4215/4085 8617/4216/4087 4172/4283/4137
f 8642/4284/4143 4172/4283/4137 8617/4216/4087
f 4140/4217/4088 4184/4286/4144 4185/4287/4145 4141/4218/4089
f 4189/4288/4146 4186/4289/4147 8648/4290/4148 8647/4291/4149
f 4199/4292/4150 4200/4293/4151 4186/4289/4147 4187/4294/4152
f 3702/3509/1124 4210/4295/4153 4198/4296/4154
f 4197/4297/4155 8645/4298/4156 8643/4299/4157 4196/4300/4158
f 4210/4295/4153 4211/4301/4159 4214/4302/4160 4197/4297/4155
f 4196/4300/4158 4147/4231/4102 4142/4230/4101 4198/4296/4154
f 8618/4232/4103 4147/4231/4102 4196/4300/4158 8643/4299/4157
f 3702/3509/1124 4198/4296/4154 4142/4230/4101
f 4196/4300/4158 4198/4296/4154 4210/4295/4153 4197/4297/4155
f 4197/4297/4155 4214/4302/4160 8646/4303/4161 8645/4298/4156
f 4143/4234/4105 4186/4289/4147 4200/4293/4151 4159/4235/4106
f 4201/4304/4162 8652/4305/4163 4208/4306/4164
f 4209/4307/4165 8653/4308/4166 4169/4238/4109
f 4208/4306/4164 8652/4305/4163 4209/4307/4165
f 8650/4309/4167 8651/4310/4168 4201/4304/4162
f 4169/4238/4109 8653/4308/4166 8633/4242/4113
f 8654/4305/4169 8652/4305/4163 4201/4304/4162
f 4201/4304/4162 3720/3534/1536 8650/4309/4167
f 8650/4309/4167 3720/3534/1536 8644/4311/4170
f 8644/4311/4170 3720/3534/1536 8620/4243/4116
f 8652/4305/4163 8653/4308/4166 4209/4307/4165
f 8651/4310/4168 8654/4305/4169 4201/4304/4162
f 4191/4312/4171 4203/4313/4172 4205/4314/4173 4193/4315/4174
f 4193/4315/4174 4205/4314/4173 4204/4316/4175 4192/4317/4176
f 4194/4318/4177 4206/4319/4178 4207/4320/4179 4195/4321/4180
f 4195/4321/4180 4207/4320/4179 4202/4322/4181 8649/4323/4182
f 8649/4323/4182 4202/4322/4181 4203/4313/4172 4191/4312/4171
f 8627/4256/4129 4160/4257/4129 4206/4319/4178 4194/4318/4177
f 4192/4317/4176 4204/4316/4175 4167/4324/4130 4154/4325/4130
f 4213/4326/4183 4214/4302/4160 4211/4301/4159 4212/4327/4184
f 4189/4288/4146 4213/4326/4183 4212/4327/4184 4190/4328/4185
f 4213/4326/4183 4189/4288/4146 8647/4291/4149 4188/4329/4186
f 4186/4289/4147 4143/4234/4105 4145/4262/4133 8648/4290/4148
f 4213/4326/4183 4188/4329/4186 8646/4303/4161 4214/4302/4160
f 4187/4294/4152 4186/4289/4147 4189/4288/4146 4190/4328/4185
f 4176/4263/4134 4219/4330/4187 4220/4331/4188 4177/4264/4135
f 8658/4332/4189 8656/4333/4189 8655/4334/4190 8657/4335/4190
f 8638/4269/4139 8637/4270/4139 8656/4333/4189 8658/4332/4189
f 8660/4336/4191 4221/4337/4191 4217/4338/4192 8659/4339/4192
f 8639/4273/4141 4178/4274/4141 4221/4337/4191 8660/4336/4191
f 4218/4340/1124 8661/4341/1124 8662/4342/1124 4222/4343/1124
f 4222/4343/1124 8662/4342/1124 8641/4278/1124 4179/4277/1124
f 4223/4344/1231 4225/4345/1231 4226/4346/4193 4224/4347/4193
f 4224/4347/4193 4226/4346/4193 4183/4282/2057 4181/4281/2057
f 4219/4330/4187 4215/4348/4194 4216/4349/4195 4220/4331/4188
f 4219/4350/4187 4176/4285/4134 8642/4284/4143
f 4215/4351/4194 4219/4350/4187 8663/4352/4196
f 8642/4284/4143 8663/4352/4196 4219/4350/4187
f 4227/4353/4197 4228/4354/4197 4185/4287/4145 4184/4286/4144
f 4235/4355/4198 8670/4356/4199 8671/4357/4200 4231/4358/4201
f 4199/4292/4150 4187/4294/4152 4231/4358/4201 4245/4359/4202
f 3702/3509/1124 4244/4360/4203 4210/4295/4153
f 4243/4361/4204 4242/4362/4205 8665/4363/4206 8668/4364/4207
f 4210/4295/4153 4243/4361/4204 4258/4365/4208 4211/4301/4159
f 4242/4362/4205 4244/4360/4203 4229/4366/4209 4234/4367/4210
f 8664/4368/4211 8665/4363/4206 4242/4362/4205 4234/4367/4210
f 3702/3509/1124 4229/4366/4209 4244/4360/4203
f 4242/4362/4205 4243/4361/4204 4210/4295/4153 4244/4360/4203
f 4243/4361/4204 8668/4364/4207 8669/4369/4212 4258/4365/4208
f 4230/4370/4213 4246/4371/4214 4245/4359/4202 4231/4358/4201
f 4201/4304/4162 4208/4306/4164 8676/4372/4215
f 4255/4373/4216 4256/4374/4217 8677/4375/4218
f 4208/4306/4164 4255/4373/4216 8676/4372/4215
f 8674/4376/4219 4201/4304/4162 8675/4377/4220
f 4256/4374/4217 8679/4378/4221 8677/4375/4218
f 8678/4379/4222 4201/4304/4162 8676/4372/4215
f 4201/4304/4162 8674/4376/4219 3720/3534/1536
f 8674/4376/4219 8667/4380/4223 3720/3534/1536
f 8667/4380/4223 8666/4381/4224 3720/3534/1536
f 8676/4372/4215 4255/4373/4216 8677/4375/4218
f 8675/4377/4220 4201/4304/4162 8678/4379/4222
f 4236/4382/4225 4238/4383/4226 4251/4384/4227 4249/4385/4228
f 4238/4383/4226 4237/4386/4229 4250/4387/4230 4251/4384/4227
f 4239/4388/4231 4240/4389/4232 4253/4390/4233 4252/4391/4234
f 4240/4389/4232 8672/4392/4235 4248/4393/4236 4253/4390/4233
f 8672/4392/4235 4236/4382/4225 4249/4385/4228 4248/4393/4236
f 8673/4394/4237 4239/4388/4231 4252/4391/4234 4247/4395/4237
f 4237/4386/4229 4241/4396/4238 4254/4397/4238 4250/4387/4230
f 4257/4398/4239 4212/4327/4184 4211/4301/4159 4258/4365/4208
f 4235/4355/4198 4190/4328/4185 4212/4327/4184 4257/4398/4239
f 4257/4398/4239 4233/4399/4240 8670/4356/4199 4235/4355/4198
f 4231/4358/4201 8671/4357/4200 4232/4400/4241 4230/4370/4213
f 4257/4398/4239 4258/4365/4208 8669/4369/4212 4233/4399/4240
f 4187/4294/4152 4190/4328/4185 4235/4355/4198 4231/4358/4201
f 4263/4401/4242 4264/4402/4243 4260/4403/4244 4259/4404/4245
f 8681/4405/4246 8657/4335/4190 8655/4334/4190 8680/4406/4246
f 8684/4407/4247 8681/4405/4246 8680/4406/4246 8683/4408/4247
f 8682/4409/4248 8659/4339/4192 4217/4338/4192 4261/4410/4248
f 8685/4411/4249 8682/4409/4248 4261/4410/4248 4265/4412/4249
f 4218/4340/1124 4262/4413/1124 8686/4414/1124 8661/4341/1124
f 4262/4413/1124 4266/4415/1124 8687/4416/1124 8686/4414/1124
f 4223/4344/1231 4267/4417/4250 4269/4418/4250 4225/4345/1231
f 4267/4417/4250 4268/4419/2056 4270/4420/2056 4269/4418/4250
f 4259/4404/4245 4260/4403/4244 4216/4349/4195 4215/4348/4194
f 4259/4421/4245 8688/4422/4251 4263/4423/4242
f 4215/4351/4194 8663/4352/4196 4259/4421/4245
f 8688/4422/4251 4259/4421/4245 8663/4352/4196
f 4227/4353/4197 4271/4424/4252 4272/4425/4253 4228/4354/4197
f 4276/4426/4254 4273/4427/4255 8694/4428/4256 8693/4429/4257
f 4286/4430/4258 4287/4431/4259 4273/4427/4255 4274/4432/4260
f 3702/3509/1124 4297/4433/4261 4285/4434/4262
f 4284/4435/4263 8691/4436/4264 8689/4437/4265 4283/4438/4266
f 4297/4433/4261 4298/4439/4267 4301/4440/4268 4284/4435/4263
f 4283/4438/4266 4234/4367/4210 4229/4366/4209 4285/4434/4262
f 8664/4368/4211 4234/4367/4210 4283/4438/4266 8689/4437/4265
f 3702/3509/1124 4285/4434/4262 4229/4366/4209
f 4283/4438/4266 4285/4434/4262 4297/4433/4261 4284/4435/4263
f 4284/4435/4263 4301/4440/4268 8692/4441/4269 8691/4436/4264
f 4230/4370/4213 4273/4427/4255 4287/4431/4259 4246/4371/4214
f 4288/4442/4270 8698/4443/4271 4295/4444/4272
f 4296/4445/4273 8699/4446/4274 4256/4374/4217
f 4295/4444/4272 8698/4443/4271 4296/4445/4273
f 8696/4447/4275 8697/4448/4276 4288/4442/4270
f 4256/4374/4217 8699/4446/4274 8679/4378/4221
f 8700/4449/4277 8698/4443/4271 4288/4442/4270
f 4288/4442/4270 3720/3534/1536 8696/4447/4275
f 8696/4447/4275 3720/3534/1536 8690/4450/4278
f 8690/4450/4278 3720/3534/1536 8666/4381/4224
f 8698/4443/4271 8699/4446/4274 4296/4445/4273
f 8697/4448/4276 8700/4449/4277 4288/4442/4270
f 4278/4451/4279 4290/4452/4280 4292/4453/4281 4280/4454/4282
f 4280/4454/4282 4292/4453/4281 4291/4455/4283 4279/4456/4284
f 4281/4457/4285 4293/4458/4286 4294/4459/4287 4282/4460/4288
f 4282/4460/4288 4294/4459/4287 4289/4461/4289 8695/4462/4290
f 8695/4462/4290 4289/4461/4289 4290/4452/4280 4278/4451/4279
f 8673/4394/4237 4247/4395/4237 4293/4458/4286 4281/4457/4285
f 4279/4456/4284 4291/4455/4283 4254/4463/4238 4241/4464/4238
f 4300/4465/4291 4301/4440/4268 4298/4439/4267 4299/4466/4292
f 4276/4426/4254 4300/4465/4291 4299/4466/4292 4277/4467/4293
f 4300/4465/4291 4276/4426/4254 8693/4429/4257 4275/4468/4294
f 4273/4427/4255 4230/4370/4213 4232/4400/4241 8694/4428/4256
f 4300/4465/4291 4275/4468/4294 8692/4441/4269 4301/4440/4268
f 4274/4432/4260 4273/4427/4255 4276/4426/4254 4277/4467/4293
f 4263/4401/4242 4306/4469/4295 4307/4470/4296 4264/4402/4243
f 8704/4471/4297 8702/4472/4297 8701/4473/4298 8703/4474/4298
f 8684/4407/4247 8683/4408/4247 8702/4472/4297 8704/4471/4297
f 8706/4475/4299 4308/4476/4299 4304/4477/4300 8705/4478/4300
f 8685/4411/4249 4265/4412/4249 4308/4476/4299 8706/4475/4299
f 4305/4479/1124 8707/4480/1124 8708/4481/1124 4309/4482/1124
f 4309/4482/1124 8708/4481/1124 8687/4416/1124 4266/4415/1124
f 4310/4483/2055 4312/4484/2055 4313/4485/4301 4311/4486/4301
f 4311/4486/4301 4313/4485/4301 4270/4420/2056 4268/4419/2056
f 4306/4469/4295 4302/4487/4302 4303/4488/4303 4307/4470/4296
f 4306/4489/4295 4263/4423/4242 8688/4422/4251
f 4302/4490/4302 4306/4489/4295 8709/4491/4304
f 8688/4422/4251 8709/4491/4304 4306/4489/4295
f 4314/4492/4305 4315/4493/4305 4272/4425/4253 4271/4424/4252
f 4322/4494/4306 8716/4495/4307 8717/4496/4308 4318/4497/4309
f 4286/4430/4258 4274/4432/4260 4318/4497/4309 4332/4498/4310
f 3702/3509/1124 4331/4499/4311 4297/4433/4261
f 4330/4500/4312 4329/4501/4313 8711/4502/4314 8714/4503/4315
f 4297/4433/4261 4330/4500/4312 4345/4504/4316 4298/4439/4267
f 4329/4501/4313 4331/4499/4311 4316/4505/4317 4321/4506/4318
f 8710/4507/4319 8711/4502/4314 4329/4501/4313 4321/4506/4318
f 3702/3509/1124 4316/4505/4317 4331/4499/4311
f 4329/4501/4313 4330/4500/4312 4297/4433/4261 4331/4499/4311
f 4330/4500/4312 8714/4503/4315 8715/4508/4320 4345/4504/4316
f 4317/4509/4321 4333/4510/4322 4332/4498/4310 4318/4497/4309
f 4288/4442/4270 4295/4444/4272 8722/4511/4323
f 4342/4512/4324 4343/4513/4325 8723/4511/4326
f 4295/4444/4272 4342/4512/4324 8722/4511/4323
f 8720/4514/4327 4288/4442/4270 8721/4514/4328
f 4343/4513/4325 8725/4515/4329 8723/4511/4326
f 8724/4516/4330 4288/4442/4270 8722/4511/4323
f 4288/4442/4270 8720/4514/4327 3720/3534/1536
f 8720/4514/4327 8713/4517/4331 3720/3534/1536
f 8713/4517/4331 8712/4518/4332 3720/3534/1536
f 8722/4511/4323 4342/4512/4324 8723/4511/4326
f 8721/4514/4328 4288/4442/4270 8724/4516/4330
f 4323/4519/4333 4325/4520/4334 4338/4521/4335 4336/4522/4336
f 4325/4520/4334 4324/4523/4337 4337/4524/4338 4338/4521/4335
f 4326/4525/4339 4327/4526/4340 4340/4527/4341 4339/4528/4342
f 4327/4526/4340 8718/4529/4343 4335/4530/4344 4340/4527/4341
f 8718/4529/4343 4323/4519/4333 4336/4522/4336 4335/4530/4344
f 8719/4531/4345 4326/4525/4339 4339/4528/4342 4334/4532/4345
f 4324/4523/4337 4328/4533/4346 4341/4534/4346 4337/4524/4338
f 4344/4535/4347 4299/4466/4292 4298/4439/4267 4345/4504/4316
f 4322/4494/4306 4277/4467/4293 4299/4466/4292 4344/4535/4347
f 4344/4535/4347 4320/4536/4348 8716/4495/4307 4322/4494/4306
f 4318/4497/4309 8717/4496/4308 4319/4537/4349 4317/4509/4321
f 4344/4535/4347 4345/4504/4316 8715/4508/4320 4320/4536/4348
f 4274/4432/4260 4277/4467/4293 4322/4494/4306 4318/4497/4309
f 3684/3463/3519 3685/3466/3522 4347/4538/4350 4346/4539/4351
f 8727/4540/4352 8703/4474/4298 8701/4473/4298 8726/4541/4352
f 8381/3471/3525 8727/4540/4352 8726/4541/4352 8380/3472/3525
f 8728/4542/4353 8705/4478/4300 4304/4477/4300 4348/4543/4353
f 8382/3477/3528 8728/4542/4353 4348/4543/4353 3686/3478/3528
f 4305/4479/1124 4349/4544/1124 8729/4545/1124 8707/4480/1124
f 4349/4544/1124 3687/3484/1124 8385/3483/1124 8729/4545/1124
f 4310/4483/2055 4350/4546/4354 4351/4547/4354 4312/4484/2055
f 4350/4546/4354 3690/3490/2054 3693/3489/2054 4351/4547/4354
f 4346/4539/4351 4347/4538/4350 4303/4488/4303 4302/4487/4302
f 4346/4548/4351 8387/3495/3532 3684/3494/3519
f 4302/4490/4302 8709/4491/4304 4346/4548/4351
f 8387/3495/3532 4346/4548/4351 8709/4491/4304
f 4314/4492/4305 3695/3501/3537 3697/3500/3536 4315/4493/4305
f 4354/4549/4355 4352/4550/4356 8735/4551/4357 8734/4552/4358
f 4363/4553/4359 4364/4554/4360 4352/4550/4356 3701/3507/3543
f 3702/3509/1124 3733/3511/3546 4362/4555/4361
f 4361/4556/4362 8732/4557/4363 8730/4558/4364 4360/4559/4365
f 3733/3511/3546 4374/3517/3552 4376/4560/4366 4361/4556/4362
f 4360/4559/4365 4321/4506/4318 4316/4505/4317 4362/4555/4361
f 8710/4507/4319 4321/4506/4318 4360/4559/4365 8730/4558/4364
f 3702/3509/1124 4362/4555/4361 4316/4505/4317
f 4360/4559/4365 4362/4555/4361 3733/3511/3546 4361/4556/4362
f 4361/4556/4362 4376/4560/4366 8733/4561/4367 8732/4557/4363
f 4317/4509/4321 4352/4550/4356 4364/4554/4360 4333/4510/4322
f 4365/4562/4368 8739/4563/4369 4372/3525/4370
f 4373/4564/4371 8740/4565/4372 4343/4513/4325
f 4372/3525/4370 8739/4563/4369 4373/4564/4371
f 8737/4566/4373 8738/4567/4374 4365/4562/4368
f 4343/4513/4325 8740/4565/4372 8725/4515/4329
f 8741/4568/4375 8739/4563/4369 4365/4562/4368
f 4365/4562/4368 3720/3534/1536 8737/4566/4373
f 8737/4566/4373 3720/3534/1536 8731/4569/4376
f 8731/4569/4376 3720/3534/1536 8712/4518/4332
f 8739/4563/4369 8740/4565/4372 4373/4564/4371
f 8738/4567/4374 8741/4568/4375 4365/4562/4368
f 4355/4570/4377 4367/4571/4378 4369/4572/4379 4357/4573/4380
f 4357/4573/4380 4369/4572/4379 4368/4574/4381 4356/4575/4382
f 4358/4576/4383 4370/4577/4384 4371/4578/4385 4359/4579/4386
f 4359/4579/4386 4371/4578/4385 4366/4580/4387 8736/4581/4388
f 8736/4581/4388 4366/4580/4387 4367/4571/4378 4355/4570/4377
f 8719/4531/4345 4334/4532/4345 4370/4577/4384 4358/4576/4383
f 4356/4575/4382 4368/4574/4381 4341/4582/4346 4328/4583/4346
f 4375/4584/4389 4376/4560/4366 4374/3517/3552 3734/3546/3586
f 4354/4549/4355 4375/4584/4389 3734/3546/3586 3707/3547/3587
f 4375/4584/4389 4354/4549/4355 8734/4552/4358 4353/4585/4390
f 4352/4550/4356 4317/4509/4321 4319/4537/4349 8735/4551/4357
f 4375/4584/4389 4353/4585/4390 8733/4561/4367 4376/4560/4366
f 3701/3507/3543 4352/4550/4356 4354/4549/4355 3707/3547/3587
f 4381/4586/4391 4393/4587/4392 4395/4588/4393 4383/4589/4394
f 4393/4587/4392 4405/4590/4395 4407/4591/4396 4395/4588/4393
f 4405/4590/4395 4417/4592/4397 4419/4593/4398 4407/4591/4396
f 4417/4592/4397 4429/4594/4399 4431/4595/4400 4419/4593/4398
f 4429/4594/4399 4441/4596/4401 4443/4597/4402 4431/4595/4400
f 4441/4596/4401 4453/4598/4403 4455/4599/4404 4443/4597/4402
f 4453/4598/4403 4465/4600/4405 4467/4601/4406 4455/4599/4404
f 4465/4600/4405 4477/4602/4407 4479/4603/4408 4467/4601/4406
f 4477/4604/4407 4489/4605/4409 4491/4606/4410 4479/4607/4408
f 4489/4605/4409 4501/4608/4411 4503/4609/4412 4491/4606/4410
f 4501/4608/4411 4513/4610/4413 4515/4611/4414 4503/4609/4412
f 4513/4610/4413 4525/4612/4415 4527/4613/4416 4515/4611/4414
f 4525/4612/4415 4537/4614/4417 4539/4615/4418 4527/4613/4416
f 4537/4614/4417 4549/4616/4419 4551/4617/4420 4539/4615/4418
f 4549/4616/4419 4561/4618/4421 4563/4619/4422 4551/4617/4420
f 4561/4618/4421 4573/4620/4423 4575/4621/4424 4563/4619/4422
f 4573/4620/4423 4585/4622/4425 4587/4623/4426 4575/4621/4424
f 4585/4622/4425 4597/4624/4427 4599/4625/4428 4587/4623/4426
f 4597/4624/4427 4609/4626/4429 4611/4627/4430 4599/4625/4428
f 4609/4626/4429 4621/4628/4431 4623/4629/4432 4611/4627/4430
f 4621/4628/4431 4633/4630/4433 4635/4631/4434 4623/4629/4432
f 4633/4630/4433 4645/4632/4435 4647/4633/4436 4635/4631/4434
f 4645/4632/4435 4657/4634/4437 4659/4635/4438 4647/4633/4436
f 4657/4634/4437 4669/4636/4439 4671/4637/4440 4659/4635/4438
f 4669/4638/4439 4681/4639/4441 4683/4640/4442 4671/4641/4440
f 4681/4639/4441 4693/4642/4443 4695/4643/4444 4683/4640/4442
f 4693/4642/4443 4705/4644/4445 4707/4645/4446 4695/4643/4444
f 4705/4644/4445 4717/4646/4447 4719/4647/4448 4707/4645/4446
f 4717/4646/4447 4729/4648/4449 4731/4649/4450 4719/4647/4448
f 4729/4648/4449 4741/4650/4451 4743/4651/4452 4731/4649/4450
f 4741/4650/4451 4753/4652/4453 4755/4653/4454 4743/4651/4452
f 4753/4652/4453 4381/4586/4391 4383/4589/4394 4755/4653/4454
f 4379/4654/4455 4391/4655/4456 4392/4656/4457 4380/4657/4458
f 4391/4655/4456 4403/4658/4459 4404/4659/4460 4392/4656/4457
f 4403/4658/4459 4415/4660/4461 4416/4661/4462 4404/4659/4460
f 4415/4660/4461 4427/4662/4463 4428/4663/4464 4416/4661/4462
f 4427/4662/4463 4439/4664/4465 4440/4665/4466 4428/4663/4464
f 4439/4664/4465 4451/4666/4467 4452/4667/4468 4440/4665/4466
f 4451/4666/4467 4463/4668/4469 4464/4669/4470 4452/4667/4468
f 4463/4668/4469 4475/4670/4471 4476/4671/4472 4464/4669/4470
f 4475/4672/4471 4487/4673/4473 4488/4674/4474 4476/4675/4472
f 4487/4673/4473 4499/4676/4475 4500/4677/4476 4488/4674/4474
f 4499/4676/4475 4511/4678/4477 4512/4679/4478 4500/4677/4476
f 4511/4678/4477 4523/4680/4479 4524/4681/4480 4512/4679/4478
f 4523/4680/4479 4535/4682/4481 4536/4683/4482 4524/4681/4480
f 4535/4682/4481 4547/4684/4483 4548/4685/4484 4536/4683/4482
f 4547/4684/4483 4559/4686/4485 4560/4687/4486 4548/4685/4484
f 4559/4686/4485 4571/4688/4487 4572/4689/4488 4560/4687/4486
f 4571/4688/4487 4583/4690/4489 4584/4691/4490 4572/4689/4488
f 4583/4690/4489 4595/4692/4491 4596/4693/4492 4584/4691/4490
f 4595/4692/4491 4607/4694/4493 4608/4695/4494 4596/4693/4492
f 4607/4694/4493 4619/4696/4495 4620/4697/4496 4608/4695/4494
f 4619/4696/4495 4631/4698/4497 4632/4699/4498 4620/4697/4496
f 4631/4698/4497 4643/4700/4499 4644/4701/4500 4632/4699/4498
f 4643/4700/4499 4655/4702/4501 4656/4703/4502 4644/4701/4500
f 4655/4702/4501 4667/4704/4503 4668/4705/4504 4656/4703/4502
f 4667/4706/4503 4679/4707/4505 4680/4708/4506 4668/4709/4504
f 4679/4707/4505 4691/4710/4507 4692/4711/4508 4680/4708/4506
f 4691/4710/4507 4703/4712/4509 4704/4713/4510 4692/4711/4508
f 4703/4712/4509 4715/4714/4511 4716/4715/4512 4704/4713/4510
f 4715/4714/4511 4727/4716/4513 4728/4717/4514 4716/4715/4512
f 4727/4716/4513 4739/4718/4515 4740/4719/4516 4728/4717/4514
f 4739/4718/4515 4751/4720/4517 4752/4721/4518 4740/4719/4516
f 4751/4720/4517 4379/4654/4455 4380/4657/4458 4752/4721/4518
f 4386/4722/4519 4388/4723/4520 4400/4724/4521 4398/4725/4522
f 4398/4725/4522 4400/4724/4521 4412/4726/4523 4410/4727/4524
f 4410/4727/4524 4412/4726/4523 4424/4728/4525 4422/4729/4526
f 4422/4729/4526 4424/4728/4525 4436/4730/4527 4434/4731/4528
f 4434/4731/4528 4436/4730/4527 4448/4732/4529 4446/4733/4530
f 4446/4733/4530 4448/4732/4529 4460/4734/4531 4458/4735/4532
f 4458/4735/4532 4460/4734/4531 4472/4736/4533 4470/4737/4534
f 4470/4737/4534 4472/4736/4533 4484/4738/4535 4482/4739/4536
f 4482/4740/4536 4484/4741/4535 4496/4742/4537 4494/4743/4538
f 4494/4743/4538 4496/4742/4537 4508/4744/4539 4506/4745/4540
f 4506/4745/4540 4508/4744/4539 4520/4746/4541 4518/4747/4542
f 4518/4747/4542 4520/4746/4541 4532/4748/4543 4530/4749/4544
f 4530/4749/4544 4532/4748/4543 4544/4750/4545 4542/4751/4546
f 4542/4751/4546 4544/4750/4545 4556/4752/4547 4554/4753/4548
f 4554/4753/4548 4556/4752/4547 4568/4754/4549 4566/4755/4550
f 4566/4755/4550 4568/4754/4549 4580/4756/4551 4578/4757/4552
f 4578/4757/4552 4580/4756/4551 4592/4758/4553 4590/4759/4554
f 4590/4759/4554 4592/4758/4553 4604/4760/4555 4602/4761/4556
f 4602/4761/4556 4604/4760/4555 4616/4762/4557 4614/4763/4558
f 4614/4763/4558 4616/4762/4557 4628/4764/4559 4626/4765/4560
f 4626/4765/4560 4628/4764/4559 4640/4766/4561 4638/4767/4562
f 4638/4767/4562 4640/4766/4561 4652/4768/4563 4650/4769/4564
f 4650/4769/4564 4652/4768/4563 4664/4770/4565 4662/4771/4566
f 4662/4771/4566 4664/4770/4565 4676/4772/4567 4674/4773/4568
f 4674/4774/4568 4676/4775/4567 4688/4776/4569 4686/4777/4570
f 4686/4777/4570 4688/4776/4569 4700/4778/4571 4698/4779/4572
f 4698/4779/4572 4700/4778/4571 4712/4780/4573 4710/4781/4574
f 4710/4781/4574 4712/4780/4573 4724/4782/4575 4722/4783/4576
f 4722/4783/4576 4724/4782/4575 4736/4784/4577 4734/4785/4578
f 4734/4785/4578 4736/4784/4577 4748/4786/4579 4746/4787/4580
f 4746/4787/4580 4748/4786/4579 4760/4788/4581 4758/4789/4582
f 4758/4789/4582 4760/4788/4581 4388/4723/4520 4386/4722/4519
f 4387/4790/4583 4399/4791/4584 4400/4724/4521 4388/4723/4520
f 4399/4791/4584 4411/4792/4585 4412/4726/4523 4400/4724/4521
f 4411/4792/4585 4423/4793/4586 4424/4728/4525 4412/4726/4523
f 4423/4793/4586 4435/4794/4587 4436/4730/4527 4424/4728/4525
f 4435/4794/4587 4447/4795/4588 4448/4732/4529 4436/4730/4527
f 4447/4795/4588 4459/4796/4589 4460/4734/4531 4448/4732/4529
f 4459/4796/4589 4471/4797/4590 4472/4736/4533 4460/4734/4531
f 4471/4797/4590 4483/4798/4591 4484/4738/4535 4472/4736/4533
f 4483/4799/4591 4495/4800/4592 4496/4742/4537 4484/4741/4535
f 4495/4800/4592 4507/4801/4593 4508/4744/4539 4496/4742/4537
f 4507/4801/4593 4519/4802/4594 4520/4746/4541 4508/4744/4539
f 4519/4802/4594 4531/4803/4595 4532/4748/4543 4520/4746/4541
f 4531/4803/4595 4543/4804/4596 4544/4750/4545 4532/4748/4543
f 4543/4804/4596 4555/4805/4597 4556/4752/4547 4544/4750/4545
f 4555/4805/4597 4567/4806/4598 4568/4754/4549 4556/4752/4547
f 4567/4806/4598 4579/4807/4599 4580/4756/4551 4568/4754/4549
f 4579/4807/4599 4591/4808/4600 4592/4758/4553 4580/4756/4551
f 4591/4808/4600 4603/4809/4601 4604/4760/4555 4592/4758/4553
f 4603/4809/4601 4615/4810/4602 4616/4762/4557 4604/4760/4555
f 4615/4810/4602 4627/4811/4603 4628/4764/4559 4616/4762/4557
f 4627/4811/4603 4639/4812/4604 4640/4766/4561 4628/4764/4559
f 4639/4812/4604 4651/4813/4605 4652/4768/4563 4640/4766/4561
f 4651/4813/4605 4663/4814/4606 4664/4770/4565 4652/4768/4563
f 4663/4814/4606 4675/4815/4607 4676/4772/4567 4664/4770/4565
f 4675/4816/4607 4687/4817/4608 4688/4776/4569 4676/4775/4567
f 4687/4817/4608 4699/4818/4609 4700/4778/4571 4688/4776/4569
f 4699/4818/4609 4711/4819/4610 4712/4780/4573 4700/4778/4571
f 4711/4819/4610 4723/4820/4611 4724/4782/4575 4712/4780/4573
f 4723/4820/4611 4735/4821/4612 4736/4784/4577 4724/4782/4575
f 4735/4821/4612 4747/4822/4613 4748/4786/4579 4736/4784/4577
f 4747/4822/4613 4759/4823/4614 4760/4788/4581 4748/4786/4579
f 4759/4823/4614 4387/4790/4583 4388/4723/4520 4760/4788/4581
f 4380/4657/4458 4392/4656/4457 4393/4587/4392 4381/4586/4391
f 4392/4656/4457 4404/4659/4460 4405/4590/4395 4393/4587/4392
f 4404/4659/4460 4416/4661/4462 4417/4592/4397 4405/4590/4395
f 4416/4661/4462 4428/4663/4464 4429/4594/4399 4417/4592/4397
f 4428/4663/4464 4440/4665/4466 4441/4596/4401 4429/4594/4399
f 4440/4665/4466 4452/4667/4468 4453/4598/4403 4441/4596/4401
f 4452/4667/4468 4464/4669/4470 4465/4600/4405 4453/4598/4403
f 4464/4669/4470 4476/4671/4472 4477/4602/4407 4465/4600/4405
f 4476/4675/4472 4488/4674/4474 4489/4605/4409 4477/4604/4407
f 4488/4674/4474 4500/4677/4476 4501/4608/4411 4489/4605/4409
f 4500/4677/4476 4512/4679/4478 4513/4610/4413 4501/4608/4411
f 4512/4679/4478 4524/4681/4480 4525/4612/4415 4513/4610/4413
f 4524/4681/4480 4536/4683/4482 4537/4614/4417 4525/4612/4415
f 4536/4683/4482 4548/4685/4484 4549/4616/4419 4537/4614/4417
f 4548/4685/4484 4560/4687/4486 4561/4618/4421 4549/4616/4419
f 4560/4687/4486 4572/4689/4488 4573/4620/4423 4561/4618/4421
f 4572/4689/4488 4584/4691/4490 4585/4622/4425 4573/4620/4423
f 4584/4691/4490 4596/4693/4492 4597/4624/4427 4585/4622/4425
f 4596/4693/4492 4608/4695/4494 4609/4626/4429 4597/4624/4427
f 4608/4695/4494 4620/4697/4496 4621/4628/4431 4609/4626/4429
f 4620/4697/4496 4632/4699/4498 4633/4630/4433 4621/4628/4431
f 4632/4699/4498 4644/4701/4500 4645/4632/4435 4633/4630/4433
f 4644/4701/4500 4656/4703/4502 4657/4634/4437 4645/4632/4435
f 4656/4703/4502 4668/4705/4504 4669/4636/4439 4657/4634/4437
f 4668/4709/4504 4680/4708/4506 4681/4639/4441 4669/4638/4439
f 4680/4708/4506 4692/4711/4508 4693/4642/4443 4681/4639/4441
f 4692/4711/4508 4704/4713/4510 4705/4644/4445 4693/4642/4443
f 4704/4713/4510 4716/4715/4512 4717/4646/4447 4705/4644/4445
f 4716/4715/4512 4728/4717/4514 4729/4648/4449 4717/4646/4447
f 4728/4717/4514 4740/4719/4516 4741/4650/4451 4729/4648/4449
f 4740/4719/4516 4752/4721/4518 4753/4652/4453 4741/4650/4451
f 4752/4721/4518 4380/4657/4458 4381/4586/4391 4753/4652/4453
f 4387/4790/4583 4383/4824/4394 4395/4825/4393 4399/4791/4584
f 4399/4791/4584 4395/4825/4393 4407/4826/4396 4411/4792/4585
f 4411/4792/4585 4407/4826/4396 4419/4827/4398 4423/4793/4586
f 4423/4793/4586 4419/4827/4398 4431/4828/4400 4435/4794/4587
f 4435/4794/4587 4431/4828/4400 4443/4829/4402 4447/4795/4588
f 4447/4795/4588 4443/4829/4402 4455/4830/4404 4459/4796/4589
f 4459/4796/4589 4455/4830/4404 4467/4831/4406 4471/4797/4590
f 4471/4797/4590 4467/4831/4406 4479/4832/4408 4483/4798/4591
f 4483/4799/4591 4479/4833/4408 4491/4834/4410 4495/4800/4592
f 4495/4800/4592 4491/4834/4410 4503/4835/4412 4507/4801/4593
f 4507/4801/4593 4503/4835/4412 4515/4836/4414 4519/4802/4594
f 4519/4802/4594 4515/4836/4414 4527/4837/4416 4531/4803/4595
f 4531/4803/4595 4527/4837/4416 4539/4838/4418 4543/4804/4596
f 4543/4804/4596 4539/4838/4418 4551/4839/4420 4555/4805/4597
f 4555/4805/4597 4551/4839/4420 4563/4840/4422 4567/4806/4598
f 4567/4806/4598 4563/4840/4422 4575/4841/4424 4579/4807/4599
f 4579/4807/4599 4575/4841/4424 4587/4842/4426 4591/4808/4600
f 4591/4808/4600 4587/4842/4426 4599/4843/4428 4603/4809/4601
f 4603/4809/4601 4599/4843/4428 4611/4844/4430 4615/4810/4602
f 4615/4810/4602 4611/4844/4430 4623/4845/4432 4627/4811/4603
f 4627/4811/4603 4623/4845/4432 4635/4846/4434 4639/4812/4604
f 4639/4812/4604 4635/4846/4434 4647/4847/4436 4651/4813/4605
f 4651/4813/4605 4647/4847/4436 4659/4848/4438 4663/4814/4606
f 4663/4814/4606 4659/4848/4438 4671/4849/4440 4675/4815/4607
f 4675/4816/4607 4671/4850/4440 4683/4851/4442 4687/4817/4608
f 4687/4817/4608 4683/4851/4442 4695/4852/4444 4699/4818/4609
f 4699/4818/4609 4695/4852/4444 4707/4853/4446 4711/4819/4610
f 4711/4819/4610 4707/4853/4446 4719/4854/4448 4723/4820/4611
f 4723/4820/4611 4719/4854/4448 4731/4855/4450 4735/4821/4612
f 4735/4821/4612 4731/4855/4450 4743/4856/4452 4747/4822/4613
f 4747/4822/4613 4743/4856/4452 4755/4857/4454 4759/4823/4614
f 4759/4823/4614 4755/4857/4454 4383/4824/4394 4387/4790/4583
f 4382/4858/4615 4384/4859/4616 4396/4860/4617 4394/4861/4618
f 4394/4861/4618 4396/4860/4617 4408/4862/4619 4406/4863/4620
f 4406/4863/4620 4408/4862/4619 4420/4864/4621 4418/4865/4622
f 4418/4865/4622 4420/4864/4621 4432/4866/4623 4430/4867/4624
f 4430/4867/4624 4432/4866/4623 4444/4868/4625 4442/4869/4626
f 4442/4869/4626 4444/4868/4625 4456/4870/4627 4454/4871/4628
f 4454/4871/4628 4456/4870/4627 4468/4872/4629 4466/4873/4630
f 4466/4873/4630 4468/4872/4629 4480/4874/4631 4478/4875/4632
f 4478/4876/4632 4480/4877/4631 4492/4878/4633 4490/4879/4634
f 4490/4879/4634 4492/4878/4633 4504/4880/4635 4502/4881/4636
f 4502/4881/4636 4504/4880/4635 4516/4882/4637 4514/4883/4638
f 4514/4883/4638 4516/4882/4637 4528/4884/4639 4526/4885/4640
f 4526/4885/4640 4528/4884/4639 4540/4886/4641 4538/4887/4642
f 4538/4887/4642 4540/4886/4641 4552/4888/4643 4550/4889/4644
f 4550/4889/4644 4552/4888/4643 4564/4890/4645 4562/4891/4646
f 4562/4891/4646 4564/4890/4645 4576/4892/4647 4574/4893/4648
f 4574/4893/4648 4576/4892/4647 4588/4894/4649 4586/4895/4650
f 4586/4895/4650 4588/4894/4649 4600/4896/4651 4598/4897/4652
f 4598/4897/4652 4600/4896/4651 4612/4898/4653 4610/4899/4654
f 4610/4899/4654 4612/4898/4653 4624/4900/4655 4622/4901/4656
f 4622/4901/4656 4624/4900/4655 4636/4902/4657 4634/4903/4658
f 4634/4903/4658 4636/4902/4657 4648/4904/4659 4646/4905/4660
f 4646/4905/4660 4648/4904/4659 4660/4906/4661 4658/4907/4662
f 4658/4907/4662 4660/4906/4661 4672/4908/4663 4670/4909/4664
f 4670/4910/4664 4672/4911/4663 4684/4912/4665 4682/4913/4666
f 4682/4913/4666 4684/4912/4665 4696/4914/4667 4694/4915/4668
f 4694/4915/4668 4696/4914/4667 4708/4916/4669 4706/4917/4670
f 4706/4917/4670 4708/4916/4669 4720/4918/4671 4718/4919/4672
f 4718/4919/4672 4720/4918/4671 4732/4920/4673 4730/4921/4674
f 4730/4921/4674 4732/4920/4673 4744/4922/4675 4742/4923/4676
f 4742/4923/4676 4744/4922/4675 4756/4924/4677 4754/4925/4678
f 4754/4925/4678 4756/4924/4677 4384/4859/4616 4382/4858/4615
f 4378/4926/4679 4377/4927/4680 4389/4928/4681 4390/4929/4682
f 4390/4929/4682 4389/4928/4681 4401/4930/4683 4402/4931/4684
f 4402/4931/4684 4401/4930/4683 4413/4932/4685 4414/4933/4686
f 4414/4933/4686 4413/4932/4685 4425/4934/4687 4426/4935/4688
f 4426/4935/4688 4425/4934/4687 4437/4936/4689 4438/4937/4690
f 4438/4937/4690 4437/4936/4689 4449/4938/4691 4450/4939/4692
f 4450/4939/4692 4449/4938/4691 4461/4940/4693 4462/4941/4694
f 4462/4941/4694 4461/4940/4693 4473/4942/4695 4474/4943/4696
f 4474/4944/4696 4473/4945/4695 4485/4946/4697 4486/4947/4698
f 4486/4947/4698 4485/4946/4697 4497/4948/4699 4498/4949/4700
f 4498/4949/4700 4497/4948/4699 4509/4950/4701 4510/4951/4702
f 4510/4951/4702 4509/4950/4701 4521/4952/4703 4522/4953/4704
f 4522/4953/4704 4521/4952/4703 4533/4954/4705 4534/4955/4706
f 4534/4955/4706 4533/4954/4705 4545/4956/4707 4546/4957/4708
f 4546/4957/4708 4545/4956/4707 4557/4958/4709 4558/4959/4710
f 4558/4959/4710 4557/4958/4709 4569/4960/4711 4570/4961/4712
f 4570/4961/4712 4569/4960/4711 4581/4962/4713 4582/4963/4714
f 4582/4963/4714 4581/4962/4713 4593/4964/4715 4594/4965/4716
f 4594/4965/4716 4593/4964/4715 4605/4966/4717 4606/4967/4718
f 4606/4967/4718 4605/4966/4717 4617/4968/4719 4618/4969/4720
f 4618/4969/4720 4617/4968/4719 4629/4970/4721 4630/4971/4722
f 4630/4971/4722 4629/4970/4721 4641/4972/4723 4642/4973/4724
f 4642/4973/4724 4641/4972/4723 4653/4974/4725 4654/4975/4726
f 4654/4975/4726 4653/4974/4725 4665/4976/4727 4666/4977/4728
f 4666/4978/4728 4665/4979/4727 4677/4980/4729 4678/4981/4730
f 4678/4981/4730 4677/4980/4729 4689/4982/4731 4690/4983/4732
f 4690/4983/4732 4689/4982/4731 4701/4984/4733 4702/4985/4734
f 4702/4985/4734 4701/4984/4733 4713/4986/4735 4714/4987/4736
f 4714/4987/4736 4713/4986/4735 4725/4988/4737 4726/4989/4738
f 4726/4989/4738 4725/4988/4737 4737/4990/4739 4738/4991/4740
f 4738/4991/4740 4737/4990/4739 4749/4992/4741 4750/4993/4742
f 4750/4993/4742 4749/4992/4741 4377/4927/4680 4378/4926/4679
f 4377/4927/4680 4382/4858/4615 4394/4861/4618 4389/4928/4681
f 4389/4928/4681 4394/4861/4618 4406/4863/4620 4401/4930/4683
f 4401/4930/4683 4406/4863/4620 4418/4865/4622 4413/4932/4685
f 4413/4932/4685 4418/4865/4622 4430/4867/4624 4425/4934/4687
f 4425/4934/4687 4430/4867/4624 4442/4869/4626 4437/4936/4689
f 4437/4936/4689 4442/4869/4626 4454/4871/4628 4449/4938/4691
f 4449/4938/4691 4454/4871/4628 4466/4873/4630 4461/4940/4693
f 4461/4940/4693 4466/4873/4630 4478/4875/4632 4473/4942/4695
f 4473/4945/4695 4478/4876/4632 4490/4879/4634 4485/4946/4697
f 4485/4946/4697 4490/4879/4634 4502/4881/4636 4497/4948/4699
f 4497/4948/4699 4502/4881/4636 4514/4883/4638 4509/4950/4701
f 4509/4950/4701 4514/4883/4638 4526/4885/4640 4521/4952/4703
f 4521/4952/4703 4526/4885/4640 4538/4887/4642 4533/4954/4705
f 4533/4954/4705 4538/4887/4642 4550/4889/4644 4545/4956/4707
f 4545/4956/4707 4550/4889/4644 4562/4891/4646 4557/4958/4709
f 4557/4958/4709 4562/4891/4646 4574/4893/4648 4569/4960/4711
f 4569/4960/4711 4574/4893/4648 4586/4895/4650 4581/4962/4713
f 4581/4962/4713 4586/4895/4650 4598/4897/4652 4593/4964/4715
f 4593/4964/4715 4598/4897/4652 4610/4899/4654 4605/4966/4717
f 4605/4966/4717 4610/4899/4654 4622/4901/4656 4617/4968/4719
f 4617/4968/4719 4622/4901/4656 4634/4903/4658 4629/4970/4721
f 4629/4970/4721 4634/4903/4658 4646/4905/4660 4641/4972/4723
f 4641/4972/4723 4646/4905/4660 4658/4907/4662 4653/4974/4725
f 4653/4974/4725 4658/4907/4662 4670/4909/4664 4665/4976/4727
f 4665/4979/4727 4670/4910/4664 4682/4913/4666 4677/4980/4729
f 4677/4980/4729 4682/4913/4666 4694/4915/4668 4689/4982/4731
f 4689/4982/4731 4694/4915/4668 4706/4917/4670 4701/4984/4733
f 4701/4984/4733 4706/4917/4670 4718/4919/4672 4713/4986/4735
f 4713/4986/4735 4718/4919/4672 4730/4921/4674 4725/4988/4737
f 4725/4988/4737 4730/4921/4674 4742/4923/4676 4737/4990/4739
f 4737/4990/4739 4742/4923/4676 4754/4925/4678 4749/4992/4741
f 4749/4992/4741 4754/4925/4678 4382/4858/4615 4377/4927/4680
f 4386/4722/4519 4398/4725/4522 4397/4994/4743 4385/4995/4744
f 4398/4725/4522 4410/4727/4524 4409/4996/4745 4397/4994/4743
f 4410/4727/4524 4422/4729/4526 4421/4997/4746 4409/4996/4745
f 4422/4729/4526 4434/4731/4528 4433/4998/4747 4421/4997/4746
f 4434/4731/4528 4446/4733/4530 4445/4999/4748 4433/4998/4747
f 4446/4733/4530 4458/4735/4532 4457/5000/4749 4445/4999/4748
f 4458/4735/4532 4470/4737/4534 4469/5001/4750 4457/5000/4749
f 4470/4737/4534 4482/4739/4536 4481/5002/4751 4469/5001/4750
f 4482/4740/4536 4494/4743/4538 4493/5003/4752 4481/5004/4751
f 4494/4743/4538 4506/4745/4540 4505/5005/4753 4493/5003/4752
f 4506/4745/4540 4518/4747/4542 4517/5006/4754 4505/5005/4753
f 4518/4747/4542 4530/4749/4544 4529/5007/4755 4517/5006/4754
f 4530/4749/4544 4542/4751/4546 4541/5008/4756 4529/5007/4755
f 4542/4751/4546 4554/4753/4548 4553/5009/4757 4541/5008/4756
f 4554/4753/4548 4566/4755/4550 4565/5010/4758 4553/5009/4757
f 4566/4755/4550 4578/4757/4552 4577/5011/4759 4565/5010/4758
f 4578/4757/4552 4590/4759/4554 4589/5012/4760 4577/5011/4759
f 4590/4759/4554 4602/4761/4556 4601/5013/4761 4589/5012/4760
f 4602/4761/4556 4614/4763/4558 4613/5014/4762 4601/5013/4761
f 4614/4763/4558 4626/4765/4560 4625/5015/4763 4613/5014/4762
f 4626/4765/4560 4638/4767/4562 4637/5016/4764 4625/5015/4763
f 4638/4767/4562 4650/4769/4564 4649/5017/4765 4637/5016/4764
f 4650/4769/4564 4662/4771/4566 4661/5018/4766 4649/5017/4765
f 4662/4771/4566 4674/4773/4568 4673/5019/4767 4661/5018/4766
f 4674/4774/4568 4686/4777/4570 4685/5020/4768 4673/5021/4767
f 4686/4777/4570 4698/4779/4572 4697/5022/4769 4685/5020/4768
f 4698/4779/4572 4710/4781/4574 4709/5023/4770 4697/5022/4769
f 4710/4781/4574 4722/4783/4576 4721/5024/4771 4709/5023/4770
f 4722/4783/4576 4734/4785/4578 4733/5025/4772 4721/5024/4771
f 4734/4785/4578 4746/4787/4580 4745/5026/4773 4733/5025/4772
f 4746/4787/4580 4758/4789/4582 4757/5027/4774 4745/5026/4773
f 4758/4789/4582 4386/4722/4519 4385/4995/4744 4757/5027/4774
f 4385/4995/4744 4397/4994/4743 4396/5028/4617 4384/5029/4616
f 4397/4994/4743 4409/4996/4745 4408/5030/4619 4396/5028/4617
f 4409/4996/4745 4421/4997/4746 4420/5031/4621 4408/5030/4619
f 4421/4997/4746 4433/4998/4747 4432/5032/4623 4420/5031/4621
f 4433/4998/4747 4445/4999/4748 4444/5033/4625 4432/5032/4623
f 4445/4999/4748 4457/5000/4749 4456/5034/4627 4444/5033/4625
f 4457/5000/4749 4469/5001/4750 4468/5035/4629 4456/5034/4627
f 4469/5001/4750 4481/5002/4751 4480/5036/4631 4468/5035/4629
f 4481/5004/4751 4493/5003/4752 4492/5037/4633 4480/5038/4631
f 4493/5003/4752 4505/5005/4753 4504/5039/4635 4492/5037/4633
f 4505/5005/4753 4517/5006/4754 4516/5040/4637 4504/5039/4635
f 4517/5006/4754 4529/5007/4755 4528/5041/4639 4516/5040/4637
f 4529/5007/4755 4541/5008/4756 4540/5042/4641 4528/5041/4639
f 4541/5008/4756 4553/5009/4757 4552/5043/4643 4540/5042/4641
f 4553/5009/4757 4565/5010/4758 4564/5044/4645 4552/5043/4643
f 4565/5010/4758 4577/5011/4759 4576/5045/4647 4564/5044/4645
f 4577/5011/4759 4589/5012/4760 4588/5046/4649 4576/5045/4647
f 4589/5012/4760 4601/5013/4761 4600/5047/4651 4588/5046/4649
f 4601/5013/4761 4613/5014/4762 4612/5048/4653 4600/5047/4651
f 4613/5014/4762 4625/5015/4763 4624/5049/4655 4612/5048/4653
f 4625/5015/4763 4637/5016/4764 4636/5050/4657 4624/5049/4655
f 4637/5016/4764 4649/5017/4765 4648/5051/4659 4636/5050/4657
f 4649/5017/4765 4661/5018/4766 4660/5052/4661 4648/5051/4659
f 4661/5018/4766 4673/5019/4767 4672/5053/4663 4660/5052/4661
f 4673/5021/4767 4685/5020/4768 4684/5054/4665 4672/5055/4663
f 4685/5020/4768 4697/5022/4769 4696/5056/4667 4684/5054/4665
f 4697/5022/4769 4709/5023/4770 4708/5057/4669 4696/5056/4667
f 4709/5023/4770 4721/5024/4771 4720/5058/4671 4708/5057/4669
f 4721/5024/4771 4733/5025/4772 4732/5059/4673 4720/5058/4671
f 4733/5025/4772 4745/5026/4773 4744/5060/4675 4732/5059/4673
f 4745/5026/4773 4757/5027/4774 4756/5061/4677 4744/5060/4675
f 4757/5027/4774 4385/4995/4744 4384/5029/4616 4756/5061/4677
f 4769/3463/4775 4765/3464/4776 4766/3465/4777 4770/3466/4778
f 8745/3467/4779 8743/3468/4779 8742/3469/4780 8744/3470/4780
f 8749/3471/4781 8748/3472/4781 8743/3468/4779 8745/3467/4779
f 8747/3473/4782 4767/3474/4782 4763/3475/4783 8746/3476/4783
f 8750/3477/4784 4771/3478/4784 4767/3474/4782 8747/3473/4782
f 4764/3479/1124 8751/3480/1124 8752/3481/1124 4768/3482/1124
f 4768/3482/1124 8752/3481/1124 8753/3483/1124 4772/3484/1124
f 4773/3485/4785 4776/3486/4785 4777/3487/4786 4774/3488/4786
f 4774/3488/4786 4777/3487/4786 4778/3489/4787 4775/3490/4787
f 4765/3464/4776 4761/3491/4788 4762/3492/4789 4766/3465/4777
f 4765/3493/4776 4769/3494/4775 8755/3495/4790
f 4761/3496/4788 4765/3493/4776 8754/3497/4791
f 8755/3495/4790 8754/3497/4791 4765/3493/4776
f 4779/3498/4792 4781/3499/4792 4782/3500/4793 4780/3501/4794
f 4791/3502/4795 8762/3503/4796 8763/3504/4797 4785/3505/4798
f 4802/3506/4799 4786/3507/4800 4785/3505/4798 4803/3508/4801
f 4787/3509/1124 4801/3510/4802 4818/3511/4803
f 4800/3512/4804 4799/3513/4805 8757/3514/4806 8760/3515/4807
f 4818/3511/4803 4800/3512/4804 4821/3516/4808 5459/3517/4809
f 4799/3513/4805 4801/3510/4802 4783/3518/4810 4790/3519/4811
f 8756/3520/4812 8757/3514/4806 4799/3513/4805 4790/3519/4811
f 4787/3509/1124 4783/3518/4810 4801/3510/4802
f 4799/3513/4805 4800/3512/4804 4818/3511/4803 4801/3510/4802
f 4800/3512/4804 8760/3515/4807 8761/3521/4813 4821/3516/4808
f 4784/3522/4814 4804/3523/4815 4803/3508/4801 4785/3505/4798
f 4807/3524/4816 4815/3525/4817 8768/3526/4818
f 4816/3527/4819 4817/3528/4820 8769/3529/4821
f 4815/3525/4817 4816/3527/4819 8768/3526/4818
f 8766/3530/4822 4807/3524/4816 8767/3531/4823
f 4817/3528/4820 8771/3532/4824 8769/3529/4821
f 8770/3533/4825 4807/3524/4816 8768/3526/4818
f 4807/3524/4816 8766/3530/4822 4805/3534/1536
f 8766/3530/4822 8759/3535/4826 4805/3534/1536
f 8759/3535/4826 8758/3536/4827 4805/3534/1536
f 8768/3526/4818 4816/3527/4819 8769/3529/4821
f 8767/3531/4823 4807/3524/4816 8770/3533/4825
f 4793/3537/4828 4795/3537/4829 4811/3538/4830 4809/3539/4831
f 4795/3537/4829 4794/3537/4832 4810/3540/4833 4811/3538/4830
f 4796/3537/4834 4797/3537/4835 4813/3541/4836 4812/3542/4837
f 4797/3537/4835 8764/3537/4838 4808/3537/4839 4813/3541/4836
f 8764/3537/4838 4793/3537/4828 4809/3539/4831 4808/3537/4839
f 8765/3537/4840 4796/3537/4834 4812/3542/4837 4806/3543/4840
f 4794/3537/4832 4798/3537/4841 4814/3544/4841 4810/3540/4833
f 4820/3545/4842 4819/3546/4843 5459/3517/4809 4821/3516/4808
f 4791/3502/4795 4792/3547/4844 4819/3546/4843 4820/3545/4842
f 4820/3545/4842 4789/3548/4845 8762/3503/4796 4791/3502/4795
f 4785/3505/4798 8763/3504/4797 4788/3549/4846 4784/3522/4814
f 4820/3545/4842 4821/3516/4808 8761/3521/4813 4789/3548/4845
f 4786/3507/4800 4792/3547/4844 4791/3502/4795 4785/3505/4798
f 4826/3550/4847 4827/3551/4848 4823/3552/4849 4822/3553/4850
f 8773/3554/4851 8744/3555/4780 8742/3556/4780 8772/3557/4851
f 8776/3558/4852 8773/3554/4851 8772/3557/4851 8775/3559/4852
f 8774/3560/4853 8746/3561/4783 4763/3562/4783 4824/3563/4853
f 8777/3564/4854 8774/3560/4853 4824/3563/4853 4828/3565/4854
f 4764/3566/1124 4825/3567/1124 8778/3568/1124 8751/3569/1124
f 4825/3567/1124 4829/3570/1124 8779/3571/1124 8778/3568/1124
f 4773/3572/4785 4830/3573/4855 4832/3574/4855 4776/3575/4785
f 4830/3573/4855 4831/3576/4856 4833/3577/4856 4832/3574/4855
f 4822/3553/4850 4823/3552/4849 4762/3578/4789 4761/3579/4788
f 4822/3580/4850 8780/3581/4857 4826/3582/4847
f 4761/3583/4788 8754/3584/4791 4822/3580/4850
f 8780/3581/4857 4822/3580/4850 8754/3584/4791
f 4779/3585/4792 4834/3586/4858 4835/3587/4859 4781/3588/4792
f 4839/3589/4860 4836/3590/4861 8786/3591/4862 8785/3592/4863
f 4849/3593/4864 4850/3594/4865 4836/3590/4861 4837/3595/4866
f 4787/3509/1124 4860/3596/4867 4848/3597/4868
f 4847/3598/4869 8783/3599/4870 8781/3600/4871 4846/3601/4872
f 4860/3596/4867 4861/3602/4873 4864/3603/4874 4847/3598/4869
f 4846/3601/4872 4790/3519/4811 4783/3518/4810 4848/3597/4868
f 8756/3520/4812 4790/3519/4811 4846/3601/4872 8781/3600/4871
f 4787/3509/1124 4848/3597/4868 4783/3518/4810
f 4846/3601/4872 4848/3597/4868 4860/3596/4867 4847/3598/4869
f 4847/3598/4869 4864/3603/4874 8784/3604/4875 8783/3599/4870
f 4784/3522/4814 4836/3590/4861 4850/3594/4865 4804/3523/4815
f 4851/3605/4876 8790/3606/4877 4858/3607/4878
f 4859/3608/4879 8791/3609/4880 4817/3528/4820
f 4858/3607/4878 8790/3606/4877 4859/3608/4879
f 8788/3610/4881 8789/3611/4882 4851/3605/4876
f 4817/3528/4820 8791/3609/4880 8771/3532/4824
f 8792/3612/4883 8790/3606/4877 4851/3605/4876
f 4851/3605/4876 4805/3534/1536 8788/3610/4881
f 8788/3610/4881 4805/3534/1536 8782/3613/4884
f 8782/3613/4884 4805/3534/1536 8758/3536/4827
f 8790/3606/4877 8791/3609/4880 4859/3608/4879
f 8789/3611/4882 8792/3612/4883 4851/3605/4876
f 4841/3537/4885 4853/3614/4886 4855/3615/4887 4843/3537/4888
f 4843/3537/4888 4855/3615/4887 4854/3616/4889 4842/3537/4890
f 4844/3537/4891 4856/3617/4892 4857/3618/4893 4845/3537/4894
f 4845/3537/4894 4857/3618/4893 4852/3619/4895 8787/3537/4896
f 8787/3537/4896 4852/3619/4895 4853/3614/4886 4841/3537/4885
f 8765/3537/4840 4806/3543/4840 4856/3617/4892 4844/3537/4891
f 4842/3537/4890 4854/3616/4889 4814/3620/4841 4798/3537/4841
f 4863/3621/4897 4864/3603/4874 4861/3602/4873 4862/3622/4898
f 4839/3589/4860 4863/3621/4897 4862/3622/4898 4840/3623/4899
f 4863/3621/4897 4839/3589/4860 8785/3592/4863 4838/3624/4900
f 4836/3590/4861 4784/3522/4814 4788/3549/4846 8786/3591/4862
f 4863/3621/4897 4838/3624/4900 8784/3604/4875 4864/3603/4874
f 4837/3595/4866 4836/3590/4861 4839/3589/4860 4840/3623/4899
f 4826/3550/4847 4869/3625/4901 4870/3626/4902 4827/3551/4848
f 8796/3627/4903 8794/3628/4903 8793/3629/4904 8795/3630/4904
f 8776/3558/4852 8775/3559/4852 8794/3628/4903 8796/3627/4903
f 8798/3631/4905 4871/3632/4905 4867/3633/4906 8797/3634/4906
f 8777/3564/4854 4828/3565/4854 4871/3632/4905 8798/3631/4905
f 4868/3635/1124 8799/3636/1124 8800/3637/1124 4872/3638/1124
f 4872/3638/1124 8800/3637/1124 8779/3571/1124 4829/3570/1124
f 4873/3639/4907 4875/3640/4907 4876/3641/4908 4874/3642/4908
f 4874/3642/4908 4876/3641/4908 4833/3577/4856 4831/3576/4856
f 4869/3625/4901 4865/3643/4909 4866/3644/4910 4870/3626/4902
f 4869/3645/4901 4826/3582/4847 8780/3581/4857
f 4865/3646/4909 4869/3645/4901 8801/3647/4911
f 8780/3581/4857 8801/3647/4911 4869/3645/4901
f 4920/3648/4912 4877/3649/4913 4835/3587/4859 4834/3586/4858
f 4884/3650/4914 8808/3651/4915 8809/3652/4916 4880/3653/4917
f 4849/3593/4864 4837/3595/4866 4880/3653/4917 4894/3654/4918
f 4787/3509/1124 4893/3655/4919 4860/3596/4867
f 4892/3656/4920 4891/3657/4921 8803/3658/4922 8806/3659/4923
f 4860/3596/4867 4892/3656/4920 4907/3660/4924 4861/3602/4873
f 4891/3657/4921 4893/3655/4919 4878/3661/4925 4883/3662/4926
f 8802/3663/4927 8803/3658/4922 4891/3657/4921 4883/3662/4926
f 4787/3509/1124 4878/3661/4925 4893/3655/4919
f 4891/3657/4921 4892/3656/4920 4860/3596/4867 4893/3655/4919
f 4892/3656/4920 8806/3659/4923 8807/3664/4928 4907/3660/4924
f 4879/3665/4929 4895/3666/4930 4894/3654/4918 4880/3653/4917
f 4851/3605/4876 4858/3607/4878 8814/3667/4931
f 4904/3668/4932 4905/3669/4933 8815/3670/4934
f 4858/3607/4878 4904/3668/4932 8814/3667/4931
f 8812/3671/4935 4851/3605/4876 8813/3672/4936
f 4905/3669/4933 8817/3673/4937 8815/3670/4934
f 8816/3674/4938 4851/3605/4876 8814/3667/4931
f 4851/3605/4876 8812/3671/4935 4805/3534/1536
f 8812/3671/4935 8805/3675/4939 4805/3534/1536
f 8805/3675/4939 8804/3676/4940 4805/3534/1536
f 8814/3667/4931 4904/3668/4932 8815/3670/4934
f 8813/3672/4936 4851/3605/4876 8816/3674/4938
f 4885/3677/4941 4887/3678/4942 4900/3679/4943 4898/3680/4944
f 4887/3678/4942 4886/3681/4945 4899/3682/4946 4900/3679/4943
f 4888/3683/4947 4889/3684/4948 4902/3685/4949 4901/3686/4950
f 4889/3684/4948 8810/3687/4951 4897/3688/4952 4902/3685/4949
f 8810/3687/4951 4885/3677/4941 4898/3680/4944 4897/3688/4952
f 8811/3689/4953 4888/3683/4947 4901/3686/4950 4896/3690/4953
f 4886/3681/4945 4890/3691/4954 4903/3692/4954 4899/3682/4946
f 4906/3693/4955 4862/3622/4898 4861/3602/4873 4907/3660/4924
f 4884/3650/4914 4840/3623/4899 4862/3622/4898 4906/3693/4955
f 4906/3693/4955 4882/3694/4956 8808/3651/4915 4884/3650/4914
f 4880/3653/4917 8809/3652/4916 4881/3695/4957 4879/3665/4929
f 4906/3693/4955 4907/3660/4924 8807/3664/4928 4882/3694/4956
f 4837/3595/4866 4840/3623/4899 4884/3650/4914 4880/3653/4917
f 4912/3696/4958 4913/3697/4959 4909/3698/4960 4908/3699/4961
f 8819/3700/4962 8795/3630/4904 8793/3629/4904 8818/3701/4962
f 8822/3702/4963 8819/3700/4962 8818/3701/4962 8821/3703/4963
f 8820/3704/4964 8797/3634/4906 4867/3633/4906 4910/3705/4964
f 8823/3706/4965 8820/3704/4964 4910/3705/4964 4914/3707/4965
f 4868/3635/1124 4911/3708/1124 8824/3709/1124 8799/3636/1124
f 4911/3708/1124 4915/3710/1124 8825/3711/1124 8824/3709/1124
f 4873/3639/4907 4916/3712/4966 4918/3713/4966 4875/3640/4907
f 4916/3712/4966 4917/3714/4967 4919/3715/4967 4918/3713/4966
f 4908/3699/4961 4909/3698/4960 4866/3644/4910 4865/3643/4909
f 4908/3716/4961 8826/3717/4968 4912/3718/4958
f 4865/3646/4909 8801/3647/4911 4908/3716/4961
f 8826/3717/4968 4908/3716/4961 8801/3647/4911
f 4920/3648/4912 4921/3719/4969 4922/3720/4970 4877/3649/4913
f 4926/3721/4971 4923/3722/4972 8832/3723/4973 8831/3724/4974
f 4936/3725/4975 4937/3726/4976 4923/3722/4972 4924/3727/4977
f 4787/3509/1124 4947/3728/4978 4935/3729/4979
f 4934/3730/4980 8829/3731/4981 8827/3732/4982 4933/3733/4983
f 4947/3728/4978 4948/3734/4984 4951/3735/4985 4934/3730/4980
f 4933/3733/4983 4883/3662/4926 4878/3661/4925 4935/3729/4979
f 8802/3663/4927 4883/3662/4926 4933/3733/4983 8827/3732/4982
f 4787/3509/1124 4935/3729/4979 4878/3661/4925
f 4933/3733/4983 4935/3729/4979 4947/3728/4978 4934/3730/4980
f 4934/3730/4980 4951/3735/4985 8830/3736/4986 8829/3731/4981
f 4879/3665/4929 4923/3722/4972 4937/3726/4976 4895/3666/4930
f 4938/3737/4987 8836/3738/4988 4945/3739/4989
f 4946/3740/4990 8837/3741/4991 4905/3669/4933
f 4945/3739/4989 8836/3738/4988 4946/3740/4990
f 8834/3742/4992 8835/3743/4993 4938/3737/4987
f 4905/3669/4933 8837/3741/4991 8817/3673/4937
f 8838/3744/4994 8836/3738/4988 4938/3737/4987
f 4938/3737/4987 4805/3534/1536 8834/3742/4992
f 8834/3742/4992 4805/3534/1536 8828/3745/4995
f 8828/3745/4995 4805/3534/1536 8804/3676/4940
f 8836/3738/4988 8837/3741/4991 4946/3740/4990
f 8835/3743/4993 8838/3744/4994 4938/3737/4987
f 4928/3746/4996 4940/3747/4997 4942/3748/4998 4930/3749/4999
f 4930/3749/4999 4942/3748/4998 4941/3750/5000 4929/3751/5001
f 4931/3752/5002 4943/3753/5003 4944/3754/5004 4932/3755/5005
f 4932/3755/5005 4944/3754/5004 4939/3756/5006 8833/3757/5007
f 8833/3757/5007 4939/3756/5006 4940/3747/4997 4928/3746/4996
f 8811/3689/4953 4896/3690/4953 4943/3753/5003 4931/3752/5002
f 4929/3751/5001 4941/3750/5000 4903/3758/4954 4890/3759/4954
f 4950/3760/5008 4951/3735/4985 4948/3734/4984 4949/3761/5009
f 4926/3721/4971 4950/3760/5008 4949/3761/5009 4927/3762/5010
f 4950/3760/5008 4926/3721/4971 8831/3724/4974 4925/3763/5011
f 4923/3722/4972 4879/3665/4929 4881/3695/4957 8832/3723/4973
f 4950/3760/5008 4925/3763/5011 8830/3736/4986 4951/3735/4985
f 4924/3727/4977 4923/3722/4972 4926/3721/4971 4927/3762/5010
f 4912/3696/4958 4956/3764/5012 4957/3765/5013 4913/3697/4959
f 8842/3766/5014 8840/3767/5014 8839/3768/5015 8841/3769/5015
f 8822/3702/4963 8821/3703/4963 8840/3767/5014 8842/3766/5014
f 8844/3770/5016 4958/3771/5016 4954/3772/5017 8843/3773/5017
f 8823/3706/4965 4914/3707/4965 4958/3771/5016 8844/3770/5016
f 4955/3774/1124 8845/3775/1124 8846/3776/1124 4959/3777/1124
f 4959/3777/1124 8846/3776/1124 8825/3711/1124 4915/3710/1124
f 4960/3778/5018 4962/3779/5018 4963/3780/5019 4961/3781/5019
f 4961/3781/5019 4963/3780/5019 4919/3715/4967 4917/3714/4967
f 4956/3764/5012 4952/3782/5020 4953/3783/5021 4957/3765/5013
f 4956/3784/5012 4912/3718/4958 8826/3717/4968
f 4952/3785/5020 4956/3784/5012 8847/3786/5022
f 8826/3717/4968 8847/3786/5022 4956/3784/5012
f 4964/3787/5023 4965/3788/5024 4922/3720/4970 4921/3719/4969
f 4972/3789/5025 8854/3790/5026 8855/3791/5027 4968/3792/5028
f 4936/3725/4975 4924/3727/4977 4968/3792/5028 4982/3793/5029
f 4787/3509/1124 4981/3794/5030 4947/3728/4978
f 4980/3795/5031 4979/3796/5032 8849/3797/5033 8852/3798/5034
f 4947/3728/4978 4980/3795/5031 4995/3799/5035 4948/3734/4984
f 4979/3796/5032 4981/3794/5030 4966/3800/5036 4971/3801/5037
f 8848/3802/5038 8849/3797/5033 4979/3796/5032 4971/3801/5037
f 4787/3509/1124 4966/3800/5036 4981/3794/5030
f 4979/3796/5032 4980/3795/5031 4947/3728/4978 4981/3794/5030
f 4980/3795/5031 8852/3798/5034 8853/3803/5039 4995/3799/5035
f 4967/3804/5040 4983/3805/5041 4982/3793/5029 4968/3792/5028
f 4938/3737/4987 4945/3739/4989 8860/3806/5042
f 4992/3807/5043 4993/3808/5044 8861/3809/5045
f 4945/3739/4989 4992/3807/5043 8860/3806/5042
f 8858/3810/5046 4938/3737/4987 8859/3811/5047
f 4993/3808/5044 8863/3812/5048 8861/3809/5045
f 8862/3813/5049 4938/3737/4987 8860/3806/5042
f 4938/3737/4987 8858/3810/5046 4805/3534/1536
f 8858/3810/5046 8851/3814/5050 4805/3534/1536
f 8851/3814/5050 8850/3815/5051 4805/3534/1536
f 8860/3806/5042 4992/3807/5043 8861/3809/5045
f 8859/3811/5047 4938/3737/4987 8862/3813/5049
f 4973/3816/5052 4975/3817/5053 4988/3818/5054 4986/3819/5055
f 4975/3817/5053 4974/3820/5056 4987/3821/5057 4988/3818/5054
f 4976/3822/5058 4977/3823/5059 4990/3824/5060 4989/3825/5061
f 4977/3823/5059 8856/3826/5062 4985/3827/5063 4990/3824/5060
f 8856/3826/5062 4973/3816/5052 4986/3819/5055 4985/3827/5063
f 8857/3828/5064 4976/3822/5058 4989/3825/5061 4984/3829/5064
f 4974/3820/5056 4978/3830/5065 4991/3831/5065 4987/3821/5057
f 4994/3832/5066 4949/3761/5009 4948/3734/4984 4995/3799/5035
f 4972/3789/5025 4927/3762/5010 4949/3761/5009 4994/3832/5066
f 4994/3832/5066 4970/3833/5067 8854/3790/5026 4972/3789/5025
f 4968/3792/5028 8855/3791/5027 4969/3834/5068 4967/3804/5040
f 4994/3832/5066 4995/3799/5035 8853/3803/5039 4970/3833/5067
f 4924/3727/4977 4927/3762/5010 4972/3789/5025 4968/3792/5028
f 5000/3835/5069 5001/3836/5070 4997/3837/5071 4996/3838/5072
f 8865/3839/5073 8841/3769/5015 8839/3768/5015 8864/3840/5073
f 8868/3841/5074 8865/3839/5073 8864/3840/5073 8867/3842/5074
f 8866/3843/5075 8843/3773/5017 4954/3772/5017 4998/3844/5075
f 8869/3845/5076 8866/3843/5075 4998/3844/5075 5002/3846/5076
f 4955/3774/1124 4999/3847/1124 8870/3848/1124 8845/3775/1124
f 4999/3847/1124 5003/3849/1124 8871/3850/1124 8870/3848/1124
f 4960/3778/5018 5004/3851/5077 5006/3852/5077 4962/3779/5018
f 5004/3851/5077 5005/3853/5078 5007/3854/5078 5006/3852/5077
f 4996/3838/5072 4997/3837/5071 4953/3783/5021 4952/3782/5020
f 4996/3855/5072 8872/3856/5079 5000/3857/5069
f 4952/3785/5020 8847/3786/5022 4996/3855/5072
f 8872/3856/5079 4996/3855/5072 8847/3786/5022
f 4964/3787/5023 5008/3858/5080 5009/3859/5081 4965/3788/5024
f 5013/3860/5082 5010/3861/5083 8878/3862/5084 8877/3863/5085
f 5023/3864/5086 5024/3865/5087 5010/3861/5083 5011/3866/5088
f 4787/3509/1124 5034/3867/5089 5022/3868/5090
f 5021/3869/5091 8875/3870/5092 8873/3871/5093 5020/3872/5094
f 5034/3867/5089 5035/3873/5095 5038/3874/5096 5021/3869/5091
f 5020/3872/5094 4971/3801/5037 4966/3800/5036 5022/3868/5090
f 8848/3802/5038 4971/3801/5037 5020/3872/5094 8873/3871/5093
f 4787/3509/1124 5022/3868/5090 4966/3800/5036
f 5020/3872/5094 5022/3868/5090 5034/3867/5089 5021/3869/5091
f 5021/3869/5091 5038/3874/5096 8876/3875/5097 8875/3870/5092
f 4967/3804/5040 5010/3861/5083 5024/3865/5087 4983/3805/5041
f 5025/3876/5098 8882/3877/5099 5032/3878/5100
f 5033/3879/5101 8883/3880/5102 4993/3808/5044
f 5032/3878/5100 8882/3877/5099 5033/3879/5101
f 8880/3881/5103 8881/3882/5104 5025/3876/5098
f 4993/3808/5044 8883/3880/5102 8863/3812/5048
f 8884/3883/5105 8882/3877/5099 5025/3876/5098
f 5025/3876/5098 4805/3534/1536 8880/3881/5103
f 8880/3881/5103 4805/3534/1536 8874/3884/5106
f 8874/3884/5106 4805/3534/1536 8850/3815/5051
f 8882/3877/5099 8883/3880/5102 5033/3879/5101
f 8881/3882/5104 8884/3883/5105 5025/3876/5098
f 5015/3885/5107 5027/3886/5108 5029/3887/5109 5017/3888/5110
f 5017/3888/5110 5029/3887/5109 5028/3889/5111 5016/3890/5112
f 5018/3891/5113 5030/3892/5114 5031/3893/5115 5019/3894/5116
f 5019/3894/5116 5031/3893/5115 5026/3895/5117 8879/3896/5118
f 8879/3896/5118 5026/3895/5117 5027/3886/5108 5015/3885/5107
f 8857/3828/5064 4984/3829/5064 5030/3892/5114 5018/3891/5113
f 5016/3890/5112 5028/3889/5111 4991/3897/5065 4978/3898/5065
f 5037/3899/5119 5038/3874/5096 5035/3873/5095 5036/3900/5120
f 5013/3860/5082 5037/3899/5119 5036/3900/5120 5014/3901/5121
f 5037/3899/5119 5013/3860/5082 8877/3863/5085 5012/3902/5122
f 5010/3861/5083 4967/3804/5040 4969/3834/5068 8878/3862/5084
f 5037/3899/5119 5012/3902/5122 8876/3875/5097 5038/3874/5096
f 5011/3866/5088 5010/3861/5083 5013/3860/5082 5014/3901/5121
f 5000/3835/5069 5043/3903/5123 5044/3904/5124 5001/3836/5070
f 8888/3905/5125 8886/3906/5125 8885/3907/5126 8887/3908/5126
f 8868/3841/5074 8867/3842/5074 8886/3906/5125 8888/3905/5125
f 8890/3909/5127 5045/3910/5127 5041/3911/5128 8889/3912/5128
f 8869/3845/5076 5002/3846/5076 5045/3910/5127 8890/3909/5127
f 5042/3913/1124 8891/3914/1124 8892/3915/1124 5046/3916/1124
f 5046/3916/1124 8892/3915/1124 8871/3850/1124 5003/3849/1124
f 5047/3917/5129 5049/3918/5129 5050/3919/5130 5048/3920/5130
f 5048/3920/5130 5050/3919/5130 5007/3854/5078 5005/3853/5078
f 5043/3903/5123 5039/3921/5131 5040/3922/5132 5044/3904/5124
f 5043/3923/5123 5000/3857/5069 8872/3856/5079
f 5039/3924/5131 5043/3923/5123 8893/3925/5133
f 8872/3856/5079 8893/3925/5133 5043/3923/5123
f 5094/3926/5134 5051/3927/5135 5009/3859/5081 5008/3858/5080
f 5058/3928/5136 8900/3929/5137 8901/3930/5138 5054/3931/5139
f 5023/3864/5086 5011/3866/5088 5054/3931/5139 5068/3932/5140
f 4787/3509/1124 5067/3933/5141 5034/3867/5089
f 5066/3934/5142 5065/3935/5143 8895/3936/5144 8898/3937/5145
f 5034/3867/5089 5066/3934/5142 5081/3938/5146 5035/3873/5095
f 5065/3935/5143 5067/3933/5141 5052/3939/5147 5057/3940/5148
f 8894/3941/5149 8895/3936/5144 5065/3935/5143 5057/3940/5148
f 4787/3509/1124 5052/3939/5147 5067/3933/5141
f 5065/3935/5143 5066/3934/5142 5034/3867/5089 5067/3933/5141
f 5066/3934/5142 8898/3937/5145 8899/3942/5150 5081/3938/5146
f 5053/3943/5151 5069/3944/5152 5068/3932/5140 5054/3931/5139
f 5025/3876/5098 5032/3878/5100 8906/3945/5153
f 5078/3946/5154 5079/3947/5155 8907/3948/5156
f 5032/3878/5100 5078/3946/5154 8906/3945/5153
f 8904/3949/5157 5025/3876/5098 8905/3950/5158
f 5079/3947/5155 8909/3951/5159 8907/3948/5156
f 8908/3952/5160 5025/3876/5098 8906/3945/5153
f 5025/3876/5098 8904/3949/5157 4805/3534/1536
f 8904/3949/5157 8897/3953/5161 4805/3534/1536
f 8897/3953/5161 8896/3954/5162 4805/3534/1536
f 8906/3945/5153 5078/3946/5154 8907/3948/5156
f 8905/3950/5158 5025/3876/5098 8908/3952/5160
f 5059/3955/5163 5061/3956/5164 5074/3957/5165 5072/3958/5166
f 5061/3956/5164 5060/3959/5167 5073/3960/5168 5074/3957/5165
f 5062/3961/5169 5063/3962/5170 5076/3963/5171 5075/3964/5172
f 5063/3962/5170 8902/3965/5173 5071/3966/5174 5076/3963/5171
f 8902/3965/5173 5059/3955/5163 5072/3958/5166 5071/3966/5174
f 8903/3967/5175 5062/3961/5169 5075/3964/5172 5070/3968/5175
f 5060/3959/5167 5064/3969/5176 5077/3970/5176 5073/3960/5168
f 5080/3971/5177 5036/3900/5120 5035/3873/5095 5081/3938/5146
f 5058/3928/5136 5014/3901/5121 5036/3900/5120 5080/3971/5177
f 5080/3971/5177 5056/3972/5178 8900/3929/5137 5058/3928/5136
f 5054/3931/5139 8901/3930/5138 5055/3973/5179 5053/3943/5151
f 5080/3971/5177 5081/3938/5146 8899/3942/5150 5056/3972/5178
f 5011/3866/5088 5014/3901/5121 5058/3928/5136 5054/3931/5139
f 5086/3974/5180 5087/3975/5181 5083/3976/5182 5082/3977/5183
f 8911/3978/5184 8887/3908/5126 8885/3907/5126 8910/3979/5184
f 8914/3980/5185 8911/3978/5184 8910/3979/5184 8913/3981/5185
f 8912/3982/5186 8889/3912/5128 5041/3911/5128 5084/3983/5186
f 8915/3984/5187 8912/3982/5186 5084/3983/5186 5088/3985/5187
f 5042/3913/1124 5085/3986/1124 8916/3987/1124 8891/3914/1124
f 5085/3986/1124 5089/3988/1124 8917/3989/1124 8916/3987/1124
f 5047/3917/5129 5090/3990/5188 5092/3991/5188 5049/3918/5129
f 5090/3990/5188 5091/3992/5189 5093/3993/5189 5092/3991/5188
f 5082/3977/5183 5083/3976/5182 5040/3922/5132 5039/3921/5131
f 5082/3994/5183 8918/3995/5190 5086/3996/5180
f 5039/3924/5131 8893/3925/5133 5082/3994/5183
f 8918/3995/5190 5082/3994/5183 8893/3925/5133
f 5094/3926/5134 5095/3997/5191 5096/3998/5192 5051/3927/5135
f 5100/3999/5193 5097/4000/5194 8924/4001/5195 8923/4002/5196
f 5110/4003/5197 5111/4004/5198 5097/4000/5194 5098/4005/5199
f 4787/3509/1124 5121/4006/5200 5109/4007/5201
f 5108/4008/5202 8921/4009/5203 8919/4010/5204 5107/4011/5205
f 5121/4006/5200 5122/4012/5206 5125/4013/5207 5108/4008/5202
f 5107/4011/5205 5057/3940/5148 5052/3939/5147 5109/4007/5201
f 8894/3941/5149 5057/3940/5148 5107/4011/5205 8919/4010/5204
f 4787/3509/1124 5109/4007/5201 5052/3939/5147
f 5107/4011/5205 5109/4007/5201 5121/4006/5200 5108/4008/5202
f 5108/4008/5202 5125/4013/5207 8922/4014/5208 8921/4009/5203
f 5053/3943/5151 5097/4000/5194 5111/4004/5198 5069/3944/5152
f 5112/4015/5209 8928/4016/5210 5119/4017/5211
f 5120/4018/5212 8929/4019/5213 5079/3947/5155
f 5119/4017/5211 8928/4016/5210 5120/4018/5212
f 8926/4020/5214 8927/4021/5215 5112/4015/5209
f 5079/3947/5155 8929/4019/5213 8909/3951/5159
f 8930/4016/5216 8928/4016/5210 5112/4015/5209
f 5112/4015/5209 4805/3534/1536 8926/4020/5214
f 8926/4020/5214 4805/3534/1536 8920/4022/5217
f 8920/4022/5217 4805/3534/1536 8896/3954/5162
f 8928/4016/5210 8929/4019/5213 5120/4018/5212
f 8927/4021/5215 8930/4016/5216 5112/4015/5209
f 5102/4023/5218 5114/4024/5219 5116/4025/5220 5104/4026/5221
f 5104/4026/5221 5116/4025/5220 5115/4027/5222 5103/4028/5223
f 5105/4029/5224 5117/4030/5225 5118/4031/5226 5106/4032/5227
f 5106/4032/5227 5118/4031/5226 5113/4033/5228 8925/4034/5229
f 8925/4034/5229 5113/4033/5228 5114/4024/5219 5102/4023/5218
f 8903/3967/5175 5070/3968/5175 5117/4030/5225 5105/4029/5224
f 5103/4028/5223 5115/4027/5222 5077/4035/5176 5064/4036/5176
f 5124/4037/5230 5125/4013/5207 5122/4012/5206 5123/4038/5231
f 5100/3999/5193 5124/4037/5230 5123/4038/5231 5101/4039/5232
f 5124/4037/5230 5100/3999/5193 8923/4002/5196 5099/4040/5233
f 5097/4000/5194 5053/3943/5151 5055/3973/5179 8924/4001/5195
f 5124/4037/5230 5099/4040/5233 8922/4014/5208 5125/4013/5207
f 5098/4005/5199 5097/4000/5194 5100/3999/5193 5101/4039/5232
f 5086/3974/5180 5130/4041/5234 5131/4042/5235 5087/3975/5181
f 8934/4043/5236 8932/4044/5236 8931/4045/5237 8933/4046/5237
f 8914/3980/5185 8913/3981/5185 8932/4044/5236 8934/4043/5236
f 8936/4047/5238 5132/4048/5238 5128/4049/5239 8935/4050/5239
f 8915/3984/5187 5088/3985/5187 5132/4048/5238 8936/4047/5238
f 5129/4051/1124 8937/4052/1124 8938/4053/1124 5133/4054/1124
f 5133/4054/1124 8938/4053/1124 8917/3989/1124 5089/3988/1124
f 5134/4055/5240 5136/4056/5240 5137/4057/5241 5135/4058/5241
f 5135/4058/5241 5137/4057/5241 5093/3993/5189 5091/3992/5189
f 5130/4041/5234 5126/4059/5242 5127/4060/5243 5131/4042/5235
f 5130/4061/5234 5086/3996/5180 8918/3995/5190
f 5126/4062/5242 5130/4061/5234 8939/4063/5244
f 8918/3995/5190 8939/4063/5244 5130/4061/5234
f 5181/4064/5245 5138/4065/5246 5096/3998/5192 5095/3997/5191
f 5145/4066/5247 8946/4067/5248 8947/4068/5249 5141/4069/5250
f 5110/4003/5197 5098/4005/5199 5141/4069/5250 5155/4070/5251
f 4787/3509/1124 5154/4071/5252 5121/4006/5200
f 5153/4072/5253 5152/4073/5254 8941/4074/5255 8944/4075/5256
f 5121/4006/5200 5153/4072/5253 5168/4076/5257 5122/4012/5206
f 5152/4073/5254 5154/4071/5252 5139/4077/5258 5144/4078/5259
f 8940/4079/5260 8941/4074/5255 5152/4073/5254 5144/4078/5259
f 4787/3509/1124 5139/4077/5258 5154/4071/5252
f 5152/4073/5254 5153/4072/5253 5121/4006/5200 5154/4071/5252
f 5153/4072/5253 8944/4075/5256 8945/4080/5261 5168/4076/5257
f 5140/4081/5262 5156/4082/5263 5155/4070/5251 5141/4069/5250
f 5112/4015/5209 5119/4017/5211 8952/4083/5264
f 5165/4084/5265 5166/4085/5266 8953/4086/5267
f 5119/4017/5211 5165/4084/5265 8952/4083/5264
f 8950/4087/5268 5112/4015/5209 8951/4088/5269
f 5166/4085/5266 8955/4089/5270 8953/4086/5267
f 8954/4090/5271 5112/4015/5209 8952/4083/5264
f 5112/4015/5209 8950/4087/5268 4805/3534/1536
f 8950/4087/5268 8943/4091/5272 4805/3534/1536
f 8943/4091/5272 8942/4092/5273 4805/3534/1536
f 8952/4083/5264 5165/4084/5265 8953/4086/5267
f 8951/4088/5269 5112/4015/5209 8954/4090/5271
f 5146/4093/5274 5148/4094/5275 5161/4095/5276 5159/4096/5277
f 5148/4094/5275 5147/4097/5278 5160/4098/5279 5161/4095/5276
f 5149/4099/5280 5150/4100/5281 5163/4101/5282 5162/4102/5283
f 5150/4100/5281 8948/4103/5284 5158/4104/5285 5163/4101/5282
f 8948/4103/5284 5146/4093/5274 5159/4096/5277 5158/4104/5285
f 8949/4105/5286 5149/4099/5280 5162/4102/5283 5157/4106/5286
f 5147/4097/5278 5151/4107/5287 5164/4108/5287 5160/4098/5279
f 5167/4109/5288 5123/4038/5231 5122/4012/5206 5168/4076/5257
f 5145/4066/5247 5101/4039/5232 5123/4038/5231 5167/4109/5288
f 5167/4109/5288 5143/4110/5289 8946/4067/5248 5145/4066/5247
f 5141/4069/5250 8947/4068/5249 5142/4111/5290 5140/4081/5262
f 5167/4109/5288 5168/4076/5257 8945/4080/5261 5143/4110/5289
f 5098/4005/5199 5101/4039/5232 5145/4066/5247 5141/4069/5250
f 5173/4112/5291 5174/4113/5292 5170/4114/5293 5169/4115/5294
f 8957/4116/5295 8933/4117/5237 8931/4118/5237 8956/4119/5295
f 8960/4120/5296 8957/4116/5295 8956/4119/5295 8959/4121/5296
f 8958/4122/5297 8935/4123/5239 5128/4124/5239 5171/4125/5297
f 8961/4126/5298 8958/4122/5297 5171/4125/5297 5175/4127/5298
f 5129/4128/1124 5172/4129/1124 8962/4130/1124 8937/4131/1124
f 5172/4129/1124 5176/4132/1124 8963/4133/1124 8962/4130/1124
f 5134/4134/5240 5177/4135/5299 5179/4136/5299 5136/4137/5240
f 5177/4135/5299 5178/4138/5300 5180/4139/5300 5179/4136/5299
f 5169/4115/5294 5170/4114/5293 5127/4140/5243 5126/4141/5242
f 5169/4142/5294 8964/4143/5301 5173/4144/5291
f 5126/4145/5242 8939/4146/5244 5169/4142/5294
f 8964/4143/5301 5169/4142/5294 8939/4146/5244
f 5181/4147/5245 5182/4148/5302 5183/4149/5303 5138/4150/5246
f 5187/4151/5304 5184/4152/5305 8970/4153/5306 8969/4154/5307
f 5197/4155/5308 5198/4156/5309 5184/4152/5305 5185/4157/5310
f 4787/3509/1124 5208/4158/5311 5196/4159/5312
f 5195/4160/5313 8967/4161/5314 8965/4162/5315 5194/4163/5316
f 5208/4158/5311 5209/4164/5317 5212/4165/5318 5195/4160/5313
f 5194/4163/5316 5144/4078/5259 5139/4077/5258 5196/4159/5312
f 8940/4079/5260 5144/4078/5259 5194/4163/5316 8965/4162/5315
f 4787/3509/1124 5196/4159/5312 5139/4077/5258
f 5194/4163/5316 5196/4159/5312 5208/4158/5311 5195/4160/5313
f 5195/4160/5313 5212/4165/5318 8968/4166/5319 8967/4161/5314
f 5140/4081/5262 5184/4152/5305 5198/4156/5309 5156/4082/5263
f 5199/4167/5320 8974/4168/5321 5206/4169/5322
f 5207/4170/5323 8975/4171/5324 5166/4085/5266
f 5206/4169/5322 8974/4168/5321 5207/4170/5323
f 8972/4172/5325 8973/4173/5326 5199/4167/5320
f 5166/4085/5266 8975/4171/5324 8955/4089/5270
f 8976/4174/5327 8974/4168/5321 5199/4167/5320
f 5199/4167/5320 4805/3534/1536 8972/4172/5325
f 8972/4172/5325 4805/3534/1536 8966/4175/5328
f 8966/4175/5328 4805/3534/1536 8942/4092/5273
f 8974/4168/5321 8975/4171/5324 5207/4170/5323
f 8973/4173/5326 8976/4174/5327 5199/4167/5320
f 5189/4176/5329 5201/4177/5330 5203/4178/5331 5191/4179/5332
f 5191/4179/5332 5203/4178/5331 5202/4180/5333 5190/4181/5334
f 5192/4182/5335 5204/4183/5336 5205/4184/5337 5193/4185/5338
f 5193/4185/5338 5205/4184/5337 5200/4186/5339 8971/4187/5340
f 8971/4187/5340 5200/4186/5339 5201/4177/5330 5189/4176/5329
f 8949/4105/5286 5157/4106/5286 5204/4183/5336 5192/4182/5335
f 5190/4181/5334 5202/4180/5333 5164/4188/5287 5151/4189/5287
f 5211/4190/5341 5212/4165/5318 5209/4164/5317 5210/4191/5342
f 5187/4151/5304 5211/4190/5341 5210/4191/5342 5188/4192/5343
f 5211/4190/5341 5187/4151/5304 8969/4154/5307 5186/4193/5344
f 5184/4152/5305 5140/4081/5262 5142/4111/5290 8970/4153/5306
f 5211/4190/5341 5186/4193/5344 8968/4166/5319 5212/4165/5318
f 5185/4157/5310 5184/4152/5305 5187/4151/5304 5188/4192/5343
f 5173/4112/5291 5217/4194/5345 5218/4195/5346 5174/4113/5292
f 8980/4196/5347 8978/4197/5347 8977/4198/5348 8979/4199/5348
f 8960/4120/5296 8959/4121/5296 8978/4197/5347 8980/4196/5347
f 8982/4200/5349 5219/4201/5349 5215/4202/5350 8981/4203/5350
f 8961/4126/5298 5175/4127/5298 5219/4201/5349 8982/4200/5349
f 5216/4204/1124 8983/4205/1124 8984/4206/1124 5220/4207/1124
f 5220/4207/1124 8984/4206/1124 8963/4133/1124 5176/4132/1124
f 5221/4208/5351 5223/4209/5351 5224/4210/5352 5222/4211/5352
f 5222/4211/5352 5224/4210/5352 5180/4139/5300 5178/4138/5300
f 5217/4194/5345 5213/4212/5353 5214/4213/5354 5218/4195/5346
f 5217/4214/5345 5173/4144/5291 8964/4143/5301
f 5213/4215/5353 5217/4214/5345 8985/4216/5355
f 8964/4143/5301 8985/4216/5355 5217/4214/5345
f 5225/4217/5356 5226/4218/5357 5183/4149/5303 5182/4148/5302
f 5233/4219/5358 8992/4220/5359 8993/4221/5360 5229/4222/5361
f 5197/4155/5308 5185/4157/5310 5229/4222/5361 5243/4223/5362
f 4787/3509/1124 5242/4224/5363 5208/4158/5311
f 5241/4225/5364 5240/4226/5365 8987/4227/5366 8990/4228/5367
f 5208/4158/5311 5241/4225/5364 5256/4229/5368 5209/4164/5317
f 5240/4226/5365 5242/4224/5363 5227/4230/5369 5232/4231/5370
f 8986/4232/5371 8987/4227/5366 5240/4226/5365 5232/4231/5370
f 4787/3509/1124 5227/4230/5369 5242/4224/5363
f 5240/4226/5365 5241/4225/5364 5208/4158/5311 5242/4224/5363
f 5241/4225/5364 8990/4228/5367 8991/4233/5372 5256/4229/5368
f 5228/4234/5373 5244/4235/5374 5243/4223/5362 5229/4222/5361
f 5199/4167/5320 5206/4169/5322 8998/4236/5375
f 5253/4237/5376 5254/4238/5377 8999/4239/5378
f 5206/4169/5322 5253/4237/5376 8998/4236/5375
f 8996/4240/5379 5199/4167/5320 8997/4241/5380
f 5254/4238/5377 9001/4242/5381 8999/4239/5378
f 9000/4236/5382 5199/4167/5320 8998/4236/5375
f 5199/4167/5320 8996/4240/5379 4805/3534/1536
f 8996/4240/5379 8989/4240/5383 4805/3534/1536
f 8989/4240/5383 8988/4243/5384 4805/3534/1536
f 8998/4236/5375 5253/4237/5376 8999/4239/5378
f 8997/4241/5380 5199/4167/5320 9000/4236/5382
f 5234/4244/5385 5236/4245/5386 5249/4246/5387 5247/4247/5388
f 5236/4245/5386 5235/4248/5389 5248/4249/5390 5249/4246/5387
f 5237/4250/5391 5238/4251/5392 5251/4252/5393 5250/4253/5394
f 5238/4251/5392 8994/4254/5395 5246/4255/5396 5251/4252/5393
f 8994/4254/5395 5234/4244/5385 5247/4247/5388 5246/4255/5396
f 8995/4256/5397 5237/4250/5391 5250/4253/5394 5245/4257/5397
f 5235/4248/5389 5239/4258/5398 5252/4259/5398 5248/4249/5390
f 5255/4260/5399 5210/4191/5342 5209/4164/5317 5256/4229/5368
f 5233/4219/5358 5188/4192/5343 5210/4191/5342 5255/4260/5399
f 5255/4260/5399 5231/4261/5400 8992/4220/5359 5233/4219/5358
f 5229/4222/5361 8993/4221/5360 5230/4262/5401 5228/4234/5373
f 5255/4260/5399 5256/4229/5368 8991/4233/5372 5231/4261/5400
f 5185/4157/5310 5188/4192/5343 5233/4219/5358 5229/4222/5361
f 5261/4263/5402 5262/4264/5403 5258/4265/5404 5257/4266/5405
f 9003/4267/5406 8979/4199/5348 8977/4198/5348 9002/4268/5406
f 9006/4269/5407 9003/4267/5406 9002/4268/5406 9005/4270/5407
f 9004/4271/5408 8981/4203/5350 5215/4202/5350 5259/4272/5408
f 9007/4273/5409 9004/4271/5408 5259/4272/5408 5263/4274/5409
f 5216/4204/1124 5260/4275/1124 9008/4276/1124 8983/4205/1124
f 5260/4275/1124 5264/4277/1124 9009/4278/1124 9008/4276/1124
f 5221/4208/5351 5265/4279/5410 5267/4280/5410 5223/4209/5351
f 5265/4279/5410 5266/4281/5411 5268/4282/5411 5267/4280/5410
f 5257/4266/5405 5258/4265/5404 5214/4213/5354 5213/4212/5353
f 5257/4283/5405 9010/4284/5412 5261/4285/5402
f 5213/4215/5353 8985/4216/5355 5257/4283/5405
f 9010/4284/5412 5257/4283/5405 8985/4216/5355
f 5225/4217/5356 5269/4286/5413 5270/4287/5414 5226/4218/5357
f 5274/4288/5415 5271/4289/5416 9016/4290/5417 9015/4291/5418
f 5284/4292/5419 5285/4293/5420 5271/4289/5416 5272/4294/5421
f 4787/3509/1124 5295/4295/5422 5283/4296/5423
f 5282/4297/5424 9013/4298/5425 9011/4299/5426 5281/4300/5427
f 5295/4295/5422 5296/4301/5428 5299/4302/5429 5282/4297/5424
f 5281/4300/5427 5232/4231/5370 5227/4230/5369 5283/4296/5423
f 8986/4232/5371 5232/4231/5370 5281/4300/5427 9011/4299/5426
f 4787/3509/1124 5283/4296/5423 5227/4230/5369
f 5281/4300/5427 5283/4296/5423 5295/4295/5422 5282/4297/5424
f 5282/4297/5424 5299/4302/5429 9014/4303/5430 9013/4298/5425
f 5228/4234/5373 5271/4289/5416 5285/4293/5420 5244/4235/5374
f 5286/4304/5431 9020/4305/5432 5293/4306/5433
f 5294/4307/5434 9021/4308/5435 5254/4238/5377
f 5293/4306/5433 9020/4305/5432 5294/4307/5434
f 9018/4309/5436 9019/4310/5437 5286/4304/5431
f 5254/4238/5377 9021/4308/5435 9001/4242/5381
f 9022/4305/5438 9020/4305/5432 5286/4304/5431
f 5286/4304/5431 4805/3534/1536 9018/4309/5436
f 9018/4309/5436 4805/3534/1536 9012/4311/5439
f 9012/4311/5439 4805/3534/1536 8988/4243/5384
f 9020/4305/5432 9021/4308/5435 5294/4307/5434
f 9019/4310/5437 9022/4305/5438 5286/4304/5431
f 5276/4312/5440 5288/4313/5441 5290/4314/5442 5278/4315/5443
f 5278/4315/5443 5290/4314/5442 5289/4316/5444 5277/4317/5445
f 5279/4318/5446 5291/4319/5447 5292/4320/5448 5280/4321/5449
f 5280/4321/5449 5292/4320/5448 5287/4322/5450 9017/4323/5451
f 9017/4323/5451 5287/4322/5450 5288/4313/5441 5276/4312/5440
f 8995/4256/5397 5245/4257/5397 5291/4319/5447 5279/4318/5446
f 5277/4317/5445 5289/4316/5444 5252/4324/5398 5239/4325/5398
f 5298/4326/5452 5299/4302/5429 5296/4301/5428 5297/4327/5453
f 5274/4288/5415 5298/4326/5452 5297/4327/5453 5275/4328/5454
f 5298/4326/5452 5274/4288/5415 9015/4291/5418 5273/4329/5455
f 5271/4289/5416 5228/4234/5373 5230/4262/5401 9016/4290/5417
f 5298/4326/5452 5273/4329/5455 9014/4303/5430 5299/4302/5429
f 5272/4294/5421 5271/4289/5416 5274/4288/5415 5275/4328/5454
f 5261/4263/5402 5304/4330/5456 5305/4331/5457 5262/4264/5403
f 9026/4332/5458 9024/4333/5458 9023/4334/5459 9025/4335/5459
f 9006/4269/5407 9005/4270/5407 9024/4333/5458 9026/4332/5458
f 9028/4336/5460 5306/4337/5460 5302/4338/5461 9027/4339/5461
f 9007/4273/5409 5263/4274/5409 5306/4337/5460 9028/4336/5460
f 5303/4340/1124 9029/4341/1124 9030/4342/1124 5307/4343/1124
f 5307/4343/1124 9030/4342/1124 9009/4278/1124 5264/4277/1124
f 5308/4344/5462 5310/4345/5462 5311/4346/5463 5309/4347/5463
f 5309/4347/5463 5311/4346/5463 5268/4282/5411 5266/4281/5411
f 5304/4330/5456 5300/4348/5464 5301/4349/5465 5305/4331/5457
f 5304/4350/5456 5261/4285/5402 9010/4284/5412
f 5300/4351/5464 5304/4350/5456 9031/4352/5466
f 9010/4284/5412 9031/4352/5466 5304/4350/5456
f 5312/4353/5467 5313/4354/5468 5270/4287/5414 5269/4286/5413
f 5320/4355/5469 9038/4356/5470 9039/4357/5471 5316/4358/5472
f 5284/4292/5419 5272/4294/5421 5316/4358/5472 5330/4359/5473
f 4787/3509/1124 5329/4360/5474 5295/4295/5422
f 5328/4361/5475 5327/4362/5476 9033/4363/5477 9036/4364/5478
f 5295/4295/5422 5328/4361/5475 5343/4365/5479 5296/4301/5428
f 5327/4362/5476 5329/4360/5474 5314/4366/5480 5319/4367/5481
f 9032/4368/5482 9033/4363/5477 5327/4362/5476 5319/4367/5481
f 4787/3509/1124 5314/4366/5480 5329/4360/5474
f 5327/4362/5476 5328/4361/5475 5295/4295/5422 5329/4360/5474
f 5328/4361/5475 9036/4364/5478 9037/4369/5483 5343/4365/5479
f 5315/4370/5484 5331/4371/5485 5330/4359/5473 5316/4358/5472
f 5286/4304/5431 5293/4306/5433 9044/4372/5486
f 5340/4373/5487 5341/4374/5488 9045/4375/5489
f 5293/4306/5433 5340/4373/5487 9044/4372/5486
f 9042/4376/5490 5286/4304/5431 9043/4377/5491
f 5341/4374/5488 9047/4378/5492 9045/4375/5489
f 9046/4379/5493 5286/4304/5431 9044/4372/5486
f 5286/4304/5431 9042/4376/5490 4805/3534/1536
f 9042/4376/5490 9035/4380/5494 4805/3534/1536
f 9035/4380/5494 9034/4381/5495 4805/3534/1536
f 9044/4372/5486 5340/4373/5487 9045/4375/5489
f 9043/4377/5491 5286/4304/5431 9046/4379/5493
f 5321/4382/5496 5323/4383/5497 5336/4384/5498 5334/4385/5499
f 5323/4383/5497 5322/4386/5500 5335/4387/5501 5336/4384/5498
f 5324/4388/5502 5325/4389/5503 5338/4390/5504 5337/4391/5505
f 5325/4389/5503 9040/4392/5506 5333/4393/5507 5338/4390/5504
f 9040/4392/5506 5321/4382/5496 5334/4385/5499 5333/4393/5507
f 9041/4394/5508 5324/4388/5502 5337/4391/5505 5332/4395/5508
f 5322/4386/5500 5326/4396/5509 5339/4397/5509 5335/4387/5501
f 5342/4398/5510 5297/4327/5453 5296/4301/5428 5343/4365/5479
f 5320/4355/5469 5275/4328/5454 5297/4327/5453 5342/4398/5510
f 5342/4398/5510 5318/4399/5511 9038/4356/5470 5320/4355/5469
f 5316/4358/5472 9039/4357/5471 5317/4400/5512 5315/4370/5484
f 5342/4398/5510 5343/4365/5479 9037/4369/5483 5318/4399/5511
f 5272/4294/5421 5275/4328/5454 5320/4355/5469 5316/4358/5472
f 5348/4401/5513 5349/4402/5514 5345/4403/5515 5344/4404/5516
f 9049/4405/5517 9025/4335/5459 9023/4334/5459 9048/4406/5517
f 9052/4407/5518 9049/4405/5517 9048/4406/5517 9051/4408/5518
f 9050/4409/5519 9027/4339/5461 5302/4338/5461 5346/4410/5519
f 9053/4411/5520 9050/4409/5519 5346/4410/5519 5350/4412/5520
f 5303/4340/1124 5347/4413/1124 9054/4414/1124 9029/4341/1124
f 5347/4413/1124 5351/4415/1124 9055/4416/1124 9054/4414/1124
f 5308/4344/5462 5352/4417/5521 5354/4418/5521 5310/4345/5462
f 5352/4417/5521 5353/4419/5522 5355/4420/5522 5354/4418/5521
f 5344/4404/5516 5345/4403/5515 5301/4349/5465 5300/4348/5464
f 5344/4421/5516 9056/4422/5523 5348/4423/5513
f 5300/4351/5464 9031/4352/5466 5344/4421/5516
f 9056/4422/5523 5344/4421/5516 9031/4352/5466
f 5312/4353/5467 5356/4424/5524 5357/4425/5525 5313/4354/5468
f 5361/4426/5526 5358/4427/5527 9062/4428/5528 9061/4429/5529
f 5371/4430/5530 5372/4431/5531 5358/4427/5527 5359/4432/5532
f 4787/3509/1124 5382/4433/5533 5370/4434/5534
f 5369/4435/5535 9059/4436/5536 9057/4437/5537 5368/4438/5538
f 5382/4433/5533 5383/4439/5539 5386/4440/5540 5369/4435/5535
f 5368/4438/5538 5319/4367/5481 5314/4366/5480 5370/4434/5534
f 9032/4368/5482 5319/4367/5481 5368/4438/5538 9057/4437/5537
f 4787/3509/1124 5370/4434/5534 5314/4366/5480
f 5368/4438/5538 5370/4434/5534 5382/4433/5533 5369/4435/5535
f 5369/4435/5535 5386/4440/5540 9060/4441/5541 9059/4436/5536
f 5315/4370/5484 5358/4427/5527 5372/4431/5531 5331/4371/5485
f 5373/4442/5542 9066/4443/5543 5380/4444/5544
f 5381/4445/5545 9067/4446/5546 5341/4374/5488
f 5380/4444/5544 9066/4443/5543 5381/4445/5545
f 9064/4447/5547 9065/4448/5548 5373/4442/5542
f 5341/4374/5488 9067/4446/5546 9047/4378/5492
f 9068/4449/5549 9066/4443/5543 5373/4442/5542
f 5373/4442/5542 4805/3534/1536 9064/4447/5547
f 9064/4447/5547 4805/3534/1536 9058/4450/5550
f 9058/4450/5550 4805/3534/1536 9034/4381/5495
f 9066/4443/5543 9067/4446/5546 5381/4445/5545
f 9065/4448/5548 9068/4449/5549 5373/4442/5542
f 5363/4451/5551 5375/4452/5552 5377/4453/5553 5365/4454/5554
f 5365/4454/5554 5377/4453/5553 5376/4455/5555 5364/4456/5556
f 5366/4457/5557 5378/4458/5558 5379/4459/5559 5367/4460/5560
f 5367/4460/5560 5379/4459/5559 5374/4461/5561 9063/4462/5562
f 9063/4462/5562 5374/4461/5561 5375/4452/5552 5363/4451/5551
f 9041/4394/5508 5332/4395/5508 5378/4458/5558 5366/4457/5557
f 5364/4456/5556 5376/4455/5555 5339/4463/5509 5326/4464/5509
f 5385/4465/5563 5386/4440/5540 5383/4439/5539 5384/4466/5564
f 5361/4426/5526 5385/4465/5563 5384/4466/5564 5362/4467/5565
f 5385/4465/5563 5361/4426/5526 9061/4429/5529 5360/4468/5566
f 5358/4427/5527 5315/4370/5484 5317/4400/5512 9062/4428/5528
f 5385/4465/5563 5360/4468/5566 9060/4441/5541 5386/4440/5540
f 5359/4432/5532 5358/4427/5527 5361/4426/5526 5362/4467/5565
f 5348/4401/5513 5391/4469/5567 5392/4470/5568 5349/4402/5514
f 9072/4471/5569 9070/4472/5569 9069/4473/5570 9071/4474/5570
f 9052/4407/5518 9051/4408/5518 9070/4472/5569 9072/4471/5569
f 9074/4475/5571 5393/4476/5571 5389/4477/5572 9073/4478/5572
f 9053/4411/5520 5350/4412/5520 5393/4476/5571 9074/4475/5571
f 5390/4479/1124 9075/4480/1124 9076/4481/1124 5394/4482/1124
f 5394/4482/1124 9076/4481/1124 9055/4416/1124 5351/4415/1124
f 5395/4483/5573 5397/4484/5573 5398/4485/5574 5396/4486/5574
f 5396/4486/5574 5398/4485/5574 5355/4420/5522 5353/4419/5522
f 5391/4469/5567 5387/4487/5575 5388/4488/5576 5392/4470/5568
f 5391/4489/5567 5348/4423/5513 9056/4422/5523
f 5387/4490/5575 5391/4489/5567 9077/4491/5577
f 9056/4422/5523 9077/4491/5577 5391/4489/5567
f 5399/4492/5578 5400/4493/5578 5357/4425/5525 5356/4424/5524
f 5407/4494/5579 9084/4495/5580 9085/4496/5581 5403/4497/5582
f 5371/4430/5530 5359/4432/5532 5403/4497/5582 5417/4498/5583
f 4787/3509/1124 5416/4499/5584 5382/4433/5533
f 5415/4500/5585 5414/4501/5586 9079/4502/5587 9082/4503/5588
f 5382/4433/5533 5415/4500/5585 5430/4504/5589 5383/4439/5539
f 5414/4501/5586 5416/4499/5584 5401/4505/5590 5406/4506/5591
f 9078/4507/5592 9079/4502/5587 5414/4501/5586 5406/4506/5591
f 4787/3509/1124 5401/4505/5590 5416/4499/5584
f 5414/4501/5586 5415/4500/5585 5382/4433/5533 5416/4499/5584
f 5415/4500/5585 9082/4503/5588 9083/4508/5593 5430/4504/5589
f 5402/4509/5594 5418/4510/5595 5417/4498/5583 5403/4497/5582
f 5373/4442/5542 5380/4444/5544 9090/4511/5596
f 5427/4512/5597 5428/4513/5598 9091/4511/5599
f 5380/4444/5544 5427/4512/5597 9090/4511/5596
f 9088/4514/5600 5373/4442/5542 9089/4514/5601
f 5428/4513/5598 9093/4515/5602 9091/4511/5599
f 9092/4516/5603 5373/4442/5542 9090/4511/5596
f 5373/4442/5542 9088/4514/5600 4805/3534/1536
f 9088/4514/5600 9081/4517/5604 4805/3534/1536
f 9081/4517/5604 9080/4518/5605 4805/3534/1536
f 9090/4511/5596 5427/4512/5597 9091/4511/5599
f 9089/4514/5601 5373/4442/5542 9092/4516/5603
f 5408/4519/5606 5410/4520/5607 5423/4521/5608 5421/4522/5609
f 5410/4520/5607 5409/4523/5610 5422/4524/5611 5423/4521/5608
f 5411/4525/5612 5412/4526/5613 5425/4527/5614 5424/4528/5615
f 5412/4526/5613 9086/4529/5616 5420/4530/5617 5425/4527/5614
f 9086/4529/5616 5408/4519/5606 5421/4522/5609 5420/4530/5617
f 9087/4531/5618 5411/4525/5612 5424/4528/5615 5419/4532/5618
f 5409/4523/5610 5413/4533/5619 5426/4534/5619 5422/4524/5611
f 5429/4535/5620 5384/4466/5564 5383/4439/5539 5430/4504/5589
f 5407/4494/5579 5362/4467/5565 5384/4466/5564 5429/4535/5620
f 5429/4535/5620 5405/4536/5621 9084/4495/5580 5407/4494/5579
f 5403/4497/5582 9085/4496/5581 5404/4537/5622 5402/4509/5594
f 5429/4535/5620 5430/4504/5589 9083/4508/5593 5405/4536/5621
f 5359/4432/5532 5362/4467/5565 5407/4494/5579 5403/4497/5582
f 4769/3463/4775 4770/3466/4778 5432/4538/5623 5431/4539/5624
f 9095/4540/5625 9071/4474/5570 9069/4473/5570 9094/4541/5625
f 8749/3471/4781 9095/4540/5625 9094/4541/5625 8748/3472/4781
f 9096/4542/5626 9073/4478/5572 5389/4477/5572 5433/4543/5626
f 8750/3477/4784 9096/4542/5626 5433/4543/5626 4771/3478/4784
f 5390/4479/1124 5434/4544/1124 9097/4545/1124 9075/4480/1124
f 5434/4544/1124 4772/3484/1124 8753/3483/1124 9097/4545/1124
f 5395/4483/5573 5435/4546/5627 5436/4547/5627 5397/4484/5573
f 5435/4546/5627 4775/3490/4787 4778/3489/4787 5436/4547/5627
f 5431/4539/5624 5432/4538/5623 5388/4488/5576 5387/4487/5575
f 5431/4548/5624 8755/3495/4790 4769/3494/4775
f 5387/4490/5575 9077/4491/5577 5431/4548/5624
f 8755/3495/4790 5431/4548/5624 9077/4491/5577
f 5399/4492/5578 4780/3501/4794 4782/3500/4793 5400/4493/5578
f 5439/4549/5628 5437/4550/5629 9103/4551/5630 9102/4552/5631
f 5448/4553/5632 5449/4554/5633 5437/4550/5629 4786/3507/4800
f 4787/3509/1124 4818/3511/4803 5447/4555/5634
f 5446/4556/5635 9100/4557/5636 9098/4558/5637 5445/4559/5638
f 4818/3511/4803 5459/3517/4809 5461/4560/5639 5446/4556/5635
f 5445/4559/5638 5406/4506/5591 5401/4505/5590 5447/4555/5634
f 9078/4507/5592 5406/4506/5591 5445/4559/5638 9098/4558/5637
f 4787/3509/1124 5447/4555/5634 5401/4505/5590
f 5445/4559/5638 5447/4555/5634 4818/3511/4803 5446/4556/5635
f 5446/4556/5635 5461/4560/5639 9101/4561/5640 9100/4557/5636
f 5402/4509/5594 5437/4550/5629 5449/4554/5633 5418/4510/5595
f 5450/4562/5641 9107/4563/5642 5457/3525/5643
f 5458/4564/5644 9108/4565/5645 5428/4513/5598
f 5457/3525/5643 9107/4563/5642 5458/4564/5644
f 9105/4566/5646 9106/4567/5647 5450/4562/5641
f 5428/4513/5598 9108/4565/5645 9093/4515/5602
f 9109/4568/5648 9107/4563/5642 5450/4562/5641
f 5450/4562/5641 4805/3534/1536 9105/4566/5646
f 9105/4566/5646 4805/3534/1536 9099/4569/5649
f 9099/4569/5649 4805/3534/1536 9080/4518/5605
f 9107/4563/5642 9108/4565/5645 5458/4564/5644
f 9106/4567/5647 9109/4568/5648 5450/4562/5641
f 5440/4570/5650 5452/4571/5651 5454/4572/5652 5442/4573/5653
f 5442/4573/5653 5454/4572/5652 5453/4574/5654 5441/4575/5655
f 5443/4576/5656 5455/4577/5657 5456/4578/5658 5444/4579/5659
f 5444/4579/5659 5456/4578/5658 5451/4580/5660 9104/4581/5661
f 9104/4581/5661 5451/4580/5660 5452/4571/5651 5440/4570/5650
f 9087/4531/5618 5419/4532/5618 5455/4577/5657 5443/4576/5656
f 5441/4575/5655 5453/4574/5654 5426/4582/5619 5413/4583/5619
f 5460/4584/5662 5461/4560/5639 5459/3517/4809 4819/3546/4843
f 5439/4549/5628 5460/4584/5662 4819/3546/4843 4792/3547/4844
f 5460/4584/5662 5439/4549/5628 9102/4552/5631 5438/4585/5663
f 5437/4550/5629 5402/4509/5594 5404/4537/5622 9103/4551/5630
f 5460/4584/5662 5438/4585/5663 9101/4561/5640 5461/4560/5639
f 4786/3507/4800 5437/4550/5629 5439/4549/5628 4792/3547/4844
f 5466/4586/5664 5478/4587/5665 5480/4588/5666 5468/4589/5667
f 5478/4587/5665 5490/4590/5668 5492/4591/5669 5480/4588/5666
f 5490/4590/5668 5502/4592/5670 5504/4593/5671 5492/4591/5669
f 5502/4592/5670 5514/4594/5672 5516/4595/5673 5504/4593/5671
f 5514/4594/5672 5526/4596/5674 5528/4597/5675 5516/4595/5673
f 5526/4596/5674 5538/4598/5676 5540/4599/5677 5528/4597/5675
f 5538/4598/5676 5550/4600/5678 5552/4601/5679 5540/4599/5677
f 5550/4600/5678 5562/4602/5680 5564/4603/5681 5552/4601/5679
f 5562/4604/5680 5574/4605/5682 5576/4606/5683 5564/4607/5681
f 5574/4605/5682 5586/4608/5684 5588/4609/5685 5576/4606/5683
f 5586/4608/5684 5598/4610/5686 5600/4611/5687 5588/4609/5685
f 5598/4610/5686 5610/4612/5688 5612/4613/5689 5600/4611/5687
f 5610/4612/5688 5622/4614/5690 5624/4615/5691 5612/4613/5689
f 5622/4614/5690 5634/4616/5692 5636/4617/5693 5624/4615/5691
f 5634/4616/5692 5646/4618/5694 5648/4619/5695 5636/4617/5693
f 5646/4618/5694 5658/4620/5696 5660/4621/5697 5648/4619/5695
f 5658/4620/5696 5670/4622/5698 5672/4623/5699 5660/4621/5697
f 5670/4622/5698 5682/4624/5700 5684/4625/5701 5672/4623/5699
f 5682/4624/5700 5694/4626/5702 5696/4627/5703 5684/4625/5701
f 5694/4626/5702 5706/4628/5704 5708/4629/5705 5696/4627/5703
f 5706/4628/5704 5718/4630/5706 5720/4631/5707 5708/4629/5705
f 5718/4630/5706 5730/4632/5708 5732/4633/5709 5720/4631/5707
f 5730/4632/5708 5742/4634/5710 5744/4635/5711 5732/4633/5709
f 5742/4634/5710 5754/4636/5712 5756/4637/5713 5744/4635/5711
f 5754/4638/5712 5766/4639/5714 5768/4640/5715 5756/4641/5713
f 5766/4639/5714 5778/4642/5716 5780/4643/5717 5768/4640/5715
f 5778/4642/5716 5790/4644/5718 5792/4645/5719 5780/4643/5717
f 5790/4644/5718 5802/4646/5720 5804/4647/5721 5792/4645/5719
f 5802/4646/5720 5814/4648/5722 5816/4649/5723 5804/4647/5721
f 5814/4648/5722 5826/4650/5724 5828/4651/5725 5816/4649/5723
f 5826/4650/5724 5838/4652/5726 5840/4653/5727 5828/4651/5725
f 5838/4652/5726 5466/4586/5664 5468/4589/5667 5840/4653/5727
f 5464/4654/5728 5476/4655/5729 5477/4656/5730 5465/4657/5731
f 5476/4655/5729 5488/4658/5732 5489/4659/5733 5477/4656/5730
f 5488/4658/5732 5500/4660/5734 5501/4661/5735 5489/4659/5733
f 5500/4660/5734 5512/4662/5736 5513/4663/5737 5501/4661/5735
f 5512/4662/5736 5524/4664/5738 5525/4665/5739 5513/4663/5737
f 5524/4664/5738 5536/4666/5740 5537/4667/5741 5525/4665/5739
f 5536/4666/5740 5548/4668/5742 5549/4669/5743 5537/4667/5741
f 5548/4668/5742 5560/4670/5744 5561/4671/5745 5549/4669/5743
f 5560/4672/5744 5572/4673/5746 5573/4674/5747 5561/4675/5745
f 5572/4673/5746 5584/4676/5748 5585/4677/5749 5573/4674/5747
f 5584/4676/5748 5596/4678/5750 5597/4679/5751 5585/4677/5749
f 5596/4678/5750 5608/4680/5752 5609/4681/5753 5597/4679/5751
f 5608/4680/5752 5620/4682/5754 5621/4683/5755 5609/4681/5753
f 5620/4682/5754 5632/4684/5756 5633/4685/5757 5621/4683/5755
f 5632/4684/5756 5644/4686/5758 5645/4687/5759 5633/4685/5757
f 5644/4686/5758 5656/4688/5760 5657/4689/5761 5645/4687/5759
f 5656/4688/5760 5668/4690/5762 5669/4691/5763 5657/4689/5761
f 5668/4690/5762 5680/4692/5764 5681/4693/5765 5669/4691/5763
f 5680/4692/5764 5692/4694/5766 5693/4695/5767 5681/4693/5765
f 5692/4694/5766 5704/4696/5768 5705/4697/5769 5693/4695/5767
f 5704/4696/5768 5716/4698/5770 5717/4699/5771 5705/4697/5769
f 5716/4698/5770 5728/4700/5772 5729/4701/5773 5717/4699/5771
f 5728/4700/5772 5740/4702/5774 5741/4703/5775 5729/4701/5773
f 5740/4702/5774 5752/4704/5776 5753/4705/5777 5741/4703/5775
f 5752/4706/5776 5764/4707/5778 5765/4708/5779 5753/4709/5777
f 5764/4707/5778 5776/4710/5780 5777/4711/5781 5765/4708/5779
f 5776/4710/5780 5788/4712/5782 5789/4713/5783 5777/4711/5781
f 5788/4712/5782 5800/4714/5784 5801/4715/5785 5789/4713/5783
f 5800/4714/5784 5812/4716/5786 5813/4717/5787 5801/4715/5785
f 5812/4716/5786 5824/4718/5788 5825/4719/5789 5813/4717/5787
f 5824/4718/5788 5836/4720/5790 5837/4721/5791 5825/4719/5789
f 5836/4720/5790 5464/4654/5728 5465/4657/5731 5837/4721/5791
f 5471/4722/5792 5473/4723/5793 5485/4724/5794 5483/4725/5795
f 5483/4725/5795 5485/4724/5794 5497/4726/5796 5495/4727/5797
f 5495/4727/5797 5497/4726/5796 5509/4728/5798 5507/4729/5799
f 5507/4729/5799 5509/4728/5798 5521/4730/5800 5519/4731/5801
f 5519/4731/5801 5521/4730/5800 5533/4732/5802 5531/4733/5803
f 5531/4733/5803 5533/4732/5802 5545/4734/5804 5543/4735/5805
f 5543/4735/5805 5545/4734/5804 5557/4736/5806 5555/4737/5807
f 5555/4737/5807 5557/4736/5806 5569/4738/5808 5567/4739/5809
f 5567/4740/5809 5569/4741/5808 5581/4742/5810 5579/4743/5811
f 5579/4743/5811 5581/4742/5810 5593/4744/5812 5591/4745/5813
f 5591/4745/5813 5593/4744/5812 5605/4746/5814 5603/4747/5815
f 5603/4747/5815 5605/4746/5814 5617/4748/5816 5615/4749/5817
f 5615/4749/5817 5617/4748/5816 5629/4750/5818 5627/4751/5819
f 5627/4751/5819 5629/4750/5818 5641/4752/5820 5639/4753/5821
f 5639/4753/5821 5641/4752/5820 5653/4754/5822 5651/4755/5823
f 5651/4755/5823 5653/4754/5822 5665/4756/5824 5663/4757/5825
f 5663/4757/5825 5665/4756/5824 5677/4758/5826 5675/4759/5827
f 5675/4759/5827 5677/4758/5826 5689/4760/5828 5687/4761/5829
f 5687/4761/5829 5689/4760/5828 5701/4762/5830 5699/4763/5831
f 5699/4763/5831 5701/4762/5830 5713/4764/5832 5711/4765/5833
f 5711/4765/5833 5713/4764/5832 5725/4766/5834 5723/4767/5835
f 5723/4767/5835 5725/4766/5834 5737/4768/5836 5735/4769/5837
f 5735/4769/5837 5737/4768/5836 5749/4770/5838 5747/4771/5839
f 5747/4771/5839 5749/4770/5838 5761/4772/5840 5759/4773/5841
f 5759/4774/5841 5761/4775/5840 5773/4776/5842 5771/4777/5843
f 5771/4777/5843 5773/4776/5842 5785/4778/5844 5783/4779/5845
f 5783/4779/5845 5785/4778/5844 5797/4780/5846 5795/4781/5847
f 5795/4781/5847 5797/4780/5846 5809/4782/5848 5807/4783/5849
f 5807/4783/5849 5809/4782/5848 5821/4784/5850 5819/4785/5851
f 5819/4785/5851 5821/4784/5850 5833/4786/5852 5831/4787/5853
f 5831/4787/5853 5833/4786/5852 5845/4788/5854 5843/4789/5855
f 5843/4789/5855 5845/4788/5854 5473/4723/5793 5471/4722/5792
f 5472/4790/5856 5484/4791/5857 5485/4724/5794 5473/4723/5793
f 5484/4791/5857 5496/4792/5858 5497/4726/5796 5485/4724/5794
f 5496/4792/5858 5508/4793/5859 5509/4728/5798 5497/4726/5796
f 5508/4793/5859 5520/4794/5860 5521/4730/5800 5509/4728/5798
f 5520/4794/5860 5532/4795/5861 5533/4732/5802 5521/4730/5800
f 5532/4795/5861 5544/4796/5862 5545/4734/5804 5533/4732/5802
f 5544/4796/5862 5556/4797/5863 5557/4736/5806 5545/4734/5804
f 5556/4797/5863 5568/4798/5864 5569/4738/5808 5557/4736/5806
f 5568/4799/5864 5580/4800/5865 5581/4742/5810 5569/4741/5808
f 5580/4800/5865 5592/4801/5866 5593/4744/5812 5581/4742/5810
f 5592/4801/5866 5604/4802/5867 5605/4746/5814 5593/4744/5812
f 5604/4802/5867 5616/4803/5868 5617/4748/5816 5605/4746/5814
f 5616/4803/5868 5628/4804/5869 5629/4750/5818 5617/4748/5816
f 5628/4804/5869 5640/4805/5870 5641/4752/5820 5629/4750/5818
f 5640/4805/5870 5652/4806/5871 5653/4754/5822 5641/4752/5820
f 5652/4806/5871 5664/4807/5872 5665/4756/5824 5653/4754/5822
f 5664/4807/5872 5676/4808/5873 5677/4758/5826 5665/4756/5824
f 5676/4808/5873 5688/4809/5874 5689/4760/5828 5677/4758/5826
f 5688/4809/5874 5700/4810/5875 5701/4762/5830 5689/4760/5828
f 5700/4810/5875 5712/4811/5876 5713/4764/5832 5701/4762/5830
f 5712/4811/5876 5724/4812/5877 5725/4766/5834 5713/4764/5832
f 5724/4812/5877 5736/4813/5878 5737/4768/5836 5725/4766/5834
f 5736/4813/5878 5748/4814/5879 5749/4770/5838 5737/4768/5836
f 5748/4814/5879 5760/4815/5880 5761/4772/5840 5749/4770/5838
f 5760/4816/5880 5772/4817/5881 5773/4776/5842 5761/4775/5840
f 5772/4817/5881 5784/4818/5882 5785/4778/5844 5773/4776/5842
f 5784/4818/5882 5796/4819/5883 5797/4780/5846 5785/4778/5844
f 5796/4819/5883 5808/4820/5884 5809/4782/5848 5797/4780/5846
f 5808/4820/5884 5820/4821/5885 5821/4784/5850 5809/4782/5848
f 5820/4821/5885 5832/4822/5886 5833/4786/5852 5821/4784/5850
f 5832/4822/5886 5844/4823/5887 5845/4788/5854 5833/4786/5852
f 5844/4823/5887 5472/4790/5856 5473/4723/5793 5845/4788/5854
f 5465/4657/5731 5477/4656/5730 5478/4587/5665 5466/4586/5664
f 5477/4656/5730 5489/4659/5733 5490/4590/5668 5478/4587/5665
f 5489/4659/5733 5501/4661/5735 5502/4592/5670 5490/4590/5668
f 5501/4661/5735 5513/4663/5737 5514/4594/5672 5502/4592/5670
f 5513/4663/5737 5525/4665/5739 5526/4596/5674 5514/4594/5672
f 5525/4665/5739 5537/4667/5741 5538/4598/5676 5526/4596/5674
f 5537/4667/5741 5549/4669/5743 5550/4600/5678 5538/4598/5676
f 5549/4669/5743 5561/4671/5745 5562/4602/5680 5550/4600/5678
f 5561/4675/5745 5573/4674/5747 5574/4605/5682 5562/4604/5680
f 5573/4674/5747 5585/4677/5749 5586/4608/5684 5574/4605/5682
f 5585/4677/5749 5597/4679/5751 5598/4610/5686 5586/4608/5684
f 5597/4679/5751 5609/4681/5753 5610/4612/5688 5598/4610/5686
f 5609/4681/5753 5621/4683/5755 5622/4614/5690 5610/4612/5688
f 5621/4683/5755 5633/4685/5757 5634/4616/5692 5622/4614/5690
f 5633/4685/5757 5645/4687/5759 5646/4618/5694 5634/4616/5692
f 5645/4687/5759 5657/4689/5761 5658/4620/5696 5646/4618/5694
f 5657/4689/5761 5669/4691/5763 5670/4622/5698 5658/4620/5696
f 5669/4691/5763 5681/4693/5765 5682/4624/5700 5670/4622/5698
f 5681/4693/5765 5693/4695/5767 5694/4626/5702 5682/4624/5700
f 5693/4695/5767 5705/4697/5769 5706/4628/5704 5694/4626/5702
f 5705/4697/5769 5717/4699/5771 5718/4630/5706 5706/4628/5704
f 5717/4699/5771 5729/4701/5773 5730/4632/5708 5718/4630/5706
f 5729/4701/5773 5741/4703/5775 5742/4634/5710 5730/4632/5708
f 5741/4703/5775 5753/4705/5777 5754/4636/5712 5742/4634/5710
f 5753/4709/5777 5765/4708/5779 5766/4639/5714 5754/4638/5712
f 5765/4708/5779 5777/4711/5781 5778/4642/5716 5766/4639/5714
f 5777/4711/5781 5789/4713/5783 5790/4644/5718 5778/4642/5716
f 5789/4713/5783 5801/4715/5785 5802/4646/5720 5790/4644/5718
f 5801/4715/5785 5813/4717/5787 5814/4648/5722 5802/4646/5720
f 5813/4717/5787 5825/4719/5789 5826/4650/5724 5814/4648/5722
f 5825/4719/5789 5837/4721/5791 5838/4652/5726 5826/4650/5724
f 5837/4721/5791 5465/4657/5731 5466/4586/5664 5838/4652/5726
f 5472/4790/5856 5468/4824/5667 5480/4825/5666 5484/4791/5857
f 5484/4791/5857 5480/4825/5666 5492/4826/5669 5496/4792/5858
f 5496/4792/5858 5492/4826/5669 5504/4827/5671 5508/4793/5859
f 5508/4793/5859 5504/4827/5671 5516/4828/5673 5520/4794/5860
f 5520/4794/5860 5516/4828/5673 5528/4829/5675 5532/4795/5861
f 5532/4795/5861 5528/4829/5675 5540/4830/5677 5544/4796/5862
f 5544/4796/5862 5540/4830/5677 5552/4831/5679 5556/4797/5863
f 5556/4797/5863 5552/4831/5679 5564/4832/5681 5568/4798/5864
f 5568/4799/5864 5564/4833/5681 5576/4834/5683 5580/4800/5865
f 5580/4800/5865 5576/4834/5683 5588/4835/5685 5592/4801/5866
f 5592/4801/5866 5588/4835/5685 5600/4836/5687 5604/4802/5867
f 5604/4802/5867 5600/4836/5687 5612/4837/5689 5616/4803/5868
f 5616/4803/5868 5612/4837/5689 5624/4838/5691 5628/4804/5869
f 5628/4804/5869 5624/4838/5691 5636/4839/5693 5640/4805/5870
f 5640/4805/5870 5636/4839/5693 5648/4840/5695 5652/4806/5871
f 5652/4806/5871 5648/4840/5695 5660/4841/5697 5664/4807/5872
f 5664/4807/5872 5660/4841/5697 5672/4842/5699 5676/4808/5873
f 5676/4808/5873 5672/4842/5699 5684/4843/5701 5688/4809/5874
f 5688/4809/5874 5684/4843/5701 5696/4844/5703 5700/4810/5875
f 5700/4810/5875 5696/4844/5703 5708/4845/5705 5712/4811/5876
f 5712/4811/5876 5708/4845/5705 5720/4846/5707 5724/4812/5877
f 5724/4812/5877 5720/4846/5707 5732/4847/5709 5736/4813/5878
f 5736/4813/5878 5732/4847/5709 5744/4848/5711 5748/4814/5879
f 5748/4814/5879 5744/4848/5711 5756/4849/5713 5760/4815/5880
f 5760/4816/5880 5756/4850/5713 5768/4851/5715 5772/4817/5881
f 5772/4817/5881 5768/4851/5715 5780/4852/5717 5784/4818/5882
f 5784/4818/5882 5780/4852/5717 5792/4853/5719 5796/4819/5883
f 5796/4819/5883 5792/4853/5719 5804/4854/5721 5808/4820/5884
f 5808/4820/5884 5804/4854/5721 5816/4855/5723 5820/4821/5885
f 5820/4821/5885 5816/4855/5723 5828/4856/5725 5832/4822/5886
f 5832/4822/5886 5828/4856/5725 5840/4857/5727 5844/4823/5887
f 5844/4823/5887 5840/4857/5727 5468/4824/5667 5472/4790/5856
f 5467/4858/5888 5469/4859/5889 5481/4860/5890 5479/4861/5891
f 5479/4861/5891 5481/4860/5890 5493/4862/5892 5491/4863/5893
f 5491/4863/5893 5493/4862/5892 5505/4864/5894 5503/4865/5895
f 5503/4865/5895 5505/4864/5894 5517/4866/5896 5515/4867/5897
f 5515/4867/5897 5517/4866/5896 5529/4868/5898 5527/4869/5899
f 5527/4869/5899 5529/4868/5898 5541/4870/5900 5539/4871/5901
f 5539/4871/5901 5541/4870/5900 5553/4872/5902 5551/4873/5903
f 5551/4873/5903 5553/4872/5902 5565/4874/5904 5563/4875/5905
f 5563/4876/5905 5565/4877/5904 5577/4878/5906 5575/4879/5907
f 5575/4879/5907 5577/4878/5906 5589/4880/5908 5587/4881/5909
f 5587/4881/5909 5589/4880/5908 5601/4882/5910 5599/4883/5911
f 5599/4883/5911 5601/4882/5910 5613/4884/5912 5611/4885/5913
f 5611/4885/5913 5613/4884/5912 5625/4886/5914 5623/4887/5915
f 5623/4887/5915 5625/4886/5914 5637/4888/5916 5635/4889/5917
f 5635/4889/5917 5637/4888/5916 5649/4890/5918 5647/4891/5919
f 5647/4891/5919 5649/4890/5918 5661/4892/5920 5659/4893/5921
f 5659/4893/5921 5661/4892/5920 5673/4894/5922 5671/4895/5923
f 5671/4895/5923 5673/4894/5922 5685/4896/5924 5683/4897/5925
f 5683/4897/5925 5685/4896/5924 5697/4898/5926 5695/4899/5927
f 5695/4899/5927 5697/4898/5926 5709/4900/5928 5707/4901/5929
f 5707/4901/5929 5709/4900/5928 5721/4902/5930 5719/4903/5931
f 5719/4903/5931 5721/4902/5930 5733/4904/5932 5731/4905/5933
f 5731/4905/5933 5733/4904/5932 5745/4906/5934 5743/4907/5935
f 5743/4907/5935 5745/4906/5934 5757/4908/5936 5755/4909/5937
f 5755/4910/5937 5757/4911/5936 5769/4912/5938 5767/4913/5939
f 5767/4913/5939 5769/4912/5938 5781/4914/5940 5779/4915/5941
f 5779/4915/5941 5781/4914/5940 5793/4916/5942 5791/4917/5943
f 5791/4917/5943 5793/4916/5942 5805/4918/5944 5803/4919/5945
f 5803/4919/5945 5805/4918/5944 5817/4920/5946 5815/4921/5947
f 5815/4921/5947 5817/4920/5946 5829/4922/5948 5827/4923/5949
f 5827/4923/5949 5829/4922/5948 5841/4924/5950 5839/4925/5951
f 5839/4925/5951 5841/4924/5950 5469/4859/5889 5467/4858/5888
f 5463/4926/5952 5462/4927/5953 5474/4928/5954 5475/4929/5955
f 5475/4929/5955 5474/4928/5954 5486/4930/5956 5487/4931/5957
f 5487/4931/5957 5486/4930/5956 5498/4932/5958 5499/4933/5959
f 5499/4933/5959 5498/4932/5958 5510/4934/5960 5511/4935/5961
f 5511/4935/5961 5510/4934/5960 5522/4936/5962 5523/4937/5963
f 5523/4937/5963 5522/4936/5962 5534/4938/5964 5535/4939/5965
f 5535/4939/5965 5534/4938/5964 5546/4940/5966 5547/4941/5967
f 5547/4941/5967 5546/4940/5966 5558/4942/5968 5559/4943/5969
f 5559/4944/5969 5558/4945/5968 5570/4946/5970 5571/4947/5971
f 5571/4947/5971 5570/4946/5970 5582/4948/5972 5583/4949/5973
f 5583/4949/5973 5582/4948/5972 5594/4950/5974 5595/4951/5975
f 5595/4951/5975 5594/4950/5974 5606/4952/5976 5607/4953/5977
f 5607/4953/5977 5606/4952/5976 5618/4954/5978 5619/4955/5979
f 5619/4955/5979 5618/4954/5978 5630/4956/5980 5631/4957/5981
f 5631/4957/5981 5630/4956/5980 5642/4958/5982 5643/4959/5983
f 5643/4959/5983 5642/4958/5982 5654/4960/5984 5655/4961/5985
f 5655/4961/5985 5654/4960/5984 5666/4962/5986 5667/4963/5987
f 5667/4963/5987 5666/4962/5986 5678/4964/5988 5679/4965/5989
f 5679/4965/5989 5678/4964/5988 5690/4966/5990 5691/4967/5991
f 5691/4967/5991 5690/4966/5990 5702/4968/5992 5703/4969/5993
f 5703/4969/5993 5702/4968/5992 5714/4970/5994 5715/4971/5995
f 5715/4971/5995 5714/4970/5994 5726/4972/5996 5727/4973/5997
f 5727/4973/5997 5726/4972/5996 5738/4974/5998 5739/4975/5999
f 5739/4975/5999 5738/4974/5998 5750/4976/6000 5751/4977/6001
f 5751/4978/6001 5750/4979/6000 5762/4980/6002 5763/4981/6003
f 5763/4981/6003 5762/4980/6002 5774/4982/6004 5775/4983/6005
f 5775/4983/6005 5774/4982/6004 5786/4984/6006 5787/4985/6007
f 5787/4985/6007 5786/4984/6006 5798/4986/6008 5799/4987/6009
f 5799/4987/6009 5798/4986/6008 5810/4988/6010 5811/4989/6011
f 5811/4989/6011 5810/4988/6010 5822/4990/6012 5823/4991/6013
f 5823/4991/6013 5822/4990/6012 5834/4992/6014 5835/4993/6015
f 5835/4993/6015 5834/4992/6014 5462/4927/5953 5463/4926/5952
f 5462/4927/5953 5467/4858/5888 5479/4861/5891 5474/4928/5954
f 5474/4928/5954 5479/4861/5891 5491/4863/5893 5486/4930/5956
f 5486/4930/5956 5491/4863/5893 5503/4865/5895 5498/4932/5958
f 5498/4932/5958 5503/4865/5895 5515/4867/5897 5510/4934/5960
f 5510/4934/5960 5515/4867/5897 5527/4869/5899 5522/4936/5962
f 5522/4936/5962 5527/4869/5899 5539/4871/5901 5534/4938/5964
f 5534/4938/5964 5539/4871/5901 5551/4873/5903 5546/4940/5966
f 5546/4940/5966 5551/4873/5903 5563/4875/5905 5558/4942/5968
f 5558/4945/5968 5563/4876/5905 5575/4879/5907 5570/4946/5970
f 5570/4946/5970 5575/4879/5907 5587/4881/5909 5582/4948/5972
f 5582/4948/5972 5587/4881/5909 5599/4883/5911 5594/4950/5974
f 5594/4950/5974 5599/4883/5911 5611/4885/5913 5606/4952/5976
f 5606/4952/5976 5611/4885/5913 5623/4887/5915 5618/4954/5978
f 5618/4954/5978 5623/4887/5915 5635/4889/5917 5630/4956/5980
f 5630/4956/5980 5635/4889/5917 5647/4891/5919 5642/4958/5982
f 5642/4958/5982 5647/4891/5919 5659/4893/5921 5654/4960/5984
f 5654/4960/5984 5659/4893/5921 5671/4895/5923 5666/4962/5986
f 5666/4962/5986 5671/4895/5923 5683/4897/5925 5678/4964/5988
f 5678/4964/5988 5683/4897/5925 5695/4899/5927 5690/4966/5990
f 5690/4966/5990 5695/4899/5927 5707/4901/5929 5702/4968/5992
f 5702/4968/5992 5707/4901/5929 5719/4903/5931 5714/4970/5994
f 5714/4970/5994 5719/4903/5931 5731/4905/5933 5726/4972/5996
f 5726/4972/5996 5731/4905/5933 5743/4907/5935 5738/4974/5998
f 5738/4974/5998 5743/4907/5935 5755/4909/5937 5750/4976/6000
f 5750/4979/6000 5755/4910/5937 5767/4913/5939 5762/4980/6002
f 5762/4980/6002 5767/4913/5939 5779/4915/5941 5774/4982/6004
f 5774/4982/6004 5779/4915/5941 5791/4917/5943 5786/4984/6006
f 5786/4984/6006 5791/4917/5943 5803/4919/5945 5798/4986/6008
f 5798/4986/6008 5803/4919/5945 5815/4921/5947 5810/4988/6010
f 5810/4988/6010 5815/4921/5947 5827/4923/5949 5822/4990/6012
f 5822/4990/6012 5827/4923/5949 5839/4925/5951 5834/4992/6014
f 5834/4992/6014 5839/4925/5951 5467/4858/5888 5462/4927/5953
f 5471/4722/5792 5483/4725/5795 5482/4994/6016 5470/4995/6017
f 5483/4725/5795 5495/4727/5797 5494/4996/6018 5482/4994/6016
f 5495/4727/5797 5507/4729/5799 5506/4997/6019 5494/4996/6018
f 5507/4729/5799 5519/4731/5801 5518/4998/6020 5506/4997/6019
f 5519/4731/5801 5531/4733/5803 5530/4999/6021 5518/4998/6020
f 5531/4733/5803 5543/4735/5805 5542/5000/6022 5530/4999/6021
f 5543/4735/5805 5555/4737/5807 5554/5001/6023 5542/5000/6022
f 5555/4737/5807 5567/4739/5809 5566/5002/6024 5554/5001/6023
f 5567/4740/5809 5579/4743/5811 5578/5003/6025 5566/5004/6024
f 5579/4743/5811 5591/4745/5813 5590/5005/6026 5578/5003/6025
f 5591/4745/5813 5603/4747/5815 5602/5006/6027 5590/5005/6026
f 5603/4747/5815 5615/4749/5817 5614/5007/6028 5602/5006/6027
f 5615/4749/5817 5627/4751/5819 5626/5008/6029 5614/5007/6028
f 5627/4751/5819 5639/4753/5821 5638/5009/6030 5626/5008/6029
f 5639/4753/5821 5651/4755/5823 5650/5010/6031 5638/5009/6030
f 5651/4755/5823 5663/4757/5825 5662/5011/6032 5650/5010/6031
f 5663/4757/5825 5675/4759/5827 5674/5012/6033 5662/5011/6032
f 5675/4759/5827 5687/4761/5829 5686/5013/6034 5674/5012/6033
f 5687/4761/5829 5699/4763/5831 5698/5014/6035 5686/5013/6034
f 5699/4763/5831 5711/4765/5833 5710/5015/6036 5698/5014/6035
f 5711/4765/5833 5723/4767/5835 5722/5016/6037 5710/5015/6036
f 5723/4767/5835 5735/4769/5837 5734/5017/6038 5722/5016/6037
f 5735/4769/5837 5747/4771/5839 5746/5018/6039 5734/5017/6038
f 5747/4771/5839 5759/4773/5841 5758/5019/6040 5746/5018/6039
f 5759/4774/5841 5771/4777/5843 5770/5020/6041 5758/5021/6040
f 5771/4777/5843 5783/4779/5845 5782/5022/6042 5770/5020/6041
f 5783/4779/5845 5795/4781/5847 5794/5023/6043 5782/5022/6042
f 5795/4781/5847 5807/4783/5849 5806/5024/6044 5794/5023/6043
f 5807/4783/5849 5819/4785/5851 5818/5025/6045 5806/5024/6044
f 5819/4785/5851 5831/4787/5853 5830/5026/6046 5818/5025/6045
f 5831/4787/5853 5843/4789/5855 5842/5027/6047 5830/5026/6046
f 5843/4789/5855 5471/4722/5792 5470/4995/6017 5842/5027/6047
f 5470/4995/6017 5482/4994/6016 5481/5028/5890 5469/5029/5889
f 5482/4994/6016 5494/4996/6018 5493/5030/5892 5481/5028/5890
f 5494/4996/6018 5506/4997/6019 5505/5031/5894 5493/5030/5892
f 5506/4997/6019 5518/4998/6020 5517/5032/5896 5505/5031/5894
f 5518/4998/6020 5530/4999/6021 5529/5033/5898 5517/5032/5896
f 5530/4999/6021 5542/5000/6022 5541/5034/5900 5529/5033/5898
f 5542/5000/6022 5554/5001/6023 5553/5035/5902 5541/5034/5900
f 5554/5001/6023 5566/5002/6024 5565/5036/5904 5553/5035/5902
f 5566/5004/6024 5578/5003/6025 5577/5037/5906 5565/5038/5904
f 5578/5003/6025 5590/5005/6026 5589/5039/5908 5577/5037/5906
f 5590/5005/6026 5602/5006/6027 5601/5040/5910 5589/5039/5908
f 5602/5006/6027 5614/5007/6028 5613/5041/5912 5601/5040/5910
f 5614/5007/6028 5626/5008/6029 5625/5042/5914 5613/5041/5912
f 5626/5008/6029 5638/5009/6030 5637/5043/5916 5625/5042/5914
f 5638/5009/6030 5650/5010/6031 5649/5044/5918 5637/5043/5916
f 5650/5010/6031 5662/5011/6032 5661/5045/5920 5649/5044/5918
f 5662/5011/6032 5674/5012/6033 5673/5046/5922 5661/5045/5920
f 5674/5012/6033 5686/5013/6034 5685/5047/5924 5673/5046/5922
f 5686/5013/6034 5698/5014/6035 5697/5048/5926 5685/5047/5924
f 5698/5014/6035 5710/5015/6036 5709/5049/5928 5697/5048/5926
f 5710/5015/6036 5722/5016/6037 5721/5050/5930 5709/5049/5928
f 5722/5016/6037 5734/5017/6038 5733/5051/5932 5721/5050/5930
f 5734/5017/6038 5746/5018/6039 5745/5052/5934 5733/5051/5932
f 5746/5018/6039 5758/5019/6040 5757/5053/5936 5745/5052/5934
f 5758/5021/6040 5770/5020/6041 5769/5054/5938 5757/5055/5936
f 5770/5020/6041 5782/5022/6042 5781/5056/5940 5769/5054/5938
f 5782/5022/6042 5794/5023/6043 5793/5057/5942 5781/5056/5940
f 5794/5023/6043 5806/5024/6044 5805/5058/5944 5793/5057/5942
f 5806/5024/6044 5818/5025/6045 5817/5059/5946 5805/5058/5944
f 5818/5025/6045 5830/5026/6046 5829/5060/5948 5817/5059/5946
f 5830/5026/6046 5842/5027/6047 5841/5061/5950 5829/5060/5948
f 5842/5027/6047 5470/4995/6017 5469/5029/5889 5841/5061/5950
f 5854/3463/6048 5850/3464/6049 5851/3465/6050 5855/3466/6051
f 9113/3467/6052 9111/3468/6052 9110/3469/6053 9112/3470/6053
f 9117/3471/6054 9116/3472/6054 9111/3468/6052 9113/3467/6052
f 9115/3473/6055 5852/3474/6055 5848/3475/6056 9114/3476/6056
f 9118/3477/6057 5856/3478/6057 5852/3474/6055 9115/3473/6055
f 5849/3479/1536 9119/3480/1536 9120/3481/1536 5853/3482/1536
f 5853/3482/1536 9120/3481/1536 9121/3483/1536 5857/3484/1536
f 5858/3485/1268 5861/3486/1268 5862/3487/3598 5859/3488/3598
f 5859/3488/3598 5862/3487/3598 5863/3489/2053 5860/3490/2053
f 5850/3464/6049 5846/3491/6058 5847/3492/6059 5851/3465/6050
f 5850/3493/6049 5854/3494/6048 9123/3495/6060
f 5846/3496/6058 5850/3493/6049 9122/3497/6061
f 9123/3495/6060 9122/3497/6061 5850/3493/6049
f 5864/3498/6062 5866/3499/6062 5867/3500/6063 5865/3501/6064
f 5876/3502/6065 9130/3503/6066 9131/3504/6067 5870/3505/6068
f 5887/3506/6069 5871/3507/6070 5870/3505/6068 5888/3508/6071
f 5872/3509/1536 5886/3510/6072 5903/3511/6073
f 5885/3512/6074 5884/3513/6075 9125/3514/6076 9128/3515/6077
f 5903/3511/6073 5885/3512/6074 5906/3516/6078 6544/3517/6079
f 5884/3513/6075 5886/3510/6072 5868/3518/6080 5875/3519/6081
f 9124/3520/6082 9125/3514/6076 5884/3513/6075 5875/3519/6081
f 5872/3509/1536 5868/3518/6080 5886/3510/6072
f 5884/3513/6075 5885/3512/6074 5903/3511/6073 5886/3510/6072
f 5885/3512/6074 9128/3515/6077 9129/3521/6083 5906/3516/6078
f 5869/3522/6084 5889/3523/6085 5888/3508/6071 5870/3505/6068
f 5892/3524/6086 5900/3525/6087 9136/3526/6088
f 5901/3527/6089 5902/3528/6090 9137/3529/6091
f 5900/3525/6087 5901/3527/6089 9136/3526/6088
f 9134/3530/6092 5892/3524/6086 9135/3531/6093
f 5902/3528/6090 9139/3532/6094 9137/3529/6091
f 9138/3533/6095 5892/3524/6086 9136/3526/6088
f 5892/3524/6086 9134/3530/6092 5890/3534/1124
f 9134/3530/6092 9127/3535/6096 5890/3534/1124
f 9127/3535/6096 9126/3536/6097 5890/3534/1124
f 9136/3526/6088 5901/3527/6089 9137/3529/6091
f 9135/3531/6093 5892/3524/6086 9138/3533/6095
f 5878/3537/6098 5880/3537/6099 5896/3538/6100 5894/3539/6101
f 5880/3537/6099 5879/3537/6102 5895/3540/6103 5896/3538/6100
f 5881/3537/6104 5882/3537/6105 5898/3541/6106 5897/3542/6107
f 5882/3537/6105 9132/3537/6108 5893/3537/6109 5898/3541/6106
f 9132/3537/6108 5878/3537/6098 5894/3539/6101 5893/3537/6109
f 9133/3537/6110 5881/3537/6104 5897/3542/6107 5891/3543/6110
f 5879/3537/6102 5883/3537/6111 5899/3544/6111 5895/3540/6103
f 5905/3545/6112 5904/3546/6113 6544/3517/6079 5906/3516/6078
f 5876/3502/6065 5877/3547/6114 5904/3546/6113 5905/3545/6112
f 5905/3545/6112 5874/3548/6115 9130/3503/6066 5876/3502/6065
f 5870/3505/6068 9131/3504/6067 5873/3549/6116 5869/3522/6084
f 5905/3545/6112 5906/3516/6078 9129/3521/6083 5874/3548/6115
f 5871/3507/6070 5877/3547/6114 5876/3502/6065 5870/3505/6068
f 5911/3550/6117 5912/3551/6118 5908/3552/6119 5907/3553/6120
f 9141/3554/6121 9112/3555/6053 9110/3556/6053 9140/3557/6121
f 9144/3558/6122 9141/3554/6121 9140/3557/6121 9143/3559/6122
f 9142/3560/6123 9114/3561/6056 5848/3562/6056 5909/3563/6123
f 9145/3564/6124 9142/3560/6123 5909/3563/6123 5913/3565/6124
f 5849/3566/1536 5910/3567/1536 9146/3568/1536 9119/3569/1536
f 5910/3567/1536 5914/3570/1536 9147/3571/1536 9146/3568/1536
f 5858/3572/1268 5915/3573/3529 5917/3574/3529 5861/3575/1268
f 5915/3573/3529 5916/3576/2054 5918/3577/2054 5917/3574/3529
f 5907/3553/6120 5908/3552/6119 5847/3578/6059 5846/3579/6058
f 5907/3580/6120 9148/3581/6125 5911/3582/6117
f 5846/3583/6058 9122/3584/6061 5907/3580/6120
f 9148/3581/6125 5907/3580/6120 9122/3584/6061
f 5864/3585/6062 5919/3586/6126 5920/3587/6127 5866/3588/6062
f 5924/3589/6128 5921/3590/6129 9154/3591/6130 9153/3592/6131
f 5934/3593/6132 5935/3594/6133 5921/3590/6129 5922/3595/6134
f 5872/3509/1536 5945/3596/6135 5933/3597/6136
f 5932/3598/6137 9151/3599/6138 9149/3600/6139 5931/3601/2836
f 5945/3596/6135 5946/3602/6140 5949/3603/6141 5932/3598/6137
f 5931/3601/2836 5875/3519/6081 5868/3518/6080 5933/3597/6136
f 9124/3520/6082 5875/3519/6081 5931/3601/2836 9149/3600/6139
f 5872/3509/1536 5933/3597/6136 5868/3518/6080
f 5931/3601/2836 5933/3597/6136 5945/3596/6135 5932/3598/6137
f 5932/3598/6137 5949/3603/6141 9152/3604/6142 9151/3599/6138
f 5869/3522/6084 5921/3590/6129 5935/3594/6133 5889/3523/6085
f 5936/3605/6143 9158/3606/6144 5943/3607/6145
f 5944/3608/6146 9159/3609/6147 5902/3528/6090
f 5943/3607/6145 9158/3606/6144 5944/3608/6146
f 9156/3610/6148 9157/3611/6149 5936/3605/6143
f 5902/3528/6090 9159/3609/6147 9139/3532/6094
f 9160/3612/6150 9158/3606/6144 5936/3605/6143
f 5936/3605/6143 5890/3534/1124 9156/3610/6148
f 9156/3610/6148 5890/3534/1124 9150/3613/6151
f 9150/3613/6151 5890/3534/1124 9126/3536/6097
f 9158/3606/6144 9159/3609/6147 5944/3608/6146
f 9157/3611/6149 9160/3612/6150 5936/3605/6143
f 5926/3537/6152 5938/3614/6153 5940/3615/6154 5928/3537/6155
f 5928/3537/6155 5940/3615/6154 5939/3616/6156 5927/3537/6157
f 5929/3537/6158 5941/3617/6159 5942/3618/6160 5930/3537/6161
f 5930/3537/6161 5942/3618/6160 5937/3619/6162 9155/3537/6163
f 9155/3537/6163 5937/3619/6162 5938/3614/6153 5926/3537/6152
f 9133/3537/6110 5891/3543/6110 5941/3617/6159 5929/3537/6158
f 5927/3537/6157 5939/3616/6156 5899/3620/6111 5883/3537/6111
f 5948/3621/6164 5949/3603/6141 5946/3602/6140 5947/3622/6165
f 5924/3589/6128 5948/3621/6164 5947/3622/6165 5925/3623/6166
f 5948/3621/6164 5924/3589/6128 9153/3592/6131 5923/3624/6167
f 5921/3590/6129 5869/3522/6084 5873/3549/6116 9154/3591/6130
f 5948/3621/6164 5923/3624/6167 9152/3604/6142 5949/3603/6141
f 5922/3595/6134 5921/3590/6129 5924/3589/6128 5925/3623/6166
f 5911/3550/6117 5954/3625/6168 5955/3626/6169 5912/3551/6118
f 9164/3627/6170 9162/3628/6170 9161/3629/6171 9163/3630/6171
f 9144/3558/6122 9143/3559/6122 9162/3628/6170 9164/3627/6170
f 9166/3631/6172 5956/3632/6172 5952/3633/6173 9165/3634/6173
f 9145/3564/6124 5913/3565/6124 5956/3632/6172 9166/3631/6172
f 5953/3635/1536 9167/3636/1536 9168/3637/1536 5957/3638/1536
f 5957/3638/1536 9168/3637/1536 9147/3571/1536 5914/3570/1536
f 5958/3639/2055 5960/3640/2055 5961/3641/4354 5959/3642/4354
f 5959/3642/4354 5961/3641/4354 5918/3577/2054 5916/3576/2054
f 5954/3625/6168 5950/3643/6174 5951/3644/6175 5955/3626/6169
f 5954/3645/6168 5911/3582/6117 9148/3581/6125
f 5950/3646/6174 5954/3645/6168 9169/3647/6176
f 9148/3581/6125 9169/3647/6176 5954/3645/6168
f 6005/3648/6177 5962/3649/6178 5920/3587/6127 5919/3586/6126
f 5969/3650/6179 9176/3651/6180 9177/3652/6181 5965/3653/6182
f 5934/3593/6132 5922/3595/6134 5965/3653/6182 5979/3654/6183
f 5872/3509/1536 5978/3655/6184 5945/3596/6135
f 5977/3656/6185 5976/3657/6186 9171/3658/6187 9174/3659/6188
f 5945/3596/6135 5977/3656/6185 5992/3660/6189 5946/3602/6140
f 5976/3657/6186 5978/3655/6184 5963/3661/6190 5968/3662/6191
f 9170/3663/6192 9171/3658/6187 5976/3657/6186 5968/3662/6191
f 5872/3509/1536 5963/3661/6190 5978/3655/6184
f 5976/3657/6186 5977/3656/6185 5945/3596/6135 5978/3655/6184
f 5977/3656/6185 9174/3659/6188 9175/3664/6193 5992/3660/6189
f 5964/3665/6194 5980/3666/6195 5979/3654/6183 5965/3653/6182
f 5936/3605/6143 5943/3607/6145 9182/3667/6196
f 5989/3668/6197 5990/3669/6198 9183/3670/6199
f 5943/3607/6145 5989/3668/6197 9182/3667/6196
f 9180/3671/6200 5936/3605/6143 9181/3672/6201
f 5990/3669/6198 9185/3673/6202 9183/3670/6199
f 9184/3674/6203 5936/3605/6143 9182/3667/6196
f 5936/3605/6143 9180/3671/6200 5890/3534/1124
f 9180/3671/6200 9173/3675/6204 5890/3534/1124
f 9173/3675/6204 9172/3676/6205 5890/3534/1124
f 9182/3667/6196 5989/3668/6197 9183/3670/6199
f 9181/3672/6201 5936/3605/6143 9184/3674/6203
f 5970/3677/6206 5972/3678/6207 5985/3679/6208 5983/3680/6209
f 5972/3678/6207 5971/3681/6210 5984/3682/6211 5985/3679/6208
f 5973/3683/6212 5974/3684/6213 5987/3685/6214 5986/3686/6215
f 5974/3684/6213 9178/3687/6216 5982/3688/6217 5987/3685/6214
f 9178/3687/6216 5970/3677/6206 5983/3680/6209 5982/3688/6217
f 9179/3689/6218 5973/3683/6212 5986/3686/6215 5981/3690/6218
f 5971/3681/6210 5975/3691/6219 5988/3692/6219 5984/3682/6211
f 5991/3693/6220 5947/3622/6165 5946/3602/6140 5992/3660/6189
f 5969/3650/6179 5925/3623/6166 5947/3622/6165 5991/3693/6220
f 5991/3693/6220 5967/3694/6221 9176/3651/6180 5969/3650/6179
f 5965/3653/6182 9177/3652/6181 5966/3695/6222 5964/3665/6194
f 5991/3693/6220 5992/3660/6189 9175/3664/6193 5967/3694/6221
f 5922/3595/6134 5925/3623/6166 5969/3650/6179 5965/3653/6182
f 5997/3696/6223 5998/3697/6224 5994/3698/6225 5993/3699/6226
f 9187/3700/6227 9163/3630/6171 9161/3629/6171 9186/3701/6227
f 9190/3702/6228 9187/3700/6227 9186/3701/6227 9189/3703/6228
f 9188/3704/6229 9165/3634/6173 5952/3633/6173 5995/3705/6229
f 9191/3706/6230 9188/3704/6229 5995/3705/6229 5999/3707/6230
f 5953/3635/1536 5996/3708/1536 9192/3709/1536 9167/3636/1536
f 5996/3708/1536 6000/3710/1536 9193/3711/1536 9192/3709/1536
f 5958/3639/2055 6001/3712/4301 6003/3713/4301 5960/3640/2055
f 6001/3712/4301 6002/3714/2056 6004/3715/2056 6003/3713/4301
f 5993/3699/6226 5994/3698/6225 5951/3644/6175 5950/3643/6174
f 5993/3716/6226 9194/3717/6231 5997/3718/6223
f 5950/3646/6174 9169/3647/6176 5993/3716/6226
f 9194/3717/6231 5993/3716/6226 9169/3647/6176
f 6005/3648/6177 6006/3719/6232 6007/3720/6233 5962/3649/6178
f 6011/3721/6234 6008/3722/6235 9200/3723/6236 9199/3724/6237
f 6021/3725/6238 6022/3726/6239 6008/3722/6235 6009/3727/6240
f 5872/3509/1536 6032/3728/6241 6020/3729/6242
f 6019/3730/6243 9197/3731/6244 9195/3732/6245 6018/3733/6246
f 6032/3728/6241 6033/3734/6247 6036/3735/6248 6019/3730/6243
f 6018/3733/6246 5968/3662/6191 5963/3661/6190 6020/3729/6242
f 9170/3663/6192 5968/3662/6191 6018/3733/6246 9195/3732/6245
f 5872/3509/1536 6020/3729/6242 5963/3661/6190
f 6018/3733/6246 6020/3729/6242 6032/3728/6241 6019/3730/6243
f 6019/3730/6243 6036/3735/6248 9198/3736/6249 9197/3731/6244
f 5964/3665/6194 6008/3722/6235 6022/3726/6239 5980/3666/6195
f 6023/3737/6250 9204/3738/6251 6030/3739/6252
f 6031/3740/6253 9205/3741/6254 5990/3669/6198
f 6030/3739/6252 9204/3738/6251 6031/3740/6253
f 9202/3742/6255 9203/3743/6256 6023/3737/6250
f 5990/3669/6198 9205/3741/6254 9185/3673/6202
f 9206/3744/6257 9204/3738/6251 6023/3737/6250
f 6023/3737/6250 5890/3534/1124 9202/3742/6255
f 9202/3742/6255 5890/3534/1124 9196/3745/6258
f 9196/3745/6258 5890/3534/1124 9172/3676/6205
f 9204/3738/6251 9205/3741/6254 6031/3740/6253
f 9203/3743/6256 9206/3744/6257 6023/3737/6250
f 6013/3746/6259 6025/3747/6260 6027/3748/6261 6015/3749/6262
f 6015/3749/6262 6027/3748/6261 6026/3750/6263 6014/3751/6264
f 6016/3752/6265 6028/3753/6266 6029/3754/6267 6017/3755/6268
f 6017/3755/6268 6029/3754/6267 6024/3756/6269 9201/3757/6270
f 9201/3757/6270 6024/3756/6269 6025/3747/6260 6013/3746/6259
f 9179/3689/6218 5981/3690/6218 6028/3753/6266 6016/3752/6265
f 6014/3751/6264 6026/3750/6263 5988/3758/6219 5975/3759/6219
f 6035/3760/6271 6036/3735/6248 6033/3734/6247 6034/3761/6272
f 6011/3721/6234 6035/3760/6271 6034/3761/6272 6012/3762/6273
f 6035/3760/6271 6011/3721/6234 9199/3724/6237 6010/3763/6274
f 6008/3722/6235 5964/3665/6194 5966/3695/6222 9200/3723/6236
f 6035/3760/6271 6010/3763/6274 9198/3736/6249 6036/3735/6248
f 6009/3727/6240 6008/3722/6235 6011/3721/6234 6012/3762/6273
f 5997/3696/6223 6041/3764/6275 6042/3765/6276 5998/3697/6224
f 9210/3766/6277 9208/3767/6277 9207/3768/6278 9209/3769/6278
f 9190/3702/6228 9189/3703/6228 9208/3767/6277 9210/3766/6277
f 9212/3770/6279 6043/3771/6279 6039/3772/6280 9211/3773/6280
f 9191/3706/6230 5999/3707/6230 6043/3771/6279 9212/3770/6279
f 6040/3774/1536 9213/3775/1536 9214/3776/1536 6044/3777/1536
f 6044/3777/1536 9214/3776/1536 9193/3711/1536 6000/3710/1536
f 6045/3778/1231 6047/3779/1231 6048/3780/4250 6046/3781/4250
f 6046/3781/4250 6048/3780/4250 6004/3715/2056 6002/3714/2056
f 6041/3764/6275 6037/3782/6281 6038/3783/6282 6042/3765/6276
f 6041/3784/6275 5997/3718/6223 9194/3717/6231
f 6037/3785/6281 6041/3784/6275 9215/3786/6283
f 9194/3717/6231 9215/3786/6283 6041/3784/6275
f 6049/3787/6284 6050/3788/6284 6007/3720/6233 6006/3719/6232
f 6057/3789/6285 9222/3790/6286 9223/3791/6287 6053/3792/6288
f 6021/3725/6238 6009/3727/6240 6053/3792/6288 6067/3793/6289
f 5872/3509/1536 6066/3794/6290 6032/3728/6241
f 6065/3795/6291 6064/3796/6292 9217/3797/6293 9220/3798/6294
f 6032/3728/6241 6065/3795/6291 6080/3799/6295 6033/3734/6247
f 6064/3796/6292 6066/3794/6290 6051/3800/6296 6056/3801/6297
f 9216/3802/6298 9217/3797/6293 6064/3796/6292 6056/3801/6297
f 5872/3509/1536 6051/3800/6296 6066/3794/6290
f 6064/3796/6292 6065/3795/6291 6032/3728/6241 6066/3794/6290
f 6065/3795/6291 9220/3798/6294 9221/3803/6299 6080/3799/6295
f 6052/3804/6300 6068/3805/6301 6067/3793/6289 6053/3792/6288
f 6023/3737/6250 6030/3739/6252 9228/3806/6302
f 6077/3807/6303 6078/3808/6304 9229/3809/6305
f 6030/3739/6252 6077/3807/6303 9228/3806/6302
f 9226/3810/6306 6023/3737/6250 9227/3811/6307
f 6078/3808/6304 9231/3812/6308 9229/3809/6305
f 9230/3813/6309 6023/3737/6250 9228/3806/6302
f 6023/3737/6250 9226/3810/6306 5890/3534/1124
f 9226/3810/6306 9219/3814/6310 5890/3534/1124
f 9219/3814/6310 9218/3815/6311 5890/3534/1124
f 9228/3806/6302 6077/3807/6303 9229/3809/6305
f 9227/3811/6307 6023/3737/6250 9230/3813/6309
f 6058/3816/6312 6060/3817/6313 6073/3818/6314 6071/3819/6315
f 6060/3817/6313 6059/3820/6316 6072/3821/6317 6073/3818/6314
f 6061/3822/6318 6062/3823/6319 6075/3824/6320 6074/3825/6321
f 6062/3823/6319 9224/3826/6322 6070/3827/6323 6075/3824/6320
f 9224/3826/6322 6058/3816/6312 6071/3819/6315 6070/3827/6323
f 9225/3828/6324 6061/3822/6318 6074/3825/6321 6069/3829/6324
f 6059/3820/6316 6063/3830/6325 6076/3831/6325 6072/3821/6317
f 6079/3832/6326 6034/3761/6272 6033/3734/6247 6080/3799/6295
f 6057/3789/6285 6012/3762/6273 6034/3761/6272 6079/3832/6326
f 6079/3832/6326 6055/3833/6327 9222/3790/6286 6057/3789/6285
f 6053/3792/6288 9223/3791/6287 6054/3834/6328 6052/3804/6300
f 6079/3832/6326 6080/3799/6295 9221/3803/6299 6055/3833/6327
f 6009/3727/6240 6012/3762/6273 6057/3789/6285 6053/3792/6288
f 6085/3835/6329 6086/3836/6330 6082/3837/6331 6081/3838/6332
f 9233/3839/6333 9209/3769/6278 9207/3768/6278 9232/3840/6333
f 9236/3841/6334 9233/3839/6333 9232/3840/6333 9235/3842/6334
f 9234/3843/6335 9211/3773/6280 6039/3772/6280 6083/3844/6335
f 9237/3845/6336 9234/3843/6335 6083/3844/6335 6087/3846/6336
f 6040/3774/1536 6084/3847/1536 9238/3848/1536 9213/3775/1536
f 6084/3847/1536 6088/3849/1536 9239/3850/1536 9238/3848/1536
f 6045/3778/1231 6089/3851/4193 6091/3852/4193 6047/3779/1231
f 6089/3851/4193 6090/3853/2057 6092/3854/2057 6091/3852/4193
f 6081/3838/6332 6082/3837/6331 6038/3783/6282 6037/3782/6281
f 6081/3855/6332 9240/3856/6337 6085/3857/6329
f 6037/3785/6281 9215/3786/6283 6081/3855/6332
f 9240/3856/6337 6081/3855/6332 9215/3786/6283
f 6049/3787/6284 6093/3858/6338 6094/3859/6339 6050/3788/6284
f 6098/3860/6340 6095/3861/6341 9246/3862/6342 9245/3863/6343
f 6108/3864/6344 6109/3865/6345 6095/3861/6341 6096/3866/6346
f 5872/3509/1536 6119/3867/6347 6107/3868/6348
f 6106/3869/6349 9243/3870/6350 9241/3871/6351 6105/3872/3057
f 6119/3867/6347 6120/3873/6352 6123/3874/6353 6106/3869/6349
f 6105/3872/3057 6056/3801/6297 6051/3800/6296 6107/3868/6348
f 9216/3802/6298 6056/3801/6297 6105/3872/3057 9241/3871/6351
f 5872/3509/1536 6107/3868/6348 6051/3800/6296
f 6105/3872/3057 6107/3868/6348 6119/3867/6347 6106/3869/6349
f 6106/3869/6349 6123/3874/6353 9244/3875/6354 9243/3870/6350
f 6052/3804/6300 6095/3861/6341 6109/3865/6345 6068/3805/6301
f 6110/3876/6355 9250/3877/6356 6117/3878/6357
f 6118/3879/6358 9251/3880/6359 6078/3808/6304
f 6117/3878/6357 9250/3877/6356 6118/3879/6358
f 9248/3881/6360 9249/3882/6361 6110/3876/6355
f 6078/3808/6304 9251/3880/6359 9231/3812/6308
f 9252/3883/6362 9250/3877/6356 6110/3876/6355
f 6110/3876/6355 5890/3534/1124 9248/3881/6360
f 9248/3881/6360 5890/3534/1124 9242/3884/6363
f 9242/3884/6363 5890/3534/1124 9218/3815/6311
f 9250/3877/6356 9251/3880/6359 6118/3879/6358
f 9249/3882/6361 9252/3883/6362 6110/3876/6355
f 6100/3885/6364 6112/3886/6365 6114/3887/6366 6102/3888/6367
f 6102/3888/6367 6114/3887/6366 6113/3889/6368 6101/3890/6369
f 6103/3891/6370 6115/3892/6371 6116/3893/6372 6104/3894/6373
f 6104/3894/6373 6116/3893/6372 6111/3895/6374 9247/3896/6375
f 9247/3896/6375 6111/3895/6374 6112/3886/6365 6100/3885/6364
f 9225/3828/6324 6069/3829/6324 6115/3892/6371 6103/3891/6370
f 6101/3890/6369 6113/3889/6368 6076/3897/6325 6063/3898/6325
f 6122/3899/6376 6123/3874/6353 6120/3873/6352 6121/3900/6377
f 6098/3860/6340 6122/3899/6376 6121/3900/6377 6099/3901/6378
f 6122/3899/6376 6098/3860/6340 9245/3863/6343 6097/3902/6379
f 6095/3861/6341 6052/3804/6300 6054/3834/6328 9246/3862/6342
f 6122/3899/6376 6097/3902/6379 9244/3875/6354 6123/3874/6353
f 6096/3866/6346 6095/3861/6341 6098/3860/6340 6099/3901/6378
f 6085/3835/6329 6128/3903/6380 6129/3904/6381 6086/3836/6330
f 9256/3905/6382 9254/3906/6382 9253/3907/6383 9255/3908/6383
f 9236/3841/6334 9235/3842/6334 9254/3906/6382 9256/3905/6382
f 9258/3909/6384 6130/3910/6384 6126/3911/6385 9257/3912/6385
f 9237/3845/6336 6087/3846/6336 6130/3910/6384 9258/3909/6384
f 6127/3913/1536 9259/3914/1536 9260/3915/1536 6131/3916/1536
f 6131/3916/1536 9260/3915/1536 9239/3850/1536 6088/3849/1536
f 6132/3917/2058 6134/3918/2058 6135/3919/4142 6133/3920/4142
f 6133/3920/4142 6135/3919/4142 6092/3854/2057 6090/3853/2057
f 6128/3903/6380 6124/3921/6386 6125/3922/6387 6129/3904/6381
f 6128/3923/6380 6085/3857/6329 9240/3856/6337
f 6124/3924/6386 6128/3923/6380 9261/3925/6388
f 9240/3856/6337 9261/3925/6388 6128/3923/6380
f 6179/3926/6389 6136/3927/6390 6094/3859/6339 6093/3858/6338
f 6143/3928/6391 9268/3929/6392 9269/3930/6393 6139/3931/6394
f 6108/3864/6344 6096/3866/6346 6139/3931/6394 6153/3932/6395
f 5872/3509/1536 6152/3933/6396 6119/3867/6347
f 6151/3934/6397 6150/3935/6398 9263/3936/6399 9266/3937/6400
f 6119/3867/6347 6151/3934/6397 6166/3938/6401 6120/3873/6352
f 6150/3935/6398 6152/3933/6396 6137/3939/6402 6142/3940/6403
f 9262/3941/6404 9263/3936/6399 6150/3935/6398 6142/3940/6403
f 5872/3509/1536 6137/3939/6402 6152/3933/6396
f 6150/3935/6398 6151/3934/6397 6119/3867/6347 6152/3933/6396
f 6151/3934/6397 9266/3937/6400 9267/3942/6405 6166/3938/6401
f 6138/3943/6406 6154/3944/6407 6153/3932/6395 6139/3931/6394
f 6110/3876/6355 6117/3878/6357 9274/3945/6408
f 6163/3946/6409 6164/3947/6410 9275/3948/6411
f 6117/3878/6357 6163/3946/6409 9274/3945/6408
f 9272/3949/6412 6110/3876/6355 9273/3950/6413
f 6164/3947/6410 9277/3951/6414 9275/3948/6411
f 9276/3952/6415 6110/3876/6355 9274/3945/6408
f 6110/3876/6355 9272/3949/6412 5890/3534/1124
f 9272/3949/6412 9265/3953/6416 5890/3534/1124
f 9265/3953/6416 9264/3954/6417 5890/3534/1124
f 9274/3945/6408 6163/3946/6409 9275/3948/6411
f 9273/3950/6413 6110/3876/6355 9276/3952/6415
f 6144/3955/6418 6146/3956/6419 6159/3957/6420 6157/3958/6421
f 6146/3956/6419 6145/3959/6422 6158/3960/6423 6159/3957/6420
f 6147/3961/6424 6148/3962/6425 6161/3963/6426 6160/3964/6427
f 6148/3962/6425 9270/3965/6428 6156/3966/6429 6161/3963/6426
f 9270/3965/6428 6144/3955/6418 6157/3958/6421 6156/3966/6429
f 9271/3967/6430 6147/3961/6424 6160/3964/6427 6155/3968/6430
f 6145/3959/6422 6149/3969/6431 6162/3970/6431 6158/3960/6423
f 6165/3971/6432 6121/3900/6377 6120/3873/6352 6166/3938/6401
f 6143/3928/6391 6099/3901/6378 6121/3900/6377 6165/3971/6432
f 6165/3971/6432 6141/3972/6433 9268/3929/6392 6143/3928/6391
f 6139/3931/6394 9269/3930/6393 6140/3973/6434 6138/3943/6406
f 6165/3971/6432 6166/3938/6401 9267/3942/6405 6141/3972/6433
f 6096/3866/6346 6099/3901/6378 6143/3928/6391 6139/3931/6394
f 6171/3974/6435 6172/3975/6436 6168/3976/6437 6167/3977/6438
f 9279/3978/6439 9255/3908/6383 9253/3907/6383 9278/3979/6439
f 9282/3980/6440 9279/3978/6439 9278/3979/6439 9281/3981/6440
f 9280/3982/6441 9257/3912/6385 6126/3911/6385 6169/3983/6441
f 9283/3984/6442 9280/3982/6441 6169/3983/6441 6173/3985/6442
f 6127/3913/1536 6170/3986/1536 9284/3987/1536 9259/3914/1536
f 6170/3986/1536 6174/3988/1536 9285/3989/1536 9284/3987/1536
f 6132/3917/2058 6175/3990/4084 6177/3991/4084 6134/3918/2058
f 6175/3990/4084 6176/3992/2059 6178/3993/2059 6177/3991/4084
f 6167/3977/6438 6168/3976/6437 6125/3922/6387 6124/3921/6386
f 6167/3994/6438 9286/3995/6443 6171/3996/6435
f 6124/3924/6386 9261/3925/6388 6167/3994/6438
f 9286/3995/6443 6167/3994/6438 9261/3925/6388
f 6179/3926/6389 6180/3997/6444 6181/3998/6445 6136/3927/6390
f 6185/3999/6446 6182/4000/6447 9292/4001/6448 9291/4002/6449
f 6195/4003/6450 6196/4004/6451 6182/4000/6447 6183/4005/6452
f 5872/3509/1536 6206/4006/6453 6194/4007/6454
f 6193/4008/6455 9289/4009/6456 9287/4010/6457 6192/4011/6458
f 6206/4006/6453 6207/4012/6459 6210/4013/6460 6193/4008/6455
f 6192/4011/6458 6142/3940/6403 6137/3939/6402 6194/4007/6454
f 9262/3941/6404 6142/3940/6403 6192/4011/6458 9287/4010/6457
f 5872/3509/1536 6194/4007/6454 6137/3939/6402
f 6192/4011/6458 6194/4007/6454 6206/4006/6453 6193/4008/6455
f 6193/4008/6455 6210/4013/6460 9290/4014/6461 9289/4009/6456
f 6138/3943/6406 6182/4000/6447 6196/4004/6451 6154/3944/6407
f 6197/4015/6462 9296/4016/6463 6204/4017/6464
f 6205/4018/6465 9297/4019/6466 6164/3947/6410
f 6204/4017/6464 9296/4016/6463 6205/4018/6465
f 9294/4020/6467 9295/4021/6468 6197/4015/6462
f 6164/3947/6410 9297/4019/6466 9277/3951/6414
f 9298/4016/6469 9296/4016/6463 6197/4015/6462
f 6197/4015/6462 5890/3534/1124 9294/4020/6467
f 9294/4020/6467 5890/3534/1124 9288/4022/6470
f 9288/4022/6470 5890/3534/1124 9264/3954/6417
f 9296/4016/6463 9297/4019/6466 6205/4018/6465
f 9295/4021/6468 9298/4016/6469 6197/4015/6462
f 6187/4023/6471 6199/4024/6472 6201/4025/6473 6189/4026/6474
f 6189/4026/6474 6201/4025/6473 6200/4027/6475 6188/4028/6476
f 6190/4029/6477 6202/4030/6478 6203/4031/6479 6191/4032/6480
f 6191/4032/6480 6203/4031/6479 6198/4033/6481 9293/4034/6482
f 9293/4034/6482 6198/4033/6481 6199/4024/6472 6187/4023/6471
f 9271/3967/6430 6155/3968/6430 6202/4030/6478 6190/4029/6477
f 6188/4028/6476 6200/4027/6475 6162/4035/6431 6149/4036/6431
f 6209/4037/6483 6210/4013/6460 6207/4012/6459 6208/4038/6484
f 6185/3999/6446 6209/4037/6483 6208/4038/6484 6186/4039/6485
f 6209/4037/6483 6185/3999/6446 9291/4002/6449 6184/4040/6486
f 6182/4000/6447 6138/3943/6406 6140/3973/6434 9292/4001/6448
f 6209/4037/6483 6184/4040/6486 9290/4014/6461 6210/4013/6460
f 6183/4005/6452 6182/4000/6447 6185/3999/6446 6186/4039/6485
f 6171/3974/6435 6215/4041/6487 6216/4042/6488 6172/3975/6436
f 9302/4043/6489 9300/4044/6489 9299/4045/6490 9301/4046/6490
f 9282/3980/6440 9281/3981/6440 9300/4044/6489 9302/4043/6489
f 9304/4047/6491 6217/4048/6491 6213/4049/6492 9303/4050/6492
f 9283/3984/6442 6173/3985/6442 6217/4048/6491 9304/4047/6491
f 6214/4051/1536 9305/4052/1536 9306/4053/1536 6218/4054/1536
f 6218/4054/1536 9306/4053/1536 9285/3989/1536 6174/3988/1536
f 6219/4055/1600 6221/4056/1600 6222/4057/4033 6220/4058/4033
f 6220/4058/4033 6222/4057/4033 6178/3993/2059 6176/3992/2059
f 6215/4041/6487 6211/4059/6493 6212/4060/6494 6216/4042/6488
f 6215/4061/6487 6171/3996/6435 9286/3995/6443
f 6211/4062/6493 6215/4061/6487 9307/4063/6495
f 9286/3995/6443 9307/4063/6495 6215/4061/6487
f 6266/4064/6496 6223/4065/6497 6181/3998/6445 6180/3997/6444
f 6230/4066/6498 9314/4067/6499 9315/4068/6500 6226/4069/6501
f 6195/4003/6450 6183/4005/6452 6226/4069/6501 6240/4070/6502
f 5872/3509/1536 6239/4071/6503 6206/4006/6453
f 6238/4072/6504 6237/4073/6505 9309/4074/6506 9312/4075/6507
f 6206/4006/6453 6238/4072/6504 6253/4076/6508 6207/4012/6459
f 6237/4073/6505 6239/4071/6503 6224/4077/6509 6229/4078/6510
f 9308/4079/6511 9309/4074/6506 6237/4073/6505 6229/4078/6510
f 5872/3509/1536 6224/4077/6509 6239/4071/6503
f 6237/4073/6505 6238/4072/6504 6206/4006/6453 6239/4071/6503
f 6238/4072/6504 9312/4075/6507 9313/4080/6512 6253/4076/6508
f 6225/4081/6513 6241/4082/6514 6240/4070/6502 6226/4069/6501
f 6197/4015/6462 6204/4017/6464 9320/4083/6515
f 6250/4084/6516 6251/4085/6517 9321/4086/6518
f 6204/4017/6464 6250/4084/6516 9320/4083/6515
f 9318/4087/6519 6197/4015/6462 9319/4088/6520
f 6251/4085/6517 9323/4089/6521 9321/4086/6518
f 9322/4090/6522 6197/4015/6462 9320/4083/6515
f 6197/4015/6462 9318/4087/6519 5890/3534/1124
f 9318/4087/6519 9311/4091/6523 5890/3534/1124
f 9311/4091/6523 9310/4092/6524 5890/3534/1124
f 9320/4083/6515 6250/4084/6516 9321/4086/6518
f 9319/4088/6520 6197/4015/6462 9322/4090/6522
f 6231/4093/6525 6233/4094/6526 6246/4095/6527 6244/4096/6528
f 6233/4094/6526 6232/4097/6529 6245/4098/6530 6246/4095/6527
f 6234/4099/6531 6235/4100/6532 6248/4101/6533 6247/4102/6534
f 6235/4100/6532 9316/4103/6535 6243/4104/6536 6248/4101/6533
f 9316/4103/6535 6231/4093/6525 6244/4096/6528 6243/4104/6536
f 9317/4105/6537 6234/4099/6531 6247/4102/6534 6242/4106/6537
f 6232/4097/6529 6236/4107/6538 6249/4108/6538 6245/4098/6530
f 6252/4109/6539 6208/4038/6484 6207/4012/6459 6253/4076/6508
f 6230/4066/6498 6186/4039/6485 6208/4038/6484 6252/4109/6539
f 6252/4109/6539 6228/4110/6540 9314/4067/6499 6230/4066/6498
f 6226/4069/6501 9315/4068/6500 6227/4111/6541 6225/4081/6513
f 6252/4109/6539 6253/4076/6508 9313/4080/6512 6228/4110/6540
f 6183/4005/6452 6186/4039/6485 6230/4066/6498 6226/4069/6501
f 6258/4112/6542 6259/4113/6543 6255/4114/6544 6254/4115/6545
f 9325/4116/6546 9301/4117/6490 9299/4118/6490 9324/4119/6546
f 9328/4120/6547 9325/4116/6546 9324/4119/6546 9327/4121/6547
f 9326/4122/6548 9303/4123/6492 6213/4124/6492 6256/4125/6548
f 9329/4126/6549 9326/4122/6548 6256/4125/6548 6260/4127/6549
f 6214/4128/1536 6257/4129/1536 9330/4130/1536 9305/4131/1536
f 6257/4129/1536 6261/4132/1536 9331/4133/1536 9330/4130/1536
f 6219/4134/1600 6262/4135/3975 6264/4136/3975 6221/4137/1600
f 6262/4135/3975 6263/4138/2048 6265/4139/2048 6264/4136/3975
f 6254/4115/6545 6255/4114/6544 6212/4140/6494 6211/4141/6493
f 6254/4142/6545 9332/4143/6550 6258/4144/6542
f 6211/4145/6493 9307/4146/6495 6254/4142/6545
f 9332/4143/6550 6254/4142/6545 9307/4146/6495
f 6266/4147/6496 6267/4148/6551 6268/4149/6552 6223/4150/6497
f 6272/4151/6553 6269/4152/6554 9338/4153/6555 9337/4154/6556
f 6282/4155/6557 6283/4156/6558 6269/4152/6554 6270/4157/6559
f 5872/3509/1536 6293/4158/6560 6281/4159/6561
f 6280/4160/6562 9335/4161/6563 9333/4162/6564 6279/4163/2393
f 6293/4158/6560 6294/4164/6565 6297/4165/6566 6280/4160/6562
f 6279/4163/2393 6229/4078/6510 6224/4077/6509 6281/4159/6561
f 9308/4079/6511 6229/4078/6510 6279/4163/2393 9333/4162/6564
f 5872/3509/1536 6281/4159/6561 6224/4077/6509
f 6279/4163/2393 6281/4159/6561 6293/4158/6560 6280/4160/6562
f 6280/4160/6562 6297/4165/6566 9336/4166/6567 9335/4161/6563
f 6225/4081/6513 6269/4152/6554 6283/4156/6558 6241/4082/6514
f 6284/4167/6568 9342/4168/6569 6291/4169/6570
f 6292/4170/6571 9343/4171/6572 6251/4085/6517
f 6291/4169/6570 9342/4168/6569 6292/4170/6571
f 9340/4172/6573 9341/4173/6574 6284/4167/6568
f 6251/4085/6517 9343/4171/6572 9323/4089/6521
f 9344/4174/6575 9342/4168/6569 6284/4167/6568
f 6284/4167/6568 5890/3534/1124 9340/4172/6573
f 9340/4172/6573 5890/3534/1124 9334/4175/6576
f 9334/4175/6576 5890/3534/1124 9310/4092/6524
f 9342/4168/6569 9343/4171/6572 6292/4170/6571
f 9341/4173/6574 9344/4174/6575 6284/4167/6568
f 6274/4176/6577 6286/4177/6578 6288/4178/6579 6276/4179/6580
f 6276/4179/6580 6288/4178/6579 6287/4180/6581 6275/4181/6582
f 6277/4182/6583 6289/4183/6584 6290/4184/6585 6278/4185/6586
f 6278/4185/6586 6290/4184/6585 6285/4186/6587 9339/4187/6588
f 9339/4187/6588 6285/4186/6587 6286/4177/6578 6274/4176/6577
f 9317/4105/6537 6242/4106/6537 6289/4183/6584 6277/4182/6583
f 6275/4181/6582 6287/4180/6581 6249/4188/6538 6236/4189/6538
f 6296/4190/6589 6297/4165/6566 6294/4164/6565 6295/4191/6590
f 6272/4151/6553 6296/4190/6589 6295/4191/6590 6273/4192/6591
f 6296/4190/6589 6272/4151/6553 9337/4154/6556 6271/4193/6592
f 6269/4152/6554 6225/4081/6513 6227/4111/6541 9338/4153/6555
f 6296/4190/6589 6271/4193/6592 9336/4166/6567 6297/4165/6566
f 6270/4157/6559 6269/4152/6554 6272/4151/6553 6273/4192/6591
f 6258/4112/6542 6302/4194/6593 6303/4195/6594 6259/4113/6543
f 9348/4196/6595 9346/4197/6595 9345/4198/6596 9347/4199/6596
f 9328/4120/6547 9327/4121/6547 9346/4197/6595 9348/4196/6595
f 9350/4200/6597 6304/4201/6597 6300/4202/6598 9349/4203/6598
f 9329/4126/6549 6260/4127/6549 6304/4201/6597 9350/4200/6597
f 6301/4204/1536 9351/4205/1536 9352/4206/1536 6305/4207/1536
f 6305/4207/1536 9352/4206/1536 9331/4133/1536 6261/4132/1536
f 6306/4208/2049 6308/4209/2049 6309/4210/3924 6307/4211/3924
f 6307/4211/3924 6309/4210/3924 6265/4139/2048 6263/4138/2048
f 6302/4194/6593 6298/4212/6599 6299/4213/6600 6303/4195/6594
f 6302/4214/6593 6258/4144/6542 9332/4143/6550
f 6298/4215/6599 6302/4214/6593 9353/4216/6601
f 9332/4143/6550 9353/4216/6601 6302/4214/6593
f 6310/4217/6602 6311/4218/6603 6268/4149/6552 6267/4148/6551
f 6318/4219/6604 9360/4220/6605 9361/4221/6606 6314/4222/6607
f 6282/4155/6557 6270/4157/6559 6314/4222/6607 6328/4223/6608
f 5872/3509/1536 6327/4224/6609 6293/4158/6560
f 6326/4225/6610 6325/4226/6611 9355/4227/6612 9358/4228/6613
f 6293/4158/6560 6326/4225/6610 6341/4229/6614 6294/4164/6565
f 6325/4226/6611 6327/4224/6609 6312/4230/6615 6317/4231/6616
f 9354/4232/6617 9355/4227/6612 6325/4226/6611 6317/4231/6616
f 5872/3509/1536 6312/4230/6615 6327/4224/6609
f 6325/4226/6611 6326/4225/6610 6293/4158/6560 6327/4224/6609
f 6326/4225/6610 9358/4228/6613 9359/4233/6618 6341/4229/6614
f 6313/4234/6619 6329/4235/6620 6328/4223/6608 6314/4222/6607
f 6284/4167/6568 6291/4169/6570 9366/4236/6621
f 6338/4237/6622 6339/4238/6623 9367/4239/6624
f 6291/4169/6570 6338/4237/6622 9366/4236/6621
f 9364/4240/6625 6284/4167/6568 9365/4241/6626
f 6339/4238/6623 9369/4242/6627 9367/4239/6624
f 9368/4236/6628 6284/4167/6568 9366/4236/6621
f 6284/4167/6568 9364/4240/6625 5890/3534/1124
f 9364/4240/6625 9357/4240/6629 5890/3534/1124
f 9357/4240/6629 9356/4243/6630 5890/3534/1124
f 9366/4236/6621 6338/4237/6622 9367/4239/6624
f 9365/4241/6626 6284/4167/6568 9368/4236/6628
f 6319/4244/6631 6321/4245/6632 6334/4246/6633 6332/4247/6634
f 6321/4245/6632 6320/4248/6635 6333/4249/6636 6334/4246/6633
f 6322/4250/6637 6323/4251/6638 6336/4252/6639 6335/4253/6640
f 6323/4251/6638 9362/4254/6641 6331/4255/6642 6336/4252/6639
f 9362/4254/6641 6319/4244/6631 6332/4247/6634 6331/4255/6642
f 9363/4256/6643 6322/4250/6637 6335/4253/6640 6330/4257/6643
f 6320/4248/6635 6324/4258/6644 6337/4259/6644 6333/4249/6636
f 6340/4260/6645 6295/4191/6590 6294/4164/6565 6341/4229/6614
f 6318/4219/6604 6273/4192/6591 6295/4191/6590 6340/4260/6645
f 6340/4260/6645 6316/4261/6646 9360/4220/6605 6318/4219/6604
f 6314/4222/6607 9361/4221/6606 6315/4262/6647 6313/4234/6619
f 6340/4260/6645 6341/4229/6614 9359/4233/6618 6316/4261/6646
f 6270/4157/6559 6273/4192/6591 6318/4219/6604 6314/4222/6607
f 6346/4263/6648 6347/4264/6649 6343/4265/6650 6342/4266/6651
f 9371/4267/6652 9347/4199/6596 9345/4198/6596 9370/4268/6652
f 9374/4269/6653 9371/4267/6652 9370/4268/6652 9373/4270/6653
f 9372/4271/6654 9349/4203/6598 6300/4202/6598 6344/4272/6654
f 9375/4273/6655 9372/4271/6654 6344/4272/6654 6348/4274/6655
f 6301/4204/1536 6345/4275/1536 9376/4276/1536 9351/4205/1536
f 6345/4275/1536 6349/4277/1536 9377/4278/1536 9376/4276/1536
f 6306/4208/2049 6350/4279/3866 6352/4280/3866 6308/4209/2049
f 6350/4279/3866 6351/4281/2050 6353/4282/2050 6352/4280/3866
f 6342/4266/6651 6343/4265/6650 6299/4213/6600 6298/4212/6599
f 6342/4283/6651 9378/4284/6656 6346/4285/6648
f 6298/4215/6599 9353/4216/6601 6342/4283/6651
f 9378/4284/6656 6342/4283/6651 9353/4216/6601
f 6310/4217/6602 6354/4286/6657 6355/4287/6658 6311/4218/6603
f 6359/4288/6659 6356/4289/6660 9384/4290/6661 9383/4291/6662
f 6369/4292/6663 6370/4293/6664 6356/4289/6660 6357/4294/6665
f 5872/3509/1536 6380/4295/6666 6368/4296/6667
f 6367/4297/6668 9381/4298/6669 9379/4299/6670 6366/4300/6671
f 6380/4295/6666 6381/4301/6672 6384/4302/6673 6367/4297/6668
f 6366/4300/6671 6317/4231/6616 6312/4230/6615 6368/4296/6667
f 9354/4232/6617 6317/4231/6616 6366/4300/6671 9379/4299/6670
f 5872/3509/1536 6368/4296/6667 6312/4230/6615
f 6366/4300/6671 6368/4296/6667 6380/4295/6666 6367/4297/6668
f 6367/4297/6668 6384/4302/6673 9382/4303/6674 9381/4298/6669
f 6313/4234/6619 6356/4289/6660 6370/4293/6664 6329/4235/6620
f 6371/4304/6675 9388/4305/6676 6378/4306/6677
f 6379/4307/6678 9389/4308/6679 6339/4238/6623
f 6378/4306/6677 9388/4305/6676 6379/4307/6678
f 9386/4309/6680 9387/4310/6681 6371/4304/6675
f 6339/4238/6623 9389/4308/6679 9369/4242/6627
f 9390/4305/6682 9388/4305/6676 6371/4304/6675
f 6371/4304/6675 5890/3534/1124 9386/4309/6680
f 9386/4309/6680 5890/3534/1124 9380/4311/6683
f 9380/4311/6683 5890/3534/1124 9356/4243/6630
f 9388/4305/6676 9389/4308/6679 6379/4307/6678
f 9387/4310/6681 9390/4305/6682 6371/4304/6675
f 6361/4312/6684 6373/4313/6685 6375/4314/6686 6363/4315/6687
f 6363/4315/6687 6375/4314/6686 6374/4316/6688 6362/4317/6689
f 6364/4318/6690 6376/4319/6691 6377/4320/6692 6365/4321/6693
f 6365/4321/6693 6377/4320/6692 6372/4322/6694 9385/4323/6695
f 9385/4323/6695 6372/4322/6694 6373/4313/6685 6361/4312/6684
f 9363/4256/6643 6330/4257/6643 6376/4319/6691 6364/4318/6690
f 6362/4317/6689 6374/4316/6688 6337/4324/6644 6324/4325/6644
f 6383/4326/6696 6384/4302/6673 6381/4301/6672 6382/4327/6697
f 6359/4288/6659 6383/4326/6696 6382/4327/6697 6360/4328/6698
f 6383/4326/6696 6359/4288/6659 9383/4291/6662 6358/4329/6699
f 6356/4289/6660 6313/4234/6619 6315/4262/6647 9384/4290/6661
f 6383/4326/6696 6358/4329/6699 9382/4303/6674 6384/4302/6673
f 6357/4294/6665 6356/4289/6660 6359/4288/6659 6360/4328/6698
f 6346/4263/6648 6389/4330/6700 6390/4331/6701 6347/4264/6649
f 9394/4332/6702 9392/4333/6702 9391/4334/6703 9393/4335/6703
f 9374/4269/6653 9373/4270/6653 9392/4333/6702 9394/4332/6702
f 9396/4336/6704 6391/4337/6704 6387/4338/6705 9395/4339/6705
f 9375/4273/6655 6348/4274/6655 6391/4337/6704 9396/4336/6704
f 6388/4340/1536 9397/4341/1536 9398/4342/1536 6392/4343/1536
f 6392/4343/1536 9398/4342/1536 9377/4278/1536 6349/4277/1536
f 6393/4344/1240 6395/4345/1240 6396/4346/3815 6394/4347/3815
f 6394/4347/3815 6396/4346/3815 6353/4282/2050 6351/4281/2050
f 6389/4330/6700 6385/4348/6706 6386/4349/6707 6390/4331/6701
f 6389/4350/6700 6346/4285/6648 9378/4284/6656
f 6385/4351/6706 6389/4350/6700 9399/4352/6708
f 9378/4284/6656 9399/4352/6708 6389/4350/6700
f 6397/4353/6709 6398/4354/6709 6355/4287/6658 6354/4286/6657
f 6405/4355/6710 9406/4356/6711 9407/4357/6712 6401/4358/6713
f 6369/4292/6663 6357/4294/6665 6401/4358/6713 6415/4359/6714
f 5872/3509/1536 6414/4360/6715 6380/4295/6666
f 6413/4361/6716 6412/4362/6717 9401/4363/6718 9404/4364/6719
f 6380/4295/6666 6413/4361/6716 6428/4365/6720 6381/4301/6672
f 6412/4362/6717 6414/4360/6715 6399/4366/6721 6404/4367/6722
f 9400/4368/6723 9401/4363/6718 6412/4362/6717 6404/4367/6722
f 5872/3509/1536 6399/4366/6721 6414/4360/6715
f 6412/4362/6717 6413/4361/6716 6380/4295/6666 6414/4360/6715
f 6413/4361/6716 9404/4364/6719 9405/4369/6724 6428/4365/6720
f 6400/4370/6725 6416/4371/6726 6415/4359/6714 6401/4358/6713
f 6371/4304/6675 6378/4306/6677 9412/4372/6727
f 6425/4373/6728 6426/4374/6729 9413/4375/6730
f 6378/4306/6677 6425/4373/6728 9412/4372/6727
f 9410/4376/6731 6371/4304/6675 9411/4377/6732
f 6426/4374/6729 9415/4378/6733 9413/4375/6730
f 9414/4379/6734 6371/4304/6675 9412/4372/6727
f 6371/4304/6675 9410/4376/6731 5890/3534/1124
f 9410/4376/6731 9403/4380/6735 5890/3534/1124
f 9403/4380/6735 9402/4381/6736 5890/3534/1124
f 9412/4372/6727 6425/4373/6728 9413/4375/6730
f 9411/4377/6732 6371/4304/6675 9414/4379/6734
f 6406/4382/6737 6408/4383/6738 6421/4384/6739 6419/4385/6740
f 6408/4383/6738 6407/4386/6741 6420/4387/6742 6421/4384/6739
f 6409/4388/6743 6410/4389/6744 6423/4390/6745 6422/4391/6746
f 6410/4389/6744 9408/4392/6747 6418/4393/6748 6423/4390/6745
f 9408/4392/6747 6406/4382/6737 6419/4385/6740 6418/4393/6748
f 9409/4394/6749 6409/4388/6743 6422/4391/6746 6417/4395/6749
f 6407/4386/6741 6411/4396/6750 6424/4397/6750 6420/4387/6742
f 6427/4398/6751 6382/4327/6697 6381/4301/6672 6428/4365/6720
f 6405/4355/6710 6360/4328/6698 6382/4327/6697 6427/4398/6751
f 6427/4398/6751 6403/4399/6752 9406/4356/6711 6405/4355/6710
f 6401/4358/6713 9407/4357/6712 6402/4400/6753 6400/4370/6725
f 6427/4398/6751 6428/4365/6720 9405/4369/6724 6403/4399/6752
f 6357/4294/6665 6360/4328/6698 6405/4355/6710 6401/4358/6713
f 6433/4401/6754 6434/4402/6755 6430/4403/6756 6429/4404/6757
f 9417/4405/6758 9393/4335/6703 9391/4334/6703 9416/4406/6758
f 9420/4407/6759 9417/4405/6758 9416/4406/6758 9419/4408/6759
f 9418/4409/6760 9395/4339/6705 6387/4338/6705 6431/4410/6760
f 9421/4411/6761 9418/4409/6760 6431/4410/6760 6435/4412/6761
f 6388/4340/1536 6432/4413/1536 9422/4414/1536 9397/4341/1536
f 6432/4413/1536 6436/4415/1536 9423/4416/1536 9422/4414/1536
f 6393/4344/1240 6437/4417/3758 6439/4418/3758 6395/4345/1240
f 6437/4417/3758 6438/4419/2051 6440/4420/2051 6439/4418/3758
f 6429/4404/6757 6430/4403/6756 6386/4349/6707 6385/4348/6706
f 6429/4421/6757 9424/4422/6762 6433/4423/6754
f 6385/4351/6706 9399/4352/6708 6429/4421/6757
f 9424/4422/6762 6429/4421/6757 9399/4352/6708
f 6397/4353/6709 6441/4424/6763 6442/4425/6764 6398/4354/6709
f 6446/4426/6765 6443/4427/6766 9430/4428/6767 9429/4429/6768
f 6456/4430/6769 6457/4431/6770 6443/4427/6766 6444/4432/6771
f 5872/3509/1536 6467/4433/6772 6455/4434/6773
f 6454/4435/6774 9427/4436/6775 9425/4437/6776 6453/4438/2614
f 6467/4433/6772 6468/4439/6777 6471/4440/6778 6454/4435/6774
f 6453/4438/2614 6404/4367/6722 6399/4366/6721 6455/4434/6773
f 9400/4368/6723 6404/4367/6722 6453/4438/2614 9425/4437/6776
f 5872/3509/1536 6455/4434/6773 6399/4366/6721
f 6453/4438/2614 6455/4434/6773 6467/4433/6772 6454/4435/6774
f 6454/4435/6774 6471/4440/6778 9428/4441/6779 9427/4436/6775
f 6400/4370/6725 6443/4427/6766 6457/4431/6770 6416/4371/6726
f 6458/4442/6780 9434/4443/6781 6465/4444/6782
f 6466/4445/6783 9435/4446/6784 6426/4374/6729
f 6465/4444/6782 9434/4443/6781 6466/4445/6783
f 9432/4447/6785 9433/4448/6786 6458/4442/6780
f 6426/4374/6729 9435/4446/6784 9415/4378/6733
f 9436/4449/6787 9434/4443/6781 6458/4442/6780
f 6458/4442/6780 5890/3534/1124 9432/4447/6785
f 9432/4447/6785 5890/3534/1124 9426/4450/6788
f 9426/4450/6788 5890/3534/1124 9402/4381/6736
f 9434/4443/6781 9435/4446/6784 6466/4445/6783
f 9433/4448/6786 9436/4449/6787 6458/4442/6780
f 6448/4451/6789 6460/4452/6790 6462/4453/6791 6450/4454/6792
f 6450/4454/6792 6462/4453/6791 6461/4455/6793 6449/4456/6794
f 6451/4457/6795 6463/4458/6796 6464/4459/6797 6452/4460/6798
f 6452/4460/6798 6464/4459/6797 6459/4461/6799 9431/4462/6800
f 9431/4462/6800 6459/4461/6799 6460/4452/6790 6448/4451/6789
f 9409/4394/6749 6417/4395/6749 6463/4458/6796 6451/4457/6795
f 6449/4456/6794 6461/4455/6793 6424/4463/6750 6411/4464/6750
f 6470/4465/6801 6471/4440/6778 6468/4439/6777 6469/4466/6802
f 6446/4426/6765 6470/4465/6801 6469/4466/6802 6447/4467/6803
f 6470/4465/6801 6446/4426/6765 9429/4429/6768 6445/4468/6804
f 6443/4427/6766 6400/4370/6725 6402/4400/6753 9430/4428/6767
f 6470/4465/6801 6445/4468/6804 9428/4441/6779 6471/4440/6778
f 6444/4432/6771 6443/4427/6766 6446/4426/6765 6447/4467/6803
f 6433/4401/6754 6476/4469/6805 6477/4470/6806 6434/4402/6755
f 9440/4471/6807 9438/4472/6807 9437/4473/6808 9439/4474/6808
f 9420/4407/6759 9419/4408/6759 9438/4472/6807 9440/4471/6807
f 9442/4475/6809 6478/4476/6809 6474/4477/6810 9441/4478/6810
f 9421/4411/6761 6435/4412/6761 6478/4476/6809 9442/4475/6809
f 6475/4479/1536 9443/4480/1536 9444/4481/1536 6479/4482/1536
f 6479/4482/1536 9444/4481/1536 9423/4416/1536 6436/4415/1536
f 6480/4483/2052 6482/4484/2052 6483/4485/3707 6481/4486/3707
f 6481/4486/3707 6483/4485/3707 6440/4420/2051 6438/4419/2051
f 6476/4469/6805 6472/4487/6811 6473/4488/6812 6477/4470/6806
f 6476/4489/6805 6433/4423/6754 9424/4422/6762
f 6472/4490/6811 6476/4489/6805 9445/4491/6813
f 9424/4422/6762 9445/4491/6813 6476/4489/6805
f 6484/4492/6814 6485/4493/6814 6442/4425/6764 6441/4424/6763
f 6492/4494/6815 9452/4495/6816 9453/4496/6817 6488/4497/6818
f 6456/4430/6769 6444/4432/6771 6488/4497/6818 6502/4498/6819
f 5872/3509/1536 6501/4499/6820 6467/4433/6772
f 6500/4500/6821 6499/4501/6822 9447/4502/6823 9450/4503/6824
f 6467/4433/6772 6500/4500/6821 6515/4504/6825 6468/4439/6777
f 6499/4501/6822 6501/4499/6820 6486/4505/6826 6491/4506/6827
f 9446/4507/6828 9447/4502/6823 6499/4501/6822 6491/4506/6827
f 5872/3509/1536 6486/4505/6826 6501/4499/6820
f 6499/4501/6822 6500/4500/6821 6467/4433/6772 6501/4499/6820
f 6500/4500/6821 9450/4503/6824 9451/4508/6829 6515/4504/6825
f 6487/4509/6830 6503/4510/6831 6502/4498/6819 6488/4497/6818
f 6458/4442/6780 6465/4444/6782 9458/4511/6832
f 6512/4512/6833 6513/4513/6834 9459/4511/6835
f 6465/4444/6782 6512/4512/6833 9458/4511/6832
f 9456/4514/6836 6458/4442/6780 9457/4514/6837
f 6513/4513/6834 9461/4515/6838 9459/4511/6835
f 9460/4516/6839 6458/4442/6780 9458/4511/6832
f 6458/4442/6780 9456/4514/6836 5890/3534/1124
f 9456/4514/6836 9449/4517/6840 5890/3534/1124
f 9449/4517/6840 9448/4518/6841 5890/3534/1124
f 9458/4511/6832 6512/4512/6833 9459/4511/6835
f 9457/4514/6837 6458/4442/6780 9460/4516/6839
f 6493/4519/6842 6495/4520/6843 6508/4521/6844 6506/4522/6845
f 6495/4520/6843 6494/4523/6846 6507/4524/6847 6508/4521/6844
f 6496/4525/6848 6497/4526/6849 6510/4527/6850 6509/4528/6851
f 6497/4526/6849 9454/4529/6852 6505/4530/6853 6510/4527/6850
f 9454/4529/6852 6493/4519/6842 6506/4522/6845 6505/4530/6853
f 9455/4531/6854 6496/4525/6848 6509/4528/6851 6504/4532/6854
f 6494/4523/6846 6498/4533/6855 6511/4534/6855 6507/4524/6847
f 6514/4535/6856 6469/4466/6802 6468/4439/6777 6515/4504/6825
f 6492/4494/6815 6447/4467/6803 6469/4466/6802 6514/4535/6856
f 6514/4535/6856 6490/4536/6857 9452/4495/6816 6492/4494/6815
f 6488/4497/6818 9453/4496/6817 6489/4537/6858 6487/4509/6830
f 6514/4535/6856 6515/4504/6825 9451/4508/6829 6490/4536/6857
f 6444/4432/6771 6447/4467/6803 6492/4494/6815 6488/4497/6818
f 5854/3463/6048 5855/3466/6051 6517/4538/6859 6516/4539/6860
f 9463/4540/6861 9439/4474/6808 9437/4473/6808 9462/4541/6861
f 9117/3471/6054 9463/4540/6861 9462/4541/6861 9116/3472/6054
f 9464/4542/6862 9441/4478/6810 6474/4477/6810 6518/4543/6862
f 9118/3477/6057 9464/4542/6862 6518/4543/6862 5856/3478/6057
f 6475/4479/1536 6519/4544/1536 9465/4545/1536 9443/4480/1536
f 6519/4544/1536 5857/3484/1536 9121/3483/1536 9465/4545/1536
f 6480/4483/2052 6520/4546/3649 6521/4547/3649 6482/4484/2052
f 6520/4546/3649 5860/3490/2053 5863/3489/2053 6521/4547/3649
f 6516/4539/6860 6517/4538/6859 6473/4488/6812 6472/4487/6811
f 6516/4548/6860 9123/3495/6060 5854/3494/6048
f 6472/4490/6811 9445/4491/6813 6516/4548/6860
f 9123/3495/6060 6516/4548/6860 9445/4491/6813
f 6484/4492/6814 5865/3501/6064 5867/3500/6063 6485/4493/6814
f 6524/4549/6863 6522/4550/6864 9471/4551/6865 9470/4552/6866
f 6533/4553/6867 6534/4554/6868 6522/4550/6864 5871/3507/6070
f 5872/3509/1536 5903/3511/6073 6532/4555/6869
f 6531/4556/6870 9468/4557/6871 9466/4558/6872 6530/4559/6873
f 5903/3511/6073 6544/3517/6079 6546/4560/6874 6531/4556/6870
f 6530/4559/6873 6491/4506/6827 6486/4505/6826 6532/4555/6869
f 9446/4507/6828 6491/4506/6827 6530/4559/6873 9466/4558/6872
f 5872/3509/1536 6532/4555/6869 6486/4505/6826
f 6530/4559/6873 6532/4555/6869 5903/3511/6073 6531/4556/6870
f 6531/4556/6870 6546/4560/6874 9469/4561/6875 9468/4557/6871
f 6487/4509/6830 6522/4550/6864 6534/4554/6868 6503/4510/6831
f 6535/4562/6876 9475/4563/6877 6542/3525/6878
f 6543/4564/6879 9476/4565/6880 6513/4513/6834
f 6542/3525/6878 9475/4563/6877 6543/4564/6879
f 9473/4566/6881 9474/4567/6882 6535/4562/6876
f 6513/4513/6834 9476/4565/6880 9461/4515/6838
f 9477/4568/6883 9475/4563/6877 6535/4562/6876
f 6535/4562/6876 5890/3534/1124 9473/4566/6881
f 9473/4566/6881 5890/3534/1124 9467/4569/6884
f 9467/4569/6884 5890/3534/1124 9448/4518/6841
f 9475/4563/6877 9476/4565/6880 6543/4564/6879
f 9474/4567/6882 9477/4568/6883 6535/4562/6876
f 6525/4570/6885 6537/4571/6886 6539/4572/6887 6527/4573/6888
f 6527/4573/6888 6539/4572/6887 6538/4574/6889 6526/4575/6890
f 6528/4576/6891 6540/4577/6892 6541/4578/6893 6529/4579/6894
f 6529/4579/6894 6541/4578/6893 6536/4580/6895 9472/4581/6896
f 9472/4581/6896 6536/4580/6895 6537/4571/6886 6525/4570/6885
f 9455/4531/6854 6504/4532/6854 6540/4577/6892 6528/4576/6891
f 6526/4575/6890 6538/4574/6889 6511/4582/6855 6498/4583/6855
f 6545/4584/6897 6546/4560/6874 6544/3517/6079 5904/3546/6113
f 6524/4549/6863 6545/4584/6897 5904/3546/6113 5877/3547/6114
f 6545/4584/6897 6524/4549/6863 9470/4552/6866 6523/4585/6898
f 6522/4550/6864 6487/4509/6830 6489/4537/6858 9471/4551/6865
f 6545/4584/6897 6523/4585/6898 9469/4561/6875 6546/4560/6874
f 5871/3507/6070 6522/4550/6864 6524/4549/6863 5877/3547/6114
f 6551/4586/6899 6563/4587/6900 6565/4588/4677 6553/4589/4616
f 6563/4587/6900 6575/4590/6901 6577/4591/4675 6565/4588/4677
f 6575/4590/6901 6587/4592/6902 6589/4593/4673 6577/4591/4675
f 6587/4592/6902 6599/4594/6903 6601/4595/4671 6589/4593/4673
f 6599/4594/6903 6611/4596/6904 6613/4597/4669 6601/4595/4671
f 6611/4596/6904 6623/4598/6905 6625/4599/4667 6613/4597/4669
f 6623/4598/6905 6635/4600/6906 6637/4601/4665 6625/4599/4667
f 6635/4600/6906 6647/4602/6907 6649/4603/4663 6637/4601/4665
f 6647/4604/6907 6659/4605/6908 6661/4606/4661 6649/4607/4663
f 6659/4605/6908 6671/4608/6909 6673/4609/4659 6661/4606/4661
f 6671/4608/6909 6683/4610/6910 6685/4611/4657 6673/4609/4659
f 6683/4610/6910 6695/4612/6911 6697/4613/4655 6685/4611/4657
f 6695/4612/6911 6707/4614/6912 6709/4615/4653 6697/4613/4655
f 6707/4614/6912 6719/4616/6913 6721/4617/4651 6709/4615/4653
f 6719/4616/6913 6731/4618/6914 6733/4619/4649 6721/4617/4651
f 6731/4618/6914 6743/4620/6915 6745/4621/4647 6733/4619/4649
f 6743/4620/6915 6755/4622/6916 6757/4623/4645 6745/4621/4647
f 6755/4622/6916 6767/4624/6917 6769/4625/4643 6757/4623/4645
f 6767/4624/6917 6779/4626/6918 6781/4627/4641 6769/4625/4643
f 6779/4626/6918 6791/4628/6919 6793/4629/4639 6781/4627/4641
f 6791/4628/6919 6803/4630/6920 6805/4631/4637 6793/4629/4639
f 6803/4630/6920 6815/4632/6921 6817/4633/4635 6805/4631/4637
f 6815/4632/6921 6827/4634/6922 6829/4635/4633 6817/4633/4635
f 6827/4634/6922 6839/4636/6923 6841/4637/4631 6829/4635/4633
f 6839/4638/6923 6851/4639/6924 6853/4640/4629 6841/4641/4631
f 6851/4639/6924 6863/4642/6925 6865/4643/4627 6853/4640/4629
f 6863/4642/6925 6875/4644/6926 6877/4645/4625 6865/4643/4627
f 6875/4644/6926 6887/4646/6927 6889/4647/4623 6877/4645/4625
f 6887/4646/6927 6899/4648/6928 6901/4649/4621 6889/4647/4623
f 6899/4648/6928 6911/4650/6929 6913/4651/4619 6901/4649/4621
f 6911/4650/6929 6923/4652/6930 6925/4653/4617 6913/4651/4619
f 6923/4652/6930 6551/4586/6899 6553/4589/4616 6925/4653/4617
f 6549/4654/6931 6561/4655/6932 6562/4656/6933 6550/4657/6934
f 6561/4655/6932 6573/4658/6935 6574/4659/6936 6562/4656/6933
f 6573/4658/6935 6585/4660/6937 6586/4661/6938 6574/4659/6936
f 6585/4660/6937 6597/4662/6939 6598/4663/6940 6586/4661/6938
f 6597/4662/6939 6609/4664/6941 6610/4665/6942 6598/4663/6940
f 6609/4664/6941 6621/4666/6943 6622/4667/6944 6610/4665/6942
f 6621/4666/6943 6633/4668/6945 6634/4669/6946 6622/4667/6944
f 6633/4668/6945 6645/4670/6947 6646/4671/6948 6634/4669/6946
f 6645/4672/6947 6657/4673/6949 6658/4674/6950 6646/4675/6948
f 6657/4673/6949 6669/4676/6951 6670/4677/6952 6658/4674/6950
f 6669/4676/6951 6681/4678/6953 6682/4679/6954 6670/4677/6952
f 6681/4678/6953 6693/4680/6955 6694/4681/6956 6682/4679/6954
f 6693/4680/6955 6705/4682/6957 6706/4683/6958 6694/4681/6956
f 6705/4682/6957 6717/4684/6959 6718/4685/6960 6706/4683/6958
f 6717/4684/6959 6729/4686/6961 6730/4687/6962 6718/4685/6960
f 6729/4686/6961 6741/4688/6963 6742/4689/6964 6730/4687/6962
f 6741/4688/6963 6753/4690/6965 6754/4691/6966 6742/4689/6964
f 6753/4690/6965 6765/4692/6967 6766/4693/6968 6754/4691/6966
f 6765/4692/6967 6777/4694/6969 6778/4695/6970 6766/4693/6968
f 6777/4694/6969 6789/4696/6971 6790/4697/6972 6778/4695/6970
f 6789/4696/6971 6801/4698/6973 6802/4699/6974 6790/4697/6972
f 6801/4698/6973 6813/4700/6975 6814/4701/6976 6802/4699/6974
f 6813/4700/6975 6825/4702/6977 6826/4703/6978 6814/4701/6976
f 6825/4702/6977 6837/4704/6979 6838/4705/6980 6826/4703/6978
f 6837/4706/6979 6849/4707/6981 6850/4708/6982 6838/4709/6980
f 6849/4707/6981 6861/4710/6983 6862/4711/6984 6850/4708/6982
f 6861/4710/6983 6873/4712/6985 6874/4713/6986 6862/4711/6984
f 6873/4712/6985 6885/4714/6987 6886/4715/6988 6874/4713/6986
f 6885/4714/6987 6897/4716/6989 6898/4717/6990 6886/4715/6988
f 6897/4716/6989 6909/4718/6991 6910/4719/6992 6898/4717/6990
f 6909/4718/6991 6921/4720/6993 6922/4721/6994 6910/4719/6992
f 6921/4720/6993 6549/4654/6931 6550/4657/6934 6922/4721/6994
f 6556/4722/6995 6558/4723/6996 6570/4724/4582 6568/4725/6997
f 6568/4725/6997 6570/4724/4582 6582/4726/4580 6580/4727/6998
f 6580/4727/6998 6582/4726/4580 6594/4728/4578 6592/4729/6999
f 6592/4729/6999 6594/4728/4578 6606/4730/7000 6604/4731/4575
f 6604/4731/4575 6606/4730/7000 6618/4732/7001 6616/4733/7002
f 6616/4733/7002 6618/4732/7001 6630/4734/7003 6628/4735/7004
f 6628/4735/7004 6630/4734/7003 6642/4736/7005 6640/4737/7006
f 6640/4737/7006 6642/4736/7005 6654/4738/7007 6652/4739/7008
f 6652/4740/7008 6654/4741/7007 6666/4742/7009 6664/4743/7010
f 6664/4743/7010 6666/4742/7009 6678/4744/7011 6676/4745/7012
f 6676/4745/7012 6678/4744/7011 6690/4746/7013 6688/4747/4561
f 6688/4747/4561 6690/4746/7013 6702/4748/7014 6700/4749/4559
f 6700/4749/4559 6702/4748/7014 6714/4750/7015 6712/4751/4557
f 6712/4751/4557 6714/4750/7015 6726/4752/7016 6724/4753/7017
f 6724/4753/7017 6726/4752/7016 6738/4754/7018 6736/4755/7019
f 6736/4755/7019 6738/4754/7018 6750/4756/7020 6748/4757/7021
f 6748/4757/7021 6750/4756/7020 6762/4758/7022 6760/4759/7023
f 6760/4759/7023 6762/4758/7022 6774/4760/4548 6772/4761/7024
f 6772/4761/7024 6774/4760/4548 6786/4762/4546 6784/4763/7025
f 6784/4763/7025 6786/4762/4546 6798/4764/7026 6796/4765/7027
f 6796/4765/7027 6798/4764/7026 6810/4766/7028 6808/4767/7029
f 6808/4767/7029 6810/4766/7028 6822/4768/7030 6820/4769/7031
f 6820/4769/7031 6822/4768/7030 6834/4770/7032 6832/4771/7033
f 6832/4771/7033 6834/4770/7032 6846/4772/7034 6844/4773/7035
f 6844/4774/7035 6846/4775/7034 6858/4776/7036 6856/4777/7037
f 6856/4777/7037 6858/4776/7036 6870/4778/7038 6868/4779/7039
f 6868/4779/7039 6870/4778/7038 6882/4780/7040 6880/4781/7041
f 6880/4781/7041 6882/4780/7040 6894/4782/4528 6892/4783/7042
f 6892/4783/7042 6894/4782/4528 6906/4784/7043 6904/4785/7044
f 6904/4785/7044 6906/4784/7043 6918/4786/7045 6916/4787/7046
f 6916/4787/7046 6918/4786/7045 6930/4788/7047 6928/4789/4521
f 6928/4789/4521 6930/4788/7047 6558/4723/6996 6556/4722/6995
f 6557/4790/7048 6569/4791/7049 6570/4724/4582 6558/4723/6996
f 6569/4791/7049 6581/4792/7050 6582/4726/4580 6570/4724/4582
f 6581/4792/7050 6593/4793/7051 6594/4728/4578 6582/4726/4580
f 6593/4793/7051 6605/4794/7052 6606/4730/7000 6594/4728/4578
f 6605/4794/7052 6617/4795/7053 6618/4732/7001 6606/4730/7000
f 6617/4795/7053 6629/4796/7054 6630/4734/7003 6618/4732/7001
f 6629/4796/7054 6641/4797/7055 6642/4736/7005 6630/4734/7003
f 6641/4797/7055 6653/4798/7056 6654/4738/7007 6642/4736/7005
f 6653/4799/7056 6665/4800/7057 6666/4742/7009 6654/4741/7007
f 6665/4800/7057 6677/4801/7058 6678/4744/7011 6666/4742/7009
f 6677/4801/7058 6689/4802/7059 6690/4746/7013 6678/4744/7011
f 6689/4802/7059 6701/4803/7060 6702/4748/7014 6690/4746/7013
f 6701/4803/7060 6713/4804/7061 6714/4750/7015 6702/4748/7014
f 6713/4804/7061 6725/4805/7062 6726/4752/7016 6714/4750/7015
f 6725/4805/7062 6737/4806/7063 6738/4754/7018 6726/4752/7016
f 6737/4806/7063 6749/4807/7064 6750/4756/7020 6738/4754/7018
f 6749/4807/7064 6761/4808/7065 6762/4758/7022 6750/4756/7020
f 6761/4808/7065 6773/4809/7066 6774/4760/4548 6762/4758/7022
f 6773/4809/7066 6785/4810/7067 6786/4762/4546 6774/4760/4548
f 6785/4810/7067 6797/4811/7068 6798/4764/7026 6786/4762/4546
f 6797/4811/7068 6809/4812/7069 6810/4766/7028 6798/4764/7026
f 6809/4812/7069 6821/4813/7070 6822/4768/7030 6810/4766/7028
f 6821/4813/7070 6833/4814/7071 6834/4770/7032 6822/4768/7030
f 6833/4814/7071 6845/4815/7072 6846/4772/7034 6834/4770/7032
f 6845/4816/7072 6857/4817/7073 6858/4776/7036 6846/4775/7034
f 6857/4817/7073 6869/4818/7074 6870/4778/7038 6858/4776/7036
f 6869/4818/7074 6881/4819/7075 6882/4780/7040 6870/4778/7038
f 6881/4819/7075 6893/4820/7076 6894/4782/4528 6882/4780/7040
f 6893/4820/7076 6905/4821/7077 6906/4784/7043 6894/4782/4528
f 6905/4821/7077 6917/4822/7078 6918/4786/7045 6906/4784/7043
f 6917/4822/7078 6929/4823/7079 6930/4788/7047 6918/4786/7045
f 6929/4823/7079 6557/4790/7048 6558/4723/6996 6930/4788/7047
f 6550/4657/6934 6562/4656/6933 6563/4587/6900 6551/4586/6899
f 6562/4656/6933 6574/4659/6936 6575/4590/6901 6563/4587/6900
f 6574/4659/6936 6586/4661/6938 6587/4592/6902 6575/4590/6901
f 6586/4661/6938 6598/4663/6940 6599/4594/6903 6587/4592/6902
f 6598/4663/6940 6610/4665/6942 6611/4596/6904 6599/4594/6903
f 6610/4665/6942 6622/4667/6944 6623/4598/6905 6611/4596/6904
f 6622/4667/6944 6634/4669/6946 6635/4600/6906 6623/4598/6905
f 6634/4669/6946 6646/4671/6948 6647/4602/6907 6635/4600/6906
f 6646/4675/6948 6658/4674/6950 6659/4605/6908 6647/4604/6907
f 6658/4674/6950 6670/4677/6952 6671/4608/6909 6659/4605/6908
f 6670/4677/6952 6682/4679/6954 6683/4610/6910 6671/4608/6909
f 6682/4679/6954 6694/4681/6956 6695/4612/6911 6683/4610/6910
f 6694/4681/6956 6706/4683/6958 6707/4614/6912 6695/4612/6911
f 6706/4683/6958 6718/4685/6960 6719/4616/6913 6707/4614/6912
f 6718/4685/6960 6730/4687/6962 6731/4618/6914 6719/4616/6913
f 6730/4687/6962 6742/4689/6964 6743/4620/6915 6731/4618/6914
f 6742/4689/6964 6754/4691/6966 6755/4622/6916 6743/4620/6915
f 6754/4691/6966 6766/4693/6968 6767/4624/6917 6755/4622/6916
f 6766/4693/6968 6778/4695/6970 6779/4626/6918 6767/4624/6917
f 6778/4695/6970 6790/4697/6972 6791/4628/6919 6779/4626/6918
f 6790/4697/6972 6802/4699/6974 6803/4630/6920 6791/4628/6919
f 6802/4699/6974 6814/4701/6976 6815/4632/6921 6803/4630/6920
f 6814/4701/6976 6826/4703/6978 6827/4634/6922 6815/4632/6921
f 6826/4703/6978 6838/4705/6980 6839/4636/6923 6827/4634/6922
f 6838/4709/6980 6850/4708/6982 6851/4639/6924 6839/4638/6923
f 6850/4708/6982 6862/4711/6984 6863/4642/6925 6851/4639/6924
f 6862/4711/6984 6874/4713/6986 6875/4644/6926 6863/4642/6925
f 6874/4713/6986 6886/4715/6988 6887/4646/6927 6875/4644/6926
f 6886/4715/6988 6898/4717/6990 6899/4648/6928 6887/4646/6927
f 6898/4717/6990 6910/4719/6992 6911/4650/6929 6899/4648/6928
f 6910/4719/6992 6922/4721/6994 6923/4652/6930 6911/4650/6929
f 6922/4721/6994 6550/4657/6934 6551/4586/6899 6923/4652/6930
f 6557/4790/7048 6553/4824/4616 6565/4825/4677 6569/4791/7049
f 6569/4791/7049 6565/4825/4677 6577/4826/4675 6581/4792/7050
f 6581/4792/7050 6577/4826/4675 6589/4827/4673 6593/4793/7051
f 6593/4793/7051 6589/4827/4673 6601/4828/4671 6605/4794/7052
f 6605/4794/7052 6601/4828/4671 6613/4829/4669 6617/4795/7053
f 6617/4795/7053 6613/4829/4669 6625/4830/4667 6629/4796/7054
f 6629/4796/7054 6625/4830/4667 6637/4831/4665 6641/4797/7055
f 6641/4797/7055 6637/4831/4665 6649/4832/4663 6653/4798/7056
f 6653/4799/7056 6649/4833/4663 6661/4834/4661 6665/4800/7057
f 6665/4800/7057 6661/4834/4661 6673/4835/4659 6677/4801/7058
f 6677/4801/7058 6673/4835/4659 6685/4836/4657 6689/4802/7059
f 6689/4802/7059 6685/4836/4657 6697/4837/4655 6701/4803/7060
f 6701/4803/7060 6697/4837/4655 6709/4838/4653 6713/4804/7061
f 6713/4804/7061 6709/4838/4653 6721/4839/4651 6725/4805/7062
f 6725/4805/7062 6721/4839/4651 6733/4840/4649 6737/4806/7063
f 6737/4806/7063 6733/4840/4649 6745/4841/4647 6749/4807/7064
f 6749/4807/7064 6745/4841/4647 6757/4842/4645 6761/4808/7065
f 6761/4808/7065 6757/4842/4645 6769/4843/4643 6773/4809/7066
f 6773/4809/7066 6769/4843/4643 6781/4844/4641 6785/4810/7067
f 6785/4810/7067 6781/4844/4641 6793/4845/4639 6797/4811/7068
f 6797/4811/7068 6793/4845/4639 6805/4846/4637 6809/4812/7069
f 6809/4812/7069 6805/4846/4637 6817/4847/4635 6821/4813/7070
f 6821/4813/7070 6817/4847/4635 6829/4848/4633 6833/4814/7071
f 6833/4814/7071 6829/4848/4633 6841/4849/4631 6845/4815/7072
f 6845/4816/7072 6841/4850/4631 6853/4851/4629 6857/4817/7073
f 6857/4817/7073 6853/4851/4629 6865/4852/4627 6869/4818/7074
f 6869/4818/7074 6865/4852/4627 6877/4853/4625 6881/4819/7075
f 6881/4819/7075 6877/4853/4625 6889/4854/4623 6893/4820/7076
f 6893/4820/7076 6889/4854/4623 6901/4855/4621 6905/4821/7077
f 6905/4821/7077 6901/4855/4621 6913/4856/4619 6917/4822/7078
f 6917/4822/7078 6913/4856/4619 6925/4857/4617 6929/4823/7079
f 6929/4823/7079 6925/4857/4617 6553/4824/4616 6557/4790/7048
f 6552/4858/7080 6554/4859/4394 6566/4860/4454 6564/4861/7081
f 6564/4861/7081 6566/4860/4454 6578/4862/4452 6576/4863/7082
f 6576/4863/7082 6578/4862/4452 6590/4864/4450 6588/4865/7083
f 6588/4865/7083 6590/4864/4450 6602/4866/4448 6600/4867/7084
f 6600/4867/7084 6602/4866/4448 6614/4868/4446 6612/4869/7085
f 6612/4869/7085 6614/4868/4446 6626/4870/4444 6624/4871/7086
f 6624/4871/7086 6626/4870/4444 6638/4872/4442 6636/4873/7087
f 6636/4873/7087 6638/4872/4442 6650/4874/4440 6648/4875/7088
f 6648/4876/7088 6650/4877/4440 6662/4878/4438 6660/4879/7089
f 6660/4879/7089 6662/4878/4438 6674/4880/4436 6672/4881/7090
f 6672/4881/7090 6674/4880/4436 6686/4882/4434 6684/4883/7091
f 6684/4883/7091 6686/4882/4434 6698/4884/4432 6696/4885/7092
f 6696/4885/7092 6698/4884/4432 6710/4886/4430 6708/4887/7093
f 6708/4887/7093 6710/4886/4430 6722/4888/4428 6720/4889/7094
f 6720/4889/7094 6722/4888/4428 6734/4890/4426 6732/4891/7095
f 6732/4891/7095 6734/4890/4426 6746/4892/4424 6744/4893/7096
f 6744/4893/7096 6746/4892/4424 6758/4894/4422 6756/4895/7097
f 6756/4895/7097 6758/4894/4422 6770/4896/4420 6768/4897/7098
f 6768/4897/7098 6770/4896/4420 6782/4898/4418 6780/4899/7099
f 6780/4899/7099 6782/4898/4418 6794/4900/4416 6792/4901/7100
f 6792/4901/7100 6794/4900/4416 6806/4902/4414 6804/4903/7101
f 6804/4903/7101 6806/4902/4414 6818/4904/4412 6816/4905/7102
f 6816/4905/7102 6818/4904/4412 6830/4906/4410 6828/4907/7103
f 6828/4907/7103 6830/4906/4410 6842/4908/4408 6840/4909/7104
f 6840/4910/7104 6842/4911/4408 6854/4912/4406 6852/4913/7105
f 6852/4913/7105 6854/4912/4406 6866/4914/4404 6864/4915/7106
f 6864/4915/7106 6866/4914/4404 6878/4916/4402 6876/4917/7107
f 6876/4917/7107 6878/4916/4402 6890/4918/4400 6888/4919/7108
f 6888/4919/7108 6890/4918/4400 6902/4920/4398 6900/4921/7109
f 6900/4921/7109 6902/4920/4398 6914/4922/4396 6912/4923/7110
f 6912/4923/7110 6914/4922/4396 6926/4924/4393 6924/4925/7111
f 6924/4925/7111 6926/4924/4393 6554/4859/4394 6552/4858/7080
f 6548/4926/7112 6547/4927/7113 6559/4928/7114 6560/4929/7115
f 6560/4929/7115 6559/4928/7114 6571/4930/7116 6572/4931/7117
f 6572/4931/7117 6571/4930/7116 6583/4932/7118 6584/4933/7119
f 6584/4933/7119 6583/4932/7118 6595/4934/7120 6596/4935/7121
f 6596/4935/7121 6595/4934/7120 6607/4936/7122 6608/4937/7123
f 6608/4937/7123 6607/4936/7122 6619/4938/7124 6620/4939/7125
f 6620/4939/7125 6619/4938/7124 6631/4940/7126 6632/4941/7127
f 6632/4941/7127 6631/4940/7126 6643/4942/7128 6644/4943/7129
f 6644/4944/7129 6643/4945/7128 6655/4946/7130 6656/4947/7131
f 6656/4947/7131 6655/4946/7130 6667/4948/7132 6668/4949/7133
f 6668/4949/7133 6667/4948/7132 6679/4950/7134 6680/4951/7135
f 6680/4951/7135 6679/4950/7134 6691/4952/7136 6692/4953/7137
f 6692/4953/7137 6691/4952/7136 6703/4954/7138 6704/4955/7139
f 6704/4955/7139 6703/4954/7138 6715/4956/7140 6716/4957/7141
f 6716/4957/7141 6715/4956/7140 6727/4958/7142 6728/4959/7143
f 6728/4959/7143 6727/4958/7142 6739/4960/7144 6740/4961/7145
f 6740/4961/7145 6739/4960/7144 6751/4962/7146 6752/4963/7147
f 6752/4963/7147 6751/4962/7146 6763/4964/7148 6764/4965/7149
f 6764/4965/7149 6763/4964/7148 6775/4966/7150 6776/4967/7151
f 6776/4967/7151 6775/4966/7150 6787/4968/7152 6788/4969/7153
f 6788/4969/7153 6787/4968/7152 6799/4970/7154 6800/4971/7155
f 6800/4971/7155 6799/4970/7154 6811/4972/7156 6812/4973/7157
f 6812/4973/7157 6811/4972/7156 6823/4974/7158 6824/4975/7159
f 6824/4975/7159 6823/4974/7158 6835/4976/7160 6836/4977/7161
f 6836/4978/7161 6835/4979/7160 6847/4980/7162 6848/4981/7163
f 6848/4981/7163 6847/4980/7162 6859/4982/7164 6860/4983/7165
f 6860/4983/7165 6859/4982/7164 6871/4984/7166 6872/4985/7167
f 6872/4985/7167 6871/4984/7166 6883/4986/7168 6884/4987/7169
f 6884/4987/7169 6883/4986/7168 6895/4988/7170 6896/4989/7171
f 6896/4989/7171 6895/4988/7170 6907/4990/7172 6908/4991/7173
f 6908/4991/7173 6907/4990/7172 6919/4992/7174 6920/4993/7175
f 6920/4993/7175 6919/4992/7174 6547/4927/7113 6548/4926/7112
f 6547/4927/7113 6552/4858/7080 6564/4861/7081 6559/4928/7114
f 6559/4928/7114 6564/4861/7081 6576/4863/7082 6571/4930/7116
f 6571/4930/7116 6576/4863/7082 6588/4865/7083 6583/4932/7118
f 6583/4932/7118 6588/4865/7083 6600/4867/7084 6595/4934/7120
f 6595/4934/7120 6600/4867/7084 6612/4869/7085 6607/4936/7122
f 6607/4936/7122 6612/4869/7085 6624/4871/7086 6619/4938/7124
f 6619/4938/7124 6624/4871/7086 6636/4873/7087 6631/4940/7126
f 6631/4940/7126 6636/4873/7087 6648/4875/7088 6643/4942/7128
f 6643/4945/7128 6648/4876/7088 6660/4879/7089 6655/4946/7130
f 6655/4946/7130 6660/4879/7089 6672/4881/7090 6667/4948/7132
f 6667/4948/7132 6672/4881/7090 6684/4883/7091 6679/4950/7134
f 6679/4950/7134 6684/4883/7091 6696/4885/7092 6691/4952/7136
f 6691/4952/7136 6696/4885/7092 6708/4887/7093 6703/4954/7138
f 6703/4954/7138 6708/4887/7093 6720/4889/7094 6715/4956/7140
f 6715/4956/7140 6720/4889/7094 6732/4891/7095 6727/4958/7142
f 6727/4958/7142 6732/4891/7095 6744/4893/7096 6739/4960/7144
f 6739/4960/7144 6744/4893/7096 6756/4895/7097 6751/4962/7146
f 6751/4962/7146 6756/4895/7097 6768/4897/7098 6763/4964/7148
f 6763/4964/7148 6768/4897/7098 6780/4899/7099 6775/4966/7150
f 6775/4966/7150 6780/4899/7099 6792/4901/7100 6787/4968/7152
f 6787/4968/7152 6792/4901/7100 6804/4903/7101 6799/4970/7154
f 6799/4970/7154 6804/4903/7101 6816/4905/7102 6811/4972/7156
f 6811/4972/7156 6816/4905/7102 6828/4907/7103 6823/4974/7158
f 6823/4974/7158 6828/4907/7103 6840/4909/7104 6835/4976/7160
f 6835/4979/7160 6840/4910/7104 6852/4913/7105 6847/4980/7162
f 6847/4980/7162 6852/4913/7105 6864/4915/7106 6859/4982/7164
f 6859/4982/7164 6864/4915/7106 6876/4917/7107 6871/4984/7166
f 6871/4984/7166 6876/4917/7107 6888/4919/7108 6883/4986/7168
f 6883/4986/7168 6888/4919/7108 6900/4921/7109 6895/4988/7170
f 6895/4988/7170 6900/4921/7109 6912/4923/7110 6907/4990/7172
f 6907/4990/7172 6912/4923/7110 6924/4925/7111 6919/4992/7174
f 6919/4992/7174 6924/4925/7111 6552/4858/7080 6547/4927/7113
f 6556/4722/6995 6568/4725/6997 6567/4994/7176 6555/4995/7177
f 6568/4725/6997 6580/4727/6998 6579/4996/7178 6567/4994/7176
f 6580/4727/6998 6592/4729/6999 6591/4997/7179 6579/4996/7178
f 6592/4729/6999 6604/4731/4575 6603/4998/7180 6591/4997/7179
f 6604/4731/4575 6616/4733/7002 6615/4999/7181 6603/4998/7180
f 6616/4733/7002 6628/4735/7004 6627/5000/7182 6615/4999/7181
f 6628/4735/7004 6640/4737/7006 6639/5001/7183 6627/5000/7182
f 6640/4737/7006 6652/4739/7008 6651/5002/7184 6639/5001/7183
f 6652/4740/7008 6664/4743/7010 6663/5003/7185 6651/5004/7184
f 6664/4743/7010 6676/4745/7012 6675/5005/7186 6663/5003/7185
f 6676/4745/7012 6688/4747/4561 6687/5006/7187 6675/5005/7186
f 6688/4747/4561 6700/4749/4559 6699/5007/7188 6687/5006/7187
f 6700/4749/4559 6712/4751/4557 6711/5008/7189 6699/5007/7188
f 6712/4751/4557 6724/4753/7017 6723/5009/7190 6711/5008/7189
f 6724/4753/7017 6736/4755/7019 6735/5010/7191 6723/5009/7190
f 6736/4755/7019 6748/4757/7021 6747/5011/7192 6735/5010/7191
f 6748/4757/7021 6760/4759/7023 6759/5012/7193 6747/5011/7192
f 6760/4759/7023 6772/4761/7024 6771/5013/7194 6759/5012/7193
f 6772/4761/7024 6784/4763/7025 6783/5014/7195 6771/5013/7194
f 6784/4763/7025 6796/4765/7027 6795/5015/7196 6783/5014/7195
f 6796/4765/7027 6808/4767/7029 6807/5016/7197 6795/5015/7196
f 6808/4767/7029 6820/4769/7031 6819/5017/7198 6807/5016/7197
f 6820/4769/7031 6832/4771/7033 6831/5018/7199 6819/5017/7198
f 6832/4771/7033 6844/4773/7035 6843/5019/7200 6831/5018/7199
f 6844/4774/7035 6856/4777/7037 6855/5020/7201 6843/5021/7200
f 6856/4777/7037 6868/4779/7039 6867/5022/7202 6855/5020/7201
f 6868/4779/7039 6880/4781/7041 6879/5023/7203 6867/5022/7202
f 6880/4781/7041 6892/4783/7042 6891/5024/7204 6879/5023/7203
f 6892/4783/7042 6904/4785/7044 6903/5025/7205 6891/5024/7204
f 6904/4785/7044 6916/4787/7046 6915/5026/7206 6903/5025/7205
f 6916/4787/7046 6928/4789/4521 6927/5027/7207 6915/5026/7206
f 6928/4789/4521 6556/4722/6995 6555/4995/7177 6927/5027/7207
f 6555/4995/7177 6567/4994/7176 6566/5028/4454 6554/5029/4394
f 6567/4994/7176 6579/4996/7178 6578/5030/4452 6566/5028/4454
f 6579/4996/7178 6591/4997/7179 6590/5031/4450 6578/5030/4452
f 6591/4997/7179 6603/4998/7180 6602/5032/4448 6590/5031/4450
f 6603/4998/7180 6615/4999/7181 6614/5033/4446 6602/5032/4448
f 6615/4999/7181 6627/5000/7182 6626/5034/4444 6614/5033/4446
f 6627/5000/7182 6639/5001/7183 6638/5035/4442 6626/5034/4444
f 6639/5001/7183 6651/5002/7184 6650/5036/4440 6638/5035/4442
f 6651/5004/7184 6663/5003/7185 6662/5037/4438 6650/5038/4440
f 6663/5003/7185 6675/5005/7186 6674/5039/4436 6662/5037/4438
f 6675/5005/7186 6687/5006/7187 6686/5040/4434 6674/5039/4436
f 6687/5006/7187 6699/5007/7188 6698/5041/4432 6686/5040/4434
f 6699/5007/7188 6711/5008/7189 6710/5042/4430 6698/5041/4432
f 6711/5008/7189 6723/5009/7190 6722/5043/4428 6710/5042/4430
f 6723/5009/7190 6735/5010/7191 6734/5044/4426 6722/5043/4428
f 6735/5010/7191 6747/5011/7192 6746/5045/4424 6734/5044/4426
f 6747/5011/7192 6759/5012/7193 6758/5046/4422 6746/5045/4424
f 6759/5012/7193 6771/5013/7194 6770/5047/4420 6758/5046/4422
f 6771/5013/7194 6783/5014/7195 6782/5048/4418 6770/5047/4420
f 6783/5014/7195 6795/5015/7196 6794/5049/4416 6782/5048/4418
f 6795/5015/7196 6807/5016/7197 6806/5050/4414 6794/5049/4416
f 6807/5016/7197 6819/5017/7198 6818/5051/4412 6806/5050/4414
f 6819/5017/7198 6831/5018/7199 6830/5052/4410 6818/5051/4412
f 6831/5018/7199 6843/5019/7200 6842/5053/4408 6830/5052/4410
f 6843/5021/7200 6855/5020/7201 6854/5054/4406 6842/5055/4408
f 6855/5020/7201 6867/5022/7202 6866/5056/4404 6854/5054/4406
f 6867/5022/7202 6879/5023/7203 6878/5057/4402 6866/5056/4404
f 6879/5023/7203 6891/5024/7204 6890/5058/4400 6878/5057/4402
f 6891/5024/7204 6903/5025/7205 6902/5059/4398 6890/5058/4400
f 6903/5025/7205 6915/5026/7206 6914/5060/4396 6902/5059/4398
f 6915/5026/7206 6927/5027/7207 6926/5061/4393 6914/5060/4396
f 6927/5027/7207 6555/4995/7177 6554/5029/4394 6926/5061/4393
l 1350 1351
l 1350 1418
l 1493 1419
