# Blender 4.5.0
# www.blender.org
mtllib toilet.mtl
o toilet
v 7.190084 0.000000 -5.216239
v 7.088484 10.432479 -4.826024
v 8.207723 0.000000 -5.116011
v 8.029995 10.432479 -4.733293
v 9.186253 0.000000 -4.819176
v 8.935324 10.432479 -4.458664
v 10.088071 0.000000 -4.337144
v 9.769679 10.432479 -4.012692
v 10.878523 0.000000 -3.688438
v 10.500998 10.432479 -3.412513
v 11.527229 0.000000 -2.897987
v 11.101176 10.432479 -2.681195
v 12.009261 0.000000 -1.996168
v 11.547149 10.432479 -1.846839
v 12.306095 0.000000 -1.017638
v 11.821777 10.432479 -0.941510
v 12.406323 0.000000 0.000000
v 11.914508 10.432479 0.000000
v 12.306095 0.000000 1.017638
v 11.821777 10.432479 0.941510
v 12.009261 0.000000 1.996168
v 11.547149 10.432479 1.846839
v 11.527229 0.000000 2.897987
v 11.101176 10.432479 2.681195
v 10.878523 0.000000 3.688438
v 10.500998 10.432479 3.412513
v 10.088071 0.000000 4.337144
v 9.769679 10.432479 4.012692
v 9.186253 0.000000 4.819176
v 8.935324 10.432479 4.458664
v 8.207723 0.000000 5.116011
v 8.029995 10.432479 4.733293
v 7.190084 0.000000 5.216239
v 7.088484 10.432479 4.826024
v 7.190084 1.043248 -5.216239
v 8.207723 1.043248 -5.116011
v 9.186253 1.043248 -4.819176
v 10.088071 1.043248 -4.337144
v 10.878523 1.043248 -3.688438
v 11.527229 1.043248 -2.897987
v 12.009261 1.043248 -1.996168
v 12.306095 1.043248 -1.017638
v 12.406323 1.043248 0.000000
v 12.306095 1.043248 1.017638
v 12.009261 1.043248 1.996168
v 11.527229 1.043248 2.897987
v 10.878523 1.043248 3.688438
v 10.088071 1.043248 4.337144
v 9.186253 1.043248 4.819176
v 8.207723 1.043248 5.116011
v 7.190084 1.043248 5.216239
v -0.157888 10.432479 -0.941510
v -12.604718 10.432479 0.886113
v -0.642206 1.043248 -1.017638
v 0.116740 10.432479 -1.846839
v -0.345372 1.043248 -1.996168
v 0.562712 10.432479 -2.681195
v 0.136660 1.043248 -2.897987
v 1.162890 10.432479 -3.412513
v 0.785366 1.043248 -3.688438
v 1.894209 10.432479 -4.012692
v 1.575818 1.043248 -4.337144
v 2.728564 10.432479 -4.458664
v 2.477635 1.043248 -4.819176
v 3.633894 10.432479 -4.733293
v 3.456167 1.043248 -5.116011
v 4.473804 0.000000 -5.216239
v 4.575404 10.432479 -4.826024
v 4.473804 1.043248 -5.216239
v 4.473804 1.043248 5.216239
v 4.473804 0.000000 5.216239
v 3.633894 10.432479 4.733293
v 4.575404 10.432479 4.826024
v 3.456167 1.043248 5.116011
v 2.728564 10.432479 4.458664
v 2.477635 1.043248 4.819176
v 1.894209 10.432479 4.012692
v 1.575818 1.043248 4.337144
v 1.162890 10.432479 3.412513
v 0.785366 1.043248 3.688438
v 0.562712 10.432479 2.681195
v 0.136660 1.043248 2.897987
v 0.116740 10.432479 1.846839
v -0.345372 1.043248 1.996168
v -0.157888 10.432479 0.941510
v -0.642206 1.043248 1.017638
v 7.337790 10.869496 -5.783536
v 8.466102 10.869496 -5.672407
v 9.551053 10.869496 -5.343291
v 10.550951 10.869496 -4.808835
v 11.427368 10.869496 -4.089578
v 12.146625 10.869496 -3.213161
v 12.681081 10.869496 -2.213264
v 13.010198 10.869496 -1.128312
v 13.121326 10.869496 0.000000
v 13.010198 10.869496 1.128312
v 12.681081 10.869496 2.213264
v 12.146625 10.869496 3.213161
v 11.427368 10.869496 4.089578
v 10.550951 10.869496 4.808835
v 9.551053 10.869496 5.343291
v 8.466102 10.869496 5.672407
v 7.337790 10.869496 5.783536
v -1.346309 10.869496 -0.886113
v -1.017192 10.869496 -2.213264
v -0.482736 10.869496 -3.213161
v 0.236520 10.869496 -4.089578
v 1.112939 10.869496 -4.808835
v 2.112834 10.869496 -5.343291
v 3.197787 10.869496 -5.672407
v 4.326098 10.869496 -5.783536
v 3.197787 10.869496 5.672407
v 4.326098 10.869496 5.783536
v 2.112834 10.869496 5.343291
v 1.112939 10.869496 4.808835
v 0.236520 10.869496 4.089578
v -0.482736 10.869496 3.213161
v -1.017192 10.869496 2.213264
v -1.346309 10.869496 0.886113
v 7.486248 11.503613 -6.353722
v 8.725798 11.503613 -6.231637
v 9.917711 11.503613 -5.870073
v 11.016187 11.503613 -5.282927
v 11.979009 11.503613 -4.492760
v 12.769173 11.503613 -3.529938
v 13.356321 11.503613 -2.431464
v 13.717884 11.503613 -1.239550
v 13.839970 11.503613 0.000000
v 13.717884 11.503613 1.239550
v 13.356321 11.503613 2.431464
v 12.769173 11.503613 3.529938
v 11.979009 11.503613 4.492760
v 11.016187 11.503613 5.282927
v 9.917711 11.503613 5.870073
v 8.725798 11.503613 6.231637
v 7.486248 11.503613 6.353722
v -2.053996 11.503613 -0.886113
v -1.692432 11.503613 -2.431464
v -1.105285 11.503613 -3.529938
v -0.315119 11.503613 -4.492760
v 0.647703 11.503613 -5.282927
v 1.746176 11.503613 -5.870073
v 2.938092 11.503613 -6.231637
v 4.177641 11.503613 -6.353722
v 2.938092 11.503613 6.231637
v 4.177641 11.503613 6.353722
v 1.746176 11.503613 5.870073
v 0.647703 11.503613 5.282927
v -0.315119 11.503613 4.492760
v -1.105285 11.503613 3.529938
v -1.692432 11.503613 2.431464
v -2.053996 11.503613 0.886113
v 7.588810 12.040800 -6.747633
v 8.905207 12.040800 -6.617979
v 10.171017 12.040800 -6.234000
v 11.337595 12.040800 -5.610452
v 12.360108 12.040800 -4.771297
v 13.199264 12.040800 -3.748784
v 13.822808 12.040800 -2.582208
v 14.206790 12.040800 -1.316398
v 14.336442 12.040800 0.000000
v 14.206790 12.040800 1.316398
v 13.822808 12.040800 2.582208
v 13.199264 12.040800 3.748784
v 12.360108 12.040800 4.771297
v 11.337595 12.040800 5.610452
v 10.171017 12.040800 6.234000
v 8.905207 12.040800 6.617979
v 7.588810 12.040800 6.747633
v -2.542900 12.040800 -0.886113
v -2.158920 12.040800 -2.582208
v -1.535372 12.040800 -3.748784
v -0.696218 12.040800 -4.771297
v 0.326296 12.040800 -5.610452
v 1.492870 12.040800 -6.234000
v 2.758682 12.040800 -6.617979
v 4.075079 12.040800 -6.747633
v 2.758682 12.040800 6.617979
v 4.075079 12.040800 6.747633
v 1.492870 12.040800 6.234000
v 0.326296 12.040800 5.610452
v -0.696218 12.040800 4.771297
v -1.535372 12.040800 3.748784
v -2.158920 12.040800 2.582208
v -2.542900 12.040800 0.886113
v 7.725980 12.868867 -7.274467
v 9.145158 12.868867 -7.134691
v 10.509798 12.868867 -6.720731
v 11.767458 12.868867 -6.048500
v 12.869806 12.868867 -5.143826
v 13.774479 12.868867 -4.041478
v 14.446711 12.868867 -2.783818
v 14.860671 12.868867 -1.419178
v 15.000448 12.868867 0.000000
v 14.860671 12.868867 1.419178
v 14.446711 12.868867 2.783818
v 13.774479 12.868867 4.041478
v 12.869806 12.868867 5.143826
v 11.767458 12.868867 6.048500
v 10.509798 12.868867 6.720731
v 9.145158 12.868867 7.134691
v 7.725980 12.868867 7.274467
v -3.196782 12.868867 -0.886113
v -2.782823 12.868867 -2.783818
v -2.110589 12.868867 -4.041478
v -1.205917 12.868867 -5.143826
v -0.103567 12.868867 -6.048500
v 1.154088 12.868867 -6.720731
v 2.518731 12.868867 -7.134691
v 3.937908 12.868867 -7.274467
v 2.518731 12.868867 7.134691
v 3.937908 12.868867 7.274467
v 1.154088 12.868867 6.720731
v -0.103567 12.868867 6.048500
v -1.205917 12.868867 5.143826
v -2.110589 12.868867 4.041478
v -2.782823 12.868867 2.783818
v -3.196782 12.868867 0.886113
v 7.890316 14.446655 -7.905634
v 9.432629 14.446655 -7.753729
v 10.915671 14.446655 -7.303854
v 12.282450 14.446655 -6.573295
v 13.480445 14.446655 -5.590127
v 14.463611 14.446655 -4.392135
v 15.194169 14.446655 -3.025356
v 15.644046 14.446655 -1.542313
v 15.795950 14.446655 0.000000
v 15.644046 14.446655 1.542313
v 15.194169 14.446655 3.025356
v 14.463611 14.446655 4.392135
v 13.480445 14.446655 5.590127
v 12.282450 14.446655 6.573295
v 10.915671 14.446655 7.303854
v 9.432629 14.446655 7.753729
v 7.890316 14.446655 7.905634
v -3.980156 14.446655 -0.886113
v -3.530280 14.446655 -3.025356
v -2.799720 14.446655 -4.392135
v -1.816554 14.446655 -5.590127
v -0.618560 14.446655 -6.573295
v 0.748216 14.446655 -7.303854
v 2.231261 14.446655 -7.753729
v 3.773573 14.446655 -7.905634
v 2.231261 14.446655 7.753729
v 3.773573 14.446655 7.905634
v 0.748216 14.446655 7.303854
v -0.618560 14.446655 6.573295
v -1.816554 14.446655 5.590127
v -2.799720 14.446655 4.392135
v -3.530280 14.446655 3.025356
v -3.980156 14.446655 0.886113
v 7.974029 15.913991 -8.227154
v 9.579066 15.913991 -8.069071
v 11.122423 15.913991 -7.600899
v 12.544790 15.913991 -6.840629
v 13.791506 15.913991 -5.817476
v 14.814657 15.913991 -4.570761
v 15.574926 15.913991 -3.148396
v 16.043102 15.913991 -1.605038
v 16.201183 15.913991 0.000000
v 16.043102 15.913991 1.605038
v 15.574926 15.913991 3.148396
v 14.814657 15.913991 4.570761
v 13.791506 15.913991 5.817476
v 12.544790 15.913991 6.840629
v 11.122423 15.913991 7.600899
v 9.579066 15.913991 8.069071
v 7.974029 15.913991 8.227154
v -4.379211 15.913991 -0.886113
v -12.604718 10.869496 -0.886113
v -3.911039 15.913991 -3.148396
v -3.150767 15.913991 -4.570761
v -2.127616 15.913991 -5.817476
v -0.880900 15.913991 -6.840629
v 0.541463 15.913991 -7.600899
v 2.084822 15.913991 -8.069071
v 3.689859 15.913991 -8.227154
v 2.084822 15.913991 8.069071
v 3.689859 15.913991 8.227154
v 0.541463 15.913991 7.600899
v -0.880900 15.913991 6.840629
v -2.127616 15.913991 5.817476
v -3.150767 15.913991 4.570761
v -3.911039 15.913991 3.148396
v -4.379211 15.913991 0.886113
v 7.911451 17.556181 -7.986811
v 9.469601 17.556181 -7.833346
v 10.967872 17.556181 -7.378851
v 12.348684 17.556181 -6.640791
v 13.558980 17.556181 -5.647528
v 14.552242 17.556181 -4.437234
v 15.290300 17.556181 -3.056421
v 15.744800 17.556181 -1.558149
v 15.898262 17.556181 0.000000
v 15.744800 17.556181 1.558149
v 15.290300 17.556181 3.056421
v 14.552242 17.556181 4.437234
v 13.558980 17.556181 5.647528
v 12.348684 17.556181 6.640791
v 10.967872 17.556181 7.378851
v 9.469601 17.556181 7.833346
v 7.911451 17.556181 7.986811
v -4.080909 17.556181 -1.558149
v -4.234373 17.556181 0.000000
v -3.626414 17.556181 -3.056421
v -2.888352 17.556181 -4.437234
v -1.895090 17.556181 -5.647528
v -0.684795 17.556181 -6.640791
v 0.696015 17.556181 -7.378851
v 2.194288 17.556181 -7.833346
v 3.752437 17.556181 -7.986811
v 2.194288 17.556181 7.833346
v 3.752437 17.556181 7.986811
v 0.696015 17.556181 7.378851
v -0.684795 17.556181 6.640791
v -1.895090 17.556181 5.647528
v -2.888352 17.556181 4.437234
v -3.626414 17.556181 3.056421
v -4.080909 17.556181 1.558149
v 7.680540 17.556181 -7.099944
v 9.065670 17.556181 -6.963520
v 10.397571 17.556181 -6.559493
v 11.625056 17.556181 -5.903389
v 12.700958 17.556181 -5.020418
v 13.583928 17.556181 -3.944517
v 14.240033 17.556181 -2.717031
v 14.644062 17.556181 -1.385130
v 14.780485 17.556181 0.000000
v 14.644062 17.556181 1.385130
v 14.240033 17.556181 2.717031
v 13.583928 17.556181 3.944517
v 12.700958 17.556181 5.020418
v 11.625056 17.556181 5.903389
v 10.397571 17.556181 6.559493
v 9.065670 17.556181 6.963520
v 7.680540 17.556181 7.099944
v -2.980171 17.556181 -1.385130
v -3.116595 17.556181 0.000000
v -2.576144 17.556181 -2.717031
v -1.920038 17.556181 -3.944517
v -1.037069 17.556181 -5.020418
v 0.038832 17.556181 -5.903389
v 1.266316 17.556181 -6.559493
v 2.598219 17.556181 -6.963520
v 3.983349 17.556181 -7.099944
v 2.598219 17.556181 6.963520
v 3.983349 17.556181 7.099944
v 1.266316 17.556181 6.559493
v 0.038832 17.556181 5.903389
v -1.037069 17.556181 5.020418
v -1.920038 17.556181 3.944517
v -2.576144 17.556181 2.717031
v -2.980171 17.556181 1.385130
v -12.604718 0.000000 0.000000
v -12.504489 0.000000 -0.830716
v -12.504489 1.043248 -0.830716
v -12.207655 0.000000 -1.629508
v -12.207655 1.043248 -1.629508
v -11.725624 0.000000 -2.365680
v -11.725624 1.043248 -2.365680
v -11.076918 0.000000 -3.010938
v -11.076918 1.043248 -3.010938
v -10.286467 0.000000 -3.540489
v -10.286467 1.043248 -3.540489
v -9.384648 0.000000 -3.933981
v -9.384648 1.043248 -3.933981
v -8.406116 0.000000 -4.176292
v -8.406116 1.043248 -4.176292
v 3.456167 0.000000 5.116011
v -8.406116 0.000000 4.176292
v -8.406116 1.043248 4.176292
v -9.384648 0.000000 3.933981
v -9.384648 1.043248 3.933981
v -10.286467 0.000000 3.540489
v -10.286467 1.043248 3.540489
v -11.076918 0.000000 3.010938
v -11.076918 1.043248 3.010938
v -11.725624 0.000000 2.365680
v -11.725624 1.043248 2.365680
v -12.207655 0.000000 1.629508
v -12.207655 1.043248 1.629508
v -12.504489 0.000000 0.830716
v -12.504489 1.043248 0.830716
v -12.604718 1.043248 0.000000
v -13.180963 15.913991 -1.079635
v -13.287297 15.913991 0.000000
v -12.866045 15.913991 -2.117781
v -12.354645 15.913991 -3.074541
v -11.666417 15.913991 -3.913148
v -10.827807 15.913991 -4.601376
v -9.871051 15.913991 -5.112774
v -10.827807 15.913991 4.601376
v -9.871051 15.913991 5.112774
v -11.666417 15.913991 3.913148
v -12.354645 15.913991 3.074541
v -12.866045 15.913991 2.117781
v -13.180963 15.913991 1.079635
v -12.980307 17.556181 -1.048095
v -13.083536 17.556181 0.000000
v -12.674588 17.556181 -2.055913
v -12.178129 17.556181 -2.984723
v -11.510010 17.556181 -3.798832
v -10.695898 17.556181 -4.466954
v -9.767092 17.556181 -4.963413
v -10.695898 17.556181 4.466954
v -9.767092 17.556181 4.963413
v -11.510010 17.556181 3.798832
v -12.178129 17.556181 2.984723
v -12.674588 17.556181 2.055913
v -12.980307 17.556181 1.048095
v 3.456167 0.000000 -5.116011
v -2.141901 15.913991 6.726391
v -4.736662 15.913991 6.130688
v -7.267922 15.913991 5.734806
v -5.830249 17.556181 -2.704770
v -6.368262 17.556181 0.000000
v -6.232455 17.556181 -1.378879
v -5.830249 17.556181 2.704770
v -6.232455 17.556181 1.378879
v -5.177104 17.556181 -3.926716
v -3.227074 17.556181 5.876747
v -5.725729 17.556181 5.356289
v -7.151316 17.556181 5.567273
v -4.612007 17.556181 5.951589
v -2.005130 17.556181 6.529890
v -2.141901 15.913991 -6.726391
v -4.736662 15.913991 -6.130688
v -7.267922 15.913991 -5.734806
v -7.151316 17.556181 -5.567273
v -4.612007 17.556181 -5.951589
v -2.005130 17.556181 -6.529890
v -4.298120 17.556181 -4.997762
v -6.701923 17.556181 -4.555150
v -4.298120 17.556181 4.997762
v -6.701923 17.556181 4.555150
v -3.227074 17.556181 -5.876747
v -5.725729 17.556181 -5.356289
v -5.177104 17.556181 3.926716
v -15.436026 17.556181 0.000000
v -16.077177 31.205635 0.000000
v -15.342209 17.556181 -2.101519
v -15.974013 31.205635 -2.364066
v -15.117289 17.556181 -4.034454
v -15.718337 31.205635 -4.542073
v -14.372005 17.556181 -5.907388
v -14.879281 31.205635 -6.650661
v -13.115284 17.556181 -7.353397
v -13.464437 31.205635 -8.278609
v -11.711505 17.556181 -8.155471
v -11.885794 31.205635 -9.184482
v -10.340274 17.556181 -8.367283
v -10.340274 31.205635 -9.428251
v -8.969041 17.556181 -8.155471
v -8.794754 31.205635 -9.184482
v -7.565264 17.556181 -7.353397
v -7.216111 31.205635 -8.278609
v -6.308543 17.556181 -5.907388
v -5.801267 31.205635 -6.650661
v -5.563258 17.556181 -4.034454
v -4.962209 31.205635 -4.542073
v -5.338336 17.556181 -2.101519
v -4.706533 31.205635 -2.364066
v -5.244523 17.556181 0.000000
v -4.603371 31.205635 0.000000
v -5.338336 17.556181 2.101519
v -4.706533 31.205635 2.364066
v -5.563258 17.556181 4.034454
v -4.962209 31.205635 4.542073
v -6.308543 17.556181 5.907388
v -5.801267 31.205635 6.650661
v -7.565264 17.556181 7.353397
v -7.216111 31.205635 8.278609
v -8.969041 17.556181 8.155471
v -8.794754 31.205635 9.184482
v -10.340274 17.556181 8.367283
v -10.340274 31.205635 9.428251
v -11.711505 17.556181 8.155471
v -11.885794 31.205635 9.184482
v -13.115284 17.556181 7.353397
v -13.464437 31.205635 8.278609
v -14.372005 17.556181 5.907388
v -14.879281 31.205635 6.650661
v -15.117289 17.556181 4.034454
v -15.718337 31.205635 4.542073
v -15.342209 17.556181 2.101519
v -15.974013 31.205635 2.364066
v -16.702129 31.205635 0.000000
v -16.587729 31.205635 -2.621596
v -16.304197 31.205635 -5.036866
v -15.373740 31.205635 -7.375153
v -13.804769 31.205635 -9.180442
v -12.054154 31.205635 -10.184996
v -10.340274 31.205635 -10.455320
v -8.626392 31.205635 -10.184996
v -6.875780 31.205635 -9.180442
v -5.306809 31.205635 -7.375153
v -4.376348 31.205635 -5.036866
v -4.092819 31.205635 -2.621596
v -3.978419 31.205635 0.000000
v -4.092819 31.205635 2.621596
v -4.376348 31.205635 5.036866
v -5.306809 31.205635 7.375153
v -6.875780 31.205635 9.180442
v -8.626392 31.205635 10.184996
v -10.340274 31.205635 10.455320
v -12.054154 31.205635 10.184996
v -13.804769 31.205635 9.180442
v -15.373740 31.205635 7.375153
v -16.304197 31.205635 5.036866
v -16.587729 31.205635 2.621596
v -16.605476 32.486137 0.000000
v -16.492811 32.486137 -2.581767
v -16.213589 32.486137 -4.960342
v -15.297269 32.486137 -7.263104
v -13.752132 32.486137 -9.040965
v -12.028116 32.486137 -10.030258
v -10.340274 32.486137 -10.296474
v -8.652431 32.486137 -10.030258
v -6.928415 32.486137 -9.040965
v -5.383281 32.486137 -7.263104
v -4.466956 32.486137 -4.960342
v -4.187736 32.486137 -2.581767
v -4.075073 32.486137 0.000000
v -4.187736 32.486137 2.581767
v -4.466956 32.486137 4.960342
v -5.383281 32.486137 7.263104
v -6.928415 32.486137 9.040965
v -8.652431 32.486137 10.030258
v -10.340274 32.486137 10.296474
v -12.028116 32.486137 10.030258
v -13.752132 32.486137 9.040965
v -15.297269 32.486137 7.263104
v -16.213589 32.486137 4.960342
v -16.492811 32.486137 2.581767
v -12.604718 10.432479 -0.886113
v -12.604718 10.869496 0.886113
v -12.604718 11.503613 -0.886113
v -12.604718 12.040800 -0.886113
v -12.604718 12.868867 -0.886113
v -12.604718 14.446655 -0.886113
v -12.604718 15.913991 -0.886113
v -12.604718 11.503613 0.886113
v -12.604718 12.040800 0.886113
v -12.604718 12.868867 0.886113
v -12.604718 14.446655 0.886113
v -12.604718 15.913991 0.886113
v -3.015553 17.556181 -5.409844
v -3.015553 18.150272 -5.409844
v -1.297017 17.556181 -6.401984
v -1.297017 18.150272 -6.401984
v 0.922129 17.556181 -7.232973
v 0.922129 18.150272 -7.232973
v 3.392533 17.556181 -7.814938
v 3.392533 18.150272 -7.814938
v 5.784917 17.556181 -8.008919
v 5.784917 18.150272 -8.008919
v 7.809245 17.556181 -7.855029
v 7.809245 18.150272 -7.855029
v 9.671864 17.556181 -7.399275
v 9.671864 18.150272 -7.399275
v 11.388461 17.556181 -6.659172
v 11.388461 18.150272 -6.659172
v 12.893071 17.556181 -5.663160
v 12.893071 18.150272 -5.663160
v 14.127873 17.556181 -4.449517
v 14.127873 18.150272 -4.449517
v 15.045416 17.556181 -3.064881
v 15.045416 18.150272 -3.064881
v 15.610434 17.556181 -1.562463
v 15.610434 18.150272 -1.562463
v 15.801216 17.556181 0.000000
v 15.801216 18.150272 0.000000
v 15.610434 17.556181 1.562463
v 15.610434 18.150272 1.562463
v 15.045416 17.556181 3.064881
v 15.045416 18.150272 3.064881
v 14.127873 17.556181 4.449517
v 14.127873 18.150272 4.449517
v 12.893071 17.556181 5.663160
v 12.893071 18.150272 5.663160
v 11.388461 17.556181 6.659172
v 11.388461 18.150272 6.659172
v 9.671864 17.556181 7.399275
v 9.671864 18.150272 7.399275
v 7.809245 17.556181 7.855029
v 7.809245 18.150272 7.855029
v 5.784917 17.556181 8.008919
v 5.784917 18.150272 8.008919
v 3.392533 17.556181 7.814938
v 3.392533 18.150272 7.814938
v 0.922129 17.556181 7.232973
v 0.922129 18.150272 7.232973
v -1.297017 17.556181 6.401984
v -1.297017 18.150272 6.401984
v -3.015553 17.556181 5.409844
v -3.015553 18.150272 5.409844
v -3.456892 18.150272 -5.626223
v -3.354046 19.934584 -6.658045
v -3.221240 22.238665 -7.522271
v -3.073397 24.803619 -8.127513
v -2.930223 27.287569 -8.329251
v -2.809077 29.389378 -8.169208
v -2.697607 31.323288 -7.695225
v -2.594876 33.105583 -6.925519
v -2.504832 34.667782 -5.889670
v -2.430935 35.949844 -4.627484
v -2.376023 36.902504 -3.187467
v -2.342209 37.489143 -1.624956
v -2.330792 37.687229 0.000000
v -2.342209 37.489143 1.624956
v -2.376023 36.902504 3.187467
v -2.430935 35.949844 4.627484
v -2.504832 34.667782 5.889670
v -2.594876 33.105583 6.925519
v -2.697607 31.323288 7.695225
v -2.809077 29.389378 8.169208
v -2.930223 27.287569 8.329251
v -3.073397 24.803619 8.127513
v -3.221240 22.238665 7.522271
v -3.354046 19.934584 6.658045
v -3.456892 18.150272 5.626223
v -4.145982 18.189991 -5.626223
v -4.043135 19.974302 -6.658045
v -3.910329 22.278383 -7.522271
v -3.762486 24.843340 -8.127513
v -3.619313 27.327288 -8.329251
v -3.498166 29.429096 -8.169208
v -3.386696 31.363005 -7.695225
v -3.283966 33.145302 -6.925519
v -3.193922 34.707500 -5.889670
v -3.120024 35.989563 -4.627484
v -3.065114 36.942223 -3.187467
v -3.031299 37.528866 -1.624956
v -3.019882 37.726952 0.000000
v -3.031299 37.528866 1.624956
v -3.065114 36.942223 3.187467
v -3.120024 35.989563 4.627484
v -3.193922 34.707500 5.889670
v -3.283966 33.145302 6.925519
v -3.386696 31.363005 7.695225
v -3.498166 29.429096 8.169208
v -3.619313 27.327288 8.329251
v -3.762486 24.843340 8.127513
v -3.910329 22.278383 7.522271
v -4.043135 19.974302 6.658045
v -4.145982 18.189991 5.626223
v -4.558496 19.365437 -5.062522
v -4.465955 20.970974 -5.990964
v -4.346454 23.044209 -6.768602
v -4.213424 25.352177 -7.313204
v -4.084596 27.587255 -7.494730
v -3.975586 29.478477 -7.350720
v -3.875286 31.218624 -6.924228
v -3.782848 32.822353 -6.231639
v -3.701825 34.228031 -5.299574
v -3.635331 35.381641 -4.163849
v -3.585922 36.238853 -2.868109
v -3.555497 36.766716 -1.462150
v -3.545223 36.944958 0.000000
v -3.555497 36.766716 1.462150
v -3.585922 36.238853 2.868109
v -3.635331 35.381641 4.163849
v -3.701825 34.228031 5.299574
v -3.782848 32.822353 6.231639
v -3.875286 31.218624 6.924228
v -3.975586 29.478477 7.350720
v -4.084596 27.587255 7.494730
v -4.213424 25.352177 7.313204
v -4.346454 23.044209 6.768602
v -4.465955 20.970974 5.990964
v -4.558496 19.365437 5.062522
v -5.703341 0.928265 2.777099
v -5.533027 2.031470 2.777099
v -5.651546 0.928265 2.516711
v -5.494197 2.031470 2.581887
v -5.504049 0.928265 2.295964
v -5.383619 2.031470 2.416394
v -5.283302 0.928265 2.148466
v -5.218126 2.031470 2.305815
v -5.022914 0.928265 2.096672
v -5.022914 2.031470 2.266985
v -4.762526 0.928265 2.148466
v -4.827702 2.031470 2.305815
v -4.541779 0.928265 2.295964
v -4.662209 2.031470 2.416394
v -4.394280 0.928265 2.516711
v -4.551630 2.031470 2.581887
v -4.342486 0.928265 2.777099
v -4.512800 2.031470 2.777099
v -4.394280 0.928265 3.037488
v -4.551630 2.031470 2.972311
v -4.541779 0.928265 3.258234
v -4.662209 2.031470 3.137804
v -4.762526 0.928265 3.405732
v -4.827702 2.031470 3.248383
v -5.022914 0.928265 3.457527
v -5.022914 2.031470 3.287213
v -5.283302 0.928265 3.405732
v -5.218126 2.031470 3.248383
v -5.504049 0.928265 3.258234
v -5.383619 2.031470 3.137804
v -5.651546 0.928265 3.037488
v -5.494197 2.031470 2.972311
v -5.703341 0.928265 -2.777099
v -5.533027 2.031470 -2.777099
v -5.651546 0.928265 -3.037488
v -5.494197 2.031470 -2.972311
v -5.504049 0.928265 -3.258234
v -5.383619 2.031470 -3.137804
v -5.283302 0.928265 -3.405732
v -5.218126 2.031470 -3.248383
v -5.022914 0.928265 -3.457527
v -5.022914 2.031470 -3.287213
v -4.762526 0.928265 -3.405732
v -4.827702 2.031470 -3.248383
v -4.541779 0.928265 -3.258234
v -4.662209 2.031470 -3.137804
v -4.394280 0.928265 -3.037488
v -4.551630 2.031470 -2.972311
v -4.342486 0.928265 -2.777099
v -4.512800 2.031470 -2.777099
v -4.394280 0.928265 -2.516711
v -4.551630 2.031470 -2.581887
v -4.541779 0.928265 -2.295964
v -4.662209 2.031470 -2.416394
v -4.762526 0.928265 -2.148466
v -4.827702 2.031470 -2.305815
v -5.022914 0.928265 -2.096672
v -5.022914 2.031470 -2.266985
v -5.283302 0.928265 -2.148466
v -5.218126 2.031470 -2.305815
v -5.504049 0.928265 -2.295964
v -5.383619 2.031470 -2.416394
v -5.651546 0.928265 -2.516711
v -5.494197 2.031470 -2.581887
v -5.533027 2.031470 2.777099
v -5.494197 2.031470 2.581887
v -5.383619 2.031470 2.416394
v -5.218126 2.031470 2.305815
v -5.022914 2.031470 2.266985
v -4.827702 2.031470 2.305815
v -4.662209 2.031470 2.416394
v -4.551630 2.031470 2.581887
v -4.512800 2.031470 2.777099
v -4.551630 2.031470 2.972311
v -4.662209 2.031470 3.137804
v -4.827702 2.031470 3.248383
v -5.022914 2.031470 3.287213
v -5.218126 2.031470 3.248383
v -5.383619 2.031470 3.137804
v -5.494197 2.031470 2.972311
v -5.533027 2.031470 -2.777099
v -5.494197 2.031470 -2.972311
v -5.383619 2.031470 -3.137804
v -5.218126 2.031470 -3.248383
v -5.022914 2.031470 -3.287213
v -4.827702 2.031470 -3.248383
v -4.662209 2.031470 -3.137804
v -4.551630 2.031470 -2.972311
v -4.512800 2.031470 -2.777099
v -4.551630 2.031470 -2.581887
v -4.662209 2.031470 -2.416394
v -4.827702 2.031470 -2.305815
v -5.022914 2.031470 -2.266985
v -5.218126 2.031470 -2.305815
v -5.383619 2.031470 -2.416394
v -5.494197 2.031470 -2.581887
v -5.492863 2.091218 2.777099
v -5.457090 2.091218 2.597257
v -5.355218 2.091218 2.444794
v -5.202755 2.091218 2.342922
v -5.022914 2.091218 2.307149
v -4.843072 2.091218 2.342922
v -4.690609 2.091218 2.444794
v -4.588737 2.091218 2.597257
v -4.552964 2.091218 2.777099
v -4.588737 2.091218 2.956941
v -4.690609 2.091218 3.109404
v -4.843072 2.091218 3.211276
v -5.022914 2.091218 3.247049
v -5.202755 2.091218 3.211276
v -5.355218 2.091218 3.109404
v -5.457090 2.091218 2.956941
v -5.492863 2.091218 -2.777099
v -5.457090 2.091218 -2.956941
v -5.355218 2.091218 -3.109404
v -5.202755 2.091218 -3.211276
v -5.022914 2.091218 -3.247049
v -4.843072 2.091218 -3.211276
v -4.690609 2.091218 -3.109404
v -4.588737 2.091218 -2.956941
v -4.552964 2.091218 -2.777099
v -4.588737 2.091218 -2.597257
v -4.690609 2.091218 -2.444794
v -4.843072 2.091218 -2.342922
v -5.022914 2.091218 -2.307149
v -5.202755 2.091218 -2.342922
v -5.355218 2.091218 -2.444794
v -5.457090 2.091218 -2.597257
v -1.303967 0.687311 1.696215
v -0.592677 0.776872 0.849546
v -0.592677 0.776872 -0.849546
v -1.303967 0.687311 -1.696215
v -2.275606 0.564969 -1.958620
v -3.247244 0.442627 -1.696213
v -3.247244 0.442627 1.696213
v -2.275606 0.564969 1.958620
v -1.425782 1.314029 1.696215
v -0.733808 1.501451 0.849546
v -0.733808 1.501451 -0.849546
v -1.425782 1.314029 -1.696215
v -2.371035 1.058007 -1.958620
v -3.316286 0.801985 -1.696213
v -4.008258 0.614564 -0.979308
v -4.008258 0.614564 0.979308
v -3.316286 0.801985 1.696213
v -2.371035 1.058007 1.958620
v -1.624908 1.879672 1.696215
v -0.969295 2.169714 0.849546
v -0.969295 2.169714 -0.849546
v -1.624908 1.879672 -1.696215
v -2.520492 1.483466 -1.958619
v -3.416075 1.087261 -1.696213
v -4.071687 0.797219 -0.979308
v -4.071687 0.797219 0.979308
v -3.416075 1.087261 1.696213
v -2.520492 1.483466 1.958619
v -1.894890 2.379185 1.696215
v -1.293697 2.769725 0.849546
v -1.293697 2.769725 -0.849546
v -1.894890 2.379185 -1.696215
v -2.716134 1.845699 -1.958619
v -3.537377 1.312213 -1.696213
v -4.138568 0.921674 -0.979308
v -4.138568 0.921674 0.979308
v -3.537377 1.312213 1.696213
v -2.716134 1.845699 1.958619
v -2.224560 2.806799 1.696215
v -1.693418 3.288299 0.849546
v -1.693418 3.288299 -0.849546
v -2.224560 2.806799 -1.696215
v -2.950112 2.149058 -1.958620
v -3.675664 1.491318 -1.696213
v -4.206805 1.009819 -0.979308
v -4.206805 1.009819 0.979308
v -3.675664 1.491318 1.696213
v -2.950112 2.149058 1.958620
v -2.598699 3.159302 1.696215
v -2.147841 3.716689 0.849546
v -2.147841 3.716689 -0.849546
v -2.598699 3.159302 -1.696215
v -3.214582 2.397896 -1.958620
v -3.830465 1.636492 -1.696213
v -4.313406 1.039441 -0.788909
v -4.313406 1.039441 0.788909
v -3.830465 1.636492 1.696213
v -3.214582 2.397896 1.958620
v -3.000733 3.438044 1.696215
v -2.634002 4.054049 0.849546
v -2.634002 4.054049 -0.849546
v -3.000733 3.438044 -1.696215
v -3.501697 2.596566 -1.958619
v -4.002660 1.755090 -1.696213
v -4.395488 1.095250 -0.788909
v -4.395488 1.095250 0.788909
v -4.002660 1.755090 1.696213
v -3.501697 2.596566 1.958619
v -3.415588 3.648581 1.696215
v -3.131536 4.306812 0.849546
v -3.131536 4.306812 -0.849546
v -3.415588 3.648581 -1.696215
v -3.803611 2.749421 -1.958620
v -4.191634 1.850263 -1.696214
v -4.495899 1.145192 -0.788909
v -4.495899 1.145192 0.788909
v -4.191634 1.850263 1.696214
v -3.803611 2.749421 1.958620
v -3.831126 3.798839 1.696214
v -3.625162 4.485520 0.849546
v -3.625162 4.485520 -0.849546
v -3.831126 3.798839 -1.696214
v -4.112478 2.860814 -1.958619
v -4.393830 1.922790 -1.696213
v -4.614450 1.187244 -0.788909
v -4.614450 1.187244 0.788909
v -4.393830 1.922790 1.696213
v -4.112478 2.860814 1.958619
v -4.238114 3.897283 1.696215
v -4.104633 4.601652 0.849546
v -4.104633 4.601652 -0.849546
v -4.238114 3.897283 -1.696215
v -4.420452 2.935096 -1.958619
v -4.602790 1.972911 -1.696213
v -4.745770 1.218418 -0.788909
v -4.745770 1.218418 0.788909
v -4.602790 1.972911 1.696213
v -4.420452 2.935096 1.958619
v -4.629581 3.951778 1.696215
v -4.563620 4.665642 0.849546
v -4.563620 4.665642 -0.849546
v -4.629581 3.951778 -1.696215
v -4.719687 2.976621 -1.958620
v -4.809792 2.001465 -1.696213
v -4.880447 1.236802 -0.788909
v -4.880447 1.236802 0.788909
v -4.809792 2.001465 1.696213
v -4.719687 2.976621 1.958620
v -4.963656 3.968289 1.696215
v -4.935340 4.684635 0.849546
v -4.935340 4.684635 -0.849546
v -4.963656 3.968289 -1.696215
v -5.002337 2.989742 -1.958620
v -5.041017 2.011197 -1.696213
v -5.071348 1.243875 -0.788909
v -5.071348 1.243875 0.788909
v -5.041017 2.011197 1.696213
v -5.002337 2.989742 1.958620
v -5.530644 4.001271 1.696215
v -5.456637 4.714346 0.849546
v -5.456637 4.714346 -0.849546
v -5.530644 4.001271 -1.696215
v -5.631741 3.027192 -1.958620
v -5.732837 2.053114 -1.696213
v -5.812110 1.289297 -0.788909
v -5.812110 1.289297 0.788909
v -5.732837 2.053114 1.696213
v -5.631741 3.027192 1.958620
v -5.859556 4.042269 1.696215
v -5.758032 4.751950 0.849546
v -5.758032 4.751950 -0.849546
v -5.859556 4.042269 -1.696215
v -5.998239 3.072828 -1.958619
v -6.136923 2.103388 -1.696213
v -6.245670 1.343207 -0.788909
v -6.245670 1.343207 0.788909
v -6.136923 2.103388 1.696213
v -5.998239 3.072828 1.958619
v -7.332611 4.363456 1.696215
v -7.127453 5.050379 0.849546
v -7.127453 5.050379 -0.849546
v -7.332611 4.363456 -1.696215
v -7.612862 3.425102 -1.958620
v -7.893112 2.486748 -1.696213
v -8.112869 1.750943 -0.788909
v -8.112869 1.750943 0.788909
v -7.893112 2.486748 1.696213
v -7.612862 3.425102 1.958620
v -7.687975 4.477846 1.696215
v -7.451118 5.154493 0.849546
v -7.451118 5.154493 -0.849546
v -7.687975 4.477846 -1.696215
v -8.011529 3.553528 -1.958619
v -8.335082 2.629211 -1.696213
v -8.588795 1.904414 -0.788909
v -8.588795 1.904414 0.788909
v -8.335082 2.629211 1.696213
v -8.011529 3.553528 1.958619
v -8.016919 4.602174 1.696215
v -7.742822 5.264613 0.849546
v -7.742822 5.264613 -0.849546
v -8.016919 4.602174 -1.696215
v -8.391342 3.697267 -1.958620
v -8.765765 2.792361 -1.696214
v -9.059367 2.082783 -0.788909
v -9.059367 2.082783 0.788909
v -8.765765 2.792361 1.696214
v -8.391342 3.697267 1.958620
v -8.307815 4.732776 1.696215
v -7.988597 5.374690 0.849546
v -7.988597 5.374690 -0.849546
v -8.307815 4.732776 -1.696215
v -8.743874 3.855905 -1.958620
v -9.179932 2.979035 -1.696214
v -9.521865 2.291442 -0.788909
v -9.521865 2.291442 0.788909
v -9.179932 2.979035 1.696214
v -8.743874 3.855905 1.958620
v -8.726941 4.985173 1.696215
v -8.283005 5.548088 0.849546
v -8.283005 5.548088 -0.849546
v -8.726941 4.985173 -1.696215
v -9.333370 4.216216 -1.958620
v -9.939797 3.447260 -1.696213
v -10.415325 2.844288 -0.788909
v -10.415325 2.844288 0.788909
v -9.939797 3.447260 1.696213
v -9.333370 4.216216 1.958620
v -9.202074 5.413376 1.696215
v -8.685567 5.910541 0.849546
v -8.685567 5.910541 -0.849546
v -9.202074 5.413376 -1.696215
v -9.907639 4.734235 -1.958620
v -10.613201 4.055097 -1.696213
v -11.166464 3.522554 -0.788909
v -11.166464 3.522554 0.788909
v -10.613201 4.055097 1.696213
v -9.907639 4.734235 1.958620
v -9.594619 5.883412 1.696215
v -9.013294 6.302952 0.849546
v -9.013294 6.302952 -0.849546
v -9.594619 5.883412 -1.696215
v -10.388725 5.310310 -1.958620
v -11.182832 4.737209 -1.696213
v -11.805524 4.287816 -0.788909
v -11.805524 4.287816 0.788909
v -11.182832 4.737209 1.696213
v -10.388725 5.310310 1.958620
v -9.909603 6.392116 1.696215
v -9.275215 6.726037 0.849546
v -9.275215 6.726037 -0.849546
v -9.909603 6.392116 -1.696215
v -10.776196 5.935971 -1.958620
v -11.642788 5.479827 -1.696213
v -12.322319 5.122144 -0.788909
v -12.322319 5.122144 0.788909
v -11.642788 5.479827 1.696213
v -10.776196 5.935971 1.958620
v -10.148277 6.934706 1.696215
v -9.473814 7.177713 0.849546
v -9.473814 7.177713 -0.849546
v -10.148277 6.934706 -1.696215
v -11.069612 6.602751 -1.958620
v -11.990944 6.270796 -1.696213
v -12.713403 6.010497 -0.788909
v -12.713403 6.010497 0.788909
v -11.990944 6.270796 1.696213
v -11.069612 6.602751 1.958620
v -10.310720 7.506247 1.696215
v -9.609553 7.655634 0.849546
v -9.609553 7.655634 -0.849546
v -10.310720 7.506247 -1.696215
v -11.268535 7.302181 -1.958620
v -12.226347 7.098116 -1.696213
v -12.977412 6.938098 -0.788909
v -12.977412 6.938098 0.788909
v -12.226347 7.098116 1.696213
v -11.268535 7.302181 1.958620
v -10.396136 8.101326 1.696215
v -9.681367 8.156620 0.849546
v -9.681367 8.156620 -0.849546
v -10.396136 8.101326 -1.696215
v -11.372529 8.025794 -1.958619
v -12.348923 7.950262 -1.696213
v -13.114555 7.891034 -0.788909
v -13.114555 7.891034 0.788909
v -12.348923 7.950262 1.696213
v -11.372529 8.025794 1.958619
v -10.403186 8.713942 1.696215
v -9.687260 8.676476 0.849546
v -9.687260 8.676476 -0.849546
v -10.403186 8.713942 -1.696215
v -11.381158 8.765121 -1.958620
v -12.359131 8.816300 -1.696214
v -13.126000 8.856433 -0.788909
v -13.126000 8.856433 0.788909
v -12.359131 8.816300 1.696214
v -11.381158 8.765121 1.958620
v -10.330279 9.337563 1.696215
v -9.624798 9.210089 0.849546
v -9.624798 9.210089 -0.849546
v -10.330279 9.337563 -1.696215
v -11.293984 9.511694 -1.958620
v -12.257688 9.685827 -1.696213
v -13.013371 9.822372 -0.788909
v -13.013371 9.822372 0.788909
v -12.257688 9.685827 1.696213
v -11.293984 9.511694 1.958620
v -10.175735 9.965268 1.696215
v -9.491388 9.751673 0.849546
v -9.491388 9.751673 -0.849546
v -10.175735 9.965268 -1.696215
v -11.110569 10.257048 -1.958620
v -12.045403 10.548824 -1.696213
v -12.778447 10.777621 -0.788909
v -12.778447 10.777621 0.788909
v -12.045403 10.548824 1.696213
v -11.110569 10.257048 1.958620
v -9.937843 10.589901 1.696215
v -9.284390 10.295025 0.849546
v -9.284390 10.295025 -0.849546
v -9.937843 10.589901 -1.696215
v -10.830477 10.992710 -1.958620
v -11.723110 11.395517 -1.696213
v -12.423063 11.711378 -0.788909
v -12.423063 11.711378 0.788909
v -11.723110 11.395517 1.696213
v -10.830477 10.992710 1.958620
v -9.614841 11.204165 1.696215
v -9.001068 10.833711 0.849546
v -9.001068 10.833711 -0.849546
v -9.614841 11.204165 -1.696215
v -10.453270 11.710216 -1.958620
v -11.291698 12.216265 -1.696213
v -11.949147 12.613080 -0.788909
v -11.949147 12.613080 0.788909
v -11.291698 12.216265 1.696213
v -10.453270 11.710216 1.958620
v -9.218319 11.783717 1.696215
v -8.661819 11.331765 0.849546
v -8.661819 11.331765 -0.849546
v -9.218319 11.783717 -1.696215
v -9.978515 12.401094 -1.958620
v -10.738708 13.018471 -1.696213
v -11.334809 13.502583 -0.788909
v -11.334809 13.502583 0.788909
v -10.738708 13.018471 1.696213
v -9.978515 12.401094 1.958620
v -8.765092 12.260724 1.696215
v -8.297050 11.717687 0.849546
v -8.297050 11.717687 -0.849546
v -8.765092 12.260724 -1.696215
v -9.404449 13.002527 -1.958620
v -10.043806 13.744328 -1.696213
v -10.545154 14.326010 -0.788909
v -10.545154 14.326010 0.788909
v -10.043806 13.744328 1.696213
v -9.404449 13.002527 1.958620
v -8.249592 12.622745 1.696215
v -7.887514 12.003992 0.849546
v -7.887514 12.003992 -0.849546
v -8.249592 12.622745 -1.696215
v -8.744200 13.467974 -1.958620
v -9.238807 14.313203 -1.696214
v -9.626651 14.975984 -0.788909
v -9.626651 14.975984 0.788909
v -9.238807 14.313203 1.696214
v -8.744200 13.467974 1.958620
v -7.661092 12.902072 1.696215
v -7.398612 12.234945 0.849546
v -7.398612 12.234945 -0.849546
v -7.661092 12.902072 -1.696215
v -8.019647 13.813383 -1.958620
v -8.378201 14.724695 -1.696213
v -8.659359 15.439293 -0.788909
v -8.659359 15.439293 0.788909
v -8.378201 14.724695 1.696213
v -8.019647 13.813383 1.958620
v -7.011822 13.105477 1.696215
v -6.835510 12.410590 0.849546
v -6.835510 12.410590 -0.849546
v -7.011822 13.105477 -1.696215
v -7.252669 14.054710 -1.958620
v -7.493516 15.003942 -1.696214
v -7.682374 15.748279 -0.788909
v -7.682374 15.748279 0.788909
v -7.493516 15.003942 1.696214
v -7.252669 14.054710 1.958620
v -6.321312 13.239216 1.696215
v -6.216018 12.530085 0.849546
v -6.216018 12.530085 -0.849546
v -6.321312 13.239216 -1.696215
v -6.465147 14.207906 -1.958619
v -6.608983 15.176596 -1.696213
v -6.721770 15.936187 -0.788909
v -6.721770 15.936187 0.788909
v -6.608983 15.176596 1.696213
v -6.465147 14.207906 1.958619
v -5.612830 13.311846 1.696215
v -5.564418 12.596578 0.849546
v -5.564418 12.596578 -0.849546
v -5.612830 13.311846 -1.696215
v -5.678962 14.288920 -1.958619
v -5.745093 15.265995 -1.696213
v -5.796949 16.032164 -0.788909
v -5.796949 16.032164 0.788909
v -5.745093 15.265995 1.696213
v -5.678962 14.288920 1.958619
v -4.910655 13.334411 1.696215
v -4.906748 12.617517 0.849546
v -4.906748 12.617517 -0.849546
v -4.910655 13.334411 -1.696215
v -4.915992 14.313706 -1.958620
v -4.921328 15.293002 -1.696213
v -4.925512 16.060911 -0.788909
v -4.925512 16.060911 0.788909
v -4.921328 15.293002 1.696213
v -4.915992 14.313706 1.958620
v -4.238585 13.319741 1.696215
v -4.268210 12.603448 0.849546
v -4.268210 12.603448 -0.849546
v -4.238585 13.319741 -1.696215
v -4.198117 14.298216 -1.958619
v -4.157649 15.276690 -1.696213
v -4.125916 16.043953 -0.788909
v -4.125916 16.043953 0.788909
v -4.157649 15.276690 1.696213
v -4.198117 14.298216 1.958619
v -3.618952 13.281720 1.696215
v -3.671463 12.566740 0.849546
v -3.671463 12.566740 -0.849546
v -3.618952 13.281720 -1.696215
v -3.547220 14.258399 -1.958620
v -3.475487 15.235079 -1.696213
v -3.419239 16.000937 -0.788909
v -3.419239 16.000937 0.788909
v -3.475487 15.235079 1.696213
v -3.547220 14.258399 1.958620
v -3.070894 13.234657 1.696215
v -3.133642 12.520503 0.849546
v -3.133642 12.520503 -0.849546
v -3.070894 13.234657 -1.696215
v -2.985178 14.210210 -1.958619
v -2.985178 14.210210 1.958619
v -2.603976 13.192800 1.696215
v -2.655295 12.477734 0.849546
v -2.655295 12.477734 -0.849546
v -2.603976 13.192800 -1.696215
v -5.624846 28.861347 5.894834
v -5.624846 27.555599 5.894834
v -5.491499 27.605299 5.683551
v -5.378452 27.746822 5.504434
v -5.302916 27.958630 5.384751
v -5.276392 28.208473 5.342725
v -5.302916 28.458317 5.384751
v -5.378452 28.670126 5.504434
v -5.491499 28.811653 5.683551
v -6.601526 28.488363 7.442338
v -6.693453 28.406132 7.587995
v -6.755187 28.315447 7.685806
v -6.776864 28.208473 7.720154
v -6.755187 28.101498 7.685806
v -6.693453 28.010813 7.587995
v -6.601526 27.928583 7.442338
v -5.411027 28.843685 6.106846
v -5.411027 27.573263 6.106846
v -5.281288 27.621616 5.901280
v -5.171299 27.759310 5.727007
v -5.097807 27.965389 5.610563
v -5.072001 28.208473 5.569674
v -5.097807 28.451557 5.610563
v -5.171299 28.657639 5.727007
v -5.281288 28.795334 5.901280
v -6.362094 28.492891 7.613769
v -6.532888 28.400785 7.884381
v -6.593207 28.312551 7.979955
v -6.614288 28.208473 8.013357
v -6.593207 28.104393 7.979955
v -6.532888 28.016159 7.884381
v -6.362094 27.924055 7.613769
v -5.401397 28.672853 6.666193
v -5.401397 27.744097 6.666193
v -5.300066 27.779444 6.500075
v -5.218609 27.880106 6.356439
v -5.167368 28.030764 6.258455
v -5.150285 28.208473 6.223474
v -5.167368 28.386185 6.258455
v -5.218609 28.536842 6.356439
v -5.300066 28.637506 6.500075
v -5.930502 28.409586 7.820220
v -6.385595 28.362398 8.094637
v -6.434167 28.291777 8.171597
v -6.451260 28.208473 8.198681
v -6.434167 28.125168 8.171597
v -6.385595 28.054546 8.094637
v -5.930502 28.007359 7.820220
v -5.248385 28.208475 6.532692
v -5.344417 28.208473 6.702155
v -5.182065 28.208475 6.379504
v -5.863022 28.208471 7.863688
v -6.012335 28.304010 8.508340
v -5.968547 28.326300 8.376572
v -6.060409 28.264542 8.584511
v -6.077290 28.208473 8.611257
v -6.060409 28.152405 8.584511
v -6.012335 28.112934 8.508340
v -5.968547 28.090643 8.376572
v -5.931518 28.208471 8.399941
v -5.967616 28.208471 8.528074
v -15.930555 24.404148 0.000000
v -15.828906 24.404148 -2.304499
v -15.580886 24.404148 -4.425988
v -14.763275 24.404148 -6.480685
v -13.384589 24.404148 -8.067026
v -11.845489 24.404148 -8.948431
v -10.340274 24.404148 -9.183545
v -8.835057 24.404148 -8.948431
v -7.295958 24.404148 -8.067026
v -5.917274 24.404148 -6.480685
v -5.099661 24.404148 -4.425988
v -4.851640 24.404148 -2.304499
v -4.749993 24.404148 0.000000
v -4.851640 24.404148 2.304499
v -5.099661 24.404148 4.425988
v -5.917274 24.404148 6.480685
v -7.295958 24.404148 8.067026
v -8.835057 24.404148 8.948431
v -10.340274 24.404148 9.183545
v -11.845489 24.404148 8.948431
v -13.384589 24.404148 8.067026
v -14.763275 24.404148 6.480685
v -15.580886 24.404148 4.425988
v -15.828906 24.404148 2.304499
v 7.660110 16.563545 -7.021480
v 9.029934 16.563545 -6.886565
v 10.347116 16.563545 -6.487002
v 11.561036 16.563545 -5.838148
v 12.625048 16.563545 -4.964937
v 13.498259 16.563545 -3.900925
v 14.147113 16.563545 -2.687005
v 14.546678 16.563545 -1.369823
v 14.681592 16.563545 0.000000
v 14.546678 16.563545 1.369823
v 14.147113 16.563545 2.687005
v 13.498259 16.563545 3.900925
v 12.625048 16.563545 4.964937
v 11.561036 16.563545 5.838148
v 10.347116 16.563545 6.487002
v 9.029934 16.563545 6.886565
v 7.660110 16.563545 7.021480
v -2.882786 16.563545 -1.369823
v -3.017702 16.563545 0.000000
v -2.483224 16.563545 -2.687005
v -1.834369 16.563545 -3.900925
v -0.961158 16.563545 -4.964937
v 0.102853 16.563545 -5.838148
v 1.316772 16.563545 -6.487002
v 2.633955 16.563545 -6.886565
v 4.003778 16.563545 -7.021480
v 2.633955 16.563545 6.886565
v 4.003778 16.563545 7.021480
v 1.316772 16.563545 6.487002
v 0.102853 16.563545 5.838148
v -0.961158 16.563545 4.964937
v -1.834369 16.563545 3.900925
v -2.483224 16.563545 2.687005
v -2.882786 16.563545 1.369823
v 7.782624 16.563545 -7.492020
v 9.244246 16.563545 -7.348063
v 10.649696 16.563545 -6.921724
v 11.944967 16.563545 -6.229389
v 13.080282 16.563545 -5.297659
v 14.012012 16.563545 -4.162344
v 14.704347 16.563545 -2.867073
v 15.130690 16.563545 -1.461620
v 15.274645 16.563545 0.000000
v 15.130690 16.563545 1.461620
v 14.704347 16.563545 2.867073
v 14.012012 16.563545 4.162344
v 13.080282 16.563545 5.297659
v 11.944967 16.563545 6.229389
v 10.649696 16.563545 6.921724
v 9.244246 16.563545 7.348063
v 7.782624 16.563545 7.492020
v -3.466799 16.563545 -1.461620
v -3.610756 16.563545 0.000000
v -3.040460 16.563545 -2.867073
v -2.348122 16.563545 -4.162344
v -1.416393 16.563545 -5.297659
v -0.281078 16.563545 -6.229389
v 1.014190 16.563545 -6.921724
v 2.419644 16.563545 -7.348063
v 3.881265 16.563545 -7.492020
v 2.419644 16.563545 7.348063
v 3.881265 16.563545 7.492020
v 1.014190 16.563545 6.921724
v -0.281078 16.563545 6.229389
v -1.416393 16.563545 5.297659
v -2.348122 16.563545 4.162344
v -3.040460 16.563545 2.867073
v -3.466799 16.563545 1.461620
v 7.703492 15.461494 -7.188095
v 9.105820 15.461494 -7.049979
v 10.454258 15.461494 -6.640934
v 11.696982 15.461494 -5.976684
v 12.786242 15.461494 -5.082751
v 13.680176 15.461494 -3.993492
v 14.344425 15.461494 -2.750765
v 14.753472 15.461494 -1.402327
v 14.891587 15.461494 0.000000
v 14.753472 15.461494 1.402327
v 14.344425 15.461494 2.750765
v 13.680176 15.461494 3.993492
v 12.786242 15.461494 5.082751
v 11.696982 15.461494 5.976684
v 10.454258 15.461494 6.640934
v 9.105820 15.461494 7.049979
v 7.703492 15.461494 7.188095
v -3.089581 15.461494 -1.402327
v -3.227698 15.461494 0.000000
v -2.680537 15.461494 -2.750765
v -2.016285 15.461494 -3.993492
v -1.122353 15.461494 -5.082751
v -0.033094 15.461494 -5.976684
v 1.209630 15.461494 -6.640934
v 2.558069 15.461494 -7.049979
v 3.960397 15.461494 -7.188095
v 2.558069 15.461494 7.049979
v 3.960397 15.461494 7.188095
v 1.209630 15.461494 6.640934
v -0.033094 15.461494 5.976684
v -1.122353 15.461494 5.082751
v -2.016285 15.461494 3.993492
v -2.680537 15.461494 2.750765
v -3.089581 15.461494 1.402327
v 7.514671 13.597995 -6.462888
v 8.775519 13.597995 -6.338706
v 9.987911 13.597995 -5.970930
v 11.105259 13.597995 -5.373696
v 12.084623 13.597995 -4.569952
v 12.888367 13.597995 -3.590588
v 13.485602 13.597995 -2.473241
v 13.853380 13.597995 -1.260847
v 13.977561 13.597995 0.000000
v 13.853380 13.597995 1.260847
v 13.485602 13.597995 2.473241
v 12.888367 13.597995 3.590588
v 12.084623 13.597995 4.569952
v 11.105259 13.597995 5.373696
v 9.987911 13.597995 5.970930
v 8.775519 13.597995 6.338706
v 7.514671 13.597995 6.462888
v -2.189487 13.597995 -1.260847
v -2.313670 13.597995 0.000000
v -1.821712 13.597995 -2.473241
v -1.224477 13.597995 -3.590588
v -0.420733 13.597995 -4.569952
v 0.558630 13.597995 -5.373696
v 1.675976 13.597995 -5.970930
v 2.888371 13.597995 -6.338706
v 4.149218 13.597995 -6.462888
v 2.888371 13.597995 6.338706
v 4.149218 13.597995 6.462888
v 1.675976 13.597995 5.970930
v 0.558630 13.597995 5.373696
v -0.420733 13.597995 4.569952
v -1.224477 13.597995 3.590588
v -1.821712 13.597995 2.473241
v -2.189487 13.597995 1.260847
v 7.060815 11.748201 -4.719755
v 7.981595 11.748201 -4.629066
v 8.866988 11.748201 -4.360484
v 9.682971 11.748201 -3.924333
v 10.398186 11.748201 -3.337371
v 10.985148 11.748200 -2.622155
v 11.421300 11.748201 -1.806172
v 11.689885 11.748201 -0.920778
v 11.780569 11.748202 0.000000
v 11.689885 11.748201 0.920778
v 11.421300 11.748201 1.806172
v 10.985148 11.748200 2.622155
v 10.398186 11.748201 3.337371
v 9.682971 11.748201 3.924333
v 8.866988 11.748201 4.360484
v 7.981595 11.748201 4.629066
v 7.060815 11.748201 4.719755
v 0.242589 11.748201 -1.806172
v 0.678741 11.748202 -2.622155
v 1.265704 11.748201 -3.337371
v 1.980919 11.748202 -3.924333
v 2.796900 11.748200 -4.360485
v 3.682295 11.748201 -4.629066
v 4.603073 11.748201 -4.719755
v 3.682295 11.748201 4.629066
v 4.603073 11.748201 4.719755
v 2.796900 11.748200 4.360485
v 1.980919 11.748202 3.924333
v 1.265704 11.748201 3.337371
v 0.678741 11.748202 2.622155
v 0.242589 11.748201 1.806172
v 6.595754 10.502890 -2.933581
v 7.168068 10.502890 -2.877213
v 7.718388 10.502892 -2.710275
v 8.225564 10.502901 -2.439183
v 8.670109 10.502935 -2.074355
v 9.034938 10.503039 -1.629810
v 9.306030 10.503263 -1.122633
v 9.472969 10.503705 -0.572313
v 9.529334 10.504642 0.000000
v 9.472969 10.503705 0.572313
v 9.306030 10.503263 1.122633
v 9.034938 10.503039 1.629810
v 8.670109 10.502935 2.074355
v 8.225564 10.502901 2.439183
v 7.718388 10.502892 2.710275
v 7.168068 10.502890 2.877213
v 6.595754 10.502890 2.933581
v 2.357861 10.276030 -1.122633
v 2.628953 10.390587 -1.629810
v 2.993782 10.463985 -2.074355
v 3.438326 10.498722 -2.439184
v 3.945502 10.502892 -2.710275
v 4.495822 10.502890 -2.877213
v 5.068136 10.502890 -2.933581
v 4.495822 10.502890 2.877213
v 5.068136 10.502890 2.933581
v 3.945502 10.502892 2.710275
v 3.438326 10.498722 2.439184
v 2.993782 10.463985 2.074355
v 2.628953 10.390587 1.629810
v 2.357861 10.276030 1.122633
v 6.828701 11.090547 3.861851
v 7.580170 11.088969 3.788573
v 2.691330 11.087293 3.211638
v 3.359092 11.088062 3.568695
v 8.304795 11.088059 -3.568695
v 7.580170 11.088969 -3.788573
v 8.304795 11.088059 3.568695
v 4.083719 11.088967 3.788574
v 6.828701 11.090547 -3.861851
v 8.972560 11.087293 3.211639
v 4.835189 11.090549 3.861852
v 9.557796 11.086679 2.731169
v 4.835189 11.090549 -3.861852
v 4.083719 11.088967 -3.788574
v 10.038033 11.086242 2.145784
v 3.359092 11.088062 -3.568695
v 10.394846 11.086005 1.477994
v 2.691330 11.087293 -3.211638
v 10.614553 11.086002 0.753459
v 2.106094 11.086190 -2.731169
v 10.688738 11.086326 0.000000
v 1.625856 11.067495 -2.145784
v 10.614553 11.086002 -0.753459
v 1.269044 11.033636 -1.477995
v 10.394846 11.086005 -1.477994
v 1.269044 11.033636 1.477995
v 10.038033 11.086242 -2.145784
v 1.625856 11.067495 2.145784
v 9.557796 11.086679 -2.731169
v 2.106094 11.086190 2.731169
v 8.972560 11.087293 -3.211639
v 2.357861 9.871369 0.000000
v 2.628953 9.898030 0.000000
v 2.993782 9.937999 0.000000
v 3.438326 10.009099 0.000000
v 3.945502 10.085554 0.000000
v 4.495822 10.137455 0.000000
v 5.068136 10.160870 0.000000
v 6.595754 10.161824 0.000000
v 7.168068 10.169436 0.000000
v 7.718388 10.188701 0.000000
v 8.225564 10.213779 0.000000
v 8.670109 10.239327 0.000000
v 9.034938 10.289628 0.000000
v 9.306030 10.371254 0.000000
v -5.199594 11.464732 -0.717663
v -5.495306 11.748201 0.000000
v -5.199594 11.464732 0.717663
v -4.728281 10.432276 -0.665794
v -4.728281 10.432276 0.665794
v -4.962839 11.014038 0.857291
v -4.962839 11.014038 -0.857291
v -4.657231 9.829994 0.000000
v 0.027514 11.462720 -0.722754
v 0.274958 11.626352 -0.957140
v 0.262396 11.511479 -0.789294
v -0.505277 11.748201 0.000000
v -0.431283 12.013085 0.000000
v -0.322643 11.825783 0.000000
v 0.274958 11.626352 0.957140
v 0.027514 11.457333 0.719955
v 0.262399 11.509903 0.788476
v 1.367320 10.432276 -0.665794
v 2.057728 10.355415 -0.890523
v 1.735146 10.409763 -0.731616
v 2.057728 10.355415 0.890523
v 1.367320 10.432276 0.665794
v 1.735146 10.409763 0.731616
v 0.627633 11.014038 0.857291
v 1.144925 11.023068 1.143310
v 0.949478 11.016684 0.941064
v 1.144925 11.023068 -1.143310
v 0.627633 11.014038 -0.857291
v 0.949478 11.016684 -0.941064
v 1.335148 9.820145 0.000000
v 2.093147 9.863468 0.000000
v 1.721488 9.834180 0.000000
v -2.753469 18.298603 -5.281351
v -1.075751 18.298603 -6.249925
v 1.090686 18.298603 -7.061177
v 3.502413 18.298603 -7.629319
v 5.837974 18.298603 -7.818692
v 7.814220 18.298603 -7.668458
v 9.632598 18.298603 -7.223528
v 11.308423 18.298603 -6.501004
v 12.777296 18.298603 -5.528649
v 13.982770 18.298603 -4.343832
v 14.878519 18.298603 -2.992084
v 15.430116 18.298603 -1.525351
v 15.616368 18.298603 0.000000
v 15.430116 18.298603 1.525351
v 14.878519 18.298603 2.992084
v 13.982770 18.298603 4.343832
v 12.777296 18.298603 5.528649
v 11.308423 18.298603 6.501004
v 9.632598 18.298603 7.223528
v 7.814220 18.298603 7.668458
v 5.837974 18.298603 7.818692
v 3.502413 18.298603 7.629319
v 1.090686 18.298603 7.061177
v -1.075751 18.298603 6.249925
v -2.753469 18.298603 5.281351
v 0.935536 17.682718 -3.472832
v 2.038745 17.682718 -4.109732
v 3.463319 17.682718 -4.643183
v 5.049186 17.682718 -5.016773
v 6.584969 17.682718 -5.141298
v 7.884479 17.682718 -5.042509
v 9.080181 17.682718 -4.749940
v 10.182145 17.682718 -4.274833
v 11.148026 17.682718 -3.635447
v 11.940701 17.682718 -2.856352
v 12.529716 17.682718 -1.967490
v 12.892426 17.682718 -1.003018
v 13.014900 17.682718 0.000000
v 12.892426 17.682718 1.003018
v 12.529716 17.682718 1.967490
v 11.940701 17.682718 2.856352
v 11.148026 17.682718 3.635447
v 10.182145 17.682718 4.274833
v 9.080181 17.682718 4.749940
v 7.884479 17.682718 5.042509
v 6.584969 17.682718 5.141298
v 5.049186 17.682718 5.016773
v 3.463319 17.682718 4.643183
v 2.038745 17.682718 4.109732
v 0.935536 17.682718 3.472832
v 0.638187 18.280464 -3.618615
v 0.935536 18.034763 -3.472832
v 2.038745 18.034763 -4.109732
v 1.784600 18.280464 -4.284387
v 3.463319 18.034763 -4.643183
v 3.265527 18.280464 -4.844776
v 5.049186 18.034763 -5.016773
v 4.916934 18.280464 -5.240183
v 6.584969 18.034763 -5.141298
v 6.519418 18.280464 -5.376323
v 7.884479 18.034763 -5.042509
v 7.878184 18.280464 -5.278597
v 9.080181 18.034763 -4.749940
v 9.130862 18.280464 -4.976786
v 10.182145 18.034763 -4.274833
v 10.286997 18.280464 -4.482038
v 11.148026 18.034763 -3.635447
v 11.301183 18.280464 -3.813391
v 11.940701 18.034763 -2.856352
v 12.133715 18.280464 -2.996931
v 12.529716 18.034763 -1.967490
v 12.752261 18.280464 -2.064559
v 12.892426 18.034763 -1.003018
v 13.133056 18.280464 -1.052542
v 13.014900 18.034763 0.000000
v 13.261608 18.280464 0.000000
v 12.892426 18.034763 1.003018
v 13.133056 18.280464 1.052542
v 12.529716 18.034763 1.967490
v 12.752261 18.280464 2.064559
v 11.940701 18.034763 2.856352
v 12.133715 18.280464 2.996931
v 11.148026 18.034763 3.635447
v 11.301183 18.280464 3.813391
v 10.182145 18.034763 4.274833
v 10.286997 18.280464 4.482038
v 9.080181 18.034763 4.749940
v 9.130862 18.280464 4.976786
v 7.884479 18.034763 5.042509
v 7.878184 18.280464 5.278597
v 6.584969 18.034763 5.141298
v 6.519418 18.280464 5.376323
v 5.049186 18.034763 5.016773
v 4.916934 18.280464 5.240183
v 3.463319 18.034763 4.643183
v 3.265527 18.280464 4.844776
v 2.038745 18.034763 4.109732
v 1.784600 18.280464 4.284387
v 0.935536 18.034763 3.472832
v 0.638187 18.280464 3.618615
v 7.380300 10.749838 3.358250
v 3.643370 10.749393 3.163128
v 7.380300 10.749838 -3.358250
v 8.021787 10.749872 3.161933
v 4.284398 10.749613 3.358758
v 6.714871 10.749644 -3.425482
v 8.612310 10.750420 2.844445
v 4.949320 10.749644 3.425558
v 9.129060 10.752277 2.417742
v 4.284398 10.749613 -3.358758
v 9.551177 10.757862 1.897649
v 3.643370 10.749393 -3.163128
v 9.861619 10.768018 1.305009
v 3.053229 10.747598 -2.846831
v 10.047959 10.783438 0.663781
v 2.535536 10.729807 -2.423723
v 10.113603 10.783462 0.000000
v 2.109876 10.684538 -1.908719
v 10.047959 10.783438 -0.663781
v 1.792264 10.610737 -1.324046
v 9.861619 10.768018 -1.305009
v 1.792264 10.610737 1.324046
v 9.551177 10.757862 -1.897649
v 2.109876 10.684538 1.908719
v 9.129060 10.752277 -2.417742
v 2.535536 10.729807 2.423723
v 8.612310 10.750420 -2.844445
v 6.714871 10.749644 3.425482
v 3.053229 10.747598 2.846831
v 8.021787 10.749872 -3.161933
v 4.949320 10.749644 -3.425558
v -4.839851 10.704460 0.823065
v -4.840445 10.705712 -0.823076
v 1.590185 10.667199 1.029541
v 1.330876 10.687670 0.862521
v 0.995225 10.702706 0.810116
v 0.993749 10.703958 -0.810339
v 1.329298 10.688913 -0.862925
v 1.590185 10.667199 -1.029541
vn 0.0492 0.0210 -0.9986
vn 0.0488 0.0420 -0.9979
vn 0.1943 0.0436 -0.9800
vn 0.1954 0.0218 -0.9805
vn 0.3817 0.0456 -0.9232
vn 0.3829 0.0228 -0.9235
vn 0.5545 0.0475 -0.8308
vn 0.5556 0.0237 -0.8311
vn 0.7059 0.0491 -0.7066
vn 0.7071 0.0245 -0.7067
vn 0.8302 0.0505 -0.5552
vn 0.8313 0.0252 -0.5552
vn 0.9226 0.0515 -0.3824
vn 0.9236 0.0257 -0.3824
vn 0.9794 0.0521 -0.1950
vn 0.9805 0.0260 -0.1950
vn 0.9986 0.0523 -0.0000
vn 0.9997 0.0261 -0.0000
vn 0.9794 0.0521 0.1950
vn 0.9805 0.0260 0.1950
vn 0.9226 0.0515 0.3824
vn 0.9236 0.0257 0.3824
vn 0.8302 0.0505 0.5552
vn 0.8313 0.0252 0.5552
vn 0.7059 0.0491 0.7066
vn 0.7071 0.0245 0.7067
vn 0.5545 0.0475 0.8308
vn 0.5556 0.0237 0.8311
vn 0.3817 0.0456 0.9232
vn 0.3829 0.0228 0.9235
vn 0.1943 0.0436 0.9800
vn 0.1954 0.0218 0.9805
vn 0.0488 0.0420 0.9979
vn 0.0492 0.0210 0.9986
vn 0.0491 -0.0000 0.9988
vn -0.0492 0.0210 0.9986
vn -0.0491 -0.0000 0.9988
vn -0.0488 0.0420 0.9979
vn 0.1951 -0.0000 0.9808
vn 0.3827 -0.0000 0.9239
vn 0.5556 -0.0000 0.8315
vn 0.7071 -0.0000 0.7071
vn 0.8315 -0.0000 0.5556
vn 0.9239 -0.0000 0.3827
vn 0.9808 -0.0000 0.1951
vn 1.0000 -0.0000 -0.0000
vn 0.9808 -0.0000 -0.1951
vn 0.9239 -0.0000 -0.3827
vn 0.8315 -0.0000 -0.5556
vn 0.7071 -0.0000 -0.7071
vn 0.5556 -0.0000 -0.8315
vn 0.3827 -0.0000 -0.9239
vn 0.1951 -0.0000 -0.9808
vn 0.0491 -0.0000 -0.9988
vn -0.0491 -0.0000 -0.9988
vn -0.0492 0.0210 -0.9986
vn -0.0488 0.0420 -0.9979
vn -0.9557 0.0516 -0.2899
vn -0.9226 0.0515 -0.3824
vn -0.9228 0.0515 -0.3819
vn -0.8302 0.0505 -0.5552
vn -0.8306 0.0505 -0.5546
vn -0.7059 0.0491 -0.7066
vn -0.7066 0.0492 -0.7059
vn -0.5545 0.0475 -0.8308
vn -0.5554 0.0475 -0.8302
vn -0.3817 0.0456 -0.9232
vn -0.3829 0.0457 -0.9227
vn -0.1943 0.0436 -0.9800
vn -0.1421 0.0218 -0.9896
vn -0.1943 0.0436 0.9800
vn -0.1421 0.0218 0.9896
vn -0.3817 0.0456 0.9232
vn -0.3829 0.0457 0.9227
vn -0.5545 0.0475 0.8308
vn -0.5554 0.0475 0.8302
vn -0.7059 0.0491 0.7066
vn -0.7066 0.0492 0.7059
vn -0.8302 0.0505 0.5552
vn -0.8306 0.0505 0.5546
vn -0.9226 0.0515 0.3824
vn -0.9228 0.0515 0.3819
vn -0.9557 0.0516 0.2899
vn -0.0000 1.0000 -0.0000
vn -0.1422 -0.9232 0.3571
vn -0.0721 -0.9167 0.3931
vn -0.1119 -0.8127 0.5719
vn -0.2153 -0.8239 0.5243
vn 0.2521 -0.9329 -0.2572
vn 0.2025 -0.9286 -0.3110
vn 0.3057 -0.8335 -0.4603
vn 0.3813 -0.8413 -0.3832
vn -0.1422 -0.9232 -0.3571
vn -0.2025 -0.9286 -0.3110
vn -0.3057 -0.8335 -0.4603
vn -0.2153 -0.8239 -0.5243
vn 0.2025 -0.9286 0.3110
vn 0.2521 -0.9329 0.2572
vn 0.3813 -0.8413 0.3832
vn 0.3057 -0.8335 0.4603
vn -0.3399 -0.9359 0.0919
vn -0.3235 -0.9373 0.1300
vn -0.4934 -0.8487 0.1905
vn -0.5294 -0.8381 0.1317
vn -0.3235 -0.9373 -0.1300
vn -0.3399 -0.9359 -0.0919
vn -0.5294 -0.8381 -0.1317
vn -0.4934 -0.8487 -0.1905
vn 0.3350 -0.9398 0.0675
vn 0.3405 -0.9402 -0.0000
vn 0.5185 -0.8550 -0.0000
vn 0.5099 -0.8542 0.1018
vn -0.2025 -0.9286 0.3110
vn -0.3057 -0.8335 0.4603
vn 0.2908 -0.9362 -0.1975
vn 0.4410 -0.8473 -0.2959
vn -0.0721 -0.9167 -0.3931
vn -0.1119 -0.8127 -0.5719
vn 0.1422 -0.9232 0.3571
vn 0.2153 -0.8239 0.5243
vn -0.0177 -0.9113 0.4113
vn 0.0177 -0.9113 0.4113
vn 0.0285 -0.8060 0.5912
vn -0.0285 -0.8060 0.5912
vn 0.0721 -0.9167 -0.3931
vn 0.0177 -0.9113 -0.4113
vn 0.0285 -0.8060 -0.5912
vn 0.1119 -0.8127 -0.5719
vn -0.2908 -0.9362 -0.1975
vn -0.4410 -0.8473 -0.2959
vn 0.3184 -0.9385 0.1338
vn 0.4840 -0.8516 0.2012
vn -0.2521 -0.9329 0.2572
vn -0.3813 -0.8413 0.3832
vn 0.3184 -0.9385 -0.1338
vn 0.4840 -0.8516 -0.2012
vn -0.0177 -0.9113 -0.4113
vn -0.0285 -0.8060 -0.5912
vn 0.0721 -0.9167 0.3931
vn 0.1119 -0.8127 0.5719
vn 0.1422 -0.9232 -0.3571
vn 0.2153 -0.8239 -0.5243
vn -0.2521 -0.9329 -0.2572
vn -0.3813 -0.8413 -0.3832
vn 0.2908 -0.9362 0.1975
vn 0.4410 -0.8473 0.2959
vn -0.2908 -0.9362 0.1975
vn -0.4410 -0.8473 0.2959
vn 0.3350 -0.9398 -0.0675
vn 0.5099 -0.8542 -0.1018
vn 0.6884 -0.7122 -0.1371
vn 0.7005 -0.7136 -0.0000
vn -0.5926 -0.7012 -0.3964
vn -0.5104 -0.6916 -0.5111
vn 0.6884 -0.7122 0.1371
vn -0.4072 -0.6793 -0.6105
vn 0.6523 -0.7081 0.2705
vn -0.2853 -0.6647 -0.6905
vn 0.5926 -0.7012 0.3964
vn -0.1480 -0.6478 -0.7473
vn 0.5104 -0.6916 0.5111
vn -0.0378 -0.6344 -0.7721
vn 0.4072 -0.6793 0.6105
vn -0.0378 -0.6344 0.7721
vn -0.1480 -0.6478 0.7473
vn 0.2853 -0.6647 0.6905
vn 0.0378 -0.6344 -0.7721
vn 0.1480 -0.6478 -0.7473
vn -0.2853 -0.6647 0.6905
vn 0.1480 -0.6478 0.7473
vn 0.2853 -0.6647 -0.6905
vn -0.4072 -0.6793 0.6105
vn 0.0378 -0.6344 0.7721
vn 0.4072 -0.6793 -0.6105
vn -0.5104 -0.6916 0.5111
vn 0.5104 -0.6916 -0.5111
vn -0.5926 -0.7012 0.3964
vn 0.5926 -0.7012 -0.3964
vn -0.6626 -0.7060 0.2500
vn 0.6523 -0.7081 -0.2705
vn -0.6941 -0.7013 0.1627
vn -0.6941 -0.7013 -0.1627
vn -0.6626 -0.7060 -0.2500
vn 0.7055 -0.6455 -0.2925
vn 0.7453 -0.6500 -0.1484
vn -0.7171 -0.6438 -0.2670
vn -0.6400 -0.6382 -0.4280
vn 0.7587 -0.6515 -0.0000
vn -0.5500 -0.6280 -0.5506
vn 0.7453 -0.6500 0.1484
vn -0.4377 -0.6151 -0.6558
vn 0.7055 -0.6455 0.2925
vn -0.3058 -0.5998 -0.7394
vn 0.6400 -0.6382 0.4280
vn -0.1581 -0.5824 -0.7974
vn 0.5500 -0.6280 0.5506
vn -0.0403 -0.5683 -0.8218
vn 0.4377 -0.6151 0.6558
vn -0.0403 -0.5683 0.8218
vn -0.1581 -0.5824 0.7974
vn 0.3058 -0.5998 0.7394
vn 0.0403 -0.5683 -0.8218
vn 0.1581 -0.5824 -0.7974
vn -0.3058 -0.5998 0.7394
vn 0.1581 -0.5824 0.7974
vn 0.3058 -0.5998 -0.7394
vn -0.4377 -0.6151 0.6558
vn 0.0403 -0.5683 0.8218
vn 0.4377 -0.6151 -0.6558
vn -0.5500 -0.6280 0.5506
vn 0.5500 -0.6280 -0.5506
vn -0.6400 -0.6382 0.4280
vn 0.6400 -0.6382 -0.4280
vn -0.7171 -0.6438 0.2670
vn -0.7500 -0.6394 0.1692
vn -0.7500 -0.6394 -0.1692
vn 0.7078 -0.5248 -0.4729
vn 0.7823 -0.5320 -0.3240
vn -0.7960 -0.5298 0.2927
vn -0.8323 -0.5239 0.1810
vn -0.8323 -0.5239 -0.1810
vn -0.7960 -0.5298 -0.2927
vn 0.8277 -0.5364 -0.1646
vn -0.7078 -0.5248 -0.4729
vn 0.8430 -0.5379 -0.0000
vn -0.6063 -0.5148 -0.6061
vn 0.8277 -0.5364 0.1646
vn -0.4805 -0.5024 -0.7188
vn 0.7823 -0.5320 0.3240
vn -0.3343 -0.4878 -0.8064
vn 0.7078 -0.5248 0.4729
vn -0.1724 -0.4715 -0.8649
vn 0.6063 -0.5148 0.6061
vn -0.0438 -0.4590 -0.8873
vn 0.4805 -0.5024 0.7188
vn -0.0438 -0.4590 0.8873
vn -0.1724 -0.4715 0.8649
vn 0.3343 -0.4878 0.8064
vn 0.0438 -0.4590 -0.8873
vn 0.1724 -0.4715 -0.8649
vn -0.3343 -0.4878 0.8064
vn 0.1724 -0.4715 0.8649
vn 0.3343 -0.4878 -0.8064
vn -0.4805 -0.5024 0.7188
vn 0.0438 -0.4590 0.8873
vn 0.4805 -0.5024 -0.7188
vn -0.6063 -0.5148 0.6061
vn 0.6063 -0.5148 -0.6061
vn -0.7078 -0.5248 0.4729
vn 0.6655 -0.3393 -0.6648
vn 0.7799 -0.3473 -0.5207
vn -0.7799 -0.3473 0.5207
vn -0.8797 -0.3515 0.3203
vn 0.8645 -0.3531 -0.3578
vn -0.9176 -0.3473 0.1937
vn -0.9176 -0.3473 -0.1937
vn -0.8797 -0.3515 -0.3203
vn 0.9163 -0.3567 -0.1821
vn -0.7799 -0.3473 -0.5207
vn 0.9338 -0.3579 -0.0000
vn -0.6655 -0.3393 -0.6648
vn 0.9163 -0.3567 0.1821
vn -0.5251 -0.3295 -0.7847
vn 0.8645 -0.3531 0.3578
vn -0.3635 -0.3182 -0.8756
vn 0.7799 -0.3473 0.5207
vn -0.1866 -0.3057 -0.9337
vn 0.6655 -0.3393 0.6648
vn -0.0473 -0.2961 -0.9540
vn 0.5251 -0.3295 0.7847
vn -0.0473 -0.2961 0.9540
vn -0.1866 -0.3057 0.9337
vn 0.3635 -0.3182 0.8756
vn 0.0473 -0.2961 -0.9540
vn 0.1866 -0.3057 -0.9337
vn -0.3635 -0.3182 0.8756
vn 0.1866 -0.3057 0.9337
vn 0.3635 -0.3182 -0.8756
vn -0.5251 -0.3295 0.7847
vn 0.0473 -0.2961 0.9540
vn 0.5251 -0.3295 -0.7847
vn -0.6655 -0.3393 0.6648
vn 0.5411 -0.2434 -0.8049
vn 0.6861 -0.2512 -0.6828
vn -0.6861 -0.2512 0.6828
vn -0.8044 -0.2576 0.5353
vn -0.0493 -0.2165 -0.9750
vn 0.0493 -0.2165 -0.9750
vn 0.8044 -0.2576 -0.5353
vn -0.9075 -0.2618 0.3286
vn 0.8920 -0.2623 -0.3681
vn -0.9454 -0.2595 0.1972
vn -0.9454 -0.2595 -0.1972
vn -0.9075 -0.2618 -0.3286
vn 0.9458 -0.2652 -0.1875
vn -0.8044 -0.2576 -0.5353
vn 0.9639 -0.2662 -0.0000
vn -0.6861 -0.2512 -0.6828
vn 0.9458 -0.2652 0.1875
vn -0.5411 -0.2434 -0.8049
vn 0.8920 -0.2623 0.3681
vn -0.3748 -0.2344 -0.8970
vn 0.8044 -0.2576 0.5353
vn -0.1933 -0.2245 -0.9551
vn 0.6861 -0.2512 0.6828
vn 0.5411 -0.2434 0.8049
vn -0.0493 -0.2165 0.9750
vn -0.1933 -0.2245 0.9551
vn 0.3748 -0.2344 0.8970
vn 0.1933 -0.2245 -0.9551
vn -0.3748 -0.2344 0.8970
vn 0.1933 -0.2245 0.9551
vn 0.3748 -0.2344 -0.8970
vn -0.5411 -0.2434 0.8049
vn 0.0493 -0.2165 0.9750
vn 0.5495 0.1653 -0.8190
vn 0.3798 0.1590 -0.9113
vn 0.3758 0.1588 -0.9130
vn 0.5463 0.1652 -0.8211
vn -0.0495 0.1465 0.9880
vn 0.0495 0.1465 0.9880
vn 0.0476 0.1464 0.9881
vn -0.0476 0.1464 0.9881
vn 0.6979 0.1708 -0.6956
vn 0.6956 0.1707 -0.6979
vn 0.0495 0.1465 -0.9880
vn -0.0495 0.1465 -0.9880
vn -0.0476 0.1464 -0.9881
vn 0.0476 0.1464 -0.9881
vn 0.8193 0.1753 -0.5459
vn 0.8179 0.1753 -0.5481
vn 0.9093 0.1787 -0.3757
vn 0.9087 0.1786 -0.3774
vn 0.9647 0.1807 -0.1914
vn 0.9646 0.1807 -0.1923
vn 0.9834 0.1814 -0.0000
vn 0.9647 0.1807 0.1914
vn 0.9646 0.1807 0.1923
vn 0.9093 0.1787 0.3757
vn 0.9087 0.1786 0.3774
vn 0.8193 0.1753 0.5459
vn 0.8179 0.1753 0.5481
vn -0.1950 0.1521 -0.9689
vn -0.2944 0.1507 -0.9437
vn -0.2939 0.1509 -0.9438
vn -0.1906 0.1519 -0.9698
vn 0.6979 0.1708 0.6956
vn 0.6956 0.1707 0.6979
vn 0.5495 0.1653 0.8190
vn 0.5463 0.1652 0.8211
vn -0.1950 0.1521 0.9689
vn -0.1906 0.1519 0.9698
vn 0.3798 0.1590 0.9113
vn 0.3758 0.1588 0.9130
vn 0.1950 0.1521 -0.9689
vn 0.1906 0.1519 -0.9698
vn -0.2944 0.1507 0.9437
vn -0.2939 0.1509 0.9438
vn 0.1950 0.1521 0.9689
vn 0.1906 0.1519 0.9698
vn -0.9718 -0.0000 0.2357
vn -0.9842 -0.0019 0.1768
vn -1.0000 -0.0028 -0.0000
vn -1.0000 -0.0000 -0.0000
vn -0.8926 -0.0000 0.4509
vn -0.7751 -0.0000 0.6318
vn -0.6338 -0.0000 0.7735
vn -0.4802 -0.0000 0.8772
vn -0.3213 -0.0000 0.9470
vn -0.1602 -0.0000 0.9871
vn -0.3213 -0.0000 -0.9470
vn -0.1602 -0.0000 -0.9871
vn -0.4802 -0.0000 -0.8772
vn -0.6338 -0.0000 -0.7735
vn -0.7751 -0.0000 -0.6318
vn -0.8926 -0.0000 -0.4509
vn -0.9718 -0.0000 -0.2357
vn -0.9842 -0.0019 -0.1768
vn -0.0885 -0.0000 0.9961
vn -0.0100 0.0013 0.9999
vn -0.0085 0.0124 0.9999
vn -0.0061 0.0308 0.9995
vn -0.7031 0.1158 0.7016
vn -0.5532 0.1120 0.8255
vn -0.5510 0.1119 0.8270
vn -0.7016 0.1158 0.7031
vn -0.8260 0.1189 0.5509
vn -0.8251 0.1189 0.5524
vn -0.9173 0.1212 0.3793
vn -0.9168 0.1212 0.3804
vn -0.9734 0.1227 -0.1933
vn -0.9924 0.1231 -0.0000
vn -0.9733 0.1227 -0.1939
vn -0.9734 0.1227 0.1933
vn -0.9733 0.1227 0.1939
vn -0.9173 0.1212 -0.3793
vn -0.9168 0.1212 -0.3804
vn -0.8260 0.1189 -0.5509
vn -0.8251 0.1189 -0.5524
vn -0.7031 0.1158 -0.7016
vn -0.7016 0.1158 -0.7031
vn -0.5532 0.1120 -0.8255
vn -0.5510 0.1119 -0.8270
vn -0.3529 0.1099 -0.9292
vn -0.3488 0.1099 -0.9307
vn -0.3529 0.1099 0.9292
vn -0.3488 0.1099 0.9307
vn -0.1881 0.1119 -0.9758
vn -0.1905 0.1117 -0.9753
vn -0.1905 0.1117 0.9753
vn -0.1881 0.1119 0.9758
vn -0.0885 -0.0000 -0.9961
vn -0.2615 0.1378 0.9553
vn -0.2589 0.1373 0.9561
vn -0.1860 0.1217 0.9750
vn -0.1837 0.1212 0.9755
vn -0.2589 0.1373 -0.9561
vn -0.2615 0.1378 -0.9553
vn -0.1837 0.1212 -0.9755
vn -0.1860 0.1217 -0.9750
vn -0.9989 -0.0469 -0.0000
vn -0.9998 -0.0216 -0.0000
vn -0.9965 -0.0219 -0.0803
vn -0.9956 -0.0474 -0.0802
vn -0.9690 -0.0238 -0.2460
vn -0.9680 -0.0516 -0.2458
vn -0.8530 -0.0276 -0.5211
vn -0.8517 -0.0597 -0.5206
vn -0.6337 -0.0315 -0.7729
vn -0.6323 -0.0681 -0.7717
vn -0.3309 -0.0347 -0.9430
vn -0.3295 -0.0746 -0.9412
vn -0.0000 -0.0358 -0.9994
vn -0.0000 -0.0767 -0.9971
vn 0.3309 -0.0347 -0.9430
vn 0.3295 -0.0746 -0.9412
vn 0.6337 -0.0315 -0.7729
vn 0.6323 -0.0681 -0.7717
vn 0.8530 -0.0276 -0.5211
vn 0.8517 -0.0597 -0.5206
vn 0.9690 -0.0238 -0.2460
vn 0.9680 -0.0516 -0.2458
vn 0.9965 -0.0219 -0.0803
vn 0.9956 -0.0474 -0.0802
vn 0.9998 -0.0216 -0.0000
vn 0.9989 -0.0469 -0.0000
vn 0.9965 -0.0219 0.0803
vn 0.9956 -0.0474 0.0802
vn 0.9690 -0.0238 0.2460
vn 0.9680 -0.0516 0.2458
vn 0.8530 -0.0276 0.5211
vn 0.8517 -0.0597 0.5206
vn 0.6337 -0.0315 0.7729
vn 0.6323 -0.0681 0.7717
vn 0.3309 -0.0347 0.9430
vn 0.3295 -0.0746 0.9412
vn -0.0000 -0.0358 0.9994
vn -0.0000 -0.0767 0.9971
vn -0.3309 -0.0347 0.9430
vn -0.3295 -0.0746 0.9412
vn -0.6337 -0.0315 0.7729
vn -0.6323 -0.0681 0.7717
vn -0.8530 -0.0276 0.5211
vn -0.8517 -0.0597 0.5206
vn -0.9690 -0.0238 0.2460
vn -0.9680 -0.0516 0.2458
vn -0.9965 -0.0219 0.0803
vn -0.9956 -0.0474 0.0802
vn 0.6283 0.1097 0.7702
vn 0.8477 0.0963 0.5217
vn 0.8525 0.0959 0.5138
vn 0.6344 0.1094 0.7653
vn 0.8477 0.0963 -0.5217
vn 0.6283 0.1097 -0.7702
vn 0.6344 0.1094 -0.7653
vn 0.8525 0.0959 -0.5138
vn -0.9972 0.0753 -0.0000
vn -0.9938 0.0762 0.0805
vn -0.9939 0.0761 0.0793
vn -0.9653 0.0831 -0.2476
vn -0.9938 0.0762 -0.0805
vn -0.9939 0.0761 -0.0793
vn -0.9669 0.0828 -0.2411
vn 0.3277 0.1199 0.9372
vn 0.3322 0.1198 0.9356
vn 0.9653 0.0831 -0.2476
vn 0.9669 0.0828 -0.2411
vn -0.8477 0.0963 -0.5217
vn -0.8525 0.0959 -0.5138
vn -0.0000 0.1231 0.9924
vn 0.9938 0.0762 -0.0805
vn 0.9939 0.0761 -0.0793
vn -0.6283 0.1097 -0.7702
vn -0.6344 0.1094 -0.7653
vn -0.3277 0.1199 0.9372
vn -0.3322 0.1198 0.9356
vn 0.9972 0.0753 -0.0000
vn -0.3277 0.1199 -0.9372
vn -0.3322 0.1198 -0.9356
vn -0.6283 0.1097 0.7702
vn -0.6344 0.1094 0.7653
vn 0.9938 0.0762 0.0805
vn 0.9939 0.0761 0.0793
vn -0.0000 0.1231 -0.9924
vn -0.8477 0.0963 0.5217
vn -0.8525 0.0959 0.5138
vn 0.9653 0.0831 0.2476
vn 0.9669 0.0828 0.2411
vn 0.3277 0.1199 -0.9372
vn 0.3322 0.1198 -0.9356
vn -0.9653 0.0831 0.2476
vn -0.9669 0.0828 0.2411
vn -0.0100 0.0013 -0.9999
vn -0.0061 0.0308 -0.9995
vn -0.0085 0.0124 -0.9999
vn -0.0012 0.0301 -0.9995
vn -0.0018 0.0476 -0.9989
vn -0.0012 0.0301 0.9995
vn -0.0018 0.0476 0.9989
vn -0.0000 -0.0000 -1.0000
vn -0.0000 -0.0000 1.0000
vn -0.5000 -0.0000 -0.8660
vn -0.4757 0.3076 -0.8240
vn -0.4015 0.2945 -0.8672
vn -0.4201 -0.0000 -0.9075
vn -0.2775 0.2735 -0.9210
vn -0.2885 -0.0000 -0.9575
vn -0.1522 0.2586 -0.9539
vn -0.1576 -0.0000 -0.9875
vn -0.0061 0.2466 -0.9691
vn -0.0091 -0.0000 -1.0000
vn 0.1502 0.2379 -0.9596
vn 0.1549 -0.0000 -0.9879
vn 0.3078 0.2325 -0.9226
vn 0.3170 -0.0000 -0.9484
vn 0.4627 0.2301 -0.8561
vn 0.4745 -0.0000 -0.8802
vn 0.6128 0.2303 -0.7559
vn 0.6278 -0.0000 -0.7784
vn 0.7490 0.2325 -0.6204
vn 0.7701 -0.0000 -0.6379
vn 0.8645 0.2356 -0.4439
vn 0.8896 -0.0000 -0.4568
vn 0.9434 0.2384 -0.2307
vn 0.9709 -0.0000 -0.2394
vn 0.9709 0.2395 -0.0000
vn 0.9434 0.2384 0.2307
vn 0.9709 -0.0000 0.2394
vn 0.8645 0.2356 0.4439
vn 0.8896 -0.0000 0.4568
vn 0.7490 0.2325 0.6204
vn 0.7701 -0.0000 0.6379
vn 0.6128 0.2303 0.7559
vn 0.6278 -0.0000 0.7784
vn 0.4627 0.2301 0.8561
vn 0.4745 -0.0000 0.8802
vn 0.3078 0.2325 0.9226
vn 0.3170 -0.0000 0.9484
vn 0.1502 0.2379 0.9596
vn 0.1549 -0.0000 0.9879
vn -0.0061 0.2466 0.9691
vn -0.0091 -0.0000 1.0000
vn -0.1522 0.2586 0.9539
vn -0.1576 -0.0000 0.9875
vn -0.2775 0.2735 0.9210
vn -0.2885 -0.0000 0.9575
vn -0.4015 0.2945 0.8672
vn -0.4201 -0.0000 0.9075
vn -0.4757 0.3076 0.8240
vn -0.5000 -0.0000 0.8660
vn -0.9440 0.3301 -0.0000
vn -0.8292 0.5082 -0.2329
vn -0.8292 0.4512 -0.3300
vn -0.8292 0.4490 -0.3329
vn -0.8291 0.5066 -0.2365
vn -0.8354 0.2978 0.4620
vn -0.8310 0.3792 0.4071
vn -0.8310 0.3779 0.4082
vn -0.8353 0.2990 0.4614
vn -0.8981 -0.0873 -0.4310
vn -0.9162 -0.1365 -0.3768
vn -0.9104 -0.1214 -0.3956
vn -0.8939 -0.0740 -0.4421
vn -0.9219 -0.1528 0.3561
vn -0.9162 -0.1365 0.3768
vn -0.9104 -0.1214 0.3956
vn -0.8310 0.3792 -0.4071
vn -0.8310 0.3779 -0.4082
vn -0.8292 0.4512 0.3300
vn -0.8292 0.4490 0.3329
vn -0.9219 -0.1528 -0.3561
vn -0.8981 -0.0873 0.4310
vn -0.8939 -0.0740 0.4421
vn -0.8354 0.2978 -0.4620
vn -0.8353 0.2990 -0.4614
vn -0.8292 0.5082 0.2329
vn -0.8291 0.5066 0.2365
vn -0.8824 -0.0305 0.4696
vn -0.8789 -0.0161 0.4766
vn -0.8429 0.2122 -0.4944
vn -0.8424 0.2170 -0.4932
vn -0.8298 0.5449 0.1206
vn -0.8297 0.5444 0.1231
vn -0.8668 0.0432 0.4968
vn -0.8647 0.0548 0.4992
vn -0.8536 0.1258 -0.5055
vn -0.8524 0.1344 -0.5053
vn -0.8301 0.5576 -0.0000
vn -0.8536 0.1258 0.5055
vn -0.8524 0.1344 0.5053
vn -0.8668 0.0432 -0.4968
vn -0.8647 0.0548 -0.4992
vn -0.8298 0.5449 -0.1206
vn -0.8297 0.5444 -0.1231
vn -0.8429 0.2122 0.4944
vn -0.8424 0.2170 0.4932
vn -0.8824 -0.0305 -0.4696
vn -0.8789 -0.0161 -0.4766
vn -0.9436 -0.3311 -0.0000
vn 0.2258 -0.6479 -0.7275
vn -0.0444 -0.7704 -0.6360
vn -0.0288 -0.4991 -0.8660
vn -0.0246 -0.4261 -0.9044
vn 0.3063 0.7716 0.5575
vn 0.3109 0.8665 0.3904
vn 0.0444 0.7702 0.6363
vn 0.0362 0.6283 0.7771
vn 0.2919 0.5355 -0.7925
vn 0.2829 0.3660 -0.8866
vn 0.0362 0.6283 -0.7771
vn 0.0444 0.7702 -0.6363
vn 0.3228 -0.4877 0.8112
vn 0.2531 -0.1735 0.9518
vn -0.0246 -0.4261 0.9044
vn -0.0288 -0.4991 0.8660
vn 0.2340 -0.5370 -0.8105
vn -0.0167 -0.2901 -0.9569
vn 0.3003 0.6562 0.6922
vn 0.0274 0.4750 0.8795
vn 0.3002 0.6938 -0.6546
vn 0.0512 0.8890 -0.4551
vn 0.2958 -0.9552 -0.0000
vn -0.0539 -0.9351 0.3503
vn -0.0575 -0.9983 -0.0000
vn 0.2397 -0.4190 -0.8758
vn -0.0089 -0.1552 -0.9878
vn 0.2934 0.5281 0.7968
vn 0.0183 0.3174 0.9481
vn 0.3072 0.8255 -0.4735
vn 0.0559 0.9696 -0.2383
vn 0.2474 -0.2801 -0.9276
vn -0.0001 -0.0025 -1.0000
vn 0.2856 0.3897 0.8755
vn 0.0090 0.1570 0.9876
vn 0.4650 0.8522 -0.2397
vn 0.0575 0.9983 -0.0000
vn 0.2557 -0.1284 -0.9582
vn 0.0090 0.1570 -0.9876
vn 0.2776 0.2452 0.9289
vn -0.0001 -0.0025 1.0000
vn 0.3143 0.9488 -0.0301
vn 0.0559 0.9696 0.2383
vn 0.2648 0.0310 -0.9638
vn 0.0183 0.3174 -0.9481
vn 0.2696 0.1006 0.9577
vn -0.0089 -0.1552 0.9878
vn 0.3138 0.9299 0.1919
vn 0.0512 0.8890 0.4551
vn 0.2738 0.1960 -0.9416
vn 0.0274 0.4750 -0.8795
vn 0.2631 -0.0315 0.9642
vn -0.0167 -0.2901 0.9569
vn -0.9983 0.0575 -0.0000
vn -0.9883 0.1526 -0.0000
vn -0.6509 0.7592 -0.0000
vn -0.6013 0.7592 -0.2491
vn -0.9131 0.1526 -0.3782
vn -0.4602 0.7592 -0.4602
vn -0.6988 0.1526 -0.6988
vn -0.2491 0.7592 -0.6013
vn -0.3782 0.1526 -0.9131
vn -0.0000 0.7592 -0.6509
vn -0.0000 0.1526 -0.9883
vn 0.2491 0.7592 -0.6013
vn 0.3782 0.1526 -0.9131
vn 0.4602 0.7592 -0.4602
vn 0.6988 0.1526 -0.6988
vn 0.6013 0.7592 -0.2491
vn 0.9131 0.1526 -0.3782
vn 0.6509 0.7592 -0.0000
vn 0.9883 0.1526 -0.0000
vn 0.6013 0.7592 0.2491
vn 0.9131 0.1526 0.3782
vn 0.4602 0.7592 0.4602
vn 0.6988 0.1526 0.6988
vn 0.2491 0.7592 0.6013
vn 0.3782 0.1526 0.9131
vn -0.0000 0.7592 0.6509
vn -0.0000 0.1526 0.9883
vn -0.2491 0.7592 0.6013
vn -0.3782 0.1526 0.9131
vn -0.4602 0.7592 0.4602
vn -0.6988 0.1526 0.6988
vn -0.6013 0.7592 0.2491
vn -0.9131 0.1526 0.3782
vn -0.0000 0.8930 -0.4500
vn 0.1722 0.8930 -0.4157
vn -0.1722 0.8930 0.4157
vn -0.3182 0.8930 0.3182
vn 0.3182 0.8930 -0.3182
vn 0.4157 0.8930 -0.1722
vn -0.4500 0.8930 -0.0000
vn -0.4157 0.8930 -0.1722
vn -0.4157 0.8930 0.1722
vn 0.4157 0.8930 0.1722
vn 0.3182 0.8930 0.3182
vn -0.3182 0.8930 -0.3182
vn -0.1722 0.8930 -0.4157
vn 0.1722 0.8930 0.4157
vn -0.0000 0.8930 0.4500
vn 0.4500 0.8930 -0.0000
vn -0.1965 0.8581 0.4743
vn -0.3630 0.8581 0.3630
vn -0.5134 0.8582 -0.0000
vn -0.4743 0.8581 -0.1965
vn 0.1965 0.8581 0.4743
vn -0.0000 0.8581 0.5134
vn -0.4743 0.8581 0.1965
vn -0.3630 0.8581 -0.3630
vn -0.1965 0.8582 0.4743
vn -0.1965 0.8582 -0.4743
vn -0.0000 0.8581 -0.5134
vn 0.1965 0.8581 -0.4743
vn -0.1965 0.8581 -0.4743
vn 0.3630 0.8581 -0.3630
vn 0.4743 0.8581 -0.1965
vn 0.1965 0.8582 -0.4743
vn 0.5134 0.8581 -0.0000
vn 0.4743 0.8581 0.1965
vn 0.3630 0.8581 0.3630
vn 0.5397 0.0703 0.8389
vn 0.5261 0.1430 0.8383
vn 0.0116 0.0033 0.9999
vn 0.0107 0.0022 0.9999
vn 0.8713 0.1128 0.4775
vn 0.8480 0.2306 0.4772
vn 0.5397 0.0702 -0.8389
vn 0.5261 0.1430 -0.8383
vn 0.8480 0.2306 -0.4772
vn 0.8713 0.1128 -0.4775
vn 0.0107 0.0022 -0.9999
vn 0.0116 0.0033 -0.9999
vn -0.4873 -0.0607 -0.8711
vn -0.4740 -0.1275 -0.8713
vn -0.4740 -0.1275 0.8713
vn -0.4873 -0.0608 0.8711
vn 0.4991 0.2211 0.8379
vn 0.0118 0.0053 0.9999
vn 0.8036 0.3562 0.4769
vn 0.4991 0.2211 -0.8379
vn 0.8036 0.3561 -0.4769
vn 0.0118 0.0053 -0.9999
vn -0.4484 -0.1977 -0.8717
vn -0.8332 -0.2230 -0.5060
vn -0.7895 -0.3467 -0.5064
vn -0.4484 -0.1977 0.8717
vn -0.7895 -0.3467 0.5064
vn -0.8332 -0.2230 0.5059
vn 0.4580 0.2975 0.8377
vn 0.0112 0.0073 0.9999
vn 0.7371 0.4789 0.4768
vn 0.4580 0.2975 -0.8377
vn 0.7371 0.4789 -0.4768
vn 0.0112 0.0073 -0.9999
vn -0.4107 -0.2668 -0.8719
vn -0.7230 -0.4695 -0.5067
vn -0.4107 -0.2668 0.8719
vn -0.7230 -0.4695 0.5067
vn 0.4047 0.3665 0.8378
vn 0.0097 0.0087 0.9999
vn 0.6516 0.5900 0.4769
vn 0.4047 0.3665 -0.8378
vn 0.6516 0.5899 -0.4769
vn 0.0097 0.0087 -0.9999
vn -0.4166 -0.2843 -0.8635
vn -0.6625 -0.5768 -0.4779
vn -0.4166 -0.2843 0.8635
vn -0.6625 -0.5768 0.4779
vn 0.3434 0.4237 0.8382
vn 0.0079 0.0095 0.9999
vn 0.5534 0.6827 0.4771
vn 0.3434 0.4237 -0.8382
vn 0.5535 0.6827 -0.4771
vn 0.0079 0.0095 -0.9999
vn -0.3740 -0.3532 -0.8576
vn -0.5795 -0.6907 -0.4327
vn -0.3740 -0.3532 0.8576
vn -0.5794 -0.6907 0.4327
vn 0.2790 0.4676 0.8387
vn 0.0059 0.0096 0.9999
vn 0.4505 0.7544 0.4774
vn 0.2790 0.4676 -0.8387
vn 0.4505 0.7544 -0.4774
vn 0.0059 0.0096 -0.9999
vn -0.2677 -0.4529 -0.8504
vn -0.4467 -0.7624 -0.4681
vn -0.2677 -0.4529 0.8504
vn -0.4467 -0.7624 0.4681
vn 0.2159 0.4989 0.8393
vn 0.0042 0.0092 0.9999
vn 0.3491 0.8061 0.4778
vn 0.2159 0.4989 -0.8393
vn 0.3491 0.8061 -0.4778
vn 0.0042 0.0092 -0.9999
vn -0.2076 -0.4846 -0.8498
vn -0.3456 -0.8135 -0.4677
vn -0.2076 -0.4846 0.8498
vn -0.3456 -0.8135 0.4677
vn 0.1564 0.5198 0.8399
vn 0.0027 0.0086 1.0000
vn 0.2532 0.8410 0.4782
vn 0.1564 0.5198 -0.8399
vn 0.2532 0.8410 -0.4782
vn 0.0027 0.0086 -1.0000
vn -0.1507 -0.5061 -0.8492
vn -0.2506 -0.8478 -0.4673
vn -0.1507 -0.5061 0.8492
vn -0.2506 -0.8478 0.4673
vn 0.1012 0.5325 0.8403
vn 0.0016 0.0080 1.0000
vn 0.1642 0.8627 0.4784
vn 0.1012 0.5325 -0.8403
vn 0.1642 0.8627 -0.4784
vn 0.0016 0.0080 -1.0000
vn -0.0977 -0.5197 -0.8488
vn -0.1623 -0.8692 -0.4670
vn -0.0977 -0.5197 0.8488
vn -0.1623 -0.8692 0.4670
vn 0.0508 0.5389 0.8408
vn 0.0010 0.0075 1.0000
vn 0.0830 0.8740 0.4788
vn 0.0508 0.5389 -0.8408
vn 0.0830 0.8740 -0.4788
vn 0.0010 0.0075 -1.0000
vn -0.0470 -0.5268 -0.8487
vn -0.0767 -0.8808 -0.4672
vn -0.0470 -0.5268 0.8487
vn -0.0767 -0.8808 0.4672
vn 0.0218 0.5363 0.8438
vn 0.0002 0.0014 1.0000
vn 0.0358 0.8763 0.4804
vn 0.0218 0.5363 -0.8438
vn 0.0358 0.8763 -0.4804
vn 0.0002 0.0011 -1.0000
vn -0.0200 -0.5347 -0.8448
vn -0.0318 -0.8852 -0.4642
vn -0.0200 -0.5347 0.8448
vn -0.0319 -0.8852 0.4642
vn 0.0908 0.8714 0.4821
vn 0.0551 0.5298 0.8463
vn 0.0551 0.5298 -0.8463
vn 0.0908 0.8714 -0.4821
vn -0.0003 -0.0033 -1.0000
vn -0.0554 -0.5354 -0.8428
vn -0.0912 -0.8816 -0.4631
vn -0.0554 -0.5354 0.8428
vn -0.0912 -0.8816 0.4631
vn -0.0003 -0.0033 1.0000
vn 0.0755 0.5276 0.8462
vn -0.0004 -0.0030 1.0000
vn 0.1243 0.8673 0.4820
vn 0.0755 0.5276 -0.8462
vn 0.1242 0.8673 -0.4820
vn -0.0004 -0.0030 -1.0000
vn -0.0762 -0.5326 -0.8430
vn -0.1255 -0.8773 -0.4632
vn -0.0762 -0.5326 0.8430
vn -0.1255 -0.8773 0.4632
vn 0.1523 0.5103 0.8464
vn -0.0010 -0.0034 1.0000
vn 0.2504 0.8395 0.4822
vn 0.1523 0.5103 -0.8464
vn 0.2504 0.8395 -0.4822
vn -0.0010 -0.0034 -1.0000
vn -0.1542 -0.5159 -0.8427
vn -0.2538 -0.8492 -0.4630
vn -0.1542 -0.5159 0.8427
vn -0.2538 -0.8492 0.4630
vn 0.2353 0.4752 0.8478
vn 0.3245 0.4140 0.8505
vn -0.0069 -0.0085 0.9999
vn -0.0030 -0.0057 1.0000
vn 0.1756 0.5022 0.8467
vn -0.0014 -0.0039 1.0000
vn 0.2889 0.8270 0.4824
vn 0.1756 0.5022 -0.8467
vn 0.2889 0.8270 -0.4824
vn -0.0014 -0.0039 -1.0000
vn -0.1782 -0.5086 -0.8424
vn -0.2932 -0.8366 -0.4628
vn -0.1782 -0.5086 0.8424
vn -0.2932 -0.8366 0.4628
vn 0.2028 0.4911 0.8472
vn -0.0020 -0.0046 1.0000
vn 0.3339 0.8097 0.4826
vn 0.2028 0.4911 -0.8472
vn 0.3339 0.8097 -0.4826
vn -0.0020 -0.0046 -1.0000
vn -0.2066 -0.4985 -0.8419
vn -0.3396 -0.8190 -0.4625
vn -0.2066 -0.4985 0.8419
vn -0.3396 -0.8190 0.4625
vn 0.3877 0.7851 0.4830
vn 0.2353 0.4752 -0.8478
vn 0.3877 0.7851 -0.4830
vn -0.0030 -0.0056 -1.0000
vn -0.2413 -0.4839 -0.8412
vn -0.3960 -0.7935 -0.4621
vn -0.2413 -0.4839 0.8412
vn -0.3960 -0.7935 0.4621
vn 0.5374 0.6898 0.4850
vn 0.3245 0.4140 -0.8505
vn 0.5374 0.6898 -0.4850
vn -0.0069 -0.0084 -0.9999
vn -0.3375 -0.4269 -0.8389
vn -0.5508 -0.6961 -0.4606
vn -0.3375 -0.4269 0.8389
vn -0.5507 -0.6961 0.4606
vn 0.3786 0.3646 0.8507
vn -0.0084 -0.0080 0.9999
vn 0.6298 0.6068 0.4849
vn 0.3786 0.3646 -0.8507
vn 0.6298 0.6068 -0.4849
vn -0.0084 -0.0080 -0.9999
vn -0.3926 -0.3778 -0.8385
vn -0.6398 -0.6155 -0.4603
vn -0.3926 -0.3778 0.8385
vn -0.6397 -0.6155 0.4603
vn 0.4263 0.3076 0.8507
vn -0.0094 -0.0068 0.9999
vn 0.7092 0.5118 0.4849
vn 0.4263 0.3076 -0.8507
vn 0.7092 0.5118 -0.4849
vn -0.0094 -0.0068 -0.9999
vn -0.4419 -0.3189 -0.8385
vn -0.7199 -0.5195 -0.4603
vn -0.4419 -0.3189 0.8385
vn -0.7198 -0.5196 0.4603
vn 0.4653 0.2448 0.8506
vn -0.0102 -0.0054 0.9999
vn 0.7740 0.4072 0.4848
vn 0.4653 0.2448 -0.8506
vn 0.7740 0.4072 -0.4848
vn -0.0102 -0.0054 -0.9999
vn -0.4821 -0.2538 -0.8385
vn -0.7855 -0.4136 -0.4604
vn -0.4821 -0.2538 0.8385
vn -0.7855 -0.4136 0.4604
vn 0.4949 0.1782 0.8505
vn -0.0106 -0.0039 0.9999
vn 0.8230 0.2962 0.4847
vn 0.4949 0.1782 -0.8505
vn 0.8230 0.2962 -0.4847
vn -0.0106 -0.0039 -0.9999
vn -0.5124 -0.1847 -0.8386
vn -0.8351 -0.3010 -0.4604
vn -0.5124 -0.1847 0.8386
vn -0.8351 -0.3011 0.4604
vn 0.5147 0.1095 0.8504
vn -0.0108 -0.0023 0.9999
vn 0.8556 0.1820 0.4847
vn 0.5147 0.1095 -0.8504
vn 0.8555 0.1820 -0.4847
vn -0.0108 -0.0023 -0.9999
vn -0.5325 -0.1135 -0.8388
vn -0.8681 -0.1851 -0.4605
vn -0.5325 -0.1135 0.8388
vn -0.8681 -0.1851 0.4605
vn 0.5249 0.0405 0.8502
vn -0.0108 -0.0009 0.9999
vn 0.8722 0.0672 0.4846
vn 0.5249 0.0405 -0.8502
vn 0.8722 0.0672 -0.4846
vn -0.0108 -0.0009 -0.9999
vn -0.5426 -0.0421 -0.8389
vn -0.8850 -0.0686 -0.4606
vn -0.5426 -0.0421 0.8389
vn -0.8850 -0.0686 0.4606
vn 0.5259 -0.0276 0.8501
vn -0.0105 0.0005 0.9999
vn 0.8736 -0.0460 0.4845
vn 0.5259 -0.0276 -0.8501
vn 0.8736 -0.0460 -0.4845
vn -0.0105 0.0005 -0.9999
vn -0.5433 0.0284 -0.8390
vn -0.8864 0.0462 -0.4607
vn -0.5433 0.0284 0.8390
vn -0.8864 0.0462 0.4607
vn 0.5184 -0.0938 0.8500
vn -0.0101 0.0018 0.9999
vn 0.8609 -0.1558 0.4844
vn 0.5184 -0.0938 -0.8500
vn 0.8609 -0.1558 -0.4844
vn -0.0101 0.0018 -0.9999
vn -0.5352 0.0966 -0.8392
vn -0.8734 0.1577 -0.4607
vn -0.5352 0.0966 0.8392
vn -0.8734 0.1577 0.4607
vn 0.5031 -0.1571 0.8499
vn -0.0096 0.0030 0.9999
vn 0.8351 -0.2608 0.4843
vn 0.5031 -0.1571 -0.8499
vn 0.8351 -0.2608 -0.4843
vn -0.0096 0.0030 -0.9999
vn -0.5190 0.1619 -0.8393
vn -0.8472 0.2643 -0.4608
vn -0.5190 0.1619 0.8393
vn -0.8472 0.2643 0.4608
vn 0.4805 -0.2169 0.8498
vn -0.0090 0.0041 1.0000
vn 0.7974 -0.3600 0.4843
vn 0.4805 -0.2169 -0.8498
vn 0.7974 -0.3600 -0.4843
vn -0.0090 0.0041 -1.0000
vn -0.4955 0.2235 -0.8394
vn -0.8089 0.3649 -0.4609
vn -0.4955 0.2235 0.8394
vn -0.8090 0.3649 0.4609
vn 0.4520 -0.2721 0.8495
vn -0.0083 0.0051 1.0000
vn 0.7500 -0.4508 0.4839
vn 0.4520 -0.2721 -0.8495
vn 0.7501 -0.4508 -0.4839
vn -0.0083 0.0051 -1.0000
vn -0.4652 0.2813 -0.8393
vn -0.7593 0.4594 -0.4608
vn -0.4652 0.2813 0.8393
vn -0.7594 0.4594 0.4608
vn 0.4079 -0.3296 0.8514
vn -0.0101 0.0085 0.9999
vn 0.6810 -0.5483 0.4853
vn 0.4079 -0.3296 -0.8514
vn 0.6810 -0.5483 -0.4853
vn -0.0101 0.0085 -0.9999
vn -0.4234 0.3450 -0.8377
vn -0.6881 0.5614 -0.4598
vn -0.4234 0.3450 0.8377
vn -0.6881 0.5614 0.4598
vn 0.3405 -0.3949 0.8533
vn -0.0104 0.0122 0.9999
vn 0.5705 -0.6614 0.4869
vn 0.3405 -0.3949 -0.8533
vn 0.5705 -0.6614 -0.4869
vn -0.0104 0.0122 -0.9999
vn -0.3577 0.4152 -0.8364
vn -0.5798 0.6731 -0.4591
vn -0.3577 0.4152 0.8364
vn -0.5798 0.6731 0.4591
vn 0.2636 -0.4526 0.8519
vn -0.0072 0.0119 0.9999
vn 0.4389 -0.7560 0.4856
vn 0.2636 -0.4526 -0.8519
vn 0.4389 -0.7560 -0.4856
vn -0.0072 0.0119 -0.9999
vn -0.2768 0.4715 -0.8373
vn -0.4499 0.7658 -0.4595
vn -0.2768 0.4715 0.8373
vn -0.4499 0.7658 0.4595
vn 0.1917 -0.4897 0.8506
vn -0.0044 0.0107 0.9999
vn 0.3179 -0.8148 0.4848
vn 0.1917 -0.4897 -0.8506
vn 0.3179 -0.8148 -0.4848
vn -0.0044 0.0107 -0.9999
vn -0.2001 0.5068 -0.8385
vn -0.3263 0.8256 -0.4603
vn -0.2001 0.5068 0.8385
vn -0.3263 0.8256 0.4603
vn 0.1292 -0.5117 0.8494
vn -0.0024 0.0090 1.0000
vn 0.2136 -0.8486 0.4840
vn 0.1292 -0.5117 -0.8494
vn 0.2136 -0.8486 -0.4840
vn -0.0024 0.0090 -1.0000
vn -0.1340 0.5263 -0.8397
vn -0.2193 0.8599 -0.4610
vn -0.1340 0.5263 0.8397
vn -0.2193 0.8599 0.4610
vn 0.0773 -0.5237 0.8484
vn -0.0012 0.0073 1.0000
vn 0.1275 -0.8661 0.4834
vn 0.0773 -0.5237 -0.8484
vn 0.1275 -0.8661 -0.4834
vn -0.0012 0.0073 -1.0000
vn -0.0799 0.5356 -0.8407
vn -0.1310 0.8773 -0.4617
vn -0.0799 0.5356 0.8407
vn -0.1310 0.8773 0.4617
vn 0.0356 -0.5295 0.8476
vn -0.0004 0.0058 1.0000
vn 0.0585 -0.8737 0.4829
vn 0.0356 -0.5295 -0.8476
vn 0.0585 -0.8737 -0.4829
vn -0.0004 0.0058 -1.0000
vn -0.0367 0.5390 -0.8415
vn -0.0604 0.8847 -0.4623
vn -0.0367 0.5390 0.8415
vn -0.0604 0.8847 0.4623
vn 0.0027 -0.5317 0.8469
vn -0.0001 0.0044 1.0000
vn 0.0043 -0.8759 0.4825
vn 0.0027 -0.5317 -0.8469
vn 0.0043 -0.8759 -0.4825
vn -0.0001 0.0044 -1.0000
vn -0.0031 0.5391 -0.8422
vn -0.0052 0.8865 -0.4627
vn -0.0031 0.5391 0.8422
vn -0.0052 0.8865 0.4627
vn -0.0221 -0.5323 0.8463
vn 0.0001 0.0033 1.0000
vn -0.0365 -0.8754 0.4821
vn -0.0221 -0.5323 -0.8463
vn -0.0365 -0.8754 -0.4821
vn 0.0001 0.0033 -1.0000
vn 0.0221 0.5377 -0.8428
vn 0.0363 0.8855 -0.4631
vn 0.0221 0.5377 0.8428
vn 0.0363 0.8855 0.4632
vn -0.0392 -0.5323 0.8456
vn -0.0010 0.0021 1.0000
vn -0.0644 -0.8740 0.4817
vn -0.0392 -0.5323 -0.8456
vn -0.0644 -0.8740 -0.4817
vn 0.0001 0.0020 -1.0000
vn 0.0393 0.5357 -0.8435
vn 0.0646 0.8837 -0.4635
vn 0.0392 0.5357 0.8435
vn 0.0646 0.8837 0.4635
vn -0.0466 -0.5335 0.8445
vn -0.0000 -0.0002 1.0000
vn -0.0766 -0.8733 0.4811
vn -0.0468 -0.5333 -0.8447
vn -0.0766 -0.8733 -0.4811
vn 0.0001 -0.0002 -1.0000
vn -0.0606 -0.8752 0.4799
vn -0.0375 -0.5373 0.8425
vn -0.0375 -0.5374 -0.8425
vn -0.0606 -0.8752 -0.4799
vn 0.3390 0.9043 -0.2596
vn 0.0617 0.9981 0.0081
vn 0.2790 0.9496 0.1426
vn 0.5883 0.8076 -0.0404
vn 0.0617 -0.9981 0.0081
vn 0.3390 -0.9043 -0.2596
vn 0.5883 -0.8076 -0.0404
vn 0.2790 -0.9496 0.1426
vn -0.1846 -0.9633 0.1946
vn -0.0714 -0.9698 0.2330
vn -0.1846 0.9633 0.1946
vn -0.3845 0.8835 0.2675
vn -0.3191 0.8908 0.3236
vn -0.0714 0.9698 0.2330
vn 0.5567 -0.6780 -0.4801
vn 0.7900 -0.5802 -0.1983
vn -0.7059 0.5881 0.3948
vn -0.6623 0.5694 0.4870
vn 0.6956 -0.3612 -0.6210
vn 0.9056 -0.3010 -0.2988
vn -0.8746 -0.0000 0.4849
vn -0.8119 -0.0000 0.5838
vn 0.7431 -0.0000 -0.6692
vn 0.9430 -0.0000 -0.3327
vn -0.7059 -0.5881 0.3948
vn -0.6623 -0.5694 0.4870
vn 0.6956 0.3612 -0.6210
vn 0.9056 0.3010 -0.2988
vn -0.3845 -0.8835 0.2675
vn -0.3191 -0.8908 0.3236
vn 0.5567 0.6780 -0.4801
vn 0.7900 0.5802 -0.1983
vn -0.5626 0.6213 0.5454
vn -0.2133 0.9183 0.3334
vn 0.9723 -0.1468 0.1819
vn 0.9241 -0.2888 0.2502
vn -0.7417 -0.0000 0.6707
vn 0.9839 -0.0000 0.1788
vn -0.5626 -0.6213 0.5454
vn 0.9723 0.1468 0.1819
vn -0.2133 -0.9183 0.3334
vn 0.9241 0.2888 0.2502
vn 0.5385 -0.7787 0.3219
vn 0.8204 0.4624 0.3365
vn 0.5385 0.7787 0.3219
vn 0.5895 0.6957 0.4104
vn 0.8204 -0.4624 0.3365
vn 0.5895 -0.6957 0.4104
vn 0.8916 -0.0000 0.4529
vn 0.8856 -0.0000 0.4645
vn 0.9419 -0.0000 0.3359
vn 0.9617 -0.0000 0.2741
vn 0.3553 0.7941 0.4932
vn 0.5700 0.7946 0.2091
vn 0.9724 -0.0000 0.2334
vn 0.5700 -0.7946 0.2091
vn -0.1657 -0.0000 0.9862
vn -0.0112 0.6180 0.7861
vn 0.3553 -0.7941 0.4932
vn -0.0113 -0.6180 0.7861
vn 0.8383 -0.0000 0.5452
vn -0.9942 -0.0729 0.0794
vn -0.9974 -0.0721 -0.0000
vn -0.9673 -0.0793 0.2410
vn -0.8528 -0.0918 0.5142
vn -0.6340 -0.1048 0.7662
vn -0.3305 -0.1150 0.9368
vn -0.0000 -0.1182 0.9930
vn 0.3305 -0.1150 0.9368
vn 0.6340 -0.1048 0.7662
vn 0.8528 -0.0918 0.5142
vn 0.9673 -0.0793 0.2410
vn 0.9942 -0.0729 0.0794
vn 0.9974 -0.0721 -0.0000
vn 0.9942 -0.0729 -0.0794
vn 0.9673 -0.0793 -0.2410
vn 0.8528 -0.0918 -0.5142
vn 0.6340 -0.1048 -0.7662
vn 0.3305 -0.1150 -0.9368
vn -0.0000 -0.1182 -0.9930
vn -0.3305 -0.1150 -0.9368
vn -0.6340 -0.1048 -0.7662
vn -0.8528 -0.0918 -0.5142
vn -0.9673 -0.0793 -0.2410
vn -0.9942 -0.0729 -0.0794
vn -0.9760 0.0987 -0.1939
vn -0.9951 0.0991 -0.0000
vn -0.7190 -0.6951 -0.0000
vn -0.7050 -0.6952 -0.1404
vn 0.5542 0.0901 0.8275
vn 0.7047 0.0932 0.7034
vn 0.5064 -0.6972 0.5073
vn 0.3970 -0.6984 0.5956
vn -0.9197 0.0976 -0.3804
vn -0.6636 -0.6956 -0.2752
vn 0.3823 0.0866 0.9200
vn 0.2726 -0.6996 0.6605
vn -0.8280 0.0957 -0.5524
vn -0.5965 -0.6963 -0.3992
vn 0.1956 0.0828 0.9772
vn 0.1382 -0.7010 0.6996
vn -0.7047 0.0932 -0.7034
vn -0.5064 -0.6972 -0.5073
vn 0.0494 0.0797 0.9956
vn 0.0351 -0.6901 0.7229
vn -0.5542 0.0901 -0.8275
vn -0.3970 -0.6984 -0.5956
vn 0.1956 0.0828 -0.9772
vn 0.0494 0.0797 -0.9956
vn 0.0351 -0.6901 -0.7229
vn 0.1382 -0.7010 -0.6996
vn -0.3823 0.0866 -0.9200
vn -0.2726 -0.6996 -0.6605
vn -0.1956 0.0828 0.9772
vn -0.0494 0.0797 0.9956
vn -0.0351 -0.6901 0.7229
vn -0.1382 -0.7010 0.6996
vn 0.3823 0.0866 -0.9200
vn 0.2727 -0.6996 -0.6604
vn -0.1956 0.0828 -0.9772
vn -0.1382 -0.7010 -0.6996
vn -0.3823 0.0866 0.9200
vn -0.2726 -0.6996 0.6605
vn 0.5542 0.0901 -0.8275
vn 0.3970 -0.6984 -0.5955
vn -0.0494 0.0797 -0.9956
vn -0.0351 -0.6901 -0.7229
vn -0.5542 0.0901 0.8275
vn -0.3970 -0.6984 0.5955
vn 0.7047 0.0932 -0.7034
vn 0.5065 -0.6972 -0.5073
vn -0.7047 0.0932 0.7034
vn -0.5065 -0.6972 0.5073
vn 0.8280 0.0957 -0.5524
vn 0.5965 -0.6963 -0.3992
vn -0.8280 0.0957 0.5524
vn -0.5965 -0.6963 0.3992
vn 0.9197 0.0976 -0.3804
vn 0.6636 -0.6956 -0.2752
vn 0.9760 0.0987 0.1939
vn 0.9951 0.0991 -0.0000
vn 0.7190 -0.6951 -0.0000
vn 0.7050 -0.6952 0.1404
vn -0.9197 0.0976 0.3804
vn -0.6636 -0.6956 0.2752
vn 0.9760 0.0987 -0.1939
vn 0.7050 -0.6952 -0.1404
vn 0.9197 0.0976 0.3804
vn 0.6636 -0.6956 0.2752
vn -0.9760 0.0987 0.1939
vn -0.7050 -0.6952 0.1404
vn 0.8280 0.0957 0.5524
vn 0.5965 -0.6963 0.3992
vn 0.1847 0.3279 -0.9265
vn 0.0467 0.3175 -0.9471
vn 0.0418 0.5356 -0.8435
vn 0.1640 0.5464 -0.8213
vn -0.5200 0.3534 -0.7776
vn -0.6588 0.3639 -0.6585
vn -0.5721 0.5881 -0.5718
vn -0.4543 0.5763 -0.6794
vn 0.0467 0.3175 0.9471
vn 0.1847 0.3279 0.9265
vn 0.1640 0.5464 0.8213
vn 0.0418 0.5356 0.8435
vn -0.7718 0.3724 -0.5155
vn -0.6668 0.5974 -0.4454
vn 0.3600 0.3413 0.8683
vn 0.3169 0.5623 0.7639
vn -0.8551 0.3786 -0.3541
vn -0.7362 0.6042 -0.3049
vn 0.5200 0.3534 0.7776
vn 0.4543 0.5763 0.6794
vn -0.9062 0.3824 -0.1802
vn -0.7784 0.6083 -0.1548
vn 0.6588 0.3639 0.6585
vn 0.5721 0.5881 0.5718
vn -0.9235 0.3837 -0.0000
vn -0.7926 0.6097 -0.0000
vn 0.7718 0.3724 0.5155
vn 0.6668 0.5974 0.4454
vn -0.9062 0.3824 0.1802
vn -0.7784 0.6083 0.1548
vn 0.8551 0.3786 0.3541
vn 0.7257 0.6243 0.2892
vn 0.9235 0.3837 -0.0000
vn 0.9062 0.3824 -0.1802
vn 0.7606 0.6315 -0.1506
vn 0.7720 0.6356 -0.0000
vn -0.8551 0.3786 0.3541
vn -0.7362 0.6042 0.3049
vn 0.9062 0.3824 0.1802
vn 0.7606 0.6315 0.1506
vn 0.8551 0.3786 -0.3541
vn 0.7257 0.6243 -0.2892
vn -0.7718 0.3724 0.5155
vn -0.6668 0.5974 0.4454
vn 0.7718 0.3724 -0.5155
vn 0.6668 0.5974 -0.4454
vn -0.6588 0.3639 0.6585
vn -0.5721 0.5881 0.5718
vn -0.0467 0.3175 0.9471
vn -0.0418 0.5356 0.8435
vn 0.6588 0.3639 -0.6585
vn 0.5721 0.5881 -0.5718
vn -0.5200 0.3534 0.7776
vn -0.4543 0.5763 0.6794
vn -0.0467 0.3175 -0.9471
vn -0.0418 0.5356 -0.8435
vn 0.5200 0.3534 -0.7776
vn 0.4543 0.5763 -0.6794
vn -0.3600 0.3413 0.8683
vn -0.3169 0.5623 0.7639
vn -0.1847 0.3279 -0.9265
vn -0.1640 0.5464 -0.8213
vn 0.3600 0.3413 -0.8683
vn 0.3169 0.5623 -0.7639
vn -0.1847 0.3279 0.9265
vn -0.1640 0.5464 0.8213
vn -0.3600 0.3413 -0.8683
vn -0.3169 0.5623 -0.7639
vn -0.1625 -0.5777 -0.7999
vn -0.3166 -0.5728 -0.7561
vn -0.3166 -0.5728 0.7561
vn -0.1625 -0.5777 0.7999
vn 0.4595 -0.5683 -0.6826
vn 0.3166 -0.5728 -0.7561
vn -0.0409 -0.5930 -0.8042
vn -0.4595 -0.5683 0.6826
vn 0.5855 -0.5643 -0.5821
vn 0.0409 -0.5930 -0.8042
vn -0.5855 -0.5643 0.5821
vn 0.6893 -0.5610 -0.4583
vn -0.0409 -0.5930 0.8042
vn 0.0409 -0.5930 0.8042
vn -0.6893 -0.5610 0.4583
vn 0.7668 -0.5586 -0.3162
vn 0.8146 -0.5572 0.1613
vn 0.8307 -0.5567 -0.0000
vn -0.7668 -0.5586 0.3162
vn 0.8146 -0.5572 -0.1614
vn 0.7668 -0.5586 0.3162
vn -0.8146 -0.5572 0.1614
vn 0.6894 -0.5610 0.4583
vn -0.8307 -0.5567 -0.0000
vn 0.5855 -0.5643 0.5821
vn -0.8146 -0.5572 -0.1613
vn 0.4595 -0.5683 0.6826
vn -0.7668 -0.5586 -0.3162
vn 0.3166 -0.5728 0.7561
vn -0.6894 -0.5610 -0.4583
vn 0.1625 -0.5777 0.7999
vn -0.5855 -0.5643 -0.5821
vn -0.4595 -0.5683 -0.6826
vn 0.1625 -0.5777 -0.7999
vn -0.3454 0.7822 -0.5186
vn -0.2433 0.7699 -0.5900
vn 0.0323 0.7446 -0.6668
vn 0.1266 0.7555 -0.6428
vn -0.4309 0.7923 -0.4320
vn 0.1266 0.7555 0.6428
vn 0.0323 0.7446 0.6668
vn -0.4984 0.8001 -0.3338
vn 0.2433 0.7699 0.5900
vn -0.5471 0.8057 -0.2270
vn 0.3454 0.7821 0.5186
vn -0.5764 0.8090 -0.1148
vn 0.4306 0.7909 0.4348
vn -0.5862 0.8102 -0.0000
vn 0.5006 0.7951 0.3423
vn -0.5764 0.8090 0.1148
vn 0.5816 0.7813 0.2265
vn -0.5471 0.8057 0.2270
vn -0.4984 0.8001 0.3338
vn 0.5006 0.7951 -0.3423
vn 0.5816 0.7813 -0.2265
vn -0.4309 0.7923 0.4320
vn -0.0323 0.7446 0.6668
vn 0.4306 0.7909 -0.4348
vn -0.3454 0.7822 0.5186
vn -0.0323 0.7446 -0.6668
vn 0.3454 0.7821 -0.5186
vn -0.2433 0.7699 0.5900
vn -0.1266 0.7555 -0.6428
vn 0.2433 0.7699 -0.5900
vn -0.1266 0.7555 0.6428
vn -0.0257 0.8465 -0.5318
vn -0.1000 0.8541 -0.5104
vn -0.0533 0.9573 -0.2842
vn -0.0133 0.9572 -0.2893
vn 0.2645 0.8670 -0.4222
vn 0.1901 0.8638 -0.4667
vn 0.0698 0.9568 -0.2821
vn 0.1007 0.9538 -0.2831
vn -0.1915 0.8644 0.4649
vn -0.1000 0.8541 0.5104
vn -0.0533 0.9573 0.2842
vn -0.1044 0.9588 0.2644
vn -0.1915 0.8644 -0.4649
vn -0.1044 0.9588 -0.2644
vn 0.0996 0.8541 -0.5106
vn 0.0334 0.9564 -0.2903
vn -0.0257 0.8465 0.5318
vn -0.0133 0.9572 0.2893
vn -0.2709 0.8730 -0.4055
vn -0.1503 0.9593 -0.2392
vn 0.0255 0.8464 -0.5319
vn 0.0067 0.9569 -0.2905
vn -0.3373 0.8801 -0.3342
vn -0.1971 0.9575 -0.2104
vn 0.0255 0.8464 0.5319
vn 0.0996 0.8541 0.5106
vn 0.0334 0.9564 0.2903
vn 0.0067 0.9569 0.2905
vn -0.3894 0.8856 -0.2530
vn -0.2581 0.9498 -0.1766
vn 0.1901 0.8638 0.4667
vn 0.0698 0.9568 0.2821
vn -0.4255 0.8898 -0.1650
vn -0.3352 0.9326 -0.1338
vn 0.2645 0.8670 0.4222
vn 0.1007 0.9538 0.2831
vn -0.4443 0.8922 -0.0817
vn -0.4235 0.9024 -0.0799
vn 0.3291 0.8605 0.3889
vn 0.1330 0.9455 0.2973
vn -0.4496 0.8932 -0.0000
vn -0.4300 0.9028 -0.0000
vn 0.3978 0.8444 0.3587
vn 0.1810 0.9317 0.3149
vn -0.4443 0.8922 0.0817
vn -0.4235 0.9024 0.0799
vn 0.4488 0.8273 0.3380
vn 0.3288 0.8928 0.3080
vn -0.4255 0.8898 0.1650
vn -0.3352 0.9326 0.1338
vn -0.3894 0.8856 0.2530
vn -0.2581 0.9498 0.1766
vn 0.4475 0.8282 -0.3375
vn 0.3978 0.8444 -0.3587
vn 0.1810 0.9317 -0.3149
vn 0.3288 0.8930 -0.3073
vn -0.3373 0.8801 0.3342
vn -0.1971 0.9575 0.2104
vn 0.3291 0.8605 -0.3889
vn 0.1330 0.9455 -0.2973
vn -0.2709 0.8730 0.4055
vn -0.1503 0.9593 0.2392
vn -0.2181 0.8200 0.5292
vn -0.3080 0.8317 0.4620
vn 0.3082 0.8280 -0.4683
vn 0.3849 0.8294 -0.4049
vn -0.0292 0.7946 -0.6064
vn 0.0291 0.7945 -0.6065
vn -0.3818 0.8420 0.3811
vn 0.4558 0.8225 -0.3402
vn 0.0291 0.7945 0.6065
vn -0.0292 0.7946 0.6064
vn -0.4371 0.8515 0.2896
vn 0.5346 0.8065 -0.2524
vn -0.4719 0.8606 0.1912
vn -0.4889 0.8672 0.0948
vn 0.5329 0.8071 0.2541
vn 0.4558 0.8225 0.3402
vn -0.4938 0.8696 -0.0000
vn 0.3849 0.8294 0.4049
vn -0.4889 0.8672 -0.0948
vn 0.3082 0.8280 0.4683
vn -0.4719 0.8606 -0.1912
vn 0.2181 0.8193 0.5302
vn -0.4371 0.8515 -0.2896
vn 0.1138 0.8062 0.5806
vn -0.3818 0.8420 -0.3811
vn -0.3080 0.8317 -0.4620
vn 0.1138 0.8062 -0.5806
vn -0.2181 0.8200 -0.5292
vn -0.1138 0.8064 0.5803
vn 0.2181 0.8193 -0.5302
vn -0.1138 0.8064 -0.5803
vn 0.0285 0.9996 -0.0000
vn 0.1508 0.9886 0.0001
vn -0.0070 1.0000 -0.0000
vn -0.0295 0.9996 -0.0000
vn -0.0292 0.9996 -0.0000
vn -0.0202 0.9998 -0.0000
vn -0.0074 1.0000 -0.0000
vn -0.0063 1.0000 -0.0000
vn -0.0237 0.9997 -0.0000
vn -0.0455 0.9990 -0.0000
vn -0.0673 0.9977 -0.0000
vn -0.1122 0.9937 -0.0000
vn -0.2019 0.9794 -0.0000
vn -0.3429 0.9394 -0.0000
vn 0.6440 0.7650 -0.0001
vn 0.6232 0.7689 -0.1430
vn 0.6438 0.1612 -0.7480
vn 0.9819 -0.1894 -0.0050
vn 0.0415 -0.7077 -0.7053
vn 0.0418 -0.9991 -0.0021
vn 0.6232 0.7689 0.1429
vn 0.6432 0.1598 0.7488
vn 0.0414 -0.7076 0.7054
vn 0.4946 0.7995 -0.3409
vn 0.3276 0.8539 -0.4045
vn 0.1738 0.7604 -0.6257
vn 0.2677 0.6792 -0.6834
vn 0.0024 0.6486 -0.7612
vn 0.0154 0.4952 -0.8686
vn -0.0065 0.4205 0.9073
vn 0.0037 0.6466 0.7628
vn 0.1739 0.7604 0.6257
vn 0.2980 0.6363 0.7115
vn 0.3278 0.8538 0.4045
vn 0.5067 0.7815 0.3641
vn 0.5732 0.7323 -0.3677
vn 0.4198 0.5371 -0.7317
vn 0.2453 0.0819 -0.9660
vn 0.0964 -0.0219 0.9951
vn 0.3863 0.5285 0.7560
vn 0.5823 0.7503 0.3131
vn 0.2416 0.9704 -0.0000
vn 0.1371 0.9906 -0.0000
vn 0.0043 1.0000 -0.0000
vn 0.0002 -0.7349 0.6782
vn 0.0005 0.0201 0.9998
vn -0.0003 -1.0000 -0.0018
vn -0.0003 -0.7354 -0.6776
vn 0.0005 0.0193 -0.9998
vn 0.0014 0.6629 0.7487
vn 0.0008 1.0000 -0.0000
vn 0.0126 0.4191 0.9079
vn 0.0014 0.6636 -0.7481
vn -0.0041 0.3430 -0.9393
vn 0.9119 -0.3962 0.1073
vn 0.9152 -0.3983 -0.0608
vn 0.9282 -0.1735 -0.3292
vn 0.9394 0.0814 -0.3331
vn 0.9107 -0.3801 0.1615
vn 0.9400 0.1281 -0.3161
vn 0.9136 -0.3532 0.2016
vn 0.9437 0.1696 -0.2840
vn 0.9159 -0.3187 0.2441
vn 0.9464 0.2101 -0.2455
vn 0.9187 -0.2763 0.2822
vn 0.9488 0.2454 -0.1990
vn 0.9217 -0.2269 0.3146
vn 0.9506 0.2738 -0.1465
vn 0.9255 -0.1708 0.3380
vn 0.9522 0.2928 -0.0868
vn 0.9299 -0.1078 0.3517
vn 0.9534 0.3009 -0.0201
vn 0.9347 -0.0385 0.3533
vn 0.9540 0.2953 0.0522
vn 0.9398 0.0351 0.3399
vn 0.9535 0.2733 0.1269
vn 0.9447 0.1089 0.3094
vn 0.9519 0.2334 0.1988
vn 0.9098 0.3350 0.2448
vn -0.0154 0.9986 -0.0509
vn -0.0089 0.9984 -0.0559
vn 0.0306 0.9979 -0.0567
vn 0.0404 0.9979 -0.0501
vn 0.0619 0.9981 -0.0000
vn 0.0603 0.9981 0.0149
vn 0.0306 0.9979 0.0567
vn 0.0202 0.9980 0.0603
vn -0.0153 0.9986 0.0510
vn -0.0206 0.9988 0.0445
vn -0.0403 0.9992 -0.0059
vn -0.0206 0.9988 -0.0445
vn 0.0096 0.9981 -0.0613
vn 0.0202 0.9980 -0.0603
vn 0.0559 0.9980 -0.0287
vn 0.0603 0.9981 -0.0149
vn 0.0491 0.9980 0.0407
vn 0.0404 0.9979 0.0501
vn -0.0005 0.9982 0.0596
vn -0.0089 0.9984 0.0559
vn -0.0005 0.9982 -0.0596
vn 0.0491 0.9980 -0.0407
vn 0.0559 0.9980 0.0288
vn 0.0096 0.9981 0.0613
vn -0.0403 0.9992 0.0059
vn 0.0281 0.9978 0.0605
vn 0.0550 0.9985 0.0080
vn 0.4439 0.4620 0.7678
vn 0.3827 0.4073 0.8292
vn 0.0210 0.9974 0.0692
vn 0.2626 0.3919 0.8817
vn 0.0122 0.9970 0.0759
vn 0.1392 0.3844 0.9126
vn 0.0009 0.9967 0.0809
vn -0.0006 0.3789 0.9255
vn -0.0129 0.9965 0.0831
vn -0.1476 0.3761 0.9148
vn -0.0272 0.9963 0.0818
vn -0.2955 0.3752 0.8786
vn -0.0413 0.9962 0.0768
vn -0.4407 0.3766 0.8148
vn -0.0546 0.9962 0.0679
vn -0.5815 0.3799 0.7194
vn -0.0664 0.9963 0.0550
vn -0.7113 0.3844 0.5884
vn -0.0757 0.9964 0.0388
vn -0.8196 0.3892 0.4204
vn -0.0816 0.9965 0.0201
vn -0.8928 0.3930 0.2200
vn -0.0837 0.9965 -0.0000
vn -0.9189 0.3945 -0.0000
vn -0.0816 0.9965 -0.0201
vn -0.8928 0.3930 -0.2200
vn -0.0757 0.9964 -0.0389
vn -0.8196 0.3892 -0.4204
vn -0.0664 0.9963 -0.0550
vn -0.7113 0.3844 -0.5884
vn -0.0546 0.9962 -0.0679
vn -0.5815 0.3799 -0.7194
vn -0.0413 0.9962 -0.0768
vn -0.4407 0.3766 -0.8148
vn -0.0272 0.9963 -0.0818
vn -0.2955 0.3752 -0.8786
vn -0.0128 0.9965 -0.0831
vn -0.1476 0.3761 -0.9148
vn 0.0009 0.9967 -0.0809
vn -0.0006 0.3789 -0.9255
vn 0.0123 0.9970 -0.0759
vn 0.1392 0.3844 -0.9126
vn 0.0210 0.9974 -0.0692
vn 0.2626 0.3919 -0.8817
vn 0.0281 0.9978 -0.0605
vn 0.3827 0.4073 -0.8292
vn 0.0550 0.9985 -0.0080
vn 0.4439 0.4620 -0.7678
vn 0.8830 0.4694 -0.0000
vn 0.5000 -0.0000 0.8660
vn 0.4268 -0.0000 0.9044
vn 0.2906 -0.0000 0.9569
vn 0.1555 -0.0000 0.9878
vn 0.0025 -0.0000 1.0000
vn -0.1573 -0.0000 0.9876
vn -0.3179 -0.0000 0.9481
vn -0.4758 -0.0000 0.8795
vn -0.6294 -0.0000 0.7771
vn -0.7715 -0.0000 0.6363
vn -0.8904 -0.0000 0.4551
vn -0.9712 -0.0000 0.2383
vn -0.9712 -0.0000 -0.2383
vn -0.8904 -0.0000 -0.4551
vn -0.7715 -0.0000 -0.6363
vn -0.6294 -0.0000 -0.7771
vn -0.4758 -0.0000 -0.8795
vn -0.3179 -0.0000 -0.9481
vn -0.1573 -0.0000 -0.9876
vn 0.0025 -0.0000 -1.0000
vn 0.1555 -0.0000 -0.9878
vn 0.2906 -0.0000 -0.9569
vn 0.4268 -0.0000 -0.9044
vn 0.5000 -0.0000 -0.8660
vt 0.445729 0.455199
vt 0.330271 0.466389
vt 0.328892 0.454350
vt 0.444708 0.443469
vt 0.327761 0.442062
vt 0.443765 0.431726
vt 0.326889 0.429702
vt 0.442870 0.419965
vt 0.326291 0.417367
vt 0.442000 0.408191
vt 0.325993 0.405142
vt 0.441139 0.396407
vt 0.326039 0.393132
vt 0.440262 0.384611
vt 0.326491 0.381505
vt 0.439331 0.372793
vt 0.327361 0.370577
vt 0.438354 0.360786
vt 0.437307 0.345911
vt 0.326018 0.336137
vt 0.325148 0.325166
vt 0.438283 0.333879
vt 0.324708 0.313496
vt 0.439212 0.322035
vt 0.324684 0.301445
vt 0.440090 0.310210
vt 0.325017 0.289182
vt 0.440946 0.298392
vt 0.325663 0.276812
vt 0.441802 0.286585
vt 0.326602 0.264421
vt 0.442674 0.274796
vt 0.327830 0.252104
vt 0.443583 0.263036
vt 0.329367 0.240036
vt 0.444564 0.251312
vt 0.456394 0.252333
vt 0.447355 0.220825
vt 0.459137 0.221970
vt 0.332058 0.208880
vt 0.455510 0.263963
vt 0.454661 0.275682
vt 0.453827 0.287452
vt 0.452999 0.299256
vt 0.452167 0.311086
vt 0.451321 0.322944
vt 0.450446 0.334839
vt 0.449543 0.346833
vt 0.451487 0.371849
vt 0.450581 0.359856
vt 0.452340 0.383725
vt 0.453175 0.395542
vt 0.454009 0.407325
vt 0.454853 0.419083
vt 0.455715 0.430810
vt 0.456611 0.442491
vt 0.457578 0.454099
vt 0.460607 0.484483
vt 0.448817 0.485715
vt 0.333654 0.497517
vt 0.458723 0.567934
vt 0.348164 0.579861
vt 0.345095 0.569448
vt 0.457340 0.555919
vt 0.342242 0.558203
vt 0.455924 0.544232
vt 0.339738 0.546424
vt 0.454476 0.532526
vt 0.337615 0.534308
vt 0.453016 0.520805
vt 0.335885 0.522010
vt 0.451559 0.509077
vt 0.334555 0.509680
vt 0.450118 0.497353
vt 0.333112 0.196786
vt 0.448594 0.209189
vt 0.334538 0.184513
vt 0.450024 0.197492
vt 0.336334 0.172270
vt 0.451471 0.185797
vt 0.338503 0.160209
vt 0.452924 0.174112
vt 0.341034 0.148487
vt 0.454366 0.162443
vt 0.343899 0.137299
vt 0.455775 0.150795
vt 0.346965 0.126940
vt 0.457153 0.138820
vt 0.577392 0.824542
vt 0.575053 0.813686
vt 0.576112 0.688688
vt 0.577791 0.698627
vt 0.570662 0.803534
vt 0.572850 0.679504
vt 0.564408 0.794463
vt 0.568141 0.671255
vt 0.556532 0.786785
vt 0.562168 0.664117
vt 0.547324 0.780762
vt 0.555114 0.658085
vt 0.537111 0.776600
vt 0.547077 0.652947
vt 0.862793 0.774791
vt 0.852586 0.778985
vt 0.844811 0.656490
vt 0.852607 0.651554
vt 0.319966 0.193048
vt 0.320910 0.180305
vt 0.312386 0.428426
vt 0.311507 0.416057
vt 0.323609 0.538816
vt 0.322155 0.526154
vt 0.310169 0.290450
vt 0.311094 0.278034
vt 0.330768 0.131856
vt 0.336693 0.118900
vt 0.337819 0.587948
vt 0.331878 0.574898
vt 0.312586 0.339187
vt 0.310653 0.327172
vt 0.322422 0.167714
vt 0.311080 0.403766
vt 0.321280 0.513333
vt 0.312434 0.265547
vt 0.316491 0.240350
vt 0.319640 0.205913
vt 0.317575 0.465916
vt 0.315363 0.453361
vt 0.328398 0.563315
vt 0.309807 0.315042
vt 0.324526 0.155363
vt 0.311205 0.391569
vt 0.321021 0.500365
vt 0.314200 0.252993
vt 0.313668 0.440864
vt 0.325671 0.551241
vt 0.309706 0.302791
vt 0.327279 0.143363
vt 0.312064 0.379498
vt 0.313995 0.367545
vt 0.302271 0.377982
vt 0.304286 0.365332
vt 0.319088 0.566783
vt 0.316150 0.554312
vt 0.302819 0.341408
vt 0.300806 0.328685
vt 0.313997 0.541531
vt 0.299918 0.316071
vt 0.312540 0.528525
vt 0.299832 0.303527
vt 0.311716 0.515345
vt 0.300341 0.291001
vt 0.311484 0.501962
vt 0.301328 0.278442
vt 0.310187 0.204284
vt 0.310477 0.190994
vt 0.302742 0.265805
vt 0.308076 0.466145
vt 0.305809 0.453262
vt 0.311366 0.177894
vt 0.304585 0.253045
vt 0.304028 0.440564
vt 0.312878 0.164969
vt 0.306915 0.240081
vt 0.302669 0.427982
vt 0.315073 0.152272
vt 0.301726 0.415479
vt 0.318038 0.139887
vt 0.301254 0.403010
vt 0.321896 0.127908
vt 0.301368 0.390528
vt 0.328802 0.113478
vt 0.329861 0.593398
vt 0.322937 0.578851
vt 0.294238 0.389859
vt 0.295045 0.376966
vt 0.316291 0.581771
vt 0.312264 0.569305
vt 0.296961 0.363775
vt 0.309199 0.556493
vt 0.295448 0.342969
vt 0.293537 0.329695
vt 0.306976 0.543411
vt 0.292749 0.316728
vt 0.305493 0.530127
vt 0.292738 0.303964
vt 0.304665 0.516682
vt 0.293300 0.291294
vt 0.304421 0.503075
vt 0.294320 0.278623
vt 0.303169 0.203154
vt 0.303478 0.189627
vt 0.295747 0.265872
vt 0.301058 0.466358
vt 0.298845 0.453310
vt 0.304370 0.176264
vt 0.297578 0.252968
vt 0.297071 0.440469
vt 0.305909 0.163066
vt 0.299856 0.239847
vt 0.295696 0.427777
vt 0.308176 0.150076
vt 0.294722 0.415165
vt 0.311267 0.137359
vt 0.294198 0.402557
vt 0.315305 0.124991
vt 0.322785 0.109455
vt 0.323790 0.597440
vt 0.284455 0.402061
vt 0.284318 0.389095
vt 0.305942 0.120896
vt 0.314001 0.103808
vt 0.314923 0.603112
vt 0.306847 0.585870
vt 0.284844 0.375762
vt 0.302634 0.572825
vt 0.286361 0.361821
vt 0.299421 0.559500
vt 0.284774 0.344923
vt 0.283271 0.330889
vt 0.297108 0.545957
vt 0.282770 0.317475
vt 0.295590 0.532258
vt 0.282941 0.304436
vt 0.294746 0.518437
vt 0.283605 0.291586
vt 0.294454 0.504487
vt 0.284665 0.278776
vt 0.293280 0.201706
vt 0.293632 0.187830
vt 0.286075 0.265883
vt 0.291249 0.466731
vt 0.289161 0.453441
vt 0.294540 0.174093
vt 0.287834 0.252800
vt 0.287453 0.440422
vt 0.296119 0.160488
vt 0.289972 0.239438
vt 0.286093 0.427591
vt 0.298478 0.147048
vt 0.285079 0.414844
vt 0.301719 0.133830
vt 0.269908 0.414795
vt 0.269107 0.401796
vt 0.286041 0.128360
vt 0.290544 0.114464
vt 0.268583 0.388519
vt 0.299041 0.095338
vt 0.299815 0.611612
vt 0.291304 0.592304
vt 0.268419 0.374688
vt 0.286812 0.578279
vt 0.268806 0.359903
vt 0.283364 0.564029
vt 0.267092 0.346821
vt 0.266736 0.331933
vt 0.280895 0.549632
vt 0.266936 0.318013
vt 0.279312 0.535172
vt 0.267502 0.304656
vt 0.278455 0.520725
vt 0.268349 0.291585
vt 0.278009 0.506223
vt 0.269430 0.278596
vt 0.276963 0.199901
vt 0.277452 0.185463
vt 0.270715 0.265524
vt 0.275311 0.467678
vt 0.273616 0.453988
vt 0.278386 0.171097
vt 0.272194 0.252200
vt 0.272176 0.440725
vt 0.280044 0.156751
vt 0.273905 0.238451
vt 0.270940 0.427715
vt 0.282564 0.142480
vt 0.258467 0.428120
vt 0.257439 0.415149
vt 0.268667 0.138954
vt 0.272308 0.123965
vt 0.264033 0.507411
vt 0.261804 0.468424
vt 0.256480 0.402093
vt 0.277072 0.109189
vt 0.255583 0.388746
vt 0.285944 0.088792
vt 0.286590 0.618174
vt 0.277702 0.597580
vt 0.254710 0.374810
vt 0.272946 0.582659
vt 0.253819 0.359856
vt 0.269332 0.567520
vt 0.251997 0.346833
vt 0.252934 0.331775
vt 0.266775 0.552291
vt 0.253852 0.317747
vt 0.265155 0.537047
vt 0.254798 0.304316
vt 0.264588 0.522174
vt 0.255809 0.291183
vt 0.256892 0.278142
vt 0.262983 0.198655
vt 0.263639 0.183925
vt 0.258031 0.265022
vt 0.260667 0.454509
vt 0.264339 0.169120
vt 0.259199 0.251634
vt 0.259551 0.441177
vt 0.266055 0.154027
vt 0.260381 0.237662
vt 0.245839 0.442799
vt 0.244892 0.429745
vt 0.245550 0.236428
vt 0.247691 0.198321
vt 0.243846 0.416739
vt 0.248726 0.507679
vt 0.247021 0.469670
vt 0.242713 0.403653
vt 0.241445 0.390340
vt 0.239902 0.376575
vt 0.237523 0.361814
vt 0.235585 0.344816
vt 0.238025 0.329954
vt 0.239623 0.316096
vt 0.240947 0.302696
vt 0.249168 0.536691
vt 0.249418 0.521909
vt 0.242140 0.289529
vt 0.243250 0.276448
vt 0.248479 0.184054
vt 0.244266 0.263329
vt 0.246607 0.456039
vt 0.248381 0.169287
vt 0.245103 0.250044
vt 0.233114 0.405764
vt 0.231424 0.392309
vt 0.213223 0.102613
vt 0.224301 0.112822
vt 0.216807 0.120713
vt 0.206800 0.111223
vt 0.224375 0.592942
vt 0.213157 0.603032
vt 0.206829 0.594331
vt 0.216965 0.584949
vt 0.229378 0.378636
vt 0.201000 0.094621
vt 0.196189 0.103658
vt 0.234089 0.580880
vt 0.225722 0.573850
vt 0.226654 0.364978
vt 0.241795 0.567103
vt 0.232629 0.561309
vt 0.224644 0.341596
vt 0.227431 0.327845
vt 0.246976 0.552081
vt 0.237329 0.547727
vt 0.229538 0.314079
vt 0.239782 0.533675
vt 0.231290 0.300533
vt 0.240643 0.519759
vt 0.232877 0.287174
vt 0.240487 0.506286
vt 0.234356 0.273937
vt 0.239282 0.199613
vt 0.239662 0.186111
vt 0.235705 0.260748
vt 0.238908 0.471629
vt 0.238344 0.458483
vt 0.238970 0.172188
vt 0.236848 0.247543
vt 0.237302 0.445320
vt 0.246376 0.153891
vt 0.236689 0.158124
vt 0.237585 0.234395
vt 0.236037 0.432196
vt 0.241382 0.138830
vt 0.232160 0.144504
vt 0.234633 0.419037
vt 0.233855 0.124982
vt 0.225416 0.131900
vt 0.200819 0.610887
vt 0.196110 0.601779
vt 0.554510 0.642487
vt 0.538687 0.646986
vt 0.546120 0.636525
vt 0.562919 0.648790
vt 0.570831 0.656148
vt 0.577766 0.664887
vt 0.583236 0.674944
vt 0.586905 0.685941
vt 0.588809 0.697299
vt 0.812903 0.683292
vt 0.823958 0.686529
vt 0.822219 0.696687
vt 0.810657 0.695077
vt 0.817022 0.672214
vt 0.827283 0.677269
vt 0.822900 0.662403
vt 0.832015 0.669128
vt 0.830083 0.654207
vt 0.837930 0.662235
vt 0.837940 0.647572
vt 0.845761 0.641980
vt 0.853441 0.636488
vt 0.860287 0.646063
vt 0.824557 0.812361
vt 0.822156 0.823353
vt 0.829030 0.802062
vt 0.835378 0.792854
vt 0.843335 0.785071
vt 0.460360 0.210437
vt 0.988319 0.359856
vt 0.993488 0.459660
vt 0.861184 0.459694
vt 0.862214 0.359890
vt 0.282580 0.047992
vt 0.281137 0.058159
vt 0.265626 0.056119
vt 0.267024 0.046248
vt 0.283792 0.037792
vt 0.268198 0.036347
vt 0.284765 0.027567
vt 0.269142 0.026421
vt 0.284505 0.689319
vt 0.284865 0.699601
vt 0.269176 0.699960
vt 0.268827 0.689978
vt 0.285494 0.017320
vt 0.269849 0.016473
vt 0.283898 0.679049
vt 0.268239 0.680008
vt 0.285977 0.007058
vt 0.270317 0.006512
vt 0.283047 0.668797
vt 0.267414 0.670056
vt 0.281957 0.658569
vt 0.266357 0.660127
vt 0.280634 0.648369
vt 0.265076 0.650225
vt 0.279088 0.638203
vt 0.263578 0.640356
vt 0.279471 0.068291
vt 0.264011 0.065955
vt 0.259051 0.615322
vt 0.274591 0.613241
vt 0.274682 0.093159
vt 0.259190 0.090895
vt 0.461883 0.496036
vt 0.810657 0.823385
vt 0.588809 0.824563
vt 0.229865 0.092404
vt 0.237935 0.102527
vt 0.250523 0.564953
vt 0.248670 0.578722
vt 0.254115 0.591215
vt 0.252487 0.603327
vt 0.248689 0.614647
vt 0.244225 0.114293
vt 0.248837 0.091445
vt 0.244346 0.591709
vt 0.248386 0.127312
vt 0.252493 0.102792
vt 0.250071 0.141082
vt 0.266223 0.142091
vt 0.253973 0.114904
vt 0.269884 0.116915
vt 0.237904 0.603417
vt 0.229701 0.613457
vt 0.266712 0.564138
vt 0.270073 0.589393
vt 0.220501 0.083825
vt 0.220219 0.621935
vt 0.209338 0.628565
vt 0.209718 0.077075
vt 0.105211 0.271581
vt 0.177977 0.271581
vt 0.177816 0.297164
vt 0.105178 0.295905
vt 0.177435 0.320866
vt 0.105041 0.318368
vt 0.176638 0.345394
vt 0.104574 0.341482
vt 0.175391 0.368655
vt 0.103682 0.363322
vt 0.173923 0.388204
vt 0.102499 0.381690
vt 0.172308 0.404922
vt 0.101047 0.397438
vt 0.170421 0.421614
vt 0.099150 0.413146
vt 0.167806 0.441048
vt 0.096433 0.431386
vt 0.164221 0.464072
vt 0.092693 0.453008
vt 0.159967 0.488250
vt 0.088255 0.475854
vt 0.155528 0.511550
vt 0.083618 0.498079
vt 0.150589 0.536650
vt 0.078468 0.522290
vt 0.078469 0.020872
vt 0.150589 0.006512
vt 0.155528 0.031612
vt 0.083618 0.045083
vt 0.159967 0.054912
vt 0.088255 0.067308
vt 0.164221 0.079090
vt 0.092693 0.090154
vt 0.167806 0.102114
vt 0.096433 0.111776
vt 0.170421 0.121548
vt 0.099150 0.130016
vt 0.172308 0.138240
vt 0.101047 0.145724
vt 0.173923 0.154958
vt 0.102499 0.161472
vt 0.175391 0.174507
vt 0.103682 0.179840
vt 0.176638 0.197768
vt 0.104574 0.201680
vt 0.177435 0.222296
vt 0.105041 0.224794
vt 0.177816 0.245998
vt 0.105178 0.247257
vt 0.097101 0.779436
vt 0.080725 0.781370
vt 0.064555 0.777877
vt 0.048340 0.767002
vt 0.136205 0.567587
vt 0.154012 0.589822
vt 0.141651 0.597727
vt 0.127207 0.578596
vt 0.143125 0.762454
vt 0.122472 0.782776
vt 0.114693 0.770336
vt 0.131793 0.752947
vt 0.006512 0.667701
vt 0.010372 0.637297
vt 0.024795 0.640526
vt 0.021400 0.668618
vt 0.010279 0.727358
vt 0.006512 0.698468
vt 0.021391 0.697025
vt 0.024567 0.723002
vt 0.116373 0.555177
vt 0.111313 0.567760
vt 0.157325 0.735824
vt 0.143898 0.729721
vt 0.021103 0.755825
vt 0.033575 0.747790
vt 0.097702 0.549674
vt 0.093876 0.563635
vt 0.164669 0.708129
vt 0.150229 0.704889
vt 0.039200 0.778417
vt 0.073149 0.553044
vt 0.091716 0.549783
vt 0.076877 0.565888
vt 0.168528 0.677711
vt 0.153639 0.676790
vt 0.059956 0.791142
vt 0.052054 0.563207
vt 0.059755 0.575167
vt 0.168528 0.646957
vt 0.153665 0.648392
vt 0.080040 0.794908
vt 0.031797 0.583200
vt 0.043038 0.592541
vt 0.164770 0.618124
vt 0.150530 0.622444
vt 0.100346 0.793161
vt 0.017701 0.609662
vt 0.031082 0.615719
vt 0.011681 0.807931
vt 0.137786 0.807965
vt 0.138816 0.907769
vt 0.006512 0.907736
vt 0.138816 0.912414
vt 0.019145 0.912414
vt 0.861184 0.464339
vt 0.980855 0.464339
vt 0.138816 0.966035
vt 0.051383 0.966035
vt 0.047142 0.950438
vt 0.138816 0.950438
vt 0.138816 0.933667
vt 0.038815 0.933667
vt 0.138816 0.924865
vt 0.031864 0.924865
vt 0.138816 0.919155
vt 0.026668 0.919155
vt 0.861184 0.517959
vt 0.861184 0.502362
vt 0.952859 0.502362
vt 0.948617 0.517959
vt 0.961185 0.485591
vt 0.861184 0.485591
vt 0.968136 0.476790
vt 0.861184 0.476790
vt 0.973333 0.471080
vt 0.861184 0.471080
vt 0.686930 0.102588
vt 0.681278 0.104451
vt 0.669635 0.089434
vt 0.674714 0.085193
vt 0.652212 0.072212
vt 0.656417 0.067507
vt 0.631981 0.055635
vt 0.635707 0.050672
vt 0.611760 0.041809
vt 0.615016 0.036577
vt 0.593836 0.031772
vt 0.596584 0.026300
vt 0.576219 0.024005
vt 0.578418 0.018331
vt 0.558532 0.018199
vt 0.560154 0.012356
vt 0.541048 0.014344
vt 0.542033 0.008347
vt 0.523913 0.012634
vt 0.524156 0.006512
vt 0.507318 0.013186
vt 0.506707 0.007009
vt 0.491310 0.016117
vt 0.489787 0.009962
vt 0.475492 0.021563
vt 0.473383 0.015280
vt 0.473383 0.287641
vt 0.475417 0.281759
vt 0.490630 0.287213
vt 0.488969 0.293030
vt 0.506132 0.290423
vt 0.505279 0.296421
vt 0.522381 0.291442
vt 0.522366 0.297472
vt 0.539288 0.290270
vt 0.540024 0.296223
vt 0.556624 0.286980
vt 0.558012 0.292805
vt 0.574213 0.281750
vt 0.576186 0.287424
vt 0.591789 0.274558
vt 0.594318 0.280050
vt 0.609731 0.265122
vt 0.612773 0.270389
vt 0.630035 0.252044
vt 0.633525 0.257045
vt 0.650374 0.236504
vt 0.654234 0.241211
vt 0.667953 0.220830
vt 0.672360 0.225099
vt 0.679577 0.206627
vt 0.685970 0.208960
vt 0.666453 0.844397
vt 0.650572 0.834210
vt 0.656386 0.826031
vt 0.670359 0.835082
vt 0.774851 0.802586
vt 0.763757 0.819606
vt 0.756231 0.813149
vt 0.766083 0.798132
vt 0.619434 0.684923
vt 0.631635 0.659501
vt 0.639016 0.672315
vt 0.628739 0.694224
vt 0.752383 0.644372
vt 0.767061 0.659280
vt 0.759974 0.671685
vt 0.748308 0.656249
vt 0.636569 0.820354
vt 0.644044 0.813779
vt 0.749996 0.833550
vt 0.744124 0.825520
vt 0.646306 0.643519
vt 0.650857 0.656441
vt 0.779339 0.684060
vt 0.770171 0.693406
vt 0.625258 0.803419
vt 0.633987 0.798862
vt 0.734416 0.843829
vt 0.730434 0.834705
vt 0.787267 0.712511
vt 0.777050 0.718305
vt 0.616804 0.784234
vt 0.626469 0.781877
vt 0.717845 0.850118
vt 0.715811 0.840346
vt 0.789823 0.739818
vt 0.779355 0.742416
vt 0.611510 0.763511
vt 0.621749 0.763448
vt 0.700726 0.852338
vt 0.700610 0.842324
vt 0.788171 0.762545
vt 0.777920 0.762596
vt 0.609612 0.740848
vt 0.620078 0.743321
vt 0.683416 0.850428
vt 0.685282 0.840558
vt 0.783099 0.783333
vt 0.773416 0.781084
vt 0.611775 0.713588
vt 0.622077 0.719255
vt 0.625055 0.654872
vt 0.642541 0.636489
vt 0.769962 0.824501
vt 0.755166 0.839873
vt 0.645428 0.840651
vt 0.630391 0.825339
vt 0.756018 0.636489
vt 0.773509 0.654652
vt 0.611608 0.681961
vt 0.781754 0.806216
vt 0.663031 0.851646
vt 0.603905 0.712307
vt 0.790439 0.785715
vt 0.681754 0.858160
vt 0.601832 0.740948
vt 0.795655 0.763736
vt 0.700921 0.860115
vt 0.604049 0.764779
vt 0.797633 0.739831
vt 0.719670 0.857462
vt 0.609487 0.786692
vt 0.795236 0.711052
vt 0.737868 0.850898
vt 0.618381 0.807127
vt 0.786877 0.681076
vt 0.339070 0.730077
vt 0.348939 0.712983
vt 0.456562 0.712983
vt 0.466431 0.730077
vt 0.330804 0.752151
vt 0.474697 0.752151
vt 0.325015 0.776724
vt 0.480486 0.776724
vt 0.323086 0.800521
vt 0.482415 0.800521
vt 0.324617 0.820657
vt 0.480884 0.820657
vt 0.329150 0.839185
vt 0.476351 0.839185
vt 0.336512 0.856260
vt 0.468989 0.856260
vt 0.346419 0.871226
vt 0.459082 0.871226
vt 0.358491 0.883509
vt 0.447010 0.883509
vt 0.372264 0.892636
vt 0.433237 0.892636
vt 0.387209 0.898256
vt 0.418292 0.898256
vt 0.402751 0.900154
vt 0.499911 0.331001
vt 0.511644 0.328953
vt 0.512121 0.331096
vt 0.500534 0.334171
vt 0.512626 0.333322
vt 0.501302 0.336888
vt 0.553020 0.310496
vt 0.563464 0.313964
vt 0.563111 0.315900
vt 0.552269 0.313004
vt 0.562848 0.317810
vt 0.551618 0.315961
vt 0.562714 0.319850
vt 0.551205 0.319003
vt 0.562728 0.321950
vt 0.551046 0.322118
vt 0.562854 0.324081
vt 0.551134 0.325256
vt 0.563142 0.326235
vt 0.551518 0.328416
vt 0.563464 0.328465
vt 0.552073 0.331143
vt 0.502737 0.310496
vt 0.512627 0.314862
vt 0.512099 0.316721
vt 0.501769 0.312878
vt 0.511659 0.318563
vt 0.500857 0.315710
vt 0.511326 0.320543
vt 0.500169 0.318646
vt 0.511110 0.322599
vt 0.499701 0.321643
vt 0.511107 0.324701
vt 0.499506 0.324714
vt 0.511292 0.326823
vt 0.499572 0.327841
vt 0.474605 0.315746
vt 0.485454 0.318431
vt 0.485117 0.320415
vt 0.473961 0.318681
vt 0.484910 0.322466
vt 0.473536 0.321674
vt 0.484907 0.324557
vt 0.473383 0.324738
vt 0.485051 0.326669
vt 0.473468 0.327824
vt 0.485404 0.328783
vt 0.473840 0.330935
vt 0.485907 0.330906
vt 0.474489 0.334051
vt 0.486480 0.333121
vt 0.475430 0.337138
vt 0.527671 0.310496
vt 0.538021 0.313992
vt 0.537660 0.315912
vt 0.526913 0.312981
vt 0.537389 0.317807
vt 0.526252 0.315914
vt 0.537246 0.319832
vt 0.525826 0.318931
vt 0.537251 0.321917
vt 0.525652 0.322021
vt 0.537370 0.324038
vt 0.525723 0.325136
vt 0.537661 0.326188
vt 0.526087 0.328273
vt 0.538020 0.328432
vt 0.526740 0.331409
vt 0.476439 0.310496
vt 0.486481 0.314722
vt 0.485943 0.316589
vt 0.475505 0.312913
vt 0.562850 0.317810
vt 0.562717 0.319850
vt 0.511112 0.322600
vt 0.511109 0.324701
vt 0.485910 0.330906
vt 0.486483 0.333120
vt 0.511646 0.328953
vt 0.512123 0.331096
vt 0.485945 0.316589
vt 0.485456 0.318432
vt 0.512629 0.314863
vt 0.512101 0.316722
vt 0.484912 0.322467
vt 0.484909 0.324557
vt 0.537253 0.321917
vt 0.537372 0.324038
vt 0.562730 0.321949
vt 0.511295 0.326823
vt 0.538023 0.313992
vt 0.537662 0.315912
vt 0.512629 0.333322
vt 0.511661 0.318563
vt 0.485053 0.326669
vt 0.537663 0.326187
vt 0.562857 0.324081
vt 0.537391 0.317807
vt 0.563466 0.313964
vt 0.563113 0.315900
vt 0.511328 0.320543
vt 0.485407 0.328783
vt 0.538023 0.328432
vt 0.485119 0.320415
vt 0.563145 0.326234
vt 0.537249 0.319832
vt 0.486483 0.314723
vt 0.563466 0.328465
vt 0.581175 0.317518
vt 0.581175 0.319634
vt 0.580414 0.319550
vt 0.580414 0.317601
vt 0.578535 0.311856
vt 0.579823 0.313535
vt 0.579169 0.313932
vt 0.577983 0.312385
vt 0.614641 0.314092
vt 0.615099 0.316158
vt 0.614338 0.316241
vt 0.613916 0.314338
vt 0.580717 0.315452
vt 0.579992 0.315698
vt 0.576915 0.310496
vt 0.576490 0.311132
vt 0.613747 0.312175
vt 0.613093 0.312571
vt 0.629474 0.312175
vt 0.630761 0.310496
vt 0.631314 0.311025
vt 0.630128 0.312571
vt 0.612459 0.310496
vt 0.611907 0.311025
vt 0.594656 0.315452
vt 0.595550 0.313535
vt 0.596204 0.313932
vt 0.595381 0.315698
vt 0.628580 0.314092
vt 0.629305 0.314338
vt 0.596838 0.311856
vt 0.598458 0.310496
vt 0.598883 0.311132
vt 0.597390 0.312385
vt 0.594198 0.317518
vt 0.594959 0.317601
vt 0.628122 0.316158
vt 0.628883 0.316241
vt 0.594198 0.319634
vt 0.594959 0.319550
vt 0.628122 0.318273
vt 0.628883 0.318190
vt 0.594656 0.321699
vt 0.595381 0.321453
vt 0.628580 0.320339
vt 0.629305 0.320093
vt 0.595550 0.323617
vt 0.596204 0.323220
vt 0.629474 0.322256
vt 0.630128 0.321859
vt 0.596838 0.325295
vt 0.597390 0.324766
vt 0.630761 0.323935
vt 0.631314 0.323406
vt 0.598458 0.326656
vt 0.598883 0.326019
vt 0.578535 0.325295
vt 0.576915 0.326655
vt 0.576490 0.326019
vt 0.577983 0.324766
vt 0.613747 0.322256
vt 0.612459 0.323935
vt 0.611907 0.323406
vt 0.613093 0.321859
vt 0.579823 0.323617
vt 0.579169 0.323220
vt 0.614641 0.320339
vt 0.613916 0.320093
vt 0.580717 0.321699
vt 0.579992 0.321453
vt 0.615099 0.318273
vt 0.614338 0.318190
vt 0.650447 0.344633
vt 0.649701 0.342832
vt 0.649701 0.340883
vt 0.650447 0.339082
vt 0.651825 0.346011
vt 0.651825 0.337704
vt 0.653626 0.346757
vt 0.653626 0.336958
vt 0.613856 0.346757
vt 0.611907 0.346757
vt 0.611907 0.336958
vt 0.613856 0.336958
vt 0.615656 0.346011
vt 0.615656 0.337704
vt 0.617034 0.344633
vt 0.617034 0.339082
vt 0.617780 0.342832
vt 0.617780 0.340883
vt 0.647517 0.312620
vt 0.648263 0.314421
vt 0.648263 0.316370
vt 0.647517 0.318170
vt 0.646138 0.311242
vt 0.646138 0.319549
vt 0.644338 0.310496
vt 0.644338 0.320295
vt 0.632753 0.346757
vt 0.630804 0.346757
vt 0.630804 0.336958
vt 0.632753 0.336958
vt 0.634553 0.346011
vt 0.634553 0.337704
vt 0.635932 0.344633
vt 0.635932 0.339082
vt 0.636678 0.342832
vt 0.636678 0.340883
vt 0.836288 0.359856
vt 0.836118 0.366580
vt 0.825504 0.365821
vt 0.825527 0.360469
vt 0.848161 0.359875
vt 0.847763 0.367795
vt 0.202873 0.712983
vt 0.203043 0.719707
vt 0.191399 0.720922
vt 0.191001 0.713002
vt 0.213634 0.713596
vt 0.213657 0.718948
vt 0.224466 0.714235
vt 0.224479 0.718151
vt 0.814683 0.365024
vt 0.814696 0.361108
vt 0.835229 0.372712
vt 0.824849 0.370564
vt 0.846528 0.375279
vt 0.203933 0.725839
vt 0.192633 0.728406
vt 0.214312 0.723691
vt 0.225106 0.721396
vt 0.235212 0.716131
vt 0.235697 0.718156
vt 0.814056 0.368269
vt 0.803464 0.365029
vt 0.803950 0.363004
vt 0.833666 0.378313
vt 0.823663 0.374774
vt 0.844460 0.382248
vt 0.205496 0.731440
vt 0.194701 0.735375
vt 0.215498 0.727901
vt 0.226007 0.724104
vt 0.236222 0.719587
vt 0.813154 0.370977
vt 0.802939 0.366460
vt 0.831448 0.383354
vt 0.822036 0.378517
vt 0.841666 0.388623
vt 0.207714 0.736481
vt 0.197495 0.741750
vt 0.217125 0.731644
vt 0.227102 0.726411
vt 0.236783 0.720665
vt 0.812060 0.373284
vt 0.802379 0.367538
vt 0.828744 0.387834
vt 0.820032 0.381829
vt 0.838250 0.394329
vt 0.210417 0.740961
vt 0.200911 0.747456
vt 0.219129 0.734956
vt 0.228407 0.728452
vt 0.239167 0.720763
vt 0.810755 0.375325
vt 0.799995 0.367636
vt 0.825671 0.391755
vt 0.817727 0.384743
vt 0.834388 0.399315
vt 0.213491 0.744882
vt 0.204774 0.752442
vt 0.221435 0.737870
vt 0.229890 0.730327
vt 0.239849 0.721607
vt 0.809272 0.377200
vt 0.799313 0.368480
vt 0.822342 0.395148
vt 0.815178 0.387306
vt 0.830252 0.403595
vt 0.216820 0.748275
vt 0.208910 0.756722
vt 0.223983 0.740433
vt 0.231579 0.732057
vt 0.240704 0.722483
vt 0.807583 0.378930
vt 0.798458 0.369356
vt 0.818860 0.398054
vt 0.812462 0.389537
vt 0.825984 0.407225
vt 0.220302 0.751181
vt 0.213177 0.760352
vt 0.226699 0.742664
vt 0.233444 0.733640
vt 0.241740 0.723381
vt 0.805718 0.380513
vt 0.797421 0.370254
vt 0.815306 0.400521
vt 0.809652 0.391448
vt 0.821694 0.410282
vt 0.223855 0.753648
vt 0.217468 0.763409
vt 0.229509 0.744575
vt 0.235423 0.735053
vt 0.242919 0.724255
vt 0.803739 0.381926
vt 0.796243 0.371128
vt 0.811748 0.402594
vt 0.806826 0.393045
vt 0.817456 0.412842
vt 0.227414 0.755721
vt 0.221706 0.765969
vt 0.232336 0.746172
vt 0.237427 0.736264
vt 0.244160 0.725052
vt 0.801734 0.383137
vt 0.795001 0.371926
vt 0.808582 0.404152
vt 0.804067 0.394326
vt 0.813929 0.414677
vt 0.230579 0.757279
vt 0.225233 0.767804
vt 0.235094 0.747453
vt 0.239716 0.737421
vt 0.245975 0.726053
vt 0.799445 0.384294
vt 0.793186 0.372926
vt 0.809003 0.417250
vt 0.803165 0.406887
vt 0.235996 0.760014
vt 0.230159 0.770377
vt 0.241185 0.750434
vt 0.246416 0.740919
vt 0.252897 0.729939
vt 0.792746 0.387792
vt 0.786264 0.376812
vt 0.797977 0.397307
vt 0.800066 0.408662
vt 0.794534 0.399272
vt 0.806212 0.418882
vt 0.239095 0.761789
vt 0.232949 0.772009
vt 0.244628 0.752399
vt 0.250161 0.743133
vt 0.256881 0.732372
vt 0.789000 0.390006
vt 0.782280 0.379245
vt 0.786528 0.417923
vt 0.779890 0.409225
vt 0.793950 0.427312
vt 0.252634 0.771050
vt 0.245212 0.780439
vt 0.259272 0.762352
vt 0.265803 0.753842
vt 0.273560 0.743978
vt 0.773359 0.400715
vt 0.765602 0.390851
vt 0.777920 0.425440
vt 0.774383 0.429559
vt 0.765307 0.423233
vt 0.770094 0.417657
vt 0.783356 0.420476
vt 0.776379 0.412005
vt 0.791147 0.429611
vt 0.255806 0.773603
vt 0.248014 0.782738
vt 0.262782 0.765132
vt 0.269597 0.756886
vt 0.277679 0.747330
vt 0.769565 0.403759
vt 0.761483 0.394203
vt 0.780450 0.423009
vt 0.773089 0.414828
vt 0.788653 0.431825
vt 0.258711 0.776136
vt 0.250509 0.784952
vt 0.266073 0.767955
vt 0.273221 0.760037
vt 0.281689 0.750862
vt 0.765940 0.406910
vt 0.757473 0.397735
vt 0.786585 0.433837
vt 0.261242 0.778567
vt 0.252577 0.786964
vt 0.269068 0.770784
vt 0.276629 0.763300
vt 0.285562 0.754619
vt 0.762532 0.410173
vt 0.753600 0.401493
vt 0.784187 0.436582
vt 0.264779 0.782686
vt 0.254975 0.789709
vt 0.273855 0.776360
vt 0.282589 0.770298
vt 0.292749 0.763165
vt 0.756573 0.417171
vt 0.746412 0.410038
vt 0.770623 0.435581
vt 0.760942 0.430230
vt 0.781102 0.441415
vt 0.268538 0.788708
vt 0.258059 0.794542
vt 0.278219 0.783357
vt 0.287563 0.778220
vt 0.298433 0.772254
vt 0.751599 0.425093
vt 0.740729 0.419127
vt 0.767710 0.441689
vt 0.757478 0.437447
vt 0.778733 0.446276
vt 0.271451 0.794816
vt 0.260429 0.799403
vt 0.281684 0.790574
vt 0.291569 0.786484
vt 0.302989 0.781763
vt 0.747592 0.433357
vt 0.736173 0.428636
vt 0.765492 0.447909
vt 0.754879 0.444851
vt 0.777002 0.451248
vt 0.273670 0.801036
vt 0.262160 0.804375
vt 0.284283 0.797978
vt 0.294518 0.795015
vt 0.306420 0.791554
vt 0.744643 0.441888
vt 0.732741 0.438427
vt 0.764004 0.454278
vt 0.753135 0.452411
vt 0.775830 0.456349
vt 0.275158 0.807405
vt 0.263332 0.809476
vt 0.286027 0.805538
vt 0.296509 0.803715
vt 0.308728 0.801561
vt 0.742653 0.450588
vt 0.730433 0.448434
vt 0.763219 0.460784
vt 0.752224 0.460099
vt 0.775205 0.461587
vt 0.275943 0.813911
vt 0.263957 0.814714
vt 0.286938 0.813226
vt 0.297548 0.812537
vt 0.309934 0.811697
vt 0.741613 0.459410
vt 0.729228 0.458570
vt 0.763127 0.467410
vt 0.752133 0.467878
vt 0.775131 0.466964
vt 0.276035 0.820537
vt 0.264031 0.820091
vt 0.287029 0.821005
vt 0.297652 0.821429
vt 0.310062 0.821885
vt 0.741509 0.468302
vt 0.729099 0.468758
vt 0.763730 0.474128
vt 0.752852 0.475712
vt 0.775621 0.472465
vt 0.275432 0.827254
vt 0.263541 0.825592
vt 0.286309 0.828839
vt 0.296835 0.830342
vt 0.309139 0.832059
vt 0.742327 0.477215
vt 0.730023 0.478932
vt 0.765036 0.480906
vt 0.754381 0.483560
vt 0.776695 0.478070
vt 0.274126 0.834033
vt 0.262466 0.831197
vt 0.284781 0.836687
vt 0.295107 0.839229
vt 0.307184 0.842161
vt 0.744055 0.486102
vt 0.731977 0.489034
vt 0.767056 0.487712
vt 0.756720 0.491382
vt 0.778380 0.483751
vt 0.272105 0.840839
vt 0.260782 0.836878
vt 0.282441 0.844509
vt 0.292472 0.848041
vt 0.304215 0.852135
vt 0.746690 0.494914
vt 0.734947 0.499008
vt 0.769808 0.494512
vt 0.759876 0.499136
vt 0.780705 0.489474
vt 0.269353 0.847639
vt 0.258457 0.842601
vt 0.279285 0.852262
vt 0.288929 0.856727
vt 0.300241 0.861931
vt 0.750232 0.503600
vt 0.738920 0.508805
vt 0.773311 0.501283
vt 0.763855 0.506780
vt 0.783712 0.495204
vt 0.265850 0.854410
vt 0.255450 0.848331
vt 0.275307 0.859907
vt 0.284468 0.865222
vt 0.295261 0.871506
vt 0.754694 0.512095
vt 0.743900 0.518379
vt 0.777541 0.507763
vt 0.768668 0.514274
vt 0.787175 0.500592
vt 0.261621 0.860890
vt 0.251987 0.853719
vt 0.270493 0.867401
vt 0.279046 0.873693
vt 0.289001 0.881099
vt 0.760116 0.520566
vt 0.750161 0.527972
vt 0.782250 0.513297
vt 0.774351 0.521048
vt 0.790779 0.504908
vt 0.256911 0.866424
vt 0.248383 0.858035
vt 0.264811 0.874174
vt 0.272419 0.881641
vt 0.281199 0.890281
vt 0.766743 0.528514
vt 0.757962 0.537154
vt 0.787472 0.517893
vt 0.780828 0.526691
vt 0.794774 0.508375
vt 0.251690 0.871020
vt 0.244387 0.861502
vt 0.258333 0.879818
vt 0.264748 0.888279
vt 0.272268 0.898109
vt 0.774414 0.535152
vt 0.766893 0.544982
vt 0.793446 0.521863
vt 0.787958 0.531368
vt 0.799552 0.511547
vt 0.245716 0.874990
vt 0.239609 0.864674
vt 0.251203 0.884495
vt 0.256531 0.893682
vt 0.262823 0.904388
vt 0.782631 0.540556
vt 0.776338 0.551261
vt 0.800072 0.525273
vt 0.795573 0.535232
vt 0.805111 0.514427
vt 0.239089 0.878400
vt 0.234051 0.867554
vt 0.243588 0.888359
vt 0.247980 0.898044
vt 0.253184 0.909354
vt 0.791182 0.544917
vt 0.785977 0.556227
vt 0.807167 0.528156
vt 0.803480 0.538399
vt 0.811305 0.516973
vt 0.231995 0.881283
vt 0.227856 0.870100
vt 0.235682 0.891526
vt 0.239297 0.901542
vt 0.243588 0.913257
vt 0.799864 0.548415
vt 0.795574 0.560130
vt 0.814497 0.530546
vt 0.811464 0.540965
vt 0.817906 0.519154
vt 0.224664 0.883673
vt 0.221256 0.872280
vt 0.227697 0.894092
vt 0.230683 0.904327
vt 0.234231 0.916311
vt 0.808479 0.551200
vt 0.804931 0.563184
vt 0.821812 0.532490
vt 0.819295 0.543014
vt 0.824648 0.520971
vt 0.217349 0.885617
vt 0.214514 0.874098
vt 0.219866 0.896141
vt 0.222347 0.906520
vt 0.225310 0.918686
vt 0.816814 0.553393
vt 0.813852 0.565559
vt 0.828852 0.534043
vt 0.826730 0.544621
vt 0.831260 0.522455
vt 0.210310 0.887170
vt 0.207901 0.875582
vt 0.212431 0.897748
vt 0.214516 0.908225
vt 0.217040 0.920518
vt 0.824646 0.555099
vt 0.822122 0.567391
vt 0.835364 0.535271
vt 0.833513 0.545860
vt 0.837490 0.523655
vt 0.203798 0.888398
vt 0.201671 0.876782
vt 0.205649 0.898986
vt 0.207431 0.909536
vt 0.209671 0.921921
vt 0.831730 0.556409
vt 0.829491 0.568794
vt 0.841124 0.536247
vt 0.839397 0.546827
vt 0.843136 0.524641
vt 0.198037 0.889374
vt 0.196025 0.877768
vt 0.199765 0.899954
vt 0.848161 0.525507
vt 0.846029 0.537091
vt 0.193132 0.890218
vt 0.191001 0.878634
vt 0.501187 0.667676
vt 0.500446 0.664774
vt 0.503538 0.663651
vt 0.503937 0.666027
vt 0.487422 0.664774
vt 0.486681 0.667676
vt 0.483931 0.666027
vt 0.484330 0.663651
vt 0.487088 0.644624
vt 0.483837 0.644520
vt 0.500780 0.644624
vt 0.500806 0.642514
vt 0.504066 0.640934
vt 0.504031 0.644520
vt 0.485328 0.670294
vt 0.482961 0.668187
vt 0.500740 0.640897
vt 0.504024 0.639427
vt 0.483470 0.672479
vt 0.481445 0.670049
vt 0.500446 0.639673
vt 0.503800 0.638253
vt 0.481342 0.674225
vt 0.479386 0.671566
vt 0.487422 0.639673
vt 0.487128 0.640896
vt 0.483844 0.639427
vt 0.484068 0.638253
vt 0.506527 0.674225
vt 0.504398 0.672479
vt 0.506423 0.670049
vt 0.508482 0.671566
vt 0.487062 0.642514
vt 0.483802 0.640934
vt 0.502540 0.670295
vt 0.504907 0.668187
vt 0.506533 0.638553
vt 0.506574 0.639785
vt 0.478712 0.664112
vt 0.479977 0.662685
vt 0.506407 0.637589
vt 0.476973 0.665004
vt 0.481335 0.638553
vt 0.481461 0.637589
vt 0.509157 0.664112
vt 0.510895 0.665004
vt 0.481294 0.639785
vt 0.507892 0.662685
vt 0.478337 0.644991
vt 0.507155 0.660890
vt 0.509531 0.644991
vt 0.506936 0.658897
vt 0.480714 0.660890
vt 0.480932 0.658897
vt 0.511653 0.661444
vt 0.511892 0.659289
vt 0.476215 0.661444
vt 0.475977 0.659289
vt 0.511330 0.663273
vt 0.476538 0.663273
vt 0.511990 0.644968
vt 0.475878 0.644968
vt 0.511732 0.638033
vt 0.511604 0.639339
vt 0.474906 0.639193
vt 0.476265 0.639339
vt 0.511820 0.636525
vt 0.511677 0.637171
vt 0.476136 0.638033
vt 0.476192 0.637171
vt 0.512778 0.637677
vt 0.512962 0.639193
vt 0.475090 0.637677
vt 0.476048 0.636525
vt 0.032119 0.248952
vt 0.032147 0.271581
vt 0.032123 0.228029
vt 0.031839 0.206322
vt 0.031126 0.185698
vt 0.030082 0.168346
vt 0.028685 0.153510
vt 0.026898 0.138715
vt 0.024226 0.121539
vt 0.020516 0.101245
vt 0.016115 0.079993
vt 0.011539 0.059574
vt 0.006512 0.037511
vt 0.011539 0.483588
vt 0.006512 0.505651
vt 0.016115 0.463169
vt 0.020516 0.441917
vt 0.024226 0.421623
vt 0.026898 0.404447
vt 0.028685 0.389652
vt 0.030082 0.374816
vt 0.031126 0.357464
vt 0.031839 0.336840
vt 0.032123 0.315133
vt 0.032119 0.294210
vt 0.215032 0.339580
vt 0.217648 0.326149
vt 0.223705 0.557291
vt 0.227842 0.545147
vt 0.219812 0.312651
vt 0.230128 0.532359
vt 0.221681 0.299245
vt 0.231026 0.519327
vt 0.223373 0.285966
vt 0.231019 0.506328
vt 0.224926 0.272808
vt 0.229862 0.199439
vt 0.230037 0.186421
vt 0.226306 0.259743
vt 0.229601 0.472159
vt 0.228949 0.459204
vt 0.229306 0.173384
vt 0.227424 0.246736
vt 0.227945 0.446254
vt 0.227183 0.160584
vt 0.228205 0.233752
vt 0.226660 0.433264
vt 0.223201 0.148408
vt 0.225190 0.420191
vt 0.217288 0.137147
vt 0.223569 0.407004
vt 0.209678 0.127047
vt 0.191001 0.594573
vt 0.200854 0.587200
vt 0.221765 0.393691
vt 0.200749 0.118271
vt 0.209902 0.578518
vt 0.219663 0.380287
vt 0.191001 0.110791
vt 0.217646 0.568496
vt 0.217108 0.366948
vt 0.489141 0.525460
vt 0.487713 0.510135
vt 0.508853 0.507478
vt 0.509764 0.520392
vt 0.501216 0.424717
vt 0.509107 0.411557
vt 0.525911 0.424877
vt 0.519431 0.435868
vt 0.703099 0.509275
vt 0.701788 0.524749
vt 0.680973 0.519813
vt 0.681745 0.506858
vt 0.518592 0.399556
vt 0.533869 0.414807
vt 0.698595 0.539861
vt 0.678522 0.532470
vt 0.529458 0.388808
vt 0.543203 0.405764
vt 0.693587 0.554381
vt 0.674444 0.544687
vt 0.541483 0.379298
vt 0.553843 0.397804
vt 0.686882 0.568125
vt 0.668823 0.556327
vt 0.554472 0.370903
vt 0.565833 0.390956
vt 0.678636 0.580949
vt 0.661764 0.567264
vt 0.635863 0.370866
vt 0.648810 0.379190
vt 0.636555 0.397640
vt 0.624601 0.390851
vt 0.669023 0.592764
vt 0.653397 0.577405
vt 0.544499 0.613449
vt 0.532731 0.603689
vt 0.547164 0.586866
vt 0.558008 0.595160
vt 0.660801 0.388623
vt 0.647169 0.405536
vt 0.658226 0.603559
vt 0.643692 0.586696
vt 0.521958 0.592965
vt 0.537476 0.577638
vt 0.671641 0.399287
vt 0.656489 0.414510
vt 0.646429 0.613385
vt 0.632825 0.595050
vt 0.512364 0.581227
vt 0.529118 0.567563
vt 0.681112 0.411192
vt 0.664449 0.424505
vt 0.701786 0.468274
vt 0.680865 0.472177
vt 0.504128 0.568489
vt 0.522057 0.556696
vt 0.689005 0.424243
vt 0.670949 0.435418
vt 0.488641 0.469173
vt 0.509795 0.472842
vt 0.497421 0.554843
vt 0.516417 0.545128
vt 0.695146 0.438266
vt 0.675892 0.447105
vt 0.490892 0.453774
vt 0.511307 0.460015
vt 0.492391 0.540438
vt 0.512296 0.532983
vt 0.699419 0.453033
vt 0.679208 0.459407
vt 0.495102 0.438865
vt 0.514536 0.447636
vt 0.478327 0.450128
vt 0.483133 0.433652
vt 0.706992 0.433035
vt 0.711836 0.449333
vt 0.485914 0.560516
vt 0.480280 0.544766
vt 0.475725 0.467185
vt 0.700087 0.417594
vt 0.493341 0.575369
vt 0.474906 0.511487
vt 0.691285 0.403282
vt 0.502370 0.589158
vt 0.714533 0.466171
vt 0.716076 0.510506
vt 0.680822 0.390306
vt 0.512776 0.601773
vt 0.666717 0.613084
vt 0.654355 0.623465
vt 0.668989 0.378781
vt 0.524297 0.613190
vt 0.678266 0.601593
vt 0.656113 0.368692
vt 0.536627 0.623502
vt 0.688696 0.588898
vt 0.642531 0.359856
vt 0.697746 0.575019
vt 0.534119 0.368766
vt 0.547746 0.359856
vt 0.705186 0.560058
vt 0.521203 0.378936
vt 0.710821 0.544175
vt 0.509336 0.390552
vt 0.714491 0.527576
vt 0.498847 0.403632
vt 0.490032 0.418066
vt 0.476581 0.528337
vt 0.542005 0.451521
vt 0.538403 0.460061
vt 0.534796 0.503146
vt 0.535338 0.512538
vt 0.546899 0.443574
vt 0.655326 0.512095
vt 0.655824 0.502713
vt 0.553021 0.436369
vt 0.653440 0.521352
vt 0.560303 0.430044
vt 0.650183 0.530325
vt 0.568681 0.424731
vt 0.645576 0.538883
vt 0.578098 0.420572
vt 0.639626 0.546916
vt 0.621845 0.424494
vt 0.612454 0.420371
vt 0.632309 0.554340
vt 0.630206 0.429768
vt 0.637481 0.436052
vt 0.551112 0.547240
vt 0.558410 0.554621
vt 0.643608 0.443215
vt 0.655390 0.477853
vt 0.545164 0.539247
vt 0.648520 0.451123
vt 0.535263 0.478279
vt 0.540544 0.530725
vt 0.652155 0.459633
vt 0.536143 0.469039
vt 0.537261 0.521781
vt 0.654458 0.468597
vt 0.551694 0.481990
vt 0.552272 0.475262
vt 0.557759 0.477350
vt 0.557293 0.483219
vt 0.556151 0.519877
vt 0.553491 0.513440
vt 0.558942 0.510525
vt 0.561345 0.516055
vt 0.636673 0.468340
vt 0.638343 0.474875
vt 0.632862 0.476972
vt 0.631426 0.471297
vt 0.553927 0.468721
vt 0.559184 0.471668
vt 0.551942 0.506726
vt 0.557554 0.504713
vt 0.638933 0.481601
vt 0.633336 0.482837
vt 0.556635 0.462532
vt 0.561543 0.466313
vt 0.551498 0.499907
vt 0.557156 0.498768
vt 0.560360 0.456841
vt 0.564803 0.461424
vt 0.639144 0.499512
vt 0.638711 0.506330
vt 0.633096 0.504326
vt 0.633488 0.498381
vt 0.565057 0.451788
vt 0.568924 0.457140
vt 0.637174 0.513048
vt 0.631716 0.510142
vt 0.570666 0.447512
vt 0.573855 0.453596
vt 0.634524 0.519496
vt 0.629320 0.515679
vt 0.577109 0.444151
vt 0.579527 0.450917
vt 0.630727 0.525490
vt 0.625839 0.520735
vt 0.584291 0.441847
vt 0.585781 0.449184
vt 0.625772 0.530806
vt 0.621284 0.525101
vt 0.606318 0.441580
vt 0.613482 0.443866
vt 0.611082 0.450617
vt 0.604840 0.448898
vt 0.619729 0.535224
vt 0.615753 0.528535
vt 0.619914 0.447206
vt 0.616744 0.453280
vt 0.625519 0.451460
vt 0.621671 0.456808
vt 0.570940 0.535563
vt 0.564906 0.531158
vt 0.569381 0.525459
vt 0.574907 0.528884
vt 0.630218 0.456492
vt 0.625792 0.461077
vt 0.559953 0.525857
vt 0.564829 0.521102
vt 0.633952 0.462165
vt 0.629058 0.465952
vt 0.641933 0.465407
vt 0.638883 0.458412
vt 0.550901 0.523640
vt 0.554989 0.530557
vt 0.546103 0.480775
vt 0.545837 0.500995
vt 0.634717 0.451953
vt 0.560331 0.536846
vt 0.644802 0.500591
vt 0.644525 0.480378
vt 0.629491 0.446174
vt 0.566894 0.542325
vt 0.623268 0.441214
vt 0.616123 0.437210
vt 0.623788 0.542002
vt 0.630363 0.536502
vt 0.608126 0.434312
vt 0.635708 0.530190
vt 0.582467 0.434558
vt 0.574448 0.437480
vt 0.639788 0.523253
vt 0.567290 0.441510
vt 0.642671 0.515905
vt 0.561063 0.446499
vt 0.644343 0.508291
vt 0.555840 0.452305
vt 0.551687 0.458788
vt 0.546312 0.508699
vt 0.548655 0.465801
vt 0.643825 0.472791
vt 0.548004 0.516306
vt 0.546786 0.473191
vt 0.588307 0.526622
vt 0.588244 0.529651
vt 0.588404 0.522534
vt 0.588470 0.517526
vt 0.588556 0.511844
vt 0.588683 0.505743
vt 0.588809 0.499441
vt 0.588766 0.482195
vt 0.588474 0.475921
vt 0.588101 0.469884
vt 0.587673 0.464302
vt 0.587226 0.459380
vt 0.586760 0.455283
vt 0.586301 0.452115
vt 0.604326 0.451822
vt 0.603872 0.454983
vt 0.603413 0.459071
vt 0.602971 0.463983
vt 0.602548 0.469556
vt 0.602180 0.475583
vt 0.601891 0.481848
vt 0.601832 0.499076
vt 0.601958 0.505379
vt 0.602084 0.511484
vt 0.602171 0.517170
vt 0.602238 0.522183
vt 0.602335 0.526275
vt 0.602399 0.529307
vt 0.571920 0.572062
vt 0.568172 0.557665
vt 0.570629 0.558150
vt 0.573590 0.570189
vt 0.573206 0.560273
vt 0.575794 0.570556
vt 0.622498 0.557411
vt 0.618804 0.571904
vt 0.617117 0.570029
vt 0.620050 0.557913
vt 0.614905 0.570406
vt 0.617489 0.560071
vt 0.573624 0.538697
vt 0.576809 0.532847
vt 0.578065 0.536811
vt 0.575180 0.541908
vt 0.578753 0.540980
vt 0.576085 0.545673
vt 0.614581 0.545375
vt 0.611901 0.540651
vt 0.612591 0.536475
vt 0.615491 0.541603
vt 0.613849 0.532504
vt 0.617040 0.538365
vt 0.570342 0.544645
vt 0.572438 0.547243
vt 0.574054 0.550687
vt 0.616599 0.550379
vt 0.618224 0.546933
vt 0.620330 0.544329
vt 0.602391 0.532244
vt 0.602095 0.536350
vt 0.601832 0.540642
vt 0.588252 0.532584
vt 0.588548 0.536685
vt 0.588809 0.540973
vt 0.716166 0.235414
vt 0.721143 0.241795
vt 0.721159 0.297356
vt 0.716144 0.294837
vt 0.729399 0.247464
vt 0.729358 0.300505
vt 0.742432 0.247456
vt 0.750687 0.241794
vt 0.750624 0.297356
vt 0.742422 0.300497
vt 0.755618 0.235414
vt 0.755639 0.294837
vt 0.699954 0.227878
vt 0.709567 0.227546
vt 0.709496 0.292339
vt 0.699954 0.291573
vt 0.712834 0.231521
vt 0.712847 0.293535
vt 0.762217 0.227546
vt 0.771831 0.227878
vt 0.771831 0.291573
vt 0.762289 0.292339
vt 0.758963 0.231505
vt 0.758949 0.293529
vt 0.717717 0.025509
vt 0.728685 0.006512
vt 0.848292 0.006512
vt 0.859260 0.025509
vt 0.708531 0.050041
vt 0.868446 0.050041
vt 0.702098 0.077350
vt 0.874879 0.077350
vt 0.699953 0.103797
vt 0.877024 0.103797
vt 0.701655 0.126175
vt 0.875323 0.126175
vt 0.706693 0.146766
vt 0.870284 0.146766
vt 0.714874 0.165742
vt 0.862103 0.165742
vt 0.725885 0.182375
vt 0.851093 0.182375
vt 0.739301 0.196025
vt 0.837676 0.196025
vt 0.754608 0.206168
vt 0.822370 0.206168
vt 0.771216 0.212414
vt 0.805761 0.212414
vt 0.788489 0.214523
vt 0.649534 0.073466
vt 0.629773 0.057213
vt 0.557875 0.020417
vt 0.540737 0.016654
vt 0.476491 0.279472
vt 0.491360 0.284927
vt 0.556039 0.284776
vt 0.573263 0.279620
vt 0.647829 0.235179
vt 0.665084 0.219870
vt 0.678129 0.105215
vt 0.666618 0.090281
vt 0.592448 0.033771
vt 0.575196 0.026137
vt 0.507694 0.015557
vt 0.492019 0.018487
vt 0.522484 0.289129
vt 0.539050 0.287987
vt 0.608036 0.263274
vt 0.627913 0.250428
vt 0.609993 0.043635
vt 0.523948 0.014991
vt 0.506560 0.288117
vt 0.590472 0.272550
vt 0.676732 0.205822
vt 0.476583 0.023938
vt 0.629495 0.098130
vt 0.638240 0.110518
vt 0.633846 0.111732
vt 0.625418 0.099196
vt 0.617967 0.085053
vt 0.614252 0.086738
vt 0.604100 0.072356
vt 0.600885 0.074611
vt 0.589791 0.061693
vt 0.587125 0.064404
vt 0.576869 0.053900
vt 0.574713 0.056951
vt 0.563981 0.047825
vt 0.562361 0.051152
vt 0.550835 0.043268
vt 0.549790 0.046823
vt 0.537617 0.040531
vt 0.537156 0.044249
vt 0.524597 0.039497
vt 0.524700 0.043305
vt 0.511989 0.040197
vt 0.512625 0.044007
vt 0.500036 0.042616
vt 0.501154 0.046336
vt 0.489106 0.046625
vt 0.490681 0.050005
vt 0.499657 0.261350
vt 0.488815 0.257202
vt 0.490416 0.253837
vt 0.500847 0.257673
vt 0.511444 0.264023
vt 0.512180 0.260276
vt 0.523843 0.265066
vt 0.524056 0.261321
vt 0.536673 0.264420
vt 0.536325 0.260753
vt 0.549743 0.262095
vt 0.548813 0.258572
vt 0.562788 0.257966
vt 0.561280 0.254652
vt 0.575626 0.252319
vt 0.573579 0.249260
vt 0.588552 0.244964
vt 0.585991 0.242224
vt 0.602957 0.234808
vt 0.599832 0.232490
vt 0.617127 0.222603
vt 0.613452 0.220804
vt 0.629261 0.209832
vt 0.625172 0.208618
vt 0.638792 0.197404
vt 0.634114 0.196068
vt 0.629916 0.113020
vt 0.622493 0.101448
vt 0.630048 0.194710
vt 0.611563 0.089426
vt 0.598445 0.077584
vt 0.584985 0.067598
vt 0.572903 0.060330
vt 0.560921 0.054687
vt 0.548779 0.050513
vt 0.536624 0.048052
vt 0.524664 0.047177
vt 0.513114 0.047865
vt 0.502145 0.050060
vt 0.491888 0.053504
vt 0.491702 0.250261
vt 0.501967 0.253950
vt 0.512800 0.256481
vt 0.524152 0.257517
vt 0.535924 0.257005
vt 0.547934 0.254921
vt 0.559968 0.251138
vt 0.571893 0.245887
vt 0.583968 0.239020
vt 0.597497 0.229484
vt 0.610825 0.218032
vt 0.622158 0.206159
s 1
usemtl toilet
f 35/1/1 2/2/2 4/3/3 36/4/4
f 36/4/4 4/3/3 6/5/5 37/6/6
f 37/6/6 6/5/5 8/7/7 38/8/8
f 38/8/8 8/7/7 10/9/9 39/10/10
f 39/10/10 10/9/9 12/11/11 40/12/12
f 40/12/12 12/11/11 14/13/13 41/14/14
f 41/14/14 14/13/13 16/15/15 42/16/16
f 42/16/16 16/15/15 18/17/17 43/18/18
f 43/19/18 18/20/17 20/21/19 44/22/20
f 44/22/20 20/21/19 22/23/21 45/24/22
f 45/24/22 22/23/21 24/25/23 46/26/24
f 46/26/24 24/25/23 26/27/25 47/28/26
f 47/28/26 26/27/25 28/29/27 48/30/28
f 48/30/28 28/29/27 30/31/29 49/32/30
f 49/32/30 30/31/29 32/33/31 50/34/32
f 50/34/32 32/33/31 34/35/33 51/36/34
f 33/37/35 51/36/34 70/38/36 71/39/37
f 51/36/34 34/35/33 73/40/38 70/38/36
f 31/41/39 50/34/32 51/36/34 33/37/35
f 29/42/40 49/32/30 50/34/32 31/41/39
f 27/43/41 48/30/28 49/32/30 29/42/40
f 25/44/42 47/28/26 48/30/28 27/43/41
f 23/45/43 46/26/24 47/28/26 25/44/42
f 21/46/44 45/24/22 46/26/24 23/45/43
f 19/47/45 44/22/20 45/24/22 21/46/44
f 17/48/46 43/19/18 44/22/20 19/47/45
f 15/49/47 42/16/16 43/18/18 17/50/46
f 13/51/48 41/14/14 42/16/16 15/49/47
f 11/52/49 40/12/12 41/14/14 13/51/48
f 9/53/50 39/10/10 40/12/12 11/52/49
f 7/54/51 38/8/8 39/10/10 9/53/50
f 5/55/52 37/6/6 38/8/8 7/54/51
f 3/56/53 36/4/4 37/6/6 5/55/52
f 1/57/54 35/1/1 36/4/4 3/56/53
f 35/1/1 1/57/54 67/58/55 69/59/56
f 2/2/2 35/1/1 69/59/56 68/60/57
f 54/61/58 52/62/58 55/63/59 56/64/60
f 56/64/60 55/63/59 57/65/61 58/66/62
f 58/66/62 57/65/61 59/67/63 60/68/64
f 60/68/64 59/67/63 61/69/65 62/70/66
f 62/70/66 61/69/65 63/71/67 64/72/68
f 64/72/68 63/71/67 65/73/69 66/74/70
f 66/74/70 65/73/69 68/60/57 69/59/56
f 70/38/36 73/40/38 72/75/71 74/76/72
f 74/76/72 72/75/71 75/77/73 76/78/74
f 76/78/74 75/77/73 77/79/75 78/80/76
f 78/80/76 77/79/75 79/81/77 80/82/78
f 80/82/78 79/81/77 81/83/79 82/84/80
f 82/84/80 81/83/79 83/85/81 84/86/82
f 84/86/82 83/85/81 85/87/83 86/88/83
f 74/89/84 76/90/84 373/91/84 371/92/84
f 76/90/84 78/93/84 375/94/84 373/91/84
f 78/93/84 80/95/84 377/96/84 375/94/84
f 80/95/84 82/97/84 379/98/84 377/96/84
f 82/97/84 84/99/84 381/100/84 379/98/84
f 84/99/84 86/101/84 383/102/84 381/100/84
f 54/103/84 56/104/84 358/105/84 356/106/84
f 75/77/85 72/75/86 112/107/87 114/108/88
f 10/9/89 8/7/90 90/109/91 91/110/92
f 63/71/93 61/69/94 108/111/95 109/112/96
f 28/29/97 26/27/98 99/113/99 100/114/100
f 85/87/101 83/85/102 118/115/103 119/116/104
f 55/63/105 52/62/106 104/117/107 105/118/108
f 20/21/109 18/20/110 95/119/111 96/120/112
f 77/79/113 75/77/85 114/108/88 115/121/114
f 12/11/115 10/9/89 91/110/92 92/122/116
f 65/73/117 63/71/93 109/112/96 110/123/118
f 30/31/119 28/29/97 100/114/100 101/124/120
f 73/40/121 34/35/122 103/125/123 113/126/124
f 4/3/125 2/2/126 87/127/127 88/128/128
f 57/65/129 55/63/105 105/118/108 106/129/130
f 22/23/131 20/21/109 96/120/112 97/130/132
f 79/81/133 77/79/113 115/121/114 116/131/134
f 14/13/135 12/11/115 92/122/116 93/132/136
f 68/60/137 65/73/117 110/123/118 111/133/138
f 32/33/139 30/31/119 101/124/120 102/134/140
f 6/5/141 4/3/125 88/128/128 89/135/142
f 59/67/143 57/65/129 106/129/130 107/136/144
f 24/25/145 22/23/131 97/130/132 98/137/146
f 81/83/147 79/81/133 116/131/134 117/138/148
f 2/2/126 68/60/137 111/133/138 87/127/127
f 16/15/149 14/13/135 93/132/136 94/139/150
f 34/35/122 32/33/139 102/134/140 103/125/123
f 72/75/86 73/40/121 113/126/124 112/107/87
f 8/7/90 6/5/141 89/135/142 90/109/91
f 61/69/94 59/67/143 107/136/144 108/111/95
f 26/27/98 24/25/145 98/137/146 99/113/99
f 83/85/102 81/83/147 117/138/148 118/115/103
f 18/17/110 16/15/149 94/139/150 95/140/111
f 95/140/111 94/139/150 127/141/151 128/142/152
f 107/136/144 106/129/130 139/143/153 140/144/154
f 96/120/112 95/119/111 128/145/152 129/146/155
f 108/111/95 107/136/144 140/144/154 141/147/156
f 97/130/132 96/120/112 129/146/155 130/148/157
f 109/112/96 108/111/95 141/147/156 142/149/158
f 98/137/146 97/130/132 130/148/157 131/150/159
f 110/123/118 109/112/96 142/149/158 143/151/160
f 99/113/99 98/137/146 131/150/159 132/152/161
f 111/133/138 110/123/118 143/151/160 144/153/162
f 100/114/100 99/113/99 132/152/161 133/154/163
f 112/107/87 113/126/124 146/155/164 145/156/165
f 101/124/120 100/114/100 133/154/163 134/157/166
f 88/128/128 87/127/127 120/158/167 121/159/168
f 114/108/88 112/107/87 145/156/165 147/160/169
f 102/134/140 101/124/120 134/157/166 135/161/170
f 89/135/142 88/128/128 121/159/168 122/162/171
f 115/121/114 114/108/88 147/160/169 148/163/172
f 103/125/123 102/134/140 135/161/170 136/164/173
f 90/109/91 89/135/142 122/162/171 123/165/174
f 116/131/134 115/121/114 148/163/172 149/166/175
f 113/126/124 103/125/123 136/164/173 146/155/164
f 91/110/92 90/109/91 123/165/174 124/167/176
f 117/138/148 116/131/134 149/166/175 150/168/177
f 87/127/127 111/133/138 144/153/162 120/158/167
f 92/122/116 91/110/92 124/167/176 125/169/178
f 118/115/103 117/138/148 150/168/177 151/170/179
f 93/132/136 92/122/116 125/169/178 126/171/180
f 119/116/104 118/115/103 151/170/179 152/172/181
f 105/118/108 104/117/107 137/173/182 138/174/183
f 94/139/150 93/132/136 126/171/180 127/141/151
f 106/129/130 105/118/108 138/174/183 139/143/153
f 127/141/151 126/171/180 159/175/184 160/176/185
f 139/143/153 138/174/183 171/177/186 172/178/187
f 128/142/152 127/141/151 160/176/185 161/179/188
f 140/144/154 139/143/153 172/178/187 173/180/189
f 129/146/155 128/145/152 161/181/188 162/182/190
f 141/147/156 140/144/154 173/180/189 174/183/191
f 130/148/157 129/146/155 162/182/190 163/184/192
f 142/149/158 141/147/156 174/183/191 175/185/193
f 131/150/159 130/148/157 163/184/192 164/186/194
f 143/151/160 142/149/158 175/185/193 176/187/195
f 132/152/161 131/150/159 164/186/194 165/188/196
f 144/153/162 143/151/160 176/187/195 177/189/197
f 133/154/163 132/152/161 165/188/196 166/190/198
f 145/156/165 146/155/164 179/191/199 178/192/200
f 134/157/166 133/154/163 166/190/198 167/193/201
f 121/159/168 120/158/167 153/194/202 154/195/203
f 147/160/169 145/156/165 178/192/200 180/196/204
f 135/161/170 134/157/166 167/193/201 168/197/205
f 122/162/171 121/159/168 154/195/203 155/198/206
f 148/163/172 147/160/169 180/196/204 181/199/207
f 136/164/173 135/161/170 168/197/205 169/200/208
f 123/165/174 122/162/171 155/198/206 156/201/209
f 149/166/175 148/163/172 181/199/207 182/202/210
f 146/155/164 136/164/173 169/200/208 179/191/199
f 124/167/176 123/165/174 156/201/209 157/203/211
f 150/168/177 149/166/175 182/202/210 183/204/212
f 120/158/167 144/153/162 177/189/197 153/194/202
f 125/169/178 124/167/176 157/203/211 158/205/213
f 151/170/179 150/168/177 183/204/212 184/206/214
f 126/171/180 125/169/178 158/205/213 159/175/184
f 152/172/181 151/170/179 184/206/214 185/207/215
f 138/174/183 137/173/182 170/208/216 171/177/186
f 159/175/184 158/205/213 191/209/217 192/210/218
f 185/207/215 184/206/214 217/211/219 218/212/220
f 171/177/186 170/208/216 203/213/221 204/214/222
f 160/176/185 159/175/184 192/210/218 193/215/223
f 172/178/187 171/177/186 204/214/222 205/216/224
f 161/179/188 160/176/185 193/215/223 194/217/225
f 173/180/189 172/178/187 205/216/224 206/218/226
f 162/182/190 161/181/188 194/219/225 195/220/227
f 174/183/191 173/180/189 206/218/226 207/221/228
f 163/184/192 162/182/190 195/220/227 196/222/229
f 175/185/193 174/183/191 207/221/228 208/223/230
f 164/186/194 163/184/192 196/222/229 197/224/231
f 176/187/195 175/185/193 208/223/230 209/225/232
f 165/188/196 164/186/194 197/224/231 198/226/233
f 177/189/197 176/187/195 209/225/232 210/227/234
f 166/190/198 165/188/196 198/226/233 199/228/235
f 178/192/200 179/191/199 212/229/236 211/230/237
f 167/193/201 166/190/198 199/228/235 200/231/238
f 154/195/203 153/194/202 186/232/239 187/233/240
f 180/196/204 178/192/200 211/230/237 213/234/241
f 168/197/205 167/193/201 200/231/238 201/235/242
f 155/198/206 154/195/203 187/233/240 188/236/243
f 181/199/207 180/196/204 213/234/241 214/237/244
f 169/200/208 168/197/205 201/235/242 202/238/245
f 156/201/209 155/198/206 188/236/243 189/239/246
f 182/202/210 181/199/207 214/237/244 215/240/247
f 179/191/199 169/200/208 202/238/245 212/229/236
f 157/203/211 156/201/209 189/239/246 190/241/248
f 183/204/212 182/202/210 215/240/247 216/242/249
f 153/194/202 177/189/197 210/227/234 186/232/239
f 158/205/213 157/203/211 190/241/248 191/209/217
f 184/206/214 183/204/212 216/242/249 217/211/219
f 191/209/217 190/241/248 223/243/250 224/244/251
f 217/211/219 216/242/249 249/245/252 250/246/253
f 192/210/218 191/209/217 224/244/251 225/247/254
f 218/212/220 217/211/219 250/246/253 251/248/255
f 204/214/222 203/213/221 236/249/256 237/250/257
f 193/215/223 192/210/218 225/247/254 226/251/258
f 205/216/224 204/214/222 237/250/257 238/252/259
f 194/217/225 193/215/223 226/251/258 227/253/260
f 206/218/226 205/216/224 238/252/259 239/254/261
f 195/220/227 194/219/225 227/255/260 228/256/262
f 207/221/228 206/218/226 239/254/261 240/257/263
f 196/222/229 195/220/227 228/256/262 229/258/264
f 208/223/230 207/221/228 240/257/263 241/259/265
f 197/224/231 196/222/229 229/258/264 230/260/266
f 209/225/232 208/223/230 241/259/265 242/261/267
f 198/226/233 197/224/231 230/260/266 231/262/268
f 210/227/234 209/225/232 242/261/267 243/263/269
f 199/228/235 198/226/233 231/262/268 232/264/270
f 211/230/237 212/229/236 245/265/271 244/266/272
f 200/231/238 199/228/235 232/264/270 233/267/273
f 187/233/240 186/232/239 219/268/274 220/269/275
f 213/234/241 211/230/237 244/266/272 246/270/276
f 201/235/242 200/231/238 233/267/273 234/271/277
f 188/236/243 187/233/240 220/269/275 221/272/278
f 214/237/244 213/234/241 246/270/276 247/273/279
f 202/238/245 201/235/242 234/271/277 235/274/280
f 189/239/246 188/236/243 221/272/278 222/275/281
f 215/240/247 214/237/244 247/273/279 248/276/282
f 212/229/236 202/238/245 235/274/280 245/265/271
f 190/241/248 189/239/246 222/275/281 223/243/250
f 216/242/249 215/240/247 248/276/282 249/245/252
f 186/232/239 210/227/234 243/263/269 219/268/274
f 223/243/250 222/275/281 255/277/283 256/278/284
f 249/245/252 248/276/282 282/279/285 283/280/286
f 219/268/274 243/263/269 277/281/287 252/282/288
f 224/244/251 223/243/250 256/278/284 257/283/289
f 250/246/253 249/245/252 283/280/286 284/284/290
f 225/247/254 224/244/251 257/283/289 258/285/291
f 251/248/255 250/246/253 284/284/290 285/286/292
f 237/250/257 236/249/256 269/287/293 271/288/294
f 226/251/258 225/247/254 258/285/291 259/289/295
f 238/252/259 237/250/257 271/288/294 272/290/296
f 227/253/260 226/251/258 259/289/295 260/291/297
f 239/254/261 238/252/259 272/290/296 273/292/298
f 228/256/262 227/255/260 260/293/297 261/294/299
f 240/257/263 239/254/261 273/292/298 274/295/300
f 229/258/264 228/256/262 261/294/299 262/296/301
f 241/259/265 240/257/263 274/295/300 275/297/302
f 230/260/266 229/258/264 262/296/301 263/298/303
f 242/261/267 241/259/265 275/297/302 276/299/304
f 231/262/268 230/260/266 263/298/303 264/300/305
f 243/263/269 242/261/267 276/299/304 277/281/287
f 232/264/270 231/262/268 264/300/305 265/301/306
f 244/266/272 245/265/271 279/302/307 278/303/308
f 233/267/273 232/264/270 265/301/306 266/304/309
f 220/269/275 219/268/274 252/282/288 253/305/310
f 246/270/276 244/266/272 278/303/308 280/306/311
f 234/271/277 233/267/273 266/304/309 267/307/312
f 221/272/278 220/269/275 253/305/310 254/308/313
f 247/273/279 246/270/276 280/306/311 281/309/314
f 235/274/280 234/271/277 267/307/312 268/310/315
f 222/275/281 221/272/278 254/308/313 255/277/283
f 248/276/282 247/273/279 281/309/314 282/279/285
f 245/265/271 235/274/280 268/310/315 279/302/307
f 255/277/316 254/308/317 288/311/318 289/312/319
f 279/302/320 268/310/321 302/313/322 313/314/323
f 256/278/324 255/277/316 289/312/319 290/315/325
f 252/282/326 277/281/327 311/316/328 286/317/329
f 257/283/330 256/278/324 290/315/325 291/318/331
f 258/285/332 257/283/330 291/318/331 292/319/333
f 259/289/334 258/285/332 292/319/333 293/320/335
f 260/291/336 259/289/334 293/320/335 294/321/336
f 261/294/337 260/293/336 294/322/336 295/323/338
f 262/296/339 261/294/337 295/323/338 296/324/340
f 263/298/341 262/296/339 296/324/340 297/325/342
f 276/299/343 275/297/344 309/326/345 310/327/346
f 264/300/347 263/298/341 297/325/342 298/328/348
f 277/281/327 276/299/343 310/327/346 311/316/328
f 265/301/349 264/300/347 298/328/348 299/329/350
f 278/303/351 279/302/320 313/314/323 312/330/352
f 266/304/353 265/301/349 299/329/350 300/331/354
f 253/305/355 252/282/326 286/317/329 287/332/356
f 280/306/357 278/303/351 312/330/352 314/333/358
f 267/307/359 266/304/353 300/331/354 301/334/360
f 254/308/317 253/305/355 287/332/356 288/311/318
f 268/310/321 267/307/359 301/334/360 302/313/322
f 292/319/84 291/318/84 325/335/84 326/336/84
f 319/337/84 318/338/84 352/339/84 353/340/84
f 305/341/84 303/342/84 337/343/84 339/344/84
f 293/320/84 292/319/84 326/336/84 327/345/84
f 304/346/84 319/337/84 353/340/84 338/347/84
f 306/348/84 305/341/84 339/344/84 340/349/84
f 294/321/84 293/320/84 327/345/84 328/350/84
f 307/351/84 306/348/84 340/349/84 341/352/84
f 295/323/84 294/322/84 328/353/84 329/354/84
f 308/355/84 307/351/84 341/352/84 342/356/84
f 296/324/84 295/323/84 329/354/84 330/357/84
f 309/326/84 308/355/84 342/356/84 343/358/84
f 297/325/84 296/324/84 330/357/84 331/359/84
f 310/327/84 309/326/84 343/358/84 344/360/84
f 298/328/84 297/325/84 331/359/84 332/361/84
f 311/316/84 310/327/84 344/360/84 345/362/84
f 299/329/84 298/328/84 332/361/84 333/363/84
f 312/330/84 313/314/84 347/364/84 346/365/84
f 300/331/84 299/329/84 333/363/84 334/366/84
f 287/332/84 286/317/84 320/367/84 321/368/84
f 314/333/84 312/330/84 346/365/84 348/369/84
f 301/334/84 300/331/84 334/366/84 335/370/84
f 288/311/84 287/332/84 321/368/84 322/371/84
f 315/372/84 314/333/84 348/369/84 349/373/84
f 302/313/84 301/334/84 335/370/84 336/374/84
f 289/312/84 288/311/84 322/371/84 323/375/84
f 316/376/84 315/372/84 349/373/84 350/377/84
f 313/314/84 302/313/84 336/374/84 347/364/84
f 290/315/84 289/312/84 323/375/84 324/378/84
f 317/379/84 316/376/84 350/377/84 351/380/84
f 286/317/84 311/316/84 345/362/84 320/367/84
f 291/318/84 290/315/84 324/378/84 325/335/84
f 318/338/84 317/379/84 351/380/84 352/339/84
f 303/342/84 304/381/84 338/382/84 337/343/84
f 382/383/361 383/102/362 384/384/363 354/385/364
f 380/386/365 381/100/365 383/102/362 382/383/361
f 378/387/366 379/98/366 381/100/365 380/386/365
f 376/388/367 377/96/367 379/98/366 378/387/366
f 374/389/368 375/94/368 377/96/367 376/388/367
f 372/390/369 373/91/369 375/94/368 374/389/368
f 370/391/370 371/92/370 373/91/369 372/390/369
f 365/392/371 366/393/371 368/394/372 367/395/372
f 363/396/373 364/397/373 366/393/371 365/392/371
f 361/398/374 362/399/374 364/397/373 363/396/373
f 359/400/375 360/401/375 362/399/374 361/398/374
f 357/402/376 358/105/376 360/401/375 359/400/375
f 355/403/377 356/106/378 358/105/376 357/402/376
f 354/404/364 384/405/363 356/106/378 355/403/377
f 64/406/84 66/407/84 368/394/84 366/393/84
f 62/408/84 64/406/84 366/393/84 364/397/84
f 60/409/84 62/408/84 364/397/84 362/399/84
f 58/410/84 60/409/84 362/399/84 360/401/84
f 369/411/379 71/39/37 70/38/36 74/76/72
f 56/104/84 58/410/84 360/401/84 358/105/84
f 86/412/380 85/413/381 53/414/382 383/415/380
f 394/416/383 392/417/384 405/418/385 407/419/386
f 395/420/387 394/416/383 407/419/386 408/421/388
f 396/422/389 395/420/387 408/421/388 409/423/390
f 385/424/391 386/425/392 399/426/392 398/427/393
f 397/428/394 396/422/389 409/423/390 410/429/395
f 387/430/396 385/424/391 398/427/393 400/431/397
f 386/432/392 397/428/394 410/429/395 399/433/392
f 388/434/398 387/430/396 400/431/397 401/435/399
f 389/436/400 388/434/398 401/435/399 402/437/401
f 390/438/402 389/436/400 402/437/401 403/439/403
f 391/440/404 390/438/402 403/439/403 404/441/405
f 392/417/384 393/442/406 406/443/407 405/418/385
f 429/444/408 428/445/409 391/440/404 404/441/405
f 414/446/410 423/447/411 406/443/407 393/442/406
f 66/74/70 69/59/56 67/58/55 411/448/412
f 367/395/372 368/394/372 66/407/70 411/449/412
f 370/391/370 369/450/379 74/89/72 371/92/370
f 317/379/84 318/338/84 418/451/84 438/452/84
f 308/355/84 309/326/84 431/453/84 436/454/84
f 436/454/84 431/453/84 430/455/84 437/456/84
f 437/456/84 430/455/84 429/444/84 433/457/84
f 316/376/84 317/379/84 438/452/84 434/458/84
f 434/458/84 438/452/84 418/451/84 435/459/84
f 307/351/84 308/355/84 436/454/84 432/460/84
f 432/460/84 436/454/84 437/456/84 433/457/84
f 315/372/84 316/376/84 434/458/84 421/461/84
f 421/461/84 434/458/84 435/459/84 422/462/84
f 280/306/357 314/333/358 425/463/413 412/464/414
f 412/464/414 425/463/413 424/465/415 413/466/416
f 413/466/416 424/465/415 423/447/411 414/446/410
f 306/348/84 307/351/84 432/460/84 420/467/84
f 420/467/84 432/460/84 433/457/84 415/468/84
f 309/326/345 275/297/344 426/469/417 431/453/418
f 431/453/418 426/469/417 427/470/419 430/455/420
f 430/455/420 427/470/419 428/445/409 429/444/408
f 318/338/84 319/337/84 419/471/84 418/451/84
f 304/381/84 303/342/84 417/472/84 416/473/84
f 319/337/84 304/346/84 416/474/84 419/471/84
f 303/342/84 305/341/84 415/468/84 417/472/84
f 305/341/84 306/348/84 420/467/84 415/468/84
f 314/333/84 315/372/84 421/461/84 425/463/84
f 425/463/84 421/461/84 422/462/84 424/465/84
f 424/465/84 422/462/84 435/459/84 423/447/84
f 1269/475/421 440/476/422 442/477/423 1270/478/424
f 1270/478/424 442/477/423 444/479/425 1271/480/426
f 1271/480/426 444/479/425 446/481/427 1272/482/428
f 1272/482/428 446/481/427 448/483/429 1273/484/430
f 1273/484/430 448/483/429 450/485/431 1274/486/432
f 1274/486/432 450/485/431 452/487/433 1275/488/434
f 1275/488/434 452/487/433 454/489/435 1276/490/436
f 1276/490/436 454/489/435 456/491/437 1277/492/438
f 1277/492/438 456/491/437 458/493/439 1278/494/440
f 1278/494/440 458/493/439 460/495/441 1279/496/442
f 1279/496/442 460/495/441 462/497/443 1280/498/444
f 1280/498/444 462/497/443 464/499/445 1281/500/446
f 1281/501/446 464/502/445 466/503/447 1282/504/448
f 1282/504/448 466/503/447 468/505/449 1283/506/450
f 1283/506/450 468/505/449 470/507/451 1284/508/452
f 1284/508/452 470/507/451 472/509/453 1285/510/454
f 1285/510/454 472/509/453 474/511/455 1286/512/456
f 1286/512/456 474/511/455 476/513/457 1287/514/458
f 1287/514/458 476/513/457 478/515/459 1288/516/460
f 1288/516/460 478/515/459 480/517/461 1289/518/462
f 1289/518/462 480/517/461 482/519/463 1290/520/464
f 1290/520/464 482/519/463 484/521/465 1291/522/466
f 1291/522/466 484/521/465 486/523/467 1292/524/468
f 1292/524/468 486/523/467 440/476/422 1269/475/421
f 518/525/84 517/526/84 516/527/84 515/528/84
f 503/529/469 502/530/470 526/531/471 527/532/472
f 496/533/473 495/534/474 519/535/475 520/536/476
f 487/537/477 510/538/478 534/539/479 511/540/477
f 489/541/480 488/542/481 512/543/482 513/544/483
f 504/545/484 503/529/469 527/532/472 528/546/485
f 497/547/486 496/533/473 520/536/476 521/548/487
f 490/549/488 489/541/480 513/544/483 514/550/489
f 505/551/490 504/545/484 528/546/485 529/552/490
f 498/553/491 497/547/486 521/548/487 522/554/492
f 491/555/493 490/549/488 514/550/489 515/528/494
f 506/556/495 505/557/490 529/552/490 530/558/496
f 499/559/497 498/553/491 522/554/492 523/560/497
f 492/561/498 491/555/493 515/528/494 516/527/499
f 507/562/500 506/556/495 530/558/496 531/563/501
f 500/564/502 499/559/497 523/560/497 524/565/503
f 493/566/504 492/561/498 516/527/499 517/526/504
f 508/567/505 507/562/500 531/563/501 532/568/506
f 501/569/507 500/564/502 524/565/503 525/570/508
f 494/571/509 493/566/504 517/526/504 518/525/510
f 509/572/511 508/567/505 532/568/506 533/573/512
f 502/530/470 501/569/507 525/570/508 526/531/471
f 495/534/474 494/571/509 518/525/510 519/535/475
f 510/538/478 509/572/511 533/573/512 534/539/479
f 488/542/481 487/537/477 511/540/477 512/543/482
f 519/535/84 518/525/84 515/528/84 514/550/84
f 520/536/84 519/535/84 514/550/84 513/544/84
f 521/548/84 520/536/84 513/544/84 512/543/84
f 522/554/84 521/548/84 512/543/84 511/540/84
f 523/560/84 522/554/84 511/540/84 534/539/84
f 524/565/84 523/560/84 534/539/84 533/573/84
f 525/570/84 524/565/84 533/573/84 532/568/84
f 526/531/84 525/570/84 532/568/84 531/563/84
f 527/532/84 526/531/84 531/563/84 530/558/84
f 528/546/84 527/532/84 530/558/84 529/552/84
f 54/574/513 356/575/513 535/576/514 52/577/515
f 535/576/514 270/578/516 104/579/517 52/577/515
f 536/580/518 53/414/382 85/413/381 119/581/519
f 541/582/520 269/583/520 236/584/520 540/585/520
f 539/586/520 540/585/520 236/584/520 203/587/520
f 538/588/520 539/586/520 203/587/520 170/589/520
f 537/590/520 538/588/520 170/589/520 137/591/520
f 270/578/516 537/590/520 137/591/520 104/579/517
f 546/592/521 545/593/521 251/594/521 285/595/521
f 218/596/521 251/594/521 545/593/521 544/597/521
f 185/598/521 218/596/521 544/597/521 543/599/521
f 152/600/521 185/598/521 543/599/521 542/601/521
f 119/581/519 152/600/521 542/601/521 536/580/518
f 547/602/522 548/603/523 550/604/524 549/605/525
f 549/605/525 550/604/524 552/606/526 551/607/527
f 551/607/527 552/606/526 554/608/528 553/609/529
f 553/609/529 554/608/528 556/610/530 555/611/531
f 555/611/531 556/610/530 558/612/532 557/613/533
f 557/613/533 558/612/532 560/614/534 559/615/535
f 559/615/535 560/614/534 562/616/536 561/617/537
f 561/617/537 562/616/536 564/618/538 563/619/539
f 563/619/539 564/618/538 566/620/540 565/621/541
f 565/621/541 566/620/540 568/622/542 567/623/543
f 567/623/543 568/622/542 570/624/544 569/625/545
f 569/625/545 570/624/544 572/626/546 571/627/46
f 571/628/46 572/629/546 574/630/547 573/631/548
f 573/631/548 574/630/547 576/632/549 575/633/550
f 575/633/550 576/632/549 578/634/551 577/635/552
f 577/635/552 578/634/551 580/636/553 579/637/554
f 579/637/554 580/636/553 582/638/555 581/639/556
f 581/639/556 582/638/555 584/640/557 583/641/558
f 583/641/558 584/640/557 586/642/559 585/643/560
f 585/643/560 586/642/559 588/644/561 587/645/562
f 587/645/562 588/644/561 590/646/563 589/647/564
f 589/647/564 590/646/563 592/648/565 591/649/566
f 591/649/566 592/648/565 594/650/567 593/651/568
f 593/651/568 594/650/567 596/652/569 595/653/570
f 547/602/364 595/653/364 596/652/571 548/603/571
f 632/654/572 631/655/573 656/656/574 657/657/575
f 639/658/576 638/659/577 663/660/578 664/661/579
f 624/662/580 623/663/581 648/664/582 649/665/583
f 646/666/584 645/667/585 670/668/586 671/669/584
f 631/655/573 630/670/587 655/671/588 656/656/574
f 638/659/577 637/672/589 662/673/590 663/660/578
f 623/663/581 622/674/591 647/675/591 648/664/582
f 645/667/585 644/676/592 669/677/593 670/668/586
f 630/670/587 629/678/594 654/679/595 655/671/588
f 637/672/589 636/680/596 661/681/597 662/673/590
f 644/676/592 643/682/598 668/683/599 669/677/593
f 629/678/594 628/684/600 653/685/601 654/679/595
f 636/680/596 635/686/602 660/687/603 661/681/597
f 643/682/598 642/688/604 667/689/605 668/683/599
f 628/684/600 627/690/606 652/691/607 653/685/601
f 635/686/602 634/692/608 659/693/608 660/687/603
f 642/688/604 641/694/609 666/695/610 667/689/605
f 627/690/606 626/696/611 651/697/612 652/691/607
f 634/692/608 633/698/613 658/699/614 659/693/608
f 641/694/609 640/700/615 665/701/616 666/695/610
f 626/696/611 625/702/617 650/703/618 651/697/612
f 633/698/613 632/654/572 657/657/575 658/699/614
f 640/700/615 639/658/576 664/661/579 665/701/616
f 625/702/617 624/662/580 649/665/583 650/703/618
f 622/674/619 646/666/619 671/669/619 647/675/619
f 598/704/620 597/705/621 622/674/622 623/663/623
f 613/706/624 612/707/625 637/672/626 638/659/627
f 606/708/628 605/709/629 630/670/630 631/655/631
f 621/710/632 620/711/633 645/667/634 646/666/635
f 599/712/636 598/704/620 623/663/623 624/662/637
f 614/713/638 613/706/624 638/659/627 639/658/639
f 607/714/640 606/708/628 631/655/631 632/654/641
f 597/705/642 621/710/643 646/666/644 622/674/644
f 600/715/645 599/712/636 624/662/637 625/702/646
f 615/716/647 614/713/638 639/658/639 640/700/648
f 608/717/649 607/714/640 632/654/641 633/698/650
f 601/718/651 600/715/645 625/702/646 626/696/652
f 616/719/653 615/716/647 640/700/648 641/694/654
f 609/720/655 608/717/649 633/698/650 634/692/656
f 602/721/657 601/718/651 626/696/652 627/690/658
f 617/722/659 616/719/653 641/694/654 642/688/660
f 610/723/661 609/720/655 634/692/656 635/686/662
f 603/724/663 602/721/657 627/690/658 628/684/664
f 618/725/665 617/722/659 642/688/660 643/682/666
f 611/726/667 610/723/661 635/686/662 636/680/668
f 604/727/669 603/724/663 628/684/664 629/678/670
f 619/728/671 618/725/665 643/682/666 644/676/672
f 612/707/625 611/726/667 636/680/668 637/672/626
f 605/709/629 604/727/669 629/678/670 630/670/630
f 620/711/633 619/728/671 644/676/672 645/667/634
f 648/729/673 647/730/673 671/731/673 670/732/673
f 649/733/673 648/729/673 670/732/673 669/734/673
f 650/735/673 649/733/673 669/734/673 668/736/673
f 651/737/673 650/735/673 668/736/673 667/738/673
f 652/739/673 651/737/673 667/738/673 666/740/673
f 653/741/673 652/739/673 666/740/673 665/742/673
f 654/743/673 653/741/673 665/742/673 664/744/673
f 655/745/673 654/743/673 664/744/673 663/746/673
f 656/747/673 655/745/673 663/746/673 662/748/673
f 657/749/673 656/747/673 662/748/673 661/750/673
f 658/751/673 657/749/673 661/750/673 660/752/673
f 658/751/673 660/752/673 659/753/673
f 672/754/674 673/755/675 675/756/676 674/757/677
f 674/757/677 675/756/676 677/758/678 676/759/679
f 676/760/679 677/761/678 679/762/680 678/763/681
f 678/763/681 679/762/680 681/764/682 680/765/683
f 680/765/683 681/764/682 683/766/684 682/767/685
f 682/767/685 683/766/684 685/768/686 684/769/687
f 684/769/687 685/768/686 687/770/688 686/771/689
f 686/771/689 687/770/688 689/772/690 688/773/691
f 688/773/691 689/772/690 691/774/692 690/775/693
f 690/776/693 691/777/692 693/778/694 692/779/695
f 692/779/695 693/778/694 695/780/696 694/781/697
f 694/781/697 695/780/696 697/782/698 696/783/699
f 696/783/699 697/782/698 699/784/700 698/785/701
f 698/785/701 699/784/700 701/786/702 700/787/703
f 700/787/703 701/786/702 703/788/704 702/789/705
f 702/789/705 703/788/704 673/755/675 672/754/674
f 704/790/674 705/791/675 707/792/676 706/793/677
f 706/793/677 707/792/676 709/794/678 708/795/679
f 708/795/679 709/794/678 711/796/680 710/797/681
f 710/797/681 711/796/680 713/798/682 712/799/683
f 712/799/683 713/798/682 715/800/684 714/801/685
f 714/801/685 715/800/684 717/802/686 716/803/687
f 716/803/687 717/802/686 719/804/688 718/805/689
f 718/806/689 719/807/688 721/808/690 720/809/691
f 720/809/691 721/808/690 723/810/692 722/811/693
f 722/811/693 723/810/692 725/812/694 724/813/695
f 724/813/695 725/812/694 727/814/696 726/815/697
f 726/815/697 727/814/696 729/816/698 728/817/699
f 728/817/699 729/816/698 731/818/700 730/819/701
f 730/819/701 731/818/700 733/820/702 732/821/703
f 732/822/703 733/823/702 735/824/704 734/825/705
f 734/825/705 735/824/704 705/791/675 704/790/674
f 683/766/684 681/764/682 740/826/706 741/827/707
f 701/786/702 699/784/700 749/828/708 750/829/709
f 719/804/688 717/802/686 758/830/710 759/831/711
f 675/756/676 673/755/675 736/832/712 737/833/713
f 705/791/675 735/824/704 767/834/714 752/835/712
f 693/778/694 691/777/692 745/836/715 746/837/716
f 711/796/680 709/794/678 754/838/717 755/839/718
f 729/816/698 727/814/696 763/840/719 764/841/720
f 685/768/686 683/766/684 741/827/707 742/842/710
f 703/788/704 701/786/702 750/829/709 751/843/714
f 721/808/690 719/807/688 759/844/711 760/845/721
f 677/758/678 675/756/676 737/833/713 738/846/717
f 695/780/696 693/778/694 746/837/716 747/847/719
f 713/798/682 711/796/680 755/839/718 756/848/706
f 731/818/700 729/816/698 764/841/720 765/849/708
f 687/770/688 685/768/686 742/842/710 743/850/711
f 673/755/675 703/788/704 751/843/714 736/832/712
f 723/810/692 721/808/690 760/845/721 761/851/715
f 679/762/680 677/761/678 738/852/717 739/853/718
f 697/782/698 695/780/696 747/847/719 748/854/720
f 715/800/684 713/798/682 756/848/706 757/855/707
f 733/820/702 731/818/700 765/849/708 766/856/709
f 707/792/676 705/791/675 752/835/712 753/857/713
f 689/772/690 687/770/688 743/850/711 744/858/721
f 725/812/694 723/810/692 761/851/715 762/859/716
f 681/764/682 679/762/680 739/853/718 740/826/706
f 699/784/700 697/782/698 748/854/720 749/828/708
f 717/802/686 715/800/684 757/855/707 758/830/710
f 735/824/704 733/823/702 766/860/709 767/834/714
f 691/774/692 689/772/690 744/858/721 745/861/715
f 709/794/678 707/792/676 753/857/713 754/838/717
f 727/814/696 725/812/694 762/859/716 763/840/719
f 750/862/709 749/863/708 781/864/722 782/865/723
f 737/866/713 736/867/712 768/868/724 769/869/725
f 764/870/720 763/871/719 795/872/726 796/873/727
f 751/874/714 750/862/709 782/865/723 783/875/728
f 738/876/717 737/866/713 769/869/725 770/877/729
f 765/878/708 764/870/720 796/873/727 797/879/730
f 736/867/712 751/874/714 783/875/728 768/868/724
f 739/880/718 738/881/717 770/882/729 771/883/731
f 766/884/709 765/878/708 797/879/730 798/885/723
f 753/886/713 752/887/712 784/888/724 785/889/725
f 740/890/706 739/880/718 771/883/731 772/891/732
f 767/892/714 766/893/709 798/894/723 799/895/728
f 754/896/717 753/886/713 785/889/725 786/897/729
f 741/898/707 740/890/706 772/891/732 773/899/733
f 752/887/712 767/892/714 799/895/728 784/888/724
f 755/900/718 754/896/717 786/897/729 787/901/734
f 742/902/710 741/898/707 773/899/733 774/903/735
f 756/904/706 755/900/718 787/901/734 788/905/732
f 743/906/711 742/902/710 774/903/735 775/907/736
f 757/908/707 756/904/706 788/905/732 789/909/737
f 744/910/721 743/906/711 775/907/736 776/911/738
f 758/912/710 757/908/707 789/909/737 790/913/735
f 745/914/715 744/910/721 776/911/738 777/915/739
f 759/916/711 758/912/710 790/913/735 791/917/736
f 746/918/716 745/919/715 777/920/739 778/921/740
f 760/922/721 759/923/711 791/924/736 792/925/738
f 747/926/719 746/918/716 778/921/740 779/927/726
f 761/928/715 760/922/721 792/925/738 793/929/739
f 748/930/720 747/926/719 779/927/726 780/931/727
f 762/932/716 761/928/715 793/929/739 794/933/740
f 749/863/708 748/930/720 780/931/727 781/864/722
f 763/871/719 762/932/716 794/933/740 795/872/726
f 775/934/736 774/935/735 773/936/733 772/937/732
f 776/938/738 775/934/736 772/937/732 771/939/731
f 777/940/739 776/938/738 771/939/731 770/941/729
f 778/942/740 777/943/739 770/944/729 769/945/725
f 779/946/726 778/942/740 769/945/725 768/947/724
f 780/948/727 779/946/726 768/947/724 783/949/728
f 781/950/722 780/948/727 783/949/728 782/951/723
f 796/952/727 795/953/726 794/954/740 793/955/739
f 797/956/730 796/952/727 793/955/739 792/957/738
f 798/958/723 797/956/730 792/957/738 791/959/736
f 799/960/728 798/961/723 791/962/736 790/963/735
f 784/964/724 799/960/728 790/963/735 789/965/737
f 785/966/725 784/964/724 789/965/737 788/967/732
f 786/968/729 785/966/725 788/967/732 787/969/734
f 800/970/741 808/971/742 817/972/743 807/973/744
f 801/974/745 809/975/746 808/971/742 800/970/741
f 803/976/747 811/977/748 810/978/749 802/979/750
f 804/980/751 812/981/752 811/977/748 803/976/747
f 805/982/753 813/983/754 812/981/752 804/980/751
f 807/973/744 817/972/743 816/984/755 806/985/756
f 808/971/742 818/986/757 827/987/758 817/972/743
f 809/975/746 819/988/759 818/986/757 808/971/742
f 811/977/748 821/989/760 820/990/761 810/978/749
f 812/981/752 822/991/762 821/989/760 811/977/748
f 813/983/754 823/992/763 822/991/762 812/981/752
f 814/993/764 824/994/765 823/992/763 813/983/754
f 816/984/755 826/995/766 825/996/767 815/997/768
f 817/972/743 827/987/758 826/995/766 816/984/755
f 818/986/757 828/998/769 837/999/770 827/987/758
f 819/988/759 829/1000/771 828/998/769 818/986/757
f 821/989/760 831/1001/772 830/1002/773 820/990/761
f 822/991/762 832/1003/774 831/1001/772 821/989/760
f 823/992/763 833/1004/775 832/1003/774 822/991/762
f 824/994/765 834/1005/776 833/1004/775 823/992/763
f 826/995/766 836/1006/777 835/1007/778 825/996/767
f 827/987/758 837/999/770 836/1006/777 826/995/766
f 828/998/769 838/1008/779 847/1009/780 837/999/770
f 829/1000/771 839/1010/781 838/1008/779 828/998/769
f 831/1001/772 841/1011/782 840/1012/783 830/1002/773
f 832/1003/774 842/1013/784 841/1011/782 831/1001/772
f 833/1004/775 843/1014/785 842/1013/784 832/1003/774
f 834/1005/776 844/1015/786 843/1014/785 833/1004/775
f 836/1006/777 846/1016/787 845/1017/788 835/1007/778
f 837/999/770 847/1009/780 846/1016/787 836/1006/777
f 838/1008/779 848/1018/789 857/1019/790 847/1009/780
f 839/1010/781 849/1020/791 848/1018/789 838/1008/779
f 841/1011/782 851/1021/792 850/1022/793 840/1012/783
f 842/1013/784 852/1023/794 851/1021/792 841/1011/782
f 843/1014/785 853/1024/795 852/1023/794 842/1013/784
f 844/1015/786 854/1025/796 853/1024/795 843/1014/785
f 846/1016/787 856/1026/797 855/1027/798 845/1017/788
f 847/1009/780 857/1019/790 856/1026/797 846/1016/787
f 848/1018/789 858/1028/799 867/1029/800 857/1019/790
f 849/1020/791 859/1030/801 858/1028/799 848/1018/789
f 851/1021/792 861/1031/802 860/1032/803 850/1022/793
f 852/1023/794 862/1033/804 861/1031/802 851/1021/792
f 853/1024/795 863/1034/805 862/1033/804 852/1023/794
f 854/1025/796 864/1035/806 863/1034/805 853/1024/795
f 856/1026/797 866/1036/807 865/1037/808 855/1027/798
f 857/1019/790 867/1029/800 866/1036/807 856/1026/797
f 858/1028/799 868/1038/809 877/1039/810 867/1029/800
f 859/1030/801 869/1040/811 868/1038/809 858/1028/799
f 861/1031/802 871/1041/812 870/1042/813 860/1032/803
f 862/1033/804 872/1043/814 871/1041/812 861/1031/802
f 863/1034/805 873/1044/815 872/1043/814 862/1033/804
f 864/1035/806 874/1045/816 873/1044/815 863/1034/805
f 866/1036/807 876/1046/817 875/1047/818 865/1037/808
f 867/1029/800 877/1039/810 876/1046/817 866/1036/807
f 868/1038/809 878/1048/819 887/1049/820 877/1039/810
f 869/1040/811 879/1050/821 878/1048/819 868/1038/809
f 871/1041/812 881/1051/822 880/1052/823 870/1042/813
f 872/1043/814 882/1053/824 881/1051/822 871/1041/812
f 873/1044/815 883/1054/825 882/1053/824 872/1043/814
f 874/1045/816 884/1055/826 883/1054/825 873/1044/815
f 876/1046/817 886/1056/827 885/1057/828 875/1047/818
f 877/1039/810 887/1049/820 886/1056/827 876/1046/817
f 878/1048/819 888/1058/829 897/1059/830 887/1049/820
f 879/1050/821 889/1060/831 888/1058/829 878/1048/819
f 881/1051/822 891/1061/832 890/1062/833 880/1052/823
f 882/1053/824 892/1063/834 891/1061/832 881/1051/822
f 883/1054/825 893/1064/835 892/1063/834 882/1053/824
f 884/1055/826 894/1065/836 893/1064/835 883/1054/825
f 886/1056/827 896/1066/837 895/1067/838 885/1057/828
f 887/1049/820 897/1059/830 896/1066/837 886/1056/827
f 888/1058/829 898/1068/839 907/1069/840 897/1059/830
f 889/1060/831 899/1070/841 898/1068/839 888/1058/829
f 891/1061/832 901/1071/842 900/1072/843 890/1062/833
f 892/1063/834 902/1073/844 901/1071/842 891/1061/832
f 893/1064/835 903/1074/845 902/1073/844 892/1063/834
f 894/1065/836 904/1075/846 903/1074/845 893/1064/835
f 896/1066/837 906/1076/847 905/1077/848 895/1067/838
f 897/1059/830 907/1069/840 906/1076/847 896/1066/837
f 898/1068/839 908/1078/849 917/1079/850 907/1069/840
f 899/1070/841 909/1080/851 908/1078/849 898/1068/839
f 901/1071/842 911/1081/852 910/1082/853 900/1072/843
f 902/1073/844 912/1083/854 911/1081/852 901/1071/842
f 903/1074/845 913/1084/855 912/1083/854 902/1073/844
f 904/1075/846 914/1085/856 913/1084/855 903/1074/845
f 906/1076/847 916/1086/857 915/1087/858 905/1077/848
f 907/1069/840 917/1079/850 916/1086/857 906/1076/847
f 909/1080/851 919/1088/859 918/1089/860 908/1078/849
f 911/1081/852 921/1090/861 920/1091/862 910/1082/853
f 912/1083/854 922/1092/863 921/1090/861 911/1081/852
f 913/1084/855 923/1093/864 922/1092/863 912/1083/854
f 914/1085/856 924/1094/865 923/1093/864 913/1084/855
f 916/1086/857 926/1095/866 925/1096/867 915/1087/858
f 917/1079/850 927/1097/868 926/1095/866 916/1086/857
f 918/1089/860 928/1098/869 937/1099/870 927/1097/868
f 919/1088/859 929/1100/871 928/1098/869 918/1089/860
f 921/1090/861 931/1101/872 930/1102/873 920/1091/862
f 922/1092/863 932/1103/874 931/1101/872 921/1090/861
f 923/1093/864 933/1104/875 932/1103/874 922/1092/863
f 924/1094/865 934/1105/876 933/1104/875 923/1093/864
f 926/1095/866 936/1106/877 935/1107/878 925/1096/867
f 927/1097/868 937/1099/870 936/1106/877 926/1095/866
f 928/1098/869 938/1108/879 947/1109/880 937/1099/870
f 929/1100/871 939/1110/881 938/1108/879 928/1098/869
f 931/1101/872 941/1111/882 940/1112/883 930/1102/873
f 932/1103/874 942/1113/884 941/1111/882 931/1101/872
f 933/1104/875 943/1114/885 942/1113/884 932/1103/874
f 934/1105/876 944/1115/886 943/1114/885 933/1104/875
f 936/1106/877 946/1116/887 945/1117/888 935/1107/878
f 937/1099/870 947/1109/880 946/1116/887 936/1106/877
f 968/1118/889 978/1119/890 987/1120/891 977/1121/892
f 938/1108/879 948/1122/893 957/1123/894 947/1109/880
f 939/1110/881 949/1124/895 948/1122/893 938/1108/879
f 941/1111/882 951/1125/896 950/1126/897 940/1112/883
f 942/1113/884 952/1127/898 951/1125/896 941/1111/882
f 943/1114/885 953/1128/899 952/1127/898 942/1113/884
f 944/1115/886 954/1129/900 953/1128/899 943/1114/885
f 946/1116/887 956/1130/901 955/1131/902 945/1117/888
f 947/1109/880 957/1123/894 956/1130/901 946/1116/887
f 948/1122/893 958/1132/903 967/1133/904 957/1123/894
f 949/1124/895 959/1134/905 958/1132/903 948/1122/893
f 951/1125/896 961/1135/906 960/1136/907 950/1126/897
f 952/1127/898 962/1137/908 961/1135/906 951/1125/896
f 953/1128/899 963/1138/909 962/1137/908 952/1127/898
f 954/1129/900 964/1139/910 963/1138/909 953/1128/899
f 956/1130/901 966/1140/911 965/1141/912 955/1131/902
f 957/1123/894 967/1133/904 966/1140/911 956/1130/901
f 958/1132/903 968/1118/889 977/1121/892 967/1133/904
f 959/1134/905 969/1142/913 968/1118/889 958/1132/903
f 961/1135/906 971/1143/914 970/1144/915 960/1136/907
f 962/1137/908 972/1145/916 971/1143/914 961/1135/906
f 963/1138/909 973/1146/917 972/1145/916 962/1137/908
f 964/1139/910 974/1147/918 973/1146/917 963/1138/909
f 966/1140/911 976/1148/919 975/1149/920 965/1141/912
f 967/1133/904 977/1121/892 976/1148/919 966/1140/911
f 969/1142/913 979/1150/921 978/1119/890 968/1118/889
f 971/1143/914 981/1151/922 980/1152/923 970/1144/915
f 972/1145/916 982/1153/924 981/1151/922 971/1143/914
f 973/1146/917 983/1154/925 982/1153/924 972/1145/916
f 974/1147/918 984/1155/926 983/1154/925 973/1146/917
f 976/1148/919 986/1156/927 985/1157/928 975/1149/920
f 977/1121/892 987/1120/891 986/1156/927 976/1148/919
f 908/1078/849 918/1089/860 927/1097/868 917/1079/850
f 978/1119/890 988/1158/929 997/1159/930 987/1120/891
f 979/1150/921 989/1160/931 988/1158/929 978/1119/890
f 981/1151/922 991/1161/932 990/1162/933 980/1152/923
f 982/1153/924 992/1163/934 991/1161/932 981/1151/922
f 983/1154/925 993/1164/935 992/1163/934 982/1153/924
f 984/1155/926 994/1165/936 993/1164/935 983/1154/925
f 986/1156/927 996/1166/937 995/1167/938 985/1157/928
f 987/1120/891 997/1159/930 996/1166/937 986/1156/927
f 988/1158/929 998/1168/939 1007/1169/940 997/1159/930
f 989/1160/931 999/1170/941 998/1168/939 988/1158/929
f 991/1161/932 1001/1171/942 1000/1172/943 990/1162/933
f 992/1163/934 1002/1173/944 1001/1171/942 991/1161/932
f 993/1164/935 1003/1174/945 1002/1173/944 992/1163/934
f 994/1165/936 1004/1175/946 1003/1174/945 993/1164/935
f 996/1166/937 1006/1176/947 1005/1177/948 995/1167/938
f 997/1159/930 1007/1169/940 1006/1176/947 996/1166/937
f 998/1168/939 1008/1178/949 1017/1179/950 1007/1169/940
f 999/1170/941 1009/1180/951 1008/1178/949 998/1168/939
f 1001/1171/942 1011/1181/952 1010/1182/953 1000/1172/943
f 1002/1173/944 1012/1183/954 1011/1181/952 1001/1171/942
f 1003/1174/945 1013/1184/955 1012/1183/954 1002/1173/944
f 1004/1175/946 1014/1185/956 1013/1184/955 1003/1174/945
f 1006/1176/947 1016/1186/957 1015/1187/958 1005/1177/948
f 1007/1169/940 1017/1179/950 1016/1186/957 1006/1176/947
f 1008/1178/949 1018/1188/959 1027/1189/960 1017/1179/950
f 1009/1180/951 1019/1190/961 1018/1188/959 1008/1178/949
f 1011/1181/952 1021/1191/962 1020/1192/963 1010/1182/953
f 1012/1183/954 1022/1193/964 1021/1191/962 1011/1181/952
f 1013/1184/955 1023/1194/965 1022/1193/964 1012/1183/954
f 1014/1185/956 1024/1195/966 1023/1194/965 1013/1184/955
f 1016/1186/957 1026/1196/967 1025/1197/968 1015/1187/958
f 1017/1179/950 1027/1189/960 1026/1196/967 1016/1186/957
f 1018/1188/959 1028/1198/969 1037/1199/970 1027/1189/960
f 1019/1190/961 1029/1200/971 1028/1198/969 1018/1188/959
f 1021/1191/962 1031/1201/972 1030/1202/973 1020/1192/963
f 1022/1193/964 1032/1203/974 1031/1201/972 1021/1191/962
f 1023/1194/965 1033/1204/975 1032/1203/974 1022/1193/964
f 1024/1195/966 1034/1205/976 1033/1204/975 1023/1194/965
f 1026/1196/967 1036/1206/977 1035/1207/978 1025/1197/968
f 1027/1189/960 1037/1199/970 1036/1206/977 1026/1196/967
f 1028/1198/969 1038/1208/979 1047/1209/980 1037/1199/970
f 1029/1200/971 1039/1210/981 1038/1208/979 1028/1198/969
f 1031/1201/972 1041/1211/982 1040/1212/983 1030/1202/973
f 1032/1203/974 1042/1213/984 1041/1211/982 1031/1201/972
f 1033/1204/975 1043/1214/985 1042/1213/984 1032/1203/974
f 1034/1205/976 1044/1215/986 1043/1214/985 1033/1204/975
f 1036/1206/977 1046/1216/987 1045/1217/988 1035/1207/978
f 1037/1199/970 1047/1209/980 1046/1216/987 1036/1206/977
f 1038/1208/979 1048/1218/989 1057/1219/990 1047/1209/980
f 1039/1210/981 1049/1220/991 1048/1218/989 1038/1208/979
f 1041/1211/982 1051/1221/992 1050/1222/993 1040/1212/983
f 1042/1213/984 1052/1223/994 1051/1221/992 1041/1211/982
f 1043/1214/985 1053/1224/995 1052/1223/994 1042/1213/984
f 1044/1215/986 1054/1225/996 1053/1224/995 1043/1214/985
f 1046/1216/987 1056/1226/997 1055/1227/998 1045/1217/988
f 1047/1209/980 1057/1219/990 1056/1226/997 1046/1216/987
f 1048/1218/989 1058/1228/999 1067/1229/1000 1057/1219/990
f 1049/1220/991 1059/1230/1001 1058/1228/999 1048/1218/989
f 1051/1221/992 1061/1231/1002 1060/1232/1003 1050/1222/993
f 1052/1223/994 1062/1233/1004 1061/1231/1002 1051/1221/992
f 1053/1224/995 1063/1234/1005 1062/1233/1004 1052/1223/994
f 1054/1225/996 1064/1235/1006 1063/1234/1005 1053/1224/995
f 1056/1226/997 1066/1236/1007 1065/1237/1008 1055/1227/998
f 1057/1219/990 1067/1229/1000 1066/1236/1007 1056/1226/997
f 1058/1228/999 1068/1238/1009 1077/1239/1010 1067/1229/1000
f 1059/1230/1001 1069/1240/1011 1068/1238/1009 1058/1228/999
f 1061/1231/1002 1071/1241/1012 1070/1242/1013 1060/1232/1003
f 1062/1233/1004 1072/1243/1014 1071/1241/1012 1061/1231/1002
f 1063/1234/1005 1073/1244/1015 1072/1243/1014 1062/1233/1004
f 1064/1235/1006 1074/1245/1016 1073/1244/1015 1063/1234/1005
f 1066/1236/1007 1076/1246/1017 1075/1247/1018 1065/1237/1008
f 1067/1229/1000 1077/1239/1010 1076/1246/1017 1066/1236/1007
f 1068/1238/1009 1078/1248/1019 1087/1249/1020 1077/1239/1010
f 1069/1240/1011 1079/1250/1021 1078/1248/1019 1068/1238/1009
f 1071/1241/1012 1081/1251/1022 1080/1252/1023 1070/1242/1013
f 1072/1243/1014 1082/1253/1024 1081/1251/1022 1071/1241/1012
f 1073/1244/1015 1083/1254/1025 1082/1253/1024 1072/1243/1014
f 1074/1245/1016 1084/1255/1026 1083/1254/1025 1073/1244/1015
f 1076/1246/1017 1086/1256/1027 1085/1257/1028 1075/1247/1018
f 1077/1239/1010 1087/1249/1020 1086/1256/1027 1076/1246/1017
f 1078/1248/1019 1088/1258/1029 1097/1259/1030 1087/1249/1020
f 1079/1250/1021 1089/1260/1031 1088/1258/1029 1078/1248/1019
f 1081/1251/1022 1091/1261/1032 1090/1262/1033 1080/1252/1023
f 1082/1253/1024 1092/1263/1034 1091/1261/1032 1081/1251/1022
f 1083/1254/1025 1093/1264/1035 1092/1263/1034 1082/1253/1024
f 1084/1255/1026 1094/1265/1036 1093/1264/1035 1083/1254/1025
f 1086/1256/1027 1096/1266/1037 1095/1267/1038 1085/1257/1028
f 1087/1249/1020 1097/1259/1030 1096/1266/1037 1086/1256/1027
f 1088/1258/1029 1098/1268/1039 1107/1269/1040 1097/1259/1030
f 1089/1260/1031 1099/1270/1041 1098/1268/1039 1088/1258/1029
f 1091/1261/1032 1101/1271/1042 1100/1272/1043 1090/1262/1033
f 1092/1263/1034 1102/1273/1044 1101/1271/1042 1091/1261/1032
f 1093/1264/1035 1103/1274/1045 1102/1273/1044 1092/1263/1034
f 1094/1265/1036 1104/1275/1046 1103/1274/1045 1093/1264/1035
f 1096/1266/1037 1106/1276/1047 1105/1277/1048 1095/1267/1038
f 1097/1259/1030 1107/1269/1040 1106/1276/1047 1096/1266/1037
f 1098/1268/1039 1108/1278/1049 1117/1279/1050 1107/1269/1040
f 1099/1270/1041 1109/1280/1051 1108/1278/1049 1098/1268/1039
f 1101/1271/1042 1111/1281/1052 1110/1282/1053 1100/1272/1043
f 1102/1273/1044 1112/1283/1054 1111/1281/1052 1101/1271/1042
f 1103/1274/1045 1113/1284/1055 1112/1283/1054 1102/1273/1044
f 1104/1275/1046 1114/1285/1056 1113/1284/1055 1103/1274/1045
f 1106/1276/1047 1116/1286/1057 1115/1287/1058 1105/1277/1048
f 1107/1269/1040 1117/1279/1050 1116/1286/1057 1106/1276/1047
f 1108/1278/1049 1118/1288/1059 1127/1289/1060 1117/1279/1050
f 1109/1280/1051 1119/1290/1061 1118/1288/1059 1108/1278/1049
f 1111/1281/1052 1121/1291/1062 1120/1292/1063 1110/1282/1053
f 1112/1283/1054 1122/1293/1064 1121/1291/1062 1111/1281/1052
f 1113/1284/1055 1123/1294/1065 1122/1293/1064 1112/1283/1054
f 1114/1285/1056 1124/1295/1066 1123/1294/1065 1113/1284/1055
f 1116/1286/1057 1126/1296/1067 1125/1297/1068 1115/1287/1058
f 1117/1279/1050 1127/1289/1060 1126/1296/1067 1116/1286/1057
f 1118/1288/1059 1128/1298/1069 1137/1299/1070 1127/1289/1060
f 1119/1290/1061 1129/1300/1071 1128/1298/1069 1118/1288/1059
f 1121/1291/1062 1131/1301/1072 1130/1302/1073 1120/1292/1063
f 1122/1293/1064 1132/1303/1074 1131/1301/1072 1121/1291/1062
f 1123/1294/1065 1133/1304/1075 1132/1303/1074 1122/1293/1064
f 1124/1295/1066 1134/1305/1076 1133/1304/1075 1123/1294/1065
f 1126/1296/1067 1136/1306/1077 1135/1307/1078 1125/1297/1068
f 1127/1289/1060 1137/1299/1070 1136/1306/1077 1126/1296/1067
f 1128/1298/1069 1138/1308/1079 1147/1309/1080 1137/1299/1070
f 1129/1300/1071 1139/1310/1081 1138/1308/1079 1128/1298/1069
f 1131/1301/1072 1141/1311/1082 1140/1312/1083 1130/1302/1073
f 1132/1303/1074 1142/1313/1084 1141/1311/1082 1131/1301/1072
f 1133/1304/1075 1143/1314/1085 1142/1313/1084 1132/1303/1074
f 1134/1305/1076 1144/1315/1086 1143/1314/1085 1133/1304/1075
f 1136/1306/1077 1146/1316/1087 1145/1317/1088 1135/1307/1078
f 1137/1299/1070 1147/1309/1080 1146/1316/1087 1136/1306/1077
f 1138/1308/1079 1148/1318/1089 1157/1319/1090 1147/1309/1080
f 1139/1310/1081 1149/1320/1091 1148/1318/1089 1138/1308/1079
f 1141/1311/1082 1151/1321/1092 1150/1322/1093 1140/1312/1083
f 1142/1313/1084 1152/1323/1094 1151/1321/1092 1141/1311/1082
f 1143/1314/1085 1153/1324/1095 1152/1323/1094 1142/1313/1084
f 1144/1315/1086 1154/1325/1096 1153/1324/1095 1143/1314/1085
f 1146/1316/1087 1156/1326/1097 1155/1327/1098 1145/1317/1088
f 1147/1309/1080 1157/1319/1090 1156/1326/1097 1146/1316/1087
f 1148/1318/1089 1158/1328/1099 1167/1329/1100 1157/1319/1090
f 1149/1320/1091 1159/1330/1101 1158/1328/1099 1148/1318/1089
f 1151/1321/1092 1161/1331/1102 1160/1332/1103 1150/1322/1093
f 1152/1323/1094 1162/1333/1104 1161/1331/1102 1151/1321/1092
f 1153/1324/1095 1163/1334/1105 1162/1333/1104 1152/1323/1094
f 1154/1325/1096 1164/1335/1106 1163/1334/1105 1153/1324/1095
f 1156/1326/1097 1166/1336/1107 1165/1337/1108 1155/1327/1098
f 1157/1319/1090 1167/1329/1100 1166/1336/1107 1156/1326/1097
f 1158/1328/1099 1168/1338/1109 1177/1339/1110 1167/1329/1100
f 1159/1330/1101 1169/1340/1111 1168/1338/1109 1158/1328/1099
f 1161/1331/1102 1171/1341/1112 1170/1342/1113 1160/1332/1103
f 1162/1333/1104 1172/1343/1114 1171/1341/1112 1161/1331/1102
f 1163/1334/1105 1173/1344/1115 1172/1343/1114 1162/1333/1104
f 1164/1335/1106 1174/1345/1116 1173/1344/1115 1163/1334/1105
f 1166/1336/1107 1176/1346/1117 1175/1347/1118 1165/1337/1108
f 1167/1329/1100 1177/1339/1110 1176/1346/1117 1166/1336/1107
f 1168/1338/1109 1178/1348/1119 1187/1349/1120 1177/1339/1110
f 1169/1340/1111 1179/1350/1121 1178/1348/1119 1168/1338/1109
f 1171/1341/1112 1181/1351/1122 1180/1352/1123 1170/1342/1113
f 1172/1343/1114 1182/1353/1124 1181/1351/1122 1171/1341/1112
f 1173/1344/1115 1183/1354/1125 1182/1353/1124 1172/1343/1114
f 1174/1345/1116 1184/1355/1126 1183/1354/1125 1173/1344/1115
f 1176/1346/1117 1186/1356/1127 1185/1357/1128 1175/1347/1118
f 1177/1339/1110 1187/1349/1120 1186/1356/1127 1176/1346/1117
f 1178/1348/1119 1188/1358/1129 1197/1359/1130 1187/1349/1120
f 1179/1350/1121 1189/1360/1131 1188/1358/1129 1178/1348/1119
f 1181/1351/1122 1191/1361/1132 1190/1362/1133 1180/1352/1123
f 1182/1353/1124 1192/1363/1134 1191/1361/1132 1181/1351/1122
f 1183/1354/1125 1193/1364/1135 1192/1363/1134 1182/1353/1124
f 1184/1355/1126 1194/1365/1136 1193/1364/1135 1183/1354/1125
f 1186/1356/1127 1196/1366/1137 1195/1367/1138 1185/1357/1128
f 1187/1349/1120 1197/1359/1130 1196/1366/1137 1186/1356/1127
f 1188/1358/1129 1198/1368/1139 1203/1369/1140 1197/1359/1130
f 1189/1360/1131 1199/1370/1141 1198/1368/1139 1188/1358/1129
f 1191/1361/1132 1201/1371/1142 1200/1372/1143 1190/1362/1133
f 1192/1363/1134 1202/1373/1144 1201/1371/1142 1191/1361/1132
f 1199/1370/1141 1205/1374/1145 1204/1375/1146 1198/1368/1139
f 1201/1371/1142 1207/1376/1147 1206/1377/1148 1200/1372/1143
f 1216/1378/1149 1208/1379/1150 1224/1380/1151 1232/1381/1152
f 1209/1382/1153 1210/1383/1154 1226/1384/1155 1225/1385/1156
f 1223/1386/1157 1209/1382/1153 1225/1385/1156 1239/1387/1158
f 1217/1388/1159 1218/1389/1160 1234/1390/1161 1233/1391/1162
f 1210/1383/1154 1211/1392/1163 1227/1393/1164 1226/1384/1155
f 1218/1389/1160 1219/1394/1165 1235/1395/1166 1234/1390/1161
f 1211/1392/1163 1212/1396/1167 1228/1397/1168 1227/1393/1164
f 1219/1394/1165 1220/1398/1169 1236/1399/1170 1235/1395/1166
f 1212/1396/1167 1213/1400/1171 1229/1401/1172 1228/1397/1168
f 1220/1402/1169 1221/1403/1173 1237/1404/1174 1236/1405/1170
f 1213/1406/1171 1214/1407/1175 1230/1408/1176 1229/1409/1172
f 1221/1403/1173 1222/1410/1177 1238/1411/1178 1237/1404/1174
f 1214/1407/1175 1215/1412/1179 1231/1413/1180 1230/1408/1176
f 1222/1410/1177 1223/1386/1157 1239/1387/1158 1238/1411/1178
f 1215/1412/1179 1216/1378/1149 1232/1381/1152 1231/1413/1180
f 1208/1379/1150 1217/1388/1159 1233/1391/1162 1224/1380/1151
f 1234/1390/1161 1235/1395/1166 1251/1414/1181 1250/1415/1182
f 1227/1393/1164 1228/1397/1168 1244/1416/1183 1243/1417/1184
f 1235/1395/1166 1236/1399/1170 1252/1418/1185 1251/1414/1181
f 1228/1397/1168 1229/1401/1172 1245/1419/1186 1244/1416/1183
f 1236/1405/1170 1237/1404/1174 1253/1420/1187 1252/1421/1185
f 1229/1409/1172 1230/1408/1176 1246/1422/1188 1245/1423/1186
f 1237/1404/1174 1238/1411/1178 1254/1424/1189 1253/1420/1187
f 1230/1408/1176 1231/1413/1180 1247/1425/1190 1246/1422/1188
f 1238/1411/1178 1239/1387/1158 1255/1426/1191 1254/1424/1189
f 1231/1413/1180 1232/1381/1152 1248/1427/1192 1247/1425/1190
f 1224/1380/1151 1233/1391/1162 1249/1428/1193 1240/1429/1194
f 1232/1381/1152 1224/1380/1151 1240/1429/1194 1248/1427/1192
f 1225/1385/1156 1226/1384/1155 1242/1430/1195 1241/1431/1196
f 1239/1387/1158 1225/1385/1156 1241/1431/1196 1255/1426/1191
f 1233/1391/1162 1234/1390/1161 1250/1415/1182 1249/1428/1193
f 1226/1384/1155 1227/1393/1164 1243/1417/1184 1242/1430/1195
f 1256/1432/1197 1248/1427/1192 1240/1429/1194 1257/1433/1198
f 1242/1430/1195 1256/1434/1197 1257/1435/1198 1241/1431/1196
f 1247/1425/1190 1248/1427/1192 1256/1432/1197 1258/1436/1199
f 1258/1437/1199 1256/1434/1197 1242/1430/1195 1243/1417/1184
f 1245/1419/1186 1258/1437/1199 1243/1417/1184 1244/1416/1183
f 1246/1422/1188 1247/1425/1190 1258/1436/1199 1245/1423/1186
f 1257/1433/1198 1240/1429/1194 1249/1428/1193 1259/1438/1200
f 1241/1431/1196 1257/1435/1198 1259/1439/1200 1255/1426/1191
f 1249/1428/1193 1250/1415/1182 1260/1440/1201 1261/1441/1202
f 1255/1426/1191 1259/1439/1200 1267/1442/1203 1266/1443/1204
f 1251/1414/1181 1252/1418/1185 1263/1444/1205 1262/1445/1206
f 1253/1420/1187 1254/1424/1189 1265/1446/1207 1264/1447/1208
f 1268/1448/1209 1267/1449/1203 1261/1441/1202 1260/1440/1201
f 1265/1446/1207 1266/1443/1204 1267/1442/1203 1268/1450/1209
f 1265/1446/1207 1268/1450/1209 1263/1451/1205 1264/1447/1208
f 1262/1445/1206 1263/1444/1205 1268/1448/1209 1260/1440/1201
f 1254/1424/1189 1255/1426/1191 1266/1443/1204 1265/1446/1207
f 1252/1421/1185 1253/1420/1187 1264/1447/1208 1263/1451/1205
f 1259/1438/1200 1249/1428/1193 1261/1441/1202 1267/1449/1203
f 1250/1415/1182 1251/1414/1181 1262/1445/1206 1260/1440/1201
f 485/1452/1210 1292/524/468 1269/475/421 439/1453/1211
f 483/1454/1212 1291/522/466 1292/524/468 485/1452/1210
f 481/1455/1213 1290/520/464 1291/522/466 483/1454/1212
f 479/1456/1214 1289/518/462 1290/520/464 481/1455/1213
f 477/1457/1215 1288/516/460 1289/518/462 479/1456/1214
f 475/1458/1216 1287/514/458 1288/516/460 477/1457/1215
f 473/1459/1217 1286/512/456 1287/514/458 475/1458/1216
f 471/1460/1218 1285/510/454 1286/512/456 473/1459/1217
f 469/1461/1219 1284/508/452 1285/510/454 471/1460/1218
f 467/1462/1220 1283/506/450 1284/508/452 469/1461/1219
f 465/1463/1221 1282/504/448 1283/506/450 467/1462/1220
f 463/1464/1222 1281/501/446 1282/504/448 465/1463/1221
f 461/1465/1223 1280/498/444 1281/500/446 463/1466/1222
f 459/1467/1224 1279/496/442 1280/498/444 461/1465/1223
f 457/1468/1225 1278/494/440 1279/496/442 459/1467/1224
f 455/1469/1226 1277/492/438 1278/494/440 457/1468/1225
f 453/1470/1227 1276/490/436 1277/492/438 455/1469/1226
f 451/1471/1228 1275/488/434 1276/490/436 453/1470/1227
f 449/1472/1229 1274/486/432 1275/488/434 451/1471/1228
f 447/1473/1230 1273/484/430 1274/486/432 449/1472/1229
f 445/1474/1231 1272/482/428 1273/484/430 447/1473/1230
f 443/1475/1232 1271/480/426 1272/482/428 445/1474/1231
f 441/1476/1233 1270/478/424 1271/480/426 443/1475/1232
f 439/1453/1211 1269/475/421 1270/478/424 441/1476/1233
f 329/354/1234 328/353/1235 1301/1477/1236 1302/1478/1237
f 342/356/1238 341/352/1239 1314/1479/1240 1315/1480/1241
f 330/357/1242 329/354/1234 1302/1478/1237 1303/1481/1243
f 343/358/1244 342/356/1238 1315/1480/1241 1316/1482/1245
f 331/359/1246 330/357/1242 1303/1481/1243 1304/1483/1247
f 344/360/1248 343/358/1244 1316/1482/1245 1317/1484/1249
f 332/361/1250 331/359/1246 1304/1483/1247 1305/1485/1251
f 345/362/1252 344/360/1248 1317/1484/1249 1318/1486/1253
f 333/363/1254 332/361/1250 1305/1485/1251 1306/1487/1255
f 346/365/1256 347/364/1257 1320/1488/1258 1319/1489/1259
f 334/366/1260 333/363/1254 1306/1487/1255 1307/1490/1261
f 321/368/1262 320/367/1263 1293/1491/1264 1294/1492/1265
f 348/369/1266 346/365/1256 1319/1489/1259 1321/1493/1267
f 335/370/1268 334/366/1260 1307/1490/1261 1308/1494/1269
f 322/371/1270 321/368/1262 1294/1492/1265 1295/1495/1271
f 349/373/1272 348/369/1266 1321/1493/1267 1322/1496/1273
f 336/374/1274 335/370/1268 1308/1494/1269 1309/1497/1275
f 323/375/1276 322/371/1270 1295/1495/1271 1296/1498/1277
f 350/377/1278 349/373/1272 1322/1496/1273 1323/1499/1279
f 347/364/1257 336/374/1274 1309/1497/1275 1320/1488/1258
f 324/378/1280 323/375/1276 1296/1498/1277 1297/1500/1281
f 351/380/1282 350/377/1278 1323/1499/1279 1324/1501/1283
f 320/367/1263 345/362/1252 1318/1486/1253 1293/1491/1264
f 325/335/1284 324/378/1280 1297/1500/1281 1298/1502/1285
f 352/339/1286 351/380/1282 1324/1501/1283 1325/1503/1287
f 337/343/1288 338/382/1289 1311/1504/1290 1310/1505/1291
f 326/336/1292 325/335/1284 1298/1502/1285 1299/1506/1293
f 353/340/1294 352/339/1286 1325/1503/1287 1326/1507/1295
f 339/344/1296 337/343/1288 1310/1505/1291 1312/1508/1297
f 327/345/1298 326/336/1292 1299/1506/1293 1300/1509/1299
f 338/347/1289 353/340/1294 1326/1507/1295 1311/1510/1290
f 340/349/1300 339/344/1296 1312/1508/1297 1313/1511/1301
f 328/350/1235 327/345/1298 1300/1509/1299 1301/1512/1236
f 341/352/1239 340/349/1300 1313/1511/1301 1314/1479/1240
f 1387/1513/1302 1388/1514/1303 1422/1515/1304 1421/1516/1305
f 1374/1517/1306 1373/1518/1307 1407/1519/1308 1408/1520/1309
f 1386/1521/1310 1385/1522/1311 1419/1523/1312 1420/1524/1313
f 1373/1518/1307 1372/1525/1314 1406/1526/1315 1407/1519/1308
f 1385/1522/1311 1384/1527/1316 1418/1528/1317 1419/1523/1312
f 1372/1525/1314 1371/1529/1318 1405/1530/1319 1406/1526/1315
f 1384/1527/1316 1383/1531/1320 1417/1532/1321 1418/1528/1317
f 1371/1529/1318 1370/1533/1322 1404/1534/1323 1405/1530/1319
f 1383/1531/1320 1382/1535/1324 1416/1536/1325 1417/1532/1321
f 1370/1533/1322 1369/1537/1326 1403/1538/1327 1404/1534/1323
f 1382/1535/1324 1381/1539/1328 1415/1540/1329 1416/1536/1325
f 1369/1541/1326 1368/1542/1330 1402/1543/1331 1403/1544/1327
f 1381/1539/1328 1380/1545/1332 1414/1546/1333 1415/1540/1329
f 1379/1547/1334 1394/1548/1335 1428/1549/1336 1413/1550/1337
f 1368/1542/1330 1367/1551/1338 1401/1552/1339 1402/1543/1331
f 1380/1545/1332 1378/1553/1340 1412/1554/1341 1414/1546/1333
f 1394/1548/1335 1393/1555/1342 1427/1556/1343 1428/1549/1336
f 1367/1551/1338 1366/1557/1344 1400/1558/1345 1401/1552/1339
f 1378/1553/1340 1379/1559/1334 1413/1560/1337 1412/1554/1341
f 1393/1555/1342 1392/1561/1346 1426/1562/1347 1427/1556/1343
f 1366/1557/1344 1365/1563/1348 1399/1564/1349 1400/1558/1345
f 1361/1565/1350 1386/1521/1310 1420/1524/1313 1395/1566/1351
f 1392/1561/1346 1391/1567/1352 1425/1568/1353 1426/1562/1347
f 1365/1563/1348 1364/1569/1354 1398/1570/1355 1399/1564/1349
f 1388/1514/1303 1377/1571/1356 1411/1572/1357 1422/1515/1304
f 1391/1567/1352 1390/1573/1358 1424/1574/1359 1425/1568/1353
f 1364/1569/1354 1363/1575/1360 1397/1576/1361 1398/1570/1355
f 1377/1571/1356 1376/1577/1362 1410/1578/1363 1411/1572/1357
f 1390/1573/1358 1389/1579/1364 1423/1580/1365 1424/1574/1359
f 1363/1575/1360 1362/1581/1366 1396/1582/1367 1397/1576/1361
f 1376/1577/1362 1375/1583/1368 1409/1584/1369 1410/1578/1363
f 1389/1579/1364 1387/1513/1302 1421/1516/1305 1423/1580/1365
f 1362/1581/1366 1361/1565/1350 1395/1566/1351 1396/1582/1367
f 1375/1583/1368 1374/1517/1306 1408/1520/1309 1409/1584/1369
f 1342/1585/1370 1341/1586/1371 1375/1583/1368 1376/1577/1362
f 1329/1587/1372 1328/1588/1373 1362/1581/1366 1363/1575/1360
f 1356/1589/1374 1355/1590/1375 1389/1579/1364 1390/1573/1358
f 1343/1591/1376 1342/1585/1370 1376/1577/1362 1377/1571/1356
f 1330/1592/1377 1329/1587/1372 1363/1575/1360 1364/1569/1354
f 1357/1593/1378 1356/1589/1374 1390/1573/1358 1391/1567/1352
f 1354/1594/1379 1343/1591/1376 1377/1571/1356 1388/1514/1303
f 1331/1595/1380 1330/1592/1377 1364/1569/1354 1365/1563/1348
f 1358/1596/1381 1357/1593/1378 1391/1567/1352 1392/1561/1346
f 1327/1597/1382 1352/1598/1383 1386/1521/1310 1361/1565/1350
f 1332/1599/1384 1331/1595/1380 1365/1563/1348 1366/1557/1344
f 1359/1600/1385 1358/1596/1381 1392/1561/1346 1393/1555/1342
f 1344/1601/1386 1345/1602/1387 1379/1559/1334 1378/1553/1340
f 1333/1603/1388 1332/1599/1384 1366/1557/1344 1367/1551/1338
f 1360/1604/1389 1359/1600/1385 1393/1555/1342 1394/1548/1335
f 1346/1605/1390 1344/1601/1386 1378/1553/1340 1380/1545/1332
f 1334/1606/1391 1333/1603/1388 1367/1551/1338 1368/1542/1330
f 1345/1607/1387 1360/1604/1389 1394/1548/1335 1379/1547/1334
f 1347/1608/1392 1346/1605/1390 1380/1545/1332 1381/1539/1328
f 1335/1609/1393 1334/1606/1391 1368/1542/1330 1369/1541/1326
f 1348/1610/1394 1347/1608/1392 1381/1539/1328 1382/1535/1324
f 1336/1611/1395 1335/1612/1393 1369/1537/1326 1370/1533/1322
f 1349/1613/1396 1348/1610/1394 1382/1535/1324 1383/1531/1320
f 1337/1614/1397 1336/1611/1395 1370/1533/1322 1371/1529/1318
f 1350/1615/1398 1349/1613/1396 1383/1531/1320 1384/1527/1316
f 1338/1616/1399 1337/1614/1397 1371/1529/1318 1372/1525/1314
f 1351/1617/1400 1350/1615/1398 1384/1527/1316 1385/1522/1311
f 1339/1618/1401 1338/1616/1399 1372/1525/1314 1373/1518/1307
f 1352/1598/1383 1351/1617/1400 1385/1522/1311 1386/1521/1310
f 1340/1619/1402 1339/1618/1401 1373/1518/1307 1374/1517/1306
f 1353/1620/1403 1354/1594/1379 1388/1514/1303 1387/1513/1302
f 1341/1586/1371 1340/1619/1402 1374/1517/1306 1375/1583/1368
f 1328/1588/1373 1327/1597/1382 1361/1565/1350 1362/1581/1366
f 1355/1590/1375 1353/1620/1403 1387/1513/1302 1389/1579/1364
f 1409/1584/1369 1408/1520/1309 1442/1621/1404 1443/1622/1405
f 1421/1516/1305 1422/1515/1304 1454/1623/1406 1453/1624/1407
f 1408/1520/1309 1407/1519/1308 1441/1625/1408 1442/1621/1404
f 1420/1524/1313 1419/1523/1312 1451/1626/1409 1452/1627/1410
f 1407/1519/1308 1406/1526/1315 1440/1628/1411 1441/1625/1408
f 1419/1523/1312 1418/1528/1317 1450/1629/1412 1451/1626/1409
f 1406/1526/1315 1405/1530/1319 1439/1630/1413 1440/1628/1411
f 1418/1528/1317 1417/1532/1321 1449/1631/1414 1450/1629/1412
f 1405/1530/1319 1404/1534/1323 1438/1632/1415 1439/1630/1413
f 1417/1532/1321 1416/1536/1325 1448/1633/1416 1449/1631/1414
f 1404/1534/1323 1403/1538/1327 1437/1634/1417 1438/1632/1415
f 1416/1536/1325 1415/1540/1329 1447/1635/1418 1448/1633/1416
f 1403/1544/1327 1402/1543/1331 1436/1636/1419 1437/1637/1417
f 1415/1540/1329 1414/1546/1333 1446/1638/1420 1447/1635/1418
f 1402/1543/1331 1401/1552/1339 1435/1639/1421 1436/1636/1419
f 1401/1552/1339 1400/1558/1345 1434/1640/1422 1435/1639/1421
f 1427/1556/1343 1426/1562/1347 1458/1641/1423 1459/1642/1424
f 1400/1558/1345 1399/1564/1349 1433/1643/1425 1434/1640/1422
f 1395/1566/1351 1420/1524/1313 1452/1627/1410 1429/1644/1426
f 1426/1562/1347 1425/1568/1353 1457/1645/1427 1458/1641/1423
f 1399/1564/1349 1398/1570/1355 1432/1646/1428 1433/1643/1425
f 1422/1515/1304 1411/1572/1357 1445/1647/1429 1454/1623/1406
f 1425/1568/1353 1424/1574/1359 1456/1648/1430 1457/1645/1427
f 1398/1570/1355 1397/1576/1361 1431/1649/1431 1432/1646/1428
f 1411/1572/1357 1410/1578/1363 1444/1650/1432 1445/1647/1429
f 1424/1574/1359 1423/1580/1365 1455/1651/1433 1456/1648/1430
f 1397/1576/1361 1396/1582/1367 1430/1652/1434 1431/1649/1431
f 1410/1578/1363 1409/1584/1369 1443/1622/1405 1444/1650/1432
f 1423/1580/1365 1421/1516/1305 1453/1624/1407 1455/1651/1433
f 1396/1582/1367 1395/1566/1351 1429/1644/1426 1430/1652/1434
f 1695/1653/1435 1668/1654/1436 1475/1655/1437 1476/1656/1438
f 1696/1657/1439 1669/1658/1440 1486/1659/1441 1487/1660/1442
f 1697/1661/1443 1670/1662/1444 1461/1663/1445 1462/1664/1446
f 1668/1654/1436 1671/1665/1447 1474/1666/1448 1475/1655/1437
f 1669/1658/1440 1672/1667/1449 1484/1668/1450 1486/1659/1441
f 1670/1662/1444 1673/1669/1451 1460/1670/1452 1461/1663/1445
f 1671/1665/1447 1674/1671/1453 1473/1672/1454 1474/1666/1448
f 1672/1667/1449 1675/1673/1455 1485/1674/1456 1484/1668/1450
f 1674/1671/1453 1676/1675/1457 1472/1676/1458 1473/1672/1454
f 1698/1677/1459 1677/1678/1460 1482/1679/1461 1483/1680/1462
f 1676/1675/1457 1678/1681/1463 1471/1682/1464 1472/1676/1458
f 1677/1678/1460 1679/1683/1465 1481/1684/1466 1482/1679/1461
f 1678/1681/1463 1680/1685/1467 1470/1686/1468 1471/1682/1464
f 1679/1683/1465 1681/1687/1469 1480/1688/1470 1481/1684/1466
f 1680/1685/1467 1682/1689/1471 1469/1690/1472 1470/1686/1468
f 1681/1687/1469 1683/1691/1473 1479/1692/1474 1480/1688/1470
f 1682/1689/1471 1684/1693/1475 1468/1694/1476 1469/1690/1472
f 1683/1691/1473 1685/1695/1477 1478/1696/1478 1479/1692/1474
f 1684/1697/1475 1686/1698/1479 1467/1699/1480 1468/1700/1476
f 1685/1695/1477 1687/1701/1481 1477/1702/1482 1478/1696/1478
f 1686/1698/1479 1688/1703/1483 1466/1704/1484 1467/1699/1480
f 1688/1703/1483 1690/1705/1485 1465/1706/1486 1466/1704/1484
f 1689/1707/1487 1691/1708/1488 1489/1709/1489 1490/1710/1490
f 1690/1705/1485 1692/1711/1491 1464/1712/1492 1465/1706/1486
f 1673/1669/1451 1698/1677/1459 1483/1680/1462 1460/1670/1452
f 1691/1708/1488 1693/1713/1493 1488/1714/1494 1489/1709/1489
f 1692/1711/1491 1694/1715/1495 1463/1716/1496 1464/1712/1492
f 1675/1673/1455 1695/1653/1435 1476/1656/1438 1485/1674/1456
f 1693/1713/1493 1696/1657/1439 1487/1660/1442 1488/1714/1494
f 1694/1715/1495 1697/1661/1443 1462/1664/1446 1463/1716/1496
f 1432/1646/1428 1431/1649/1431 1495/1717/1497 1521/1718/1498
f 1457/1645/1427 1456/1648/1430 1493/1719/1499 1520/1720/1500
f 1454/1623/1406 1445/1647/1429 1491/1721/1501 1501/1722/1502
f 1433/1643/1425 1432/1646/1428 1521/1718/1498 1519/1723/1503
f 1458/1641/1423 1457/1645/1427 1520/1720/1500 1518/1724/1504
f 1429/1644/1426 1452/1627/1410 1503/1725/1505 1499/1726/1506
f 1434/1640/1422 1433/1643/1425 1519/1723/1503 1517/1727/1507
f 1459/1642/1424 1458/1641/1423 1518/1724/1504 1516/1728/1508
f 1435/1639/1421 1434/1640/1422 1517/1727/1507 1515/1729/1509
f 1436/1636/1419 1435/1639/1421 1515/1729/1509 1513/1730/1510
f 1447/1635/1418 1446/1638/1420 1514/1731/1511 1512/1732/1512
f 1437/1637/1417 1436/1636/1419 1513/1730/1510 1511/1733/1513
f 1448/1633/1416 1447/1635/1418 1512/1732/1512 1510/1734/1514
f 1438/1632/1415 1437/1634/1417 1511/1735/1513 1509/1736/1515
f 1449/1631/1414 1448/1633/1416 1510/1734/1514 1508/1737/1516
f 1439/1630/1413 1438/1632/1415 1509/1736/1515 1507/1738/1517
f 1450/1629/1412 1449/1631/1414 1508/1737/1516 1506/1739/1518
f 1440/1628/1411 1439/1630/1413 1507/1738/1517 1505/1740/1519
f 1451/1626/1409 1450/1629/1412 1506/1739/1518 1504/1741/1520
f 1441/1625/1408 1440/1628/1411 1505/1740/1519 1502/1742/1521
f 1452/1627/1410 1451/1626/1409 1504/1741/1520 1503/1725/1505
f 1442/1621/1404 1441/1625/1408 1502/1742/1521 1500/1743/1522
f 1453/1624/1407 1454/1623/1406 1501/1722/1502 1498/1744/1523
f 1443/1622/1405 1442/1621/1404 1500/1743/1522 1497/1745/1524
f 1430/1652/1434 1429/1644/1426 1499/1726/1506 1496/1746/1525
f 1455/1651/1433 1453/1624/1407 1498/1744/1523 1494/1747/1526
f 1444/1650/1432 1443/1622/1405 1497/1745/1524 1492/1748/1527
f 1431/1649/1431 1430/1652/1434 1496/1746/1525 1495/1717/1497
f 1456/1648/1430 1455/1651/1433 1494/1747/1526 1493/1719/1499
f 1445/1647/1429 1444/1650/1432 1492/1748/1527 1491/1721/1501
f 1523/1749/1528 1522/1750/1529 1490/1710/1490 1489/1709/1489
f 1524/1751/1530 1523/1749/1528 1489/1709/1489 1488/1714/1494
f 1525/1752/1531 1524/1751/1530 1488/1714/1494 1487/1660/1442
f 1526/1753/1532 1525/1752/1531 1487/1660/1442 1486/1659/1441
f 1527/1754/1533 1526/1753/1532 1486/1659/1441 1484/1668/1450
f 1528/1755/1534 1527/1754/1533 1484/1668/1450 1485/1674/1456
f 1529/1756/1535 1528/1755/1534 1485/1674/1456 1476/1656/1438
f 1530/1757/1536 1529/1756/1535 1476/1656/1438 1475/1655/1437
f 1531/1758/1537 1530/1757/1536 1475/1655/1437 1474/1666/1448
f 1532/1759/1538 1531/1758/1537 1474/1666/1448 1473/1672/1454
f 1533/1760/1539 1532/1759/1538 1473/1672/1454 1472/1676/1458
f 1534/1761/1540 1533/1760/1539 1472/1676/1458 1471/1682/1464
f 1535/1762/1541 1534/1761/1540 1471/1682/1464 1470/1686/1468
f 1468/1694/1476 1535/1762/1541 1470/1686/1468 1469/1690/1472
f 1467/1699/1480 1466/1704/1484 1535/1763/1541 1468/1700/1476
f 1466/1704/1484 1465/1706/1486 1534/1764/1540 1535/1763/1541
f 1465/1706/1486 1464/1712/1492 1533/1765/1539 1534/1764/1540
f 1464/1712/1492 1463/1716/1496 1532/1766/1538 1533/1765/1539
f 1463/1716/1496 1462/1664/1446 1531/1767/1537 1532/1766/1538
f 1462/1664/1446 1461/1663/1445 1530/1768/1536 1531/1767/1537
f 1461/1663/1445 1460/1670/1452 1529/1769/1535 1530/1768/1536
f 1460/1670/1452 1483/1680/1462 1528/1770/1534 1529/1769/1535
f 1483/1680/1462 1482/1679/1461 1527/1771/1533 1528/1770/1534
f 1482/1679/1461 1481/1684/1466 1526/1772/1532 1527/1771/1533
f 1481/1684/1466 1480/1688/1470 1525/1773/1531 1526/1772/1532
f 1480/1688/1470 1479/1692/1474 1524/1774/1530 1525/1773/1531
f 1479/1692/1474 1478/1696/1478 1523/1775/1528 1524/1774/1530
f 1478/1696/1478 1477/1702/1482 1522/1776/1529 1523/1775/1528
f 1548/1777/1542 1550/1778/1543 1552/1779/1544 1549/1780/1545
f 1549/1780/1545 1552/1779/1544 1551/1781/1546 1547/1782/1547
f 1545/1783/1548 1548/1784/1542 1549/1785/1545 1546/1786/1549
f 1546/1786/1549 1549/1785/1545 1547/1787/1547 1544/1788/1550
f 1701/1789/1551 1556/1790/1552 1558/1791/1553 1702/1792/1554
f 1702/1792/1554 1558/1791/1553 1557/1793/1555 1703/1794/1556
f 1704/1795/1557 1553/1796/1558 1555/1797/1559 1705/1798/1560
f 1705/1798/1560 1555/1797/1559 1554/1799/1561 1706/1800/1562
f 1550/1778/1543 1560/1801/1563 1561/1802/1564 1552/1779/1544
f 1552/1779/1544 1561/1802/1564 1559/1803/1565 1551/1781/1546
f 1544/1788/1550 1563/1804/1566 1564/1805/1567 1546/1786/1549
f 1546/1786/1549 1564/1805/1567 1562/1806/1568 1545/1783/1548
f 1566/1807/1569 1554/1799/1561 1555/1797/1559 1567/1808/1570
f 1567/1808/1570 1555/1797/1559 1553/1796/1558 1565/1809/1571
f 1556/1790/1552 1566/1810/1569 1567/1811/1570 1558/1791/1553
f 1558/1791/1553 1567/1811/1570 1565/1812/1571 1557/1793/1555
f 1446/1638/1420 1545/1783/1548 1562/1806/1568 1514/1731/1511
f 1563/1813/1566 1544/1814/1550 1536/1815/1572 1542/1816/1573
f 1414/1546/1333 1412/1554/1341 1545/1783/1548 1446/1638/1420
f 1544/1814/1550 1547/1817/1547 1537/1818/1574 1536/1815/1572
f 1412/1554/1341 1413/1560/1337 1548/1784/1542 1545/1783/1548
f 1547/1819/1547 1551/1820/1546 1538/1821/1575 1537/1822/1574
f 1413/1550/1337 1428/1549/1336 1550/1778/1543 1548/1777/1542
f 1550/1778/1543 1459/1642/1424 1516/1728/1508 1560/1801/1563
f 1428/1549/1336 1427/1556/1343 1459/1642/1424 1550/1778/1543
f 1551/1820/1546 1559/1823/1565 1541/1824/1576 1538/1821/1575
f 1566/1807/1569 1522/1776/1529 1477/1702/1482 1554/1799/1561
f 1565/1825/1571 1553/1826/1558 1539/1827/1577 1543/1828/1578
f 1687/1701/1481 1706/1800/1562 1554/1799/1561 1477/1702/1482
f 1704/1829/1557 1563/1813/1566 1542/1816/1573 1700/1830/1579
f 1556/1790/1552 1490/1710/1490 1522/1750/1529 1566/1810/1569
f 1701/1789/1551 1689/1707/1487 1490/1710/1490 1556/1790/1552
f 1557/1831/1555 1565/1832/1571 1543/1833/1578 1540/1834/1580
f 1703/1835/1556 1557/1831/1555 1540/1834/1580 1699/1836/1581
f 620/1837/1582 621/1838/1583 597/1839/1584 598/1840/1585
f 619/1841/1586 620/1837/1582 598/1840/1585 599/1842/1587
f 618/1843/1588 619/1841/1586 599/1842/1587 600/1844/1589
f 617/1845/1590 618/1843/1588 600/1844/1589 601/1846/1591
f 616/1847/1592 617/1845/1590 601/1846/1591 602/1848/1593
f 615/1849/1594 616/1847/1592 602/1848/1593 603/1850/1595
f 614/1851/1596 615/1849/1594 603/1850/1595 604/1852/1597
f 613/1853/1598 614/1851/1596 604/1852/1597 605/1854/1599
f 612/1855/1600 613/1853/1598 605/1854/1599 606/1856/1601
f 611/1857/1602 612/1855/1600 606/1856/1601 607/1858/1603
f 610/1859/1604 611/1857/1602 607/1858/1603 608/1860/1605
f 610/1859/1604 608/1860/1605 609/1861/1606
f 554/608/528 552/606/526 1570/1862/1607 1571/1863/1608
f 564/618/538 562/616/536 1575/1864/1609 1576/1865/1610
f 574/630/547 572/629/546 1580/1866/1611 1581/1867/1612
f 584/640/557 582/638/555 1585/1868/1613 1586/1869/1614
f 594/650/567 592/648/565 1590/1870/1615 1591/1871/1616
f 550/604/524 548/603/523 1568/1872/1617 1569/1873/1618
f 560/614/534 558/612/532 1573/1874/1619 1574/1875/1620
f 570/624/544 568/622/542 1578/1876/1621 1579/1877/1622
f 580/636/553 578/634/551 1583/1878/1623 1584/1879/1624
f 590/646/563 588/644/561 1588/1880/1625 1589/1881/1626
f 556/610/530 554/608/528 1571/1863/1608 1572/1882/1627
f 566/620/540 564/618/538 1576/1865/1610 1577/1883/1628
f 576/632/549 574/630/547 1581/1867/1612 1582/1884/1629
f 586/642/559 584/640/557 1586/1869/1614 1587/1885/1630
f 596/652/569 594/650/567 1591/1871/1616 1592/1886/1631
f 552/606/526 550/604/524 1569/1873/1618 1570/1862/1607
f 562/616/536 560/614/534 1574/1875/1620 1575/1864/1609
f 572/626/546 570/624/544 1579/1877/1622 1580/1887/1611
f 582/638/555 580/636/553 1584/1879/1624 1585/1868/1613
f 592/648/565 590/646/563 1589/1881/1626 1590/1870/1615
f 558/612/532 556/610/530 1572/1882/1627 1573/1874/1619
f 568/622/542 566/620/540 1577/1883/1628 1578/1876/1621
f 578/634/551 576/632/549 1582/1884/1629 1583/1878/1623
f 588/644/561 586/642/559 1587/1885/1630 1588/1880/1625
f 548/603/571 596/652/571 1592/1886/1631 1568/1872/1617
f 1621/1888/1632 1618/1889/1633 1619/1890/1634 1620/1891/1635
f 1623/1892/1636 1621/1888/1632 1620/1891/1635 1622/1893/1637
f 1625/1894/1638 1623/1892/1636 1622/1893/1637 1624/1895/1639
f 1627/1896/1640 1625/1894/1638 1624/1895/1639 1626/1897/1641
f 1629/1898/1642 1627/1896/1640 1626/1897/1641 1628/1899/1643
f 1631/1900/1644 1629/1898/1642 1628/1899/1643 1630/1901/1645
f 1633/1902/1646 1631/1900/1644 1630/1901/1645 1632/1903/1647
f 1635/1904/1648 1633/1902/1646 1632/1903/1647 1634/1905/1649
f 1637/1906/1650 1635/1904/1648 1634/1905/1649 1636/1907/1651
f 1639/1908/1652 1637/1906/1650 1636/1907/1651 1638/1909/1653
f 1641/1910/1654 1639/1908/1652 1638/1909/1653 1640/1911/1655
f 1643/1912/1656 1641/1910/1654 1640/1911/1655 1642/1913/1657
f 1645/1914/1658 1643/1915/1656 1642/1916/1657 1644/1917/1659
f 1647/1918/1660 1645/1914/1658 1644/1917/1659 1646/1919/1661
f 1649/1920/1662 1647/1918/1660 1646/1919/1661 1648/1921/1663
f 1651/1922/1664 1649/1920/1662 1648/1921/1663 1650/1923/1665
f 1653/1924/1666 1651/1922/1664 1650/1923/1665 1652/1925/1667
f 1655/1926/1668 1653/1924/1666 1652/1925/1667 1654/1927/1669
f 1657/1928/1670 1655/1926/1668 1654/1927/1669 1656/1929/1671
f 1659/1930/1672 1657/1928/1670 1656/1929/1671 1658/1931/1673
f 1661/1932/1674 1659/1930/1672 1658/1931/1673 1660/1933/1675
f 1663/1934/1676 1661/1932/1674 1660/1933/1675 1662/1935/1677
f 1665/1936/1678 1663/1934/1676 1662/1935/1677 1664/1937/1679
f 1667/1938/1680 1665/1936/1678 1664/1937/1679 1666/1939/1681
f 1618/1889/1633 1667/1938/1680 1666/1939/1682 1619/1890/1682
f 1620/1891/1635 1619/1890/1634 1593/1940/1683 1594/1941/1684
f 1569/1873/1618 1568/1872/1617 1618/1889/1633 1621/1888/1632
f 1619/1890/1682 1666/1939/1682 1617/1942/46 1593/1940/46
f 1568/1872/1617 1592/1886/1631 1667/1938/1680 1618/1889/1633
f 1570/1862/1607 1569/1873/1618 1621/1888/1632 1623/1892/1636
f 1622/1893/1637 1620/1891/1635 1594/1941/1684 1595/1943/1685
f 1571/1863/1608 1570/1862/1607 1623/1892/1636 1625/1894/1638
f 1624/1895/1639 1622/1893/1637 1595/1943/1685 1596/1944/1686
f 1572/1882/1627 1571/1863/1608 1625/1894/1638 1627/1896/1640
f 1626/1897/1641 1624/1895/1639 1596/1944/1686 1597/1945/1687
f 1573/1874/1619 1572/1882/1627 1627/1896/1640 1629/1898/1642
f 1628/1899/1643 1626/1897/1641 1597/1945/1687 1598/1946/1688
f 1574/1875/1620 1573/1874/1619 1629/1898/1642 1631/1900/1644
f 1630/1901/1645 1628/1899/1643 1598/1946/1688 1599/1947/1689
f 1575/1864/1609 1574/1875/1620 1631/1900/1644 1633/1902/1646
f 1632/1903/1647 1630/1901/1645 1599/1947/1689 1600/1948/1690
f 1576/1865/1610 1575/1864/1609 1633/1902/1646 1635/1904/1648
f 1634/1905/1649 1632/1903/1647 1600/1948/1690 1601/1949/1691
f 1577/1883/1628 1576/1865/1610 1635/1904/1648 1637/1906/1650
f 1636/1907/1651 1634/1905/1649 1601/1949/1691 1602/1950/1692
f 1578/1876/1621 1577/1883/1628 1637/1906/1650 1639/1908/1652
f 1638/1909/1653 1636/1907/1651 1602/1950/1692 1603/1951/1693
f 1579/1877/1622 1578/1876/1621 1639/1908/1652 1641/1910/1654
f 1640/1911/1655 1638/1909/1653 1603/1951/1693 1604/1952/1694
f 1580/1887/1611 1579/1877/1622 1641/1910/1654 1643/1912/1656
f 1642/1913/1657 1640/1911/1655 1604/1952/1694 1605/1953/364
f 1581/1867/1612 1580/1866/1611 1643/1915/1656 1645/1914/1658
f 1644/1917/1659 1642/1916/1657 1605/1954/364 1606/1955/1695
f 1582/1884/1629 1581/1867/1612 1645/1914/1658 1647/1918/1660
f 1646/1919/1661 1644/1917/1659 1606/1955/1695 1607/1956/1696
f 1583/1878/1623 1582/1884/1629 1647/1918/1660 1649/1920/1662
f 1648/1921/1663 1646/1919/1661 1607/1956/1696 1608/1957/1697
f 1584/1879/1624 1583/1878/1623 1649/1920/1662 1651/1922/1664
f 1650/1923/1665 1648/1921/1663 1608/1957/1697 1609/1958/1698
f 1585/1868/1613 1584/1879/1624 1651/1922/1664 1653/1924/1666
f 1652/1925/1667 1650/1923/1665 1609/1958/1698 1610/1959/1699
f 1586/1869/1614 1585/1868/1613 1653/1924/1666 1655/1926/1668
f 1654/1927/1669 1652/1925/1667 1610/1959/1699 1611/1960/1700
f 1587/1885/1630 1586/1869/1614 1655/1926/1668 1657/1928/1670
f 1656/1929/1671 1654/1927/1669 1611/1960/1700 1612/1961/1701
f 1588/1880/1625 1587/1885/1630 1657/1928/1670 1659/1930/1672
f 1658/1931/1673 1656/1929/1671 1612/1961/1701 1613/1962/1702
f 1589/1881/1626 1588/1880/1625 1659/1930/1672 1661/1932/1674
f 1660/1933/1675 1658/1931/1673 1613/1962/1702 1614/1963/1703
f 1590/1870/1615 1589/1881/1626 1661/1932/1674 1663/1934/1676
f 1662/1935/1677 1660/1933/1675 1614/1963/1703 1615/1964/1704
f 1591/1871/1616 1590/1870/1615 1663/1934/1676 1665/1936/1678
f 1664/1937/1679 1662/1935/1677 1615/1964/1704 1616/1965/1705
f 1592/1886/1631 1591/1871/1616 1665/1936/1678 1667/1938/1680
f 1666/1939/1681 1664/1937/1679 1616/1965/1705 1617/1942/1706
f 1559/1823/1565 1703/1835/1556 1699/1836/1581 1541/1824/1576
f 1560/1801/1563 1516/1728/1508 1689/1707/1487 1701/1789/1551
f 1553/1826/1558 1704/1829/1557 1700/1830/1579 1539/1827/1577
f 1514/1731/1511 1562/1806/1568 1706/1800/1562 1687/1701/1481
f 1564/1805/1567 1705/1798/1560 1706/1800/1562 1562/1806/1568
f 1563/1804/1566 1704/1795/1557 1705/1798/1560 1564/1805/1567
f 1561/1802/1564 1702/1792/1554 1703/1794/1556 1559/1803/1565
f 1560/1801/1563 1701/1789/1551 1702/1792/1554 1561/1802/1564
f 1521/1718/1498 1495/1717/1497 1697/1661/1443 1694/1715/1495
f 1520/1720/1500 1493/1719/1499 1696/1657/1439 1693/1713/1493
f 1501/1722/1502 1491/1721/1501 1695/1653/1435 1675/1673/1455
f 1519/1723/1503 1521/1718/1498 1694/1715/1495 1692/1711/1491
f 1518/1724/1504 1520/1720/1500 1693/1713/1493 1691/1708/1488
f 1499/1726/1506 1503/1725/1505 1698/1677/1459 1673/1669/1451
f 1517/1727/1507 1519/1723/1503 1692/1711/1491 1690/1705/1485
f 1516/1728/1508 1518/1724/1504 1691/1708/1488 1689/1707/1487
f 1515/1729/1509 1517/1727/1507 1690/1705/1485 1688/1703/1483
f 1513/1730/1510 1515/1729/1509 1688/1703/1483 1686/1698/1479
f 1512/1732/1512 1514/1731/1511 1687/1701/1481 1685/1695/1477
f 1511/1733/1513 1513/1730/1510 1686/1698/1479 1684/1697/1475
f 1510/1734/1514 1512/1732/1512 1685/1695/1477 1683/1691/1473
f 1509/1736/1515 1511/1735/1513 1684/1693/1475 1682/1689/1471
f 1508/1737/1516 1510/1734/1514 1683/1691/1473 1681/1687/1469
f 1507/1738/1517 1509/1736/1515 1682/1689/1471 1680/1685/1467
f 1506/1739/1518 1508/1737/1516 1681/1687/1469 1679/1683/1465
f 1505/1740/1519 1507/1738/1517 1680/1685/1467 1678/1681/1463
f 1504/1741/1520 1506/1739/1518 1679/1683/1465 1677/1678/1460
f 1502/1742/1521 1505/1740/1519 1678/1681/1463 1676/1675/1457
f 1503/1725/1505 1504/1741/1520 1677/1678/1460 1698/1677/1459
f 1500/1743/1522 1502/1742/1521 1676/1675/1457 1674/1671/1453
f 1498/1744/1523 1501/1722/1502 1675/1673/1455 1672/1667/1449
f 1497/1745/1524 1500/1743/1522 1674/1671/1453 1671/1665/1447
f 1496/1746/1525 1499/1726/1506 1673/1669/1451 1670/1662/1444
f 1494/1747/1526 1498/1744/1523 1672/1667/1449 1669/1658/1440
f 1492/1748/1527 1497/1745/1524 1671/1665/1447 1668/1654/1436
f 1495/1717/1497 1496/1746/1525 1670/1662/1444 1697/1661/1443
f 1493/1719/1499 1494/1747/1526 1669/1658/1440 1696/1657/1439
f 1491/1721/1501 1492/1748/1527 1668/1654/1436 1695/1653/1435
